adgroup_id,展示量,点击量,点击率百分比
44952,1291,100,7.75
37026,1138,90,7.91
38140,1058,76,7.18
78398,774,74,9.56
80981,696,62,8.91
59433,807,53,6.57
78490,766,53,6.92
90668,689,53,7.69
96563,782,51,6.52
88750,791,50,6.32
23578,1379,49,3.55
57920,464,49,10.56
75556,500,49,9.8
83394,382,48,12.57
2529,627,47,7.5
58218,716,47,6.56
76964,973,47,4.83
54697,490,46,9.39
69651,546,46,8.42
86629,655,43,6.56
104401,1031,43,4.17
96284,1283,41,3.2
6147,953,40,4.2
16698,490,40,8.16
34241,730,40,5.48
68496,482,40,8.3
36547,621,38,6.12
52895,305,38,12.46
88771,976,38,3.89
8702,511,35,6.85
64602,364,35,9.62
92749,730,35,4.79
99460,553,35,6.33
25361,473,34,7.19
37309,669,34,5.08
97365,316,34,10.76
8153,292,33,11.3
50318,340,33,9.71
62826,360,33,9.17
91787,464,33,7.11
17181,687,32,4.66
50949,453,32,7.06
52685,408,32,7.84
57332,396,32,8.08
65955,515,32,6.21
81755,426,32,7.51
64328,367,31,8.45
78839,419,31,7.4
91591,541,31,5.73
88154,431,31,7.19
60300,434,30,6.91
54853,221,30,13.57
98939,911,30,3.29
102576,367,30,8.17
102942,665,30,4.51
17154,490,29,5.92
34247,438,29,6.62
47074,405,29,7.16
66403,650,29,4.46
82418,357,29,8.12
7504,492,28,5.69
767,704,28,3.98
48818,482,28,5.81
75219,206,28,13.59
91689,296,28,9.46
50715,364,27,7.42
48317,276,27,9.78
21623,305,26,8.52
87716,453,26,5.74
99902,512,26,5.08
100450,410,26,6.34
103392,687,26,3.78
52672,288,25,8.68
72174,264,25,9.47
76654,213,25,11.74
81408,165,25,15.15
97145,339,25,7.37
101422,412,25,6.07
25962,441,24,5.44
71241,246,24,9.76
66432,186,24,12.9
86046,428,24,5.61
95490,311,24,7.72
9570,237,23,9.7
34138,719,23,3.2
37493,243,23,9.47
49655,292,23,7.88
49072,582,23,3.95
73318,250,23,9.2
78374,317,23,7.26
86807,384,23,5.99
95244,390,23,5.9
103659,398,23,5.78
9889,301,22,7.31
32893,383,22,5.74
30616,336,22,6.55
31026,170,22,12.94
42829,356,22,6.18
58696,240,22,9.17
55518,573,22,3.84
71258,502,22,4.38
69144,349,22,6.3
97103,484,22,4.55
99123,531,22,4.14
103957,469,22,4.69
31200,149,21,14.09
38012,277,21,7.58
48136,252,21,8.33
54455,803,21,2.62
54359,336,21,6.25
61330,378,21,5.56
55323,256,21,8.2
82039,330,21,6.36
26304,327,20,6.12
32555,181,20,11.05
29258,162,20,12.35
38946,325,20,6.15
49944,205,20,9.76
100993,293,20,6.83
18629,215,19,8.84
26702,154,19,12.34
34170,502,19,3.78
40268,317,19,5.99
57638,178,19,10.67
68979,438,19,4.34
80491,581,19,3.27
82013,155,19,12.26
91125,279,19,6.81
94753,292,19,6.51
24013,130,18,13.85
55232,125,18,14.4
79088,203,18,8.87
103030,336,18,5.36
5447,211,17,8.06
102,624,17,2.72
14832,293,17,5.8
18145,194,17,8.76
38540,428,17,3.97
50911,475,17,3.58
51849,305,17,5.57
54299,489,17,3.48
71840,414,17,4.11
65122,328,17,5.18
92800,541,17,3.14
99873,251,17,6.77
97624,255,17,6.67
98172,167,17,10.18
100079,140,17,12.14
102161,263,17,6.46
5336,575,16,2.78
11337,197,16,8.12
7939,122,16,13.11
6743,102,16,15.69
30136,161,16,9.94
41009,225,16,7.11
41376,213,16,7.51
53544,133,16,12.03
50059,393,16,4.07
47511,404,16,3.96
56398,250,16,6.4
59618,185,16,8.65
62204,401,16,3.99
66568,147,16,10.88
65630,236,16,6.78
78840,196,16,8.16
87754,159,16,10.06
98474,287,16,5.57
99317,187,16,8.56
102218,361,16,4.43
103236,150,16,10.67
9655,252,15,5.95
9964,226,15,6.64
22097,148,15,10.14
15223,480,15,3.13
18237,284,15,5.28
17445,384,15,3.91
23312,232,15,6.47
43508,443,15,3.39
69456,415,15,3.61
84319,160,15,9.38
89588,168,15,8.93
86875,184,15,8.15
94587,459,15,3.27
95818,162,15,9.26
100664,185,15,8.11
104247,262,15,5.73
103020,181,15,8.29
1506,131,14,10.69
12457,454,14,3.08
22282,403,14,3.47
13341,176,14,7.95
33322,53,14,26.42
33886,426,14,3.29
43806,285,14,4.91
37886,358,14,3.91
46591,231,14,6.06
53214,259,14,5.41
55550,333,14,4.2
58781,157,14,8.92
65641,142,14,9.86
68370,176,14,7.95
64186,239,14,5.86
73350,191,14,7.33
83053,228,14,6.14
73875,282,14,4.96
80869,285,14,4.91
88666,240,14,5.83
84924,124,14,11.29
91222,183,14,7.65
86772,161,14,8.7
96723,213,14,6.57
96248,166,14,8.43
93448,213,14,6.57
1039,168,13,7.74
6625,235,13,5.53
20747,134,13,9.7
30428,601,13,2.16
44189,190,13,6.84
42460,283,13,4.59
37905,116,13,11.21
61305,210,13,6.19
57976,227,13,5.73
73388,179,13,7.26
80024,82,13,15.85
76474,130,13,10.0
74540,202,13,6.44
74228,195,13,6.67
80428,268,13,4.85
91143,231,13,5.63
91575,294,13,4.42
99054,197,13,6.6
99795,242,13,5.37
94032,212,13,6.13
103572,202,13,6.44
100346,121,13,10.74
4587,254,12,4.72
616,284,12,4.23
21553,263,12,4.56
19952,229,12,5.24
30769,524,12,2.29
27729,125,12,9.6
35983,102,12,11.76
36229,164,12,7.32
44669,124,12,9.68
43056,303,12,3.96
39755,158,12,7.59
50844,71,12,16.9
62555,229,12,5.24
60609,183,12,6.56
56917,115,12,10.43
57706,248,12,4.84
67701,112,12,10.71
64298,150,12,8.0
82253,138,12,8.7
80281,73,12,16.44
90802,182,12,6.59
90531,360,12,3.33
88259,96,12,12.5
85661,145,12,8.28
98128,224,12,5.36
95262,238,12,5.04
102831,311,12,3.86
102183,301,12,3.99
5282,188,11,5.85
13250,262,11,4.2
10893,112,11,9.82
20751,88,11,12.5
24353,327,11,3.36
21362,197,11,5.58
30589,136,11,8.09
26820,245,11,4.49
25943,123,11,8.94
26148,236,11,4.66
31923,779,11,1.41
34553,122,11,9.02
35712,94,11,11.7
45140,159,11,6.92
51558,135,11,8.15
54422,678,11,1.62
48936,150,11,7.33
54389,75,11,14.67
50075,175,11,6.29
59299,195,11,5.64
60626,153,11,7.19
56514,404,11,2.72
67169,89,11,12.36
71256,158,11,6.96
70343,174,11,6.32
76648,204,11,5.39
87675,162,11,6.79
90794,89,11,12.36
90100,175,11,6.29
97872,59,11,18.64
95228,256,11,4.3
104172,59,11,18.64
103758,206,11,5.34
100397,199,11,5.53
102181,131,11,8.4
104395,170,11,6.47
8534,231,10,4.33
2834,110,10,9.09
4677,206,10,4.85
18516,94,10,10.64
30311,235,10,4.26
31547,135,10,7.41
34522,140,10,7.14
32749,129,10,7.75
39151,117,10,8.55
36822,412,10,2.43
42520,176,10,5.68
41544,179,10,5.59
36667,132,10,7.58
39234,255,10,3.92
54357,212,10,4.72
48262,52,10,19.23
47917,78,10,12.82
58141,151,10,6.62
60238,125,10,8.0
55339,235,10,4.26
54711,190,10,5.26
58478,67,10,14.93
67269,108,10,9.26
65381,233,10,4.29
64723,151,10,6.62
71948,179,10,5.59
66357,157,10,6.37
66350,334,10,2.99
82191,179,10,5.59
76889,169,10,5.92
79171,164,10,6.1
83103,135,10,7.41
76553,86,10,11.63
83796,164,10,6.1
88130,116,10,8.62
91384,128,10,7.81
90851,82,10,12.2
86431,54,10,18.52
99127,287,10,3.48
99705,191,10,5.24
93366,67,10,14.93
98908,170,10,5.88
95552,79,10,12.66
100672,131,10,7.63
11146,119,9,7.56
6010,186,9,4.84
8693,347,9,2.59
5794,312,9,2.88
5850,105,9,8.57
19266,228,9,3.95
17810,199,9,4.52
17621,156,9,5.77
31381,48,9,18.75
26630,114,9,7.89
32501,168,9,5.36
31457,88,9,10.23
33040,181,9,4.97
32913,76,9,11.84
27033,92,9,9.78
34400,273,9,3.3
41300,244,9,3.69
42362,194,9,4.64
41559,238,9,3.78
43331,109,9,8.26
39798,110,9,8.18
40207,130,9,6.92
48494,307,9,2.93
48669,174,9,5.17
52408,69,9,13.04
53730,169,9,5.33
47123,143,9,6.29
51016,221,9,4.07
45585,190,9,4.74
59778,213,9,4.23
59052,109,9,8.26
61065,162,9,5.56
61963,259,9,3.47
54521,213,9,4.23
71692,98,9,9.18
64655,156,9,5.77
68564,189,9,4.76
83918,55,9,16.36
81830,88,9,10.23
76778,67,9,13.43
76034,49,9,18.37
83059,41,9,21.95
75447,144,9,6.25
88032,122,9,7.38
90421,174,9,5.17
91154,113,9,7.96
89316,267,9,3.37
94756,104,9,8.65
94716,134,9,6.72
95783,111,9,8.11
99924,89,9,10.11
101990,226,9,3.98
102314,75,9,12.0
103874,324,9,2.78
103598,127,9,7.09
101512,75,9,12.0
100873,159,9,5.66
12565,100,8,8.0
12022,32,8,25.0
2163,68,8,11.76
922,160,8,5.0
736,114,8,7.02
5027,198,8,4.04
953,153,8,5.23
10160,52,8,15.38
22901,51,8,15.69
15728,163,8,4.91
24712,66,8,12.12
20715,35,8,22.86
14190,287,8,2.79
28083,198,8,4.04
34070,139,8,5.76
26300,148,8,5.41
30061,222,8,3.6
28644,74,8,10.81
32512,84,8,9.52
41894,124,8,6.45
38648,219,8,3.65
43565,78,8,10.26
41116,87,8,9.2
37868,179,8,4.47
42125,57,8,14.04
38005,89,8,8.99
38793,138,8,5.8
44167,149,8,5.37
43545,286,8,2.8
52143,162,8,4.94
52349,157,8,5.1
49511,65,8,12.31
45877,63,8,12.7
51051,95,8,8.42
48110,48,8,16.67
53924,104,8,7.69
54118,74,8,10.81
54099,125,8,6.4
54047,148,8,5.41
48118,110,8,7.27
46052,106,8,7.55
54189,110,8,7.27
52325,83,8,9.64
57802,269,8,2.97
59911,36,8,22.22
57394,190,8,4.21
62574,404,8,1.98
55727,94,8,8.51
58242,99,8,8.08
59713,88,8,9.09
60020,218,8,3.67
63557,69,8,11.59
70215,47,8,17.02
72756,116,8,6.9
71441,82,8,9.76
67621,114,8,7.02
81641,74,8,10.81
79205,72,8,11.11
78847,133,8,6.02
73637,50,8,16.0
81895,94,8,8.51
75461,63,8,12.7
76476,181,8,4.42
82350,110,8,7.27
74082,108,8,7.41
87295,188,8,4.26
86129,314,8,2.55
89680,214,8,3.74
87544,88,8,9.09
84165,174,8,4.6
89413,95,8,8.42
94724,111,8,7.21
97508,151,8,5.3
99586,125,8,6.4
95384,199,8,4.02
97893,91,8,8.79
94934,84,8,9.52
97486,96,8,8.33
97768,124,8,6.45
97902,202,8,3.96
98434,158,8,5.06
97905,91,8,8.79
98443,87,8,9.2
95087,180,8,4.44
104345,87,8,9.2
103207,81,8,9.88
102373,131,8,6.11
7206,135,7,5.19
3207,92,7,7.61
6746,101,7,6.93
4788,218,7,3.21
8619,156,7,4.49
6029,78,7,8.97
5723,113,7,6.19
8050,52,7,13.46
23739,42,7,16.67
15435,221,7,3.17
13470,102,7,6.86
15466,85,7,8.24
22778,61,7,11.48
19504,126,7,5.56
18839,183,7,3.83
18260,38,7,18.42
22575,30,7,23.33
16737,162,7,4.32
24502,69,7,10.14
34179,231,7,3.03
30218,156,7,4.49
34925,48,7,14.58
28372,33,7,21.21
25687,235,7,2.98
26436,89,7,7.87
31816,289,7,2.42
29128,146,7,4.79
28552,105,7,6.67
28779,70,7,10.0
38562,91,7,7.69
41778,75,7,9.33
42118,171,7,4.09
44445,79,7,8.86
43238,115,7,6.09
45078,112,7,6.25
40989,89,7,7.87
38636,63,7,11.11
43144,169,7,4.14
53643,73,7,9.59
54144,87,7,8.05
46251,195,7,3.59
49522,169,7,4.14
53272,96,7,7.29
51300,131,7,5.34
46741,83,7,8.43
52166,129,7,5.43
51424,72,7,9.72
51476,65,7,10.77
52518,81,7,8.64
58985,97,7,7.22
62354,174,7,4.02
62706,263,7,2.66
60031,160,7,4.38
61756,290,7,2.41
55875,56,7,12.5
60379,174,7,4.02
61427,167,7,4.19
58793,118,7,5.93
61022,39,7,17.95
58073,125,7,5.6
59592,29,7,24.14
61912,240,7,2.92
65243,57,7,12.28
71524,66,7,10.61
66744,144,7,4.86
72422,62,7,11.29
71208,57,7,12.28
66304,25,7,28.0
72725,145,7,4.83
73555,99,7,7.07
71858,128,7,5.47
68958,53,7,13.21
69351,206,7,3.4
63746,60,7,11.67
64620,167,7,4.19
64970,53,7,13.21
75682,144,7,4.86
76603,79,7,8.86
75255,74,7,9.46
75784,56,7,12.5
83052,202,7,3.47
79157,119,7,5.88
75727,98,7,7.14
81135,225,7,3.11
86206,58,7,12.07
89194,105,7,6.67
92748,216,7,3.24
88496,94,7,7.45
87945,101,7,6.93
90055,131,7,5.34
91149,84,7,8.33
88888,208,7,3.37
90397,75,7,9.33
87365,63,7,11.11
91977,90,7,7.78
88140,52,7,13.46
89211,63,7,11.11
87691,169,7,4.14
94588,239,7,2.93
97631,74,7,9.46
95389,123,7,5.69
99758,65,7,10.77
97525,171,7,4.09
99371,81,7,8.64
93710,71,7,9.86
98533,74,7,9.46
99827,17,7,41.18
101895,92,7,7.61
100337,84,7,8.33
102699,126,7,5.56
103341,131,7,5.34
100830,33,7,21.21
102962,235,7,2.98
102092,166,7,4.22
104171,159,7,4.4
102325,63,7,11.11
6832,37,6,16.22
7499,216,6,2.78
4727,133,6,4.51
6508,56,6,10.71
10663,64,6,9.38
3908,209,6,2.87
1881,39,6,15.38
2717,156,6,3.85
12714,60,6,10.0
3849,129,6,4.65
6733,32,6,18.75
3250,243,6,2.47
3910,97,6,6.19
19939,69,6,8.7
21853,83,6,7.23
15085,149,6,4.03
21022,44,6,13.64
15329,199,6,3.02
18454,37,6,16.22
14695,142,6,4.23
24302,62,6,9.68
15610,64,6,9.38
13867,107,6,5.61
21093,102,6,5.88
33239,75,6,8.0
30577,112,6,5.36
26912,97,6,6.19
28656,173,6,3.47
32885,81,6,7.41
31219,18,6,33.33
30845,81,6,7.41
28095,165,6,3.64
27028,60,6,10.0
28973,114,6,5.26
44611,107,6,5.61
39334,55,6,10.91
43869,71,6,8.45
42465,43,6,13.95
39576,296,6,2.03
37271,72,6,8.33
44747,91,6,6.59
44996,79,6,7.59
37303,106,6,5.66
43014,99,6,6.06
42725,155,6,3.87
42989,74,6,8.11
43973,190,6,3.16
54152,75,6,8.0
47052,99,6,6.06
46175,217,6,2.76
50290,219,6,2.74
53671,46,6,13.04
46080,62,6,9.68
46897,61,6,9.84
50126,112,6,5.36
47499,151,6,3.97
54445,55,6,10.91
47621,116,6,5.17
48631,40,6,15.0
51725,85,6,7.06
51776,124,6,4.84
58436,109,6,5.5
62741,75,6,8.0
61212,84,6,7.14
63336,123,6,4.88
57987,72,6,8.33
62232,206,6,2.91
58809,128,6,4.69
55344,49,6,12.24
57266,101,6,5.94
59962,111,6,5.41
60447,108,6,5.56
71881,103,6,5.83
67992,32,6,18.75
68764,51,6,11.76
70852,78,6,7.69
65365,21,6,28.57
63371,157,6,3.82
73287,153,6,3.92
70353,147,6,4.08
72827,189,6,3.17
71698,174,6,3.45
68070,77,6,7.79
71918,106,6,5.66
72002,194,6,3.09
70565,63,6,9.52
70598,43,6,13.95
69302,131,6,4.58
82408,105,6,5.71
82517,53,6,11.32
76946,86,6,6.98
81588,141,6,4.26
78660,22,6,27.27
82257,62,6,9.68
92895,105,6,5.71
89087,76,6,7.89
86274,166,6,3.61
85129,116,6,5.17
84355,108,6,5.56
90112,80,6,7.5
91288,60,6,10.0
87464,82,6,7.32
90060,89,6,6.74
86180,204,6,2.94
88431,130,6,4.62
90337,57,6,10.53
85534,107,6,5.61
89086,80,6,7.5
98718,137,6,4.38
93790,75,6,8.0
93303,126,6,4.76
93098,152,6,3.95
95126,70,6,8.57
95041,103,6,5.83
98875,82,6,7.32
98776,85,6,7.06
98292,86,6,6.98
98477,91,6,6.59
99268,41,6,14.63
97312,30,6,20.0
97977,68,6,8.82
102985,75,6,8.0
100440,22,6,27.27
100356,112,6,5.36
104146,157,6,3.82
101227,172,6,3.49
100231,58,6,10.34
102444,101,6,5.94
100770,123,6,4.88
100328,117,6,5.13
100489,66,6,9.09
100187,45,6,13.33
148,27,5,18.52
10558,23,5,21.74
3725,39,5,12.82
5708,91,5,5.49
768,51,5,9.8
212,164,5,3.05
7490,94,5,5.32
5917,107,5,4.67
8921,84,5,5.95
12585,99,5,5.05
890,99,5,5.05
13069,118,5,4.24
7845,273,5,1.83
11079,27,5,18.52
9773,58,5,8.62
17097,47,5,10.64
14195,135,5,3.7
13634,120,5,4.17
16645,126,5,3.97
15342,83,5,6.02
18590,33,5,15.15
15893,104,5,4.81
18343,120,5,4.17
17752,61,5,8.2
20081,52,5,9.62
18586,45,5,11.11
20460,22,5,22.73
24510,172,5,2.91
19425,23,5,21.74
18042,79,5,6.33
25082,98,5,5.1
13816,44,5,11.36
23964,116,5,4.31
15965,163,5,3.07
19422,33,5,15.15
21973,220,5,2.27
32254,52,5,9.62
28102,116,5,4.31
36076,29,5,17.24
26744,94,5,5.32
29717,70,5,7.14
29257,41,5,12.2
32571,57,5,8.77
26877,52,5,9.62
26568,29,5,17.24
28876,41,5,12.2
27588,77,5,6.49
29850,82,5,6.1
32946,58,5,8.62
26658,61,5,8.2
28355,51,5,9.8
34206,36,5,13.89
29821,112,5,4.46
29226,62,5,8.06
39977,59,5,8.47
44232,55,5,9.09
37551,56,5,8.93
43725,131,5,3.82
41549,47,5,10.64
42324,182,5,2.75
41853,176,5,2.84
42844,128,5,3.91
39243,92,5,5.43
37952,126,5,3.97
42253,50,5,10.0
40372,47,5,10.64
41001,21,5,23.81
42544,92,5,5.43
43572,48,5,10.42
39115,105,5,4.76
37235,70,5,7.14
42114,55,5,9.09
41367,127,5,3.94
46209,56,5,8.93
51142,39,5,12.82
52825,13,5,38.46
49140,53,5,9.43
45588,154,5,3.25
52172,118,5,4.24
51021,113,5,4.42
51809,76,5,6.58
53773,28,5,17.86
50874,81,5,6.17
49784,29,5,17.24
52607,67,5,7.46
52815,36,5,13.89
51291,37,5,13.51
47266,55,5,9.09
51638,44,5,11.36
52768,35,5,14.29
52305,128,5,3.91
50755,52,5,9.62
51385,18,5,27.78
60540,76,5,6.58
56211,111,5,4.5
57664,124,5,4.03
60528,88,5,5.68
59752,77,5,6.49
55708,82,5,6.1
58492,111,5,4.5
61676,35,5,14.29
55485,86,5,5.81
61084,83,5,6.02
59173,134,5,3.73
59348,14,5,35.71
55671,60,5,8.33
54835,44,5,11.36
56538,103,5,4.85
60845,127,5,3.94
56983,104,5,4.81
57471,66,5,7.58
59794,69,5,7.25
60200,66,5,7.58
60224,142,5,3.52
60261,75,5,6.67
56961,109,5,4.59
69439,75,5,6.67
64293,20,5,25.0
73509,306,5,1.63
69150,17,5,29.41
69130,76,5,6.58
65018,42,5,11.9
73107,78,5,6.41
67246,50,5,10.0
66727,51,5,9.8
69572,89,5,5.62
67779,50,5,10.0
73070,73,5,6.85
65377,17,5,29.41
72495,103,5,4.85
66274,93,5,5.38
65054,71,5,7.04
65864,74,5,6.76
68644,111,5,4.5
80878,30,5,16.67
80365,34,5,14.71
74622,86,5,5.81
77976,29,5,17.24
80054,34,5,14.71
76998,44,5,11.36
82775,96,5,5.21
78606,14,5,35.71
81436,163,5,3.07
79705,91,5,5.49
76177,44,5,11.36
77924,118,5,4.24
77364,66,5,7.58
80039,149,5,3.36
76140,24,5,20.83
80739,34,5,14.71
74003,58,5,8.62
82875,47,5,10.64
74909,46,5,10.87
74156,64,5,7.81
90543,212,5,2.36
88020,50,5,10.0
85635,17,5,29.41
85060,35,5,14.29
88043,37,5,13.51
91484,56,5,8.93
84699,130,5,3.85
90936,72,5,6.94
89071,61,5,8.2
85151,208,5,2.4
86695,101,5,4.95
86998,104,5,4.81
92103,102,5,4.9
89255,56,5,8.93
92184,63,5,7.94
86537,43,5,11.63
85057,82,5,6.1
89622,74,5,6.76
92566,41,5,12.2
87899,80,5,6.25
85518,53,5,9.43
93432,29,5,17.24
98369,236,5,2.12
97093,181,5,2.76
93235,84,5,5.95
95671,149,5,3.36
95101,33,5,15.15
98145,169,5,2.96
93783,143,5,3.5
93438,33,5,15.15
93801,228,5,2.19
94424,36,5,13.89
95009,133,5,3.76
94326,54,5,9.26
102642,44,5,11.36
101537,148,5,3.38
103873,103,5,4.85
101292,61,5,8.2
101247,190,5,2.63
101504,39,5,12.82
104365,65,5,7.69
100789,37,5,13.51
102671,68,5,7.35
103368,233,5,2.15
103250,233,5,2.15
102498,108,5,4.63
104150,61,5,8.2
102966,128,5,3.91
7530,49,4,8.16
2842,27,4,14.81
6904,41,4,9.76
2351,61,4,6.56
8160,58,4,6.9
339,158,4,2.53
4603,217,4,1.84
10190,94,4,4.26
1420,140,4,2.86
8477,49,4,8.16
9982,81,4,4.94
3092,89,4,4.49
12864,104,4,3.85
3687,65,4,6.15
6454,41,4,9.76
8866,17,4,23.53
10795,65,4,6.15
6421,28,4,14.29
4892,59,4,6.78
6018,97,4,4.12
1724,56,4,7.14
8113,61,4,6.56
5769,62,4,6.45
370,12,4,33.33
12223,27,4,14.81
1862,77,4,5.19
9666,60,4,6.67
7459,20,4,20.0
14589,65,4,6.15
16244,49,4,8.16
20666,110,4,3.64
21643,19,4,21.05
14040,31,4,12.9
17519,132,4,3.03
19216,78,4,5.13
21029,159,4,2.52
23910,110,4,3.64
24760,14,4,28.57
19051,41,4,9.76
23331,34,4,11.76
22083,46,4,8.7
13791,44,4,9.09
18960,107,4,3.74
18087,59,4,6.78
18117,74,4,5.41
19260,95,4,4.21
19615,85,4,4.71
23157,56,4,7.14
15992,97,4,4.12
19547,34,4,11.76
16936,5,4,80.0
14116,125,4,3.2
20164,69,4,5.8
17756,24,4,16.67
24180,27,4,14.81
21747,8,4,50.0
18785,90,4,4.44
20998,73,4,5.48
16638,64,4,6.25
19590,20,4,20.0
24421,124,4,3.23
14358,34,4,11.76
24762,81,4,4.94
19946,26,4,15.38
20691,37,4,10.81
20076,121,4,3.31
36347,50,4,8.0
31290,32,4,12.5
33917,30,4,13.33
35975,58,4,6.9
27902,61,4,6.56
32033,88,4,4.55
31558,71,4,5.63
31791,85,4,4.71
34050,33,4,12.12
34422,18,4,22.22
29015,122,4,3.28
34220,57,4,7.02
26929,55,4,7.27
27131,53,4,7.55
28799,83,4,4.82
29584,45,4,8.89
35847,13,4,30.77
29934,61,4,6.56
25522,56,4,7.14
25564,54,4,7.41
35604,116,4,3.45
29548,45,4,8.89
28861,34,4,11.76
28311,44,4,9.09
34072,31,4,12.9
30843,81,4,4.94
35147,30,4,13.33
30863,40,4,10.0
34578,60,4,6.67
31503,128,4,3.13
40946,52,4,7.69
39476,26,4,15.38
40601,174,4,2.3
39605,36,4,11.11
36643,21,4,19.05
42779,23,4,17.39
41786,59,4,6.78
42995,157,4,2.55
42598,40,4,10.0
39910,52,4,7.69
36793,37,4,10.81
36665,42,4,9.52
44424,44,4,9.09
38824,68,4,5.88
39379,81,4,4.94
42332,53,4,7.55
42771,69,4,5.8
41144,14,4,28.57
41928,67,4,5.97
39149,53,4,7.55
44587,102,4,3.92
37863,68,4,5.88
38501,98,4,4.08
37049,80,4,5.0
45236,104,4,3.85
40294,97,4,4.12
37462,69,4,5.8
45290,95,4,4.21
39708,36,4,11.11
37529,54,4,7.41
47116,61,4,6.56
46833,32,4,12.5
48707,65,4,6.15
54434,50,4,8.0
51555,31,4,12.9
49207,32,4,12.5
47479,63,4,6.35
48666,35,4,11.43
53700,115,4,3.48
49343,68,4,5.88
53541,60,4,6.67
53781,105,4,3.81
49246,117,4,3.42
47439,26,4,15.38
52035,141,4,2.84
47174,20,4,20.0
46847,16,4,25.0
54347,73,4,5.48
49474,39,4,10.26
53851,74,4,5.41
47035,40,4,10.0
47523,73,4,5.48
51005,31,4,12.9
47562,70,4,5.71
47150,67,4,5.97
49619,42,4,9.52
45749,45,4,8.89
50140,68,4,5.88
51530,59,4,6.78
45521,118,4,3.39
61800,36,4,11.11
57479,43,4,9.3
56265,42,4,9.52
59020,66,4,6.06
55903,58,4,6.9
58645,89,4,4.49
55908,37,4,10.81
61781,62,4,6.45
56389,44,4,9.09
61874,128,4,3.13
60667,15,4,26.67
58099,63,4,6.35
58597,169,4,2.37
61809,47,4,8.51
58918,117,4,3.42
61201,72,4,5.56
61057,19,4,21.05
59312,86,4,4.65
59976,85,4,4.71
61521,17,4,23.53
61401,26,4,15.38
60532,39,4,10.26
54982,166,4,2.41
60843,40,4,10.0
57997,58,4,6.9
55793,21,4,19.05
60259,30,4,13.33
60136,57,4,7.02
60778,77,4,5.19
57999,114,4,3.51
63028,61,4,6.56
58259,110,4,3.64
61967,35,4,11.43
58890,62,4,6.45
59800,47,4,8.51
65408,22,4,18.18
68135,27,4,14.81
65288,28,4,14.29
72406,65,4,6.15
70182,123,4,3.25
63602,44,4,9.09
70522,40,4,10.0
66359,87,4,4.6
65043,44,4,9.09
69541,98,4,4.08
72021,97,4,4.12
70039,70,4,5.71
68622,164,4,2.44
72479,126,4,3.17
65752,75,4,5.33
63727,44,4,9.09
70870,52,4,7.69
71697,16,4,25.0
72159,51,4,7.84
68256,27,4,14.81
66692,117,4,3.42
64281,160,4,2.5
69638,61,4,6.56
65068,37,4,10.81
68270,67,4,5.97
64603,21,4,19.05
65483,96,4,4.17
63396,60,4,6.67
63604,61,4,6.56
69375,23,4,17.39
63903,24,4,16.67
66719,191,4,2.09
71963,60,4,6.67
66000,91,4,4.4
70309,21,4,19.05
71591,33,4,12.12
66864,93,4,4.3
64438,33,4,12.12
68493,82,4,4.88
68679,93,4,4.3
69561,59,4,6.78
73149,58,4,6.9
75354,218,4,1.83
83423,23,4,17.39
80715,23,4,17.39
81287,66,4,6.06
78937,113,4,3.54
77745,156,4,2.56
74665,54,4,7.41
81697,22,4,18.18
76387,72,4,5.56
77507,57,4,7.02
74671,78,4,5.13
83380,42,4,9.52
74514,31,4,12.9
83317,123,4,3.25
77686,88,4,4.55
76961,55,4,7.27
82678,35,4,11.43
81646,39,4,10.26
77845,33,4,12.12
80057,51,4,7.84
81892,55,4,7.27
83442,30,4,13.33
78376,45,4,8.89
81698,43,4,9.3
78482,58,4,6.9
73811,19,4,21.05
76080,47,4,8.51
83096,119,4,3.36
83504,10,4,40.0
80333,46,4,8.7
77523,69,4,5.8
84000,70,4,5.71
81017,63,4,6.35
80301,167,4,2.4
74141,24,4,16.67
87905,30,4,13.33
88726,32,4,12.5
90069,86,4,4.65
91619,174,4,2.3
92140,81,4,4.94
92694,105,4,3.81
89987,145,4,2.76
84842,55,4,7.27
91290,62,4,6.45
85315,46,4,8.7
87727,65,4,6.15
90627,214,4,1.87
90991,27,4,14.81
84961,51,4,7.84
87733,67,4,5.97
89191,9,4,44.44
88127,53,4,7.55
91692,43,4,9.3
92744,106,4,3.77
86330,60,4,6.67
91986,105,4,3.81
92065,83,4,4.82
87857,81,4,4.94
91529,76,4,5.26
88786,34,4,11.76
92575,108,4,3.7
92755,86,4,4.65
85365,136,4,2.94
90426,92,4,4.35
99538,72,4,5.56
100112,151,4,2.65
97423,80,4,5.0
99231,66,4,6.06
100117,56,4,7.14
96838,42,4,9.52
98465,61,4,6.56
99502,37,4,10.81
94598,76,4,5.26
98565,59,4,6.78
97120,63,4,6.35
94239,95,4,4.21
95906,77,4,5.19
97578,83,4,4.82
93519,36,4,11.11
98186,39,4,10.26
96934,63,4,6.35
98912,39,4,10.26
98374,66,4,6.06
95772,75,4,5.33
98538,27,4,14.81
99575,38,4,10.53
98060,66,4,6.06
95374,44,4,9.09
96984,171,4,2.34
97659,53,4,7.55
99359,95,4,4.21
95582,39,4,10.26
96517,81,4,4.94
98225,127,4,3.15
95949,99,4,4.04
94752,102,4,3.92
95543,257,4,1.56
95075,50,4,8.0
97096,66,4,6.06
97568,44,4,9.09
99372,5,4,80.0
100146,35,4,11.43
97100,87,4,4.6
103274,74,4,5.41
100379,79,4,5.06
100641,64,4,6.25
102489,47,4,8.51
103205,43,4,9.3
102355,43,4,9.3
101463,26,4,15.38
103805,32,4,12.5
102674,65,4,6.15
102420,62,4,6.45
100180,89,4,4.49
101522,39,4,10.26
103413,38,4,10.53
101523,301,4,1.33
100184,127,4,3.15
6357,104,3,2.88
11710,21,3,14.29
6962,48,3,6.25
9217,49,3,6.12
8827,22,3,13.64
5965,32,3,9.38
2189,116,3,2.59
10881,24,3,12.5
5142,13,3,23.08
13132,103,3,2.91
10070,44,3,6.82
12580,5,3,60.0
12583,45,3,6.67
12853,66,3,4.55
1770,28,3,10.71
6197,36,3,8.33
5610,130,3,2.31
10026,38,3,7.89
12609,33,3,9.09
11811,27,3,11.11
5418,10,3,30.0
520,62,3,4.84
7382,18,3,16.67
7646,63,3,4.76
5187,31,3,9.68
11438,9,3,33.33
8308,49,3,6.12
12383,21,3,14.29
13059,19,3,15.79
4887,46,3,6.52
10066,42,3,7.14
4098,55,3,5.45
8227,24,3,12.5
6791,52,3,5.77
10577,47,3,6.38
7126,64,3,4.69
3879,53,3,5.66
7369,37,3,8.11
12528,33,3,9.09
11731,6,3,50.0
7288,85,3,3.53
5617,27,3,11.11
7496,8,3,37.5
12135,61,3,4.92
10429,21,3,14.29
4467,20,3,15.0
11485,23,3,13.04
16861,32,3,9.38
13483,102,3,2.94
21710,31,3,9.68
14367,57,3,5.26
14733,19,3,15.79
14496,66,3,4.55
15332,45,3,6.67
23669,55,3,5.45
15920,45,3,6.67
18392,71,3,4.23
20042,33,3,9.09
23699,94,3,3.19
22023,66,3,4.55
16467,17,3,17.65
21312,25,3,12.0
20014,19,3,15.79
15811,73,3,4.11
19879,19,3,15.79
17755,42,3,7.14
17186,71,3,4.23
17515,12,3,25.0
13579,26,3,11.54
18499,38,3,7.89
16460,56,3,5.36
25090,46,3,6.52
20871,38,3,7.89
18921,48,3,6.25
15526,43,3,6.98
18312,7,3,42.86
14690,142,3,2.11
17881,13,3,23.08
14107,77,3,3.9
18396,49,3,6.12
19495,60,3,5.0
17667,13,3,23.08
25223,30,3,10.0
25170,62,3,4.84
14259,34,3,8.82
17845,21,3,14.29
24007,56,3,5.36
18321,45,3,6.67
20792,7,3,42.86
15020,85,3,3.53
21060,52,3,5.77
24025,65,3,4.62
15288,96,3,3.13
23637,32,3,9.38
15084,14,3,21.43
16151,18,3,16.67
22829,36,3,8.33
16307,56,3,5.36
24469,31,3,9.68
15874,37,3,8.11
13970,55,3,5.45
20952,29,3,10.34
14963,76,3,3.95
22896,87,3,3.45
24606,32,3,9.38
20249,78,3,3.85
23477,12,3,25.0
27977,55,3,5.45
26921,68,3,4.41
33012,81,3,3.7
35191,25,3,12.0
30972,19,3,15.79
36523,23,3,13.04
35067,93,3,3.23
28023,60,3,5.0
32848,39,3,7.69
34526,24,3,12.5
31918,166,3,1.81
30131,61,3,4.92
27835,35,3,8.57
33039,70,3,4.29
35609,38,3,7.89
34976,43,3,6.98
30560,41,3,7.32
28390,11,3,27.27
26388,9,3,33.33
36183,44,3,6.82
34475,80,3,3.75
27927,14,3,21.43
33822,105,3,2.86
35048,20,3,15.0
33608,53,3,5.66
28563,36,3,8.33
25821,18,3,16.67
29126,102,3,2.94
27032,47,3,6.38
34737,31,3,9.68
35602,60,3,5.0
29695,87,3,3.45
31515,30,3,10.0
25894,51,3,5.88
27772,13,3,23.08
35550,47,3,6.38
32350,50,3,6.0
26808,86,3,3.49
30185,14,3,21.43
25753,15,3,20.0
36546,55,3,5.45
27586,38,3,7.89
28538,38,3,7.89
29757,26,3,11.54
42609,23,3,13.04
39525,11,3,27.27
40736,16,3,18.75
44995,44,3,6.82
41789,13,3,23.08
40124,50,3,6.0
40826,34,3,8.82
37207,19,3,15.79
42516,69,3,4.35
40161,33,3,9.09
37179,58,3,5.17
37184,52,3,5.77
44385,40,3,7.5
37145,45,3,6.67
38773,59,3,5.08
43496,55,3,5.45
39313,13,3,23.08
44624,49,3,6.12
38513,25,3,12.0
37391,173,3,1.73
40222,26,3,11.54
43137,21,3,14.29
38432,33,3,9.09
39431,64,3,4.69
43183,21,3,14.29
37637,22,3,13.64
44725,60,3,5.0
38416,31,3,9.68
40834,92,3,3.26
39834,67,3,4.48
37745,63,3,4.76
41177,40,3,7.5
37843,81,3,3.7
36656,23,3,13.04
40641,41,3,7.32
37947,46,3,6.52
44439,38,3,7.89
44701,83,3,3.61
37066,226,3,1.33
38854,187,3,1.6
40594,19,3,15.79
39876,35,3,8.57
38901,16,3,18.75
39226,42,3,7.14
37451,69,3,4.35
43055,27,3,11.11
44036,34,3,8.82
42718,33,3,9.09
42590,9,3,33.33
44435,18,3,16.67
38392,39,3,7.69
43227,38,3,7.89
47753,44,3,6.82
52288,99,3,3.03
48805,28,3,10.71
52719,94,3,3.19
53449,40,3,7.5
46637,24,3,12.5
49201,28,3,10.71
50908,51,3,5.88
51159,14,3,21.43
52399,42,3,7.14
53029,47,3,6.38
49206,34,3,8.82
50093,93,3,3.23
49805,16,3,18.75
49864,25,3,12.0
49410,50,3,6.0
46343,10,3,30.0
52590,36,3,8.33
48503,130,3,2.31
46131,18,3,16.67
54184,21,3,14.29
53588,98,3,3.06
49716,43,3,6.98
54253,77,3,3.9
53645,44,3,6.82
45400,11,3,27.27
48478,85,3,3.53
52853,5,3,60.0
45315,39,3,7.69
46300,64,3,4.69
50299,25,3,12.0
53305,12,3,25.0
49092,111,3,2.7
51644,42,3,7.14
52198,30,3,10.0
54035,16,3,18.75
52661,14,3,21.43
49064,24,3,12.5
52650,45,3,6.67
52860,78,3,3.85
51837,36,3,8.33
52383,24,3,12.5
53763,78,3,3.85
46930,77,3,3.9
48637,11,3,27.27
45692,94,3,3.19
50398,50,3,6.0
52498,24,3,12.5
48027,37,3,8.11
48769,58,3,5.17
54375,29,3,10.34
51211,18,3,16.67
46665,62,3,4.84
51587,34,3,8.82
48483,35,3,8.57
54096,31,3,9.68
50499,31,3,9.68
53089,12,3,25.0
47365,39,3,7.69
50845,14,3,21.43
53635,7,3,42.86
51841,53,3,5.66
61354,13,3,23.08
61272,68,3,4.41
60935,44,3,6.82
61014,46,3,6.52
55209,89,3,3.37
54610,19,3,15.79
63270,116,3,2.59
56237,60,3,5.0
57761,21,3,14.29
55685,57,3,5.26
55506,31,3,9.68
61780,57,3,5.26
60152,17,3,17.65
58074,105,3,2.86
62593,82,3,3.66
58724,29,3,10.34
57061,23,3,13.04
62045,20,3,15.0
62469,40,3,7.5
54988,32,3,9.38
60685,6,3,50.0
59373,36,3,8.33
57617,47,3,6.38
61779,69,3,4.35
61580,47,3,6.38
59888,50,3,6.0
62597,67,3,4.48
58184,143,3,2.1
60002,29,3,10.34
57662,70,3,4.29
62982,33,3,9.09
59469,114,3,2.63
60421,37,3,8.11
56947,69,3,4.35
55456,73,3,4.11
60030,9,3,33.33
60578,19,3,15.79
57220,100,3,3.0
56072,45,3,6.67
57623,124,3,2.42
57928,46,3,6.52
60616,42,3,7.14
60774,56,3,5.36
55939,16,3,18.75
58264,83,3,3.61
62927,33,3,9.09
59014,32,3,9.38
62801,47,3,6.38
62303,42,3,7.14
54902,13,3,23.08
60858,96,3,3.13
66738,46,3,6.52
67489,39,3,7.69
69073,100,3,3.0
70218,19,3,15.79
72516,36,3,8.33
68959,38,3,7.89
64198,49,3,6.12
69704,20,3,15.0
63673,37,3,8.11
73432,37,3,8.11
67673,26,3,11.54
69388,102,3,2.94
63837,16,3,18.75
69725,56,3,5.36
65962,19,3,15.79
71419,17,3,17.65
70307,117,3,2.56
70068,49,3,6.12
68324,46,3,6.52
69606,42,3,7.14
63926,18,3,16.67
64379,87,3,3.45
66850,57,3,5.26
72069,47,3,6.38
70955,51,3,5.88
66378,67,3,4.48
63804,50,3,6.0
71338,111,3,2.7
71148,58,3,5.17
65327,51,3,5.88
70250,57,3,5.26
69985,26,3,11.54
66951,41,3,7.32
63526,41,3,7.32
64192,6,3,50.0
67703,50,3,6.0
63959,42,3,7.14
64607,21,3,14.29
64143,81,3,3.7
68164,35,3,8.57
73228,81,3,3.7
65217,89,3,3.37
67039,74,3,4.05
69370,25,3,12.0
64321,7,3,42.86
72911,86,3,3.49
67255,68,3,4.41
70509,49,3,6.12
72486,29,3,10.34
68917,41,3,7.32
80033,46,3,6.52
75102,47,3,6.38
76236,37,3,8.11
82151,16,3,18.75
81639,9,3,33.33
79776,80,3,3.75
82463,51,3,5.88
82303,36,3,8.33
75408,25,3,12.0
76509,27,3,11.11
76753,33,3,9.09
83389,46,3,6.52
82006,42,3,7.14
73990,42,3,7.14
78235,51,3,5.88
82696,123,3,2.44
82190,33,3,9.09
79317,24,3,12.5
75858,10,3,30.0
82470,18,3,16.67
82495,28,3,10.71
73976,78,3,3.85
79969,11,3,27.27
76290,200,3,1.5
74485,28,3,10.71
74290,33,3,9.09
73949,71,3,4.23
82452,36,3,8.33
81228,72,3,4.17
73824,57,3,5.26
78406,79,3,3.8
80000,113,3,2.65
83035,15,3,20.0
82544,12,3,25.0
78320,11,3,27.27
83411,38,3,7.89
76042,45,3,6.67
80931,50,3,6.0
83000,36,3,8.33
75218,8,3,37.5
75795,28,3,10.71
80421,51,3,5.88
83600,38,3,7.89
73981,13,3,23.08
73784,23,3,13.04
76706,34,3,8.82
81289,20,3,15.0
74353,52,3,5.77
83238,12,3,25.0
78360,41,3,7.32
80070,16,3,18.75
79960,45,3,6.67
75609,16,3,18.75
74408,64,3,4.69
77416,38,3,7.89
82330,37,3,8.11
74988,23,3,13.04
74320,30,3,10.0
83962,17,3,17.65
89874,29,3,10.34
90105,8,3,37.5
85910,17,3,17.65
90968,41,3,7.32
92341,22,3,13.64
84540,34,3,8.82
85582,49,3,6.12
89632,28,3,10.71
84590,39,3,7.69
85992,29,3,10.34
84080,36,3,8.33
87432,27,3,11.11
90122,12,3,25.0
92356,53,3,5.66
88028,29,3,10.34
90813,10,3,30.0
92934,34,3,8.82
90916,21,3,14.29
91323,35,3,8.57
87571,52,3,5.77
85418,60,3,5.0
85664,23,3,13.04
92171,26,3,11.54
84740,40,3,7.5
85395,35,3,8.57
86419,32,3,9.38
86969,56,3,5.36
90588,25,3,12.0
90309,26,3,11.54
90953,39,3,7.69
90050,22,3,13.64
91710,33,3,9.09
85481,31,3,9.68
84738,17,3,17.65
88901,33,3,9.09
90224,17,3,17.65
89556,58,3,5.17
89396,36,3,8.33
84119,26,3,11.54
92726,62,3,4.84
90424,60,3,5.0
84280,54,3,5.56
86864,145,3,2.07
88873,12,3,25.0
89559,30,3,10.0
90084,44,3,6.82
88628,9,3,33.33
85957,26,3,11.54
86065,22,3,13.64
88170,10,3,30.0
92492,119,3,2.52
90463,53,3,5.66
91110,33,3,9.09
86150,28,3,10.71
88564,13,3,23.08
87606,23,3,13.04
90789,16,3,18.75
90937,21,3,14.29
96111,31,3,9.68
93639,34,3,8.82
96952,58,3,5.17
96945,25,3,12.0
96110,33,3,9.09
98167,32,3,9.38
97666,86,3,3.49
93376,34,3,8.82
93890,12,3,25.0
93897,29,3,10.34
96630,22,3,13.64
97184,30,3,10.0
97709,29,3,10.34
99483,54,3,5.56
97475,41,3,7.32
97925,12,3,25.0
99921,79,3,3.8
93416,12,3,25.0
97395,61,3,4.92
93371,37,3,8.11
97935,30,3,10.0
99686,85,3,3.53
96023,16,3,18.75
98322,100,3,3.0
93156,16,3,18.75
99405,31,3,9.68
99537,81,3,3.7
95691,71,3,4.23
97244,37,3,8.11
100067,51,3,5.88
94592,30,3,10.0
98705,23,3,13.04
99548,30,3,10.0
96077,18,3,16.67
97258,25,3,12.0
95570,19,3,15.79
96803,62,3,4.84
96974,106,3,2.83
98513,67,3,4.48
99458,141,3,2.13
94423,121,3,2.48
96049,44,3,6.82
94517,36,3,8.33
102561,35,3,8.57
103541,31,3,9.68
101846,28,3,10.71
103230,44,3,6.82
102898,75,3,4.0
100254,22,3,13.64
102148,54,3,5.56
102804,67,3,4.48
100300,80,3,3.75
101069,23,3,13.04
104210,16,3,18.75
104355,22,3,13.64
102346,76,3,3.95
101075,79,3,3.8
104351,43,3,6.98
103985,53,3,5.66
103732,49,3,6.12
103029,48,3,6.25
102729,100,3,3.0
103480,21,3,14.29
102114,15,3,20.0
101251,112,3,2.68
102149,39,3,7.69
103486,41,3,7.32
102875,29,3,10.34
101746,24,3,12.5
103787,48,3,6.25
101379,100,3,3.0
101850,73,3,4.11
102908,57,3,5.26
104045,31,3,9.68
103631,30,3,10.0
103921,83,3,3.61
7833,18,2,11.11
8701,25,2,8.0
830,12,2,16.67
8681,3,2,66.67
2209,11,2,18.18
4830,14,2,14.29
2134,25,2,8.0
1280,53,2,3.77
8899,16,2,12.5
2675,28,2,7.14
3171,20,2,10.0
4014,12,2,16.67
9588,23,2,8.7
10518,15,2,13.33
8040,86,2,2.33
10932,33,2,6.06
7725,17,2,11.76
8176,48,2,4.17
8205,44,2,4.55
6786,31,2,6.45
9283,29,2,6.9
10318,29,2,6.9
6537,2,2,100.0
1644,21,2,9.52
5231,27,2,7.41
5343,8,2,25.0
10833,33,2,6.06
8226,29,2,6.9
9092,24,2,8.33
9827,27,2,7.41
1394,37,2,5.41
12024,23,2,8.7
12452,22,2,9.09
3350,34,2,5.88
1167,13,2,15.38
9396,43,2,4.65
8360,34,2,5.88
9012,15,2,13.33
13097,21,2,9.52
6568,36,2,5.56
1321,33,2,6.06
6588,15,2,13.33
11262,28,2,7.14
3999,18,2,11.11
8094,67,2,2.99
9204,8,2,25.0
1231,108,2,1.85
3610,23,2,8.7
7233,19,2,10.53
8589,8,2,25.0
4059,66,2,3.03
2305,5,2,40.0
7552,110,2,1.82
7640,28,2,7.14
12822,25,2,8.0
1369,14,2,14.29
3137,63,2,3.17
3854,29,2,6.9
6693,78,2,2.56
3710,83,2,2.41
1669,36,2,5.56
11182,6,2,33.33
7487,22,2,9.09
9259,52,2,3.85
2865,23,2,8.7
1914,26,2,7.69
4149,22,2,9.09
11235,19,2,10.53
6257,143,2,1.4
11089,26,2,7.69
3589,9,2,22.22
524,40,2,5.0
6064,68,2,2.94
9307,55,2,3.64
1356,10,2,20.0
13090,7,2,28.57
7397,20,2,10.0
8298,57,2,3.51
8914,12,2,16.67
10356,52,2,3.85
6545,13,2,15.38
10174,62,2,3.23
9227,11,2,18.18
11772,48,2,4.17
480,43,2,4.65
4053,55,2,3.64
9506,23,2,8.7
5321,2,2,100.0
3911,40,2,5.0
6398,31,2,6.45
9656,14,2,14.29
12674,41,2,4.88
6569,87,2,2.3
2435,84,2,2.38
6796,29,2,6.9
12557,9,2,22.22
6409,11,2,18.18
2491,9,2,22.22
2503,48,2,4.17
1758,10,2,20.0
4462,20,2,10.0
10148,21,2,9.52
3472,10,2,20.0
12594,8,2,25.0
3223,54,2,3.7
12060,8,2,25.0
1680,59,2,3.39
5011,5,2,40.0
11460,78,2,2.56
3535,7,2,28.57
6114,15,2,13.33
9392,27,2,7.41
9796,10,2,20.0
5228,40,2,5.0
8114,21,2,9.52
4748,33,2,6.06
5164,13,2,15.38
9266,10,2,20.0
10970,9,2,22.22
10636,29,2,6.9
8209,5,2,40.0
10515,22,2,9.09
3980,92,2,2.17
2110,14,2,14.29
7565,16,2,12.5
10488,70,2,2.86
5848,48,2,4.17
13875,26,2,7.69
22965,36,2,5.56
18405,61,2,3.28
16800,36,2,5.56
18908,10,2,20.0
24994,5,2,40.0
20069,49,2,4.08
23464,20,2,10.0
14808,51,2,3.92
19724,20,2,10.0
14128,68,2,2.94
21260,138,2,1.45
13694,44,2,4.55
20854,11,2,18.18
19100,28,2,7.14
16292,46,2,4.35
20574,48,2,4.17
22352,33,2,6.06
16082,17,2,11.76
14903,24,2,8.33
13518,20,2,10.0
17790,61,2,3.28
16305,25,2,8.0
21949,91,2,2.2
23495,16,2,12.5
21251,76,2,2.63
14823,7,2,28.57
14008,11,2,18.18
15247,13,2,15.38
15947,93,2,2.15
16764,13,2,15.38
19285,10,2,20.0
21510,74,2,2.7
17120,6,2,33.33
13485,29,2,6.9
15117,32,2,6.25
21606,9,2,22.22
13493,6,2,33.33
23035,49,2,4.08
13792,35,2,5.71
15953,68,2,2.94
19705,16,2,12.5
20752,50,2,4.0
22893,11,2,18.18
18584,13,2,15.38
13433,72,2,2.78
20791,22,2,9.09
14641,25,2,8.0
14702,29,2,6.9
16486,21,2,9.52
16617,4,2,50.0
14129,25,2,8.0
24296,15,2,13.33
24614,23,2,8.7
24593,38,2,5.26
25112,20,2,10.0
23916,42,2,4.76
19745,79,2,2.53
20627,11,2,18.18
22332,39,2,5.13
17146,25,2,8.0
18421,31,2,6.45
23196,14,2,14.29
24212,16,2,12.5
13704,26,2,7.69
23630,16,2,12.5
15273,20,2,10.0
24970,15,2,13.33
13715,8,2,25.0
21560,58,2,3.45
18854,21,2,9.52
21533,53,2,3.77
14279,37,2,5.41
15153,20,2,10.0
22239,30,2,6.67
24206,94,2,2.13
24861,35,2,5.71
16812,18,2,11.11
20005,61,2,3.28
15608,31,2,6.45
19562,17,2,11.76
24906,24,2,8.33
19771,64,2,3.13
19381,45,2,4.44
17310,62,2,3.23
19157,75,2,2.67
13548,24,2,8.33
14756,22,2,9.09
22719,87,2,2.3
18276,17,2,11.76
16293,19,2,10.53
20983,77,2,2.6
23678,25,2,8.0
19982,6,2,33.33
23490,119,2,1.68
14168,47,2,4.26
19533,20,2,10.0
19108,11,2,18.18
13296,64,2,3.13
22635,45,2,4.44
23256,17,2,11.76
24411,20,2,10.0
15803,64,2,3.13
19147,34,2,5.88
23446,60,2,3.33
16787,21,2,9.52
19571,9,2,22.22
19251,6,2,33.33
15848,13,2,15.38
19527,19,2,10.53
18192,15,2,13.33
23530,14,2,14.29
19849,18,2,11.11
20306,30,2,6.67
13613,14,2,14.29
23358,15,2,13.33
14863,69,2,2.9
19376,25,2,8.0
27583,20,2,10.0
32094,5,2,40.0
25908,54,2,3.7
26713,26,2,7.69
34817,25,2,8.0
33804,34,2,5.88
33784,13,2,15.38
36236,17,2,11.76
36399,28,2,7.14
31330,15,2,13.33
25837,9,2,22.22
28493,58,2,3.45
35009,43,2,4.65
29191,9,2,22.22
35527,82,2,2.44
36226,13,2,15.38
28947,24,2,8.33
26315,13,2,15.38
31150,16,2,12.5
29027,7,2,28.57
29741,61,2,3.28
32851,11,2,18.18
26579,38,2,5.26
35725,37,2,5.41
27503,38,2,5.26
31684,28,2,7.14
27502,33,2,6.06
27756,7,2,28.57
27742,21,2,9.52
33830,6,2,33.33
34807,20,2,10.0
26536,20,2,10.0
35433,29,2,6.9
27109,41,2,4.88
30667,8,2,25.0
27881,45,2,4.44
30497,50,2,4.0
34240,45,2,4.44
33802,31,2,6.45
30392,44,2,4.55
25823,23,2,8.7
33710,10,2,20.0
32641,48,2,4.17
30920,67,2,2.99
29726,7,2,28.57
25552,21,2,9.52
35758,34,2,5.88
36375,48,2,4.17
28045,81,2,2.47
32754,15,2,13.33
28713,24,2,8.33
34632,44,2,4.55
30766,20,2,10.0
33957,71,2,2.82
31148,27,2,7.41
27598,12,2,16.67
31860,65,2,3.08
33496,22,2,9.09
33408,49,2,4.08
31892,24,2,8.33
27237,6,2,33.33
31041,6,2,33.33
29774,48,2,4.17
30461,59,2,3.39
31766,22,2,9.09
26906,26,2,7.69
30172,10,2,20.0
27012,21,2,9.52
27360,26,2,7.69
31709,32,2,6.25
27516,22,2,9.09
28821,14,2,14.29
36498,37,2,5.41
34840,18,2,11.11
27968,65,2,3.08
31554,55,2,3.64
27589,22,2,9.09
29423,54,2,3.7
32032,31,2,6.45
32205,20,2,10.0
26574,97,2,2.06
33910,17,2,11.76
27710,55,2,3.64
32687,14,2,14.29
32640,13,2,15.38
25474,50,2,4.0
34216,56,2,3.57
27864,27,2,7.41
34226,23,2,8.7
35111,18,2,11.11
27783,7,2,28.57
32651,4,2,50.0
36254,7,2,28.57
31337,18,2,11.11
32606,13,2,15.38
35164,6,2,33.33
28326,17,2,11.76
31156,68,2,2.94
30425,6,2,33.33
26559,28,2,7.14
35813,21,2,9.52
25368,56,2,3.57
30682,33,2,6.06
30196,15,2,13.33
27601,27,2,7.41
34080,40,2,5.0
34351,18,2,11.11
26503,30,2,6.67
35440,3,2,66.67
28549,38,2,5.26
29008,32,2,6.25
34897,55,2,3.64
30625,12,2,16.67
42834,6,2,33.33
40687,3,2,66.67
38150,19,2,10.53
38138,72,2,2.78
39696,54,2,3.7
45043,5,2,40.0
44913,41,2,4.88
44941,58,2,3.45
39400,62,2,3.23
44102,24,2,8.33
44620,40,2,5.0
44075,48,2,4.17
41963,26,2,7.69
39208,27,2,7.41
43156,59,2,3.39
37857,6,2,33.33
36659,21,2,9.52
39774,9,2,22.22
37160,2,2,100.0
39654,38,2,5.26
41162,116,2,1.72
44026,49,2,4.08
41518,13,2,15.38
40708,122,2,1.64
38663,48,2,4.17
41471,3,2,66.67
38570,12,2,16.67
42876,18,2,11.11
39011,27,2,7.41
42681,31,2,6.45
40065,16,2,12.5
37666,32,2,6.25
39711,63,2,3.17
44260,29,2,6.9
43795,11,2,18.18
40749,30,2,6.67
44080,14,2,14.29
44328,31,2,6.45
44721,40,2,5.0
41748,48,2,4.17
43333,33,2,6.06
39881,26,2,7.69
37463,52,2,3.85
43480,31,2,6.45
43515,39,2,5.13
42091,9,2,22.22
39454,132,2,1.52
42296,31,2,6.45
44172,35,2,5.71
45099,11,2,18.18
37350,46,2,4.35
42008,17,2,11.76
44862,8,2,25.0
44432,51,2,3.92
42291,4,2,50.0
40615,11,2,18.18
41194,9,2,22.22
45145,32,2,6.25
43830,14,2,14.29
41511,32,2,6.25
45201,18,2,11.11
43989,64,2,3.13
43203,24,2,8.33
39996,158,2,1.27
40906,21,2,9.52
39890,114,2,1.75
40517,79,2,2.53
44110,23,2,8.7
38167,59,2,3.39
43437,9,2,22.22
41588,19,2,10.53
39841,26,2,7.69
44249,21,2,9.52
39577,47,2,4.26
44782,49,2,4.08
43182,77,2,2.6
37416,16,2,12.5
42560,9,2,22.22
38189,97,2,2.06
41036,23,2,8.7
39380,13,2,15.38
43395,53,2,3.77
43882,41,2,4.88
40697,67,2,2.99
38090,5,2,40.0
37227,25,2,8.0
38737,17,2,11.76
41343,13,2,15.38
40285,14,2,14.29
43721,43,2,4.65
43614,10,2,20.0
38243,49,2,4.08
37873,24,2,8.33
44483,32,2,6.25
44898,26,2,7.69
42840,25,2,8.0
42214,83,2,2.41
42524,30,2,6.67
38511,83,2,2.41
41235,20,2,10.0
50792,28,2,7.14
49241,18,2,11.11
49692,27,2,7.41
51071,44,2,4.55
52275,53,2,3.77
46797,62,2,3.23
46310,11,2,18.18
53177,10,2,20.0
48592,62,2,3.23
47340,50,2,4.0
51907,55,2,3.64
45708,7,2,28.57
47029,11,2,18.18
49001,43,2,4.65
51812,42,2,4.76
49486,54,2,3.7
47956,34,2,5.88
50117,70,2,2.86
50915,39,2,5.13
50598,14,2,14.29
53306,76,2,2.63
47870,13,2,15.38
46298,123,2,1.63
46795,119,2,1.68
47941,7,2,28.57
45647,17,2,11.76
50645,7,2,28.57
48835,39,2,5.13
48052,11,2,18.18
53707,19,2,10.53
47522,9,2,22.22
45433,14,2,14.29
48641,7,2,28.57
48612,30,2,6.67
50873,8,2,25.0
46493,27,2,7.41
53217,73,2,2.74
50273,13,2,15.38
47740,51,2,3.92
46937,12,2,16.67
54067,32,2,6.25
49376,16,2,12.5
50562,6,2,33.33
47971,78,2,2.56
50877,6,2,33.33
50317,43,2,4.65
52167,8,2,25.0
51162,44,2,4.55
47672,25,2,8.0
48389,7,2,28.57
54201,18,2,11.11
48454,101,2,1.98
53113,41,2,4.88
47720,61,2,3.28
46617,28,2,7.14
48001,54,2,3.7
50772,17,2,11.76
54193,71,2,2.82
53036,130,2,1.54
47051,36,2,5.56
47817,15,2,13.33
48013,3,2,66.67
53324,30,2,6.67
51843,37,2,5.41
45760,35,2,5.71
46945,31,2,6.45
49709,21,2,9.52
47462,32,2,6.25
48977,31,2,6.45
50170,57,2,3.51
47793,40,2,5.0
49280,3,2,66.67
50520,17,2,11.76
52078,181,2,1.1
48823,32,2,6.25
53131,26,2,7.69
49080,65,2,3.08
53275,12,2,16.67
52522,15,2,13.33
46023,36,2,5.56
51953,48,2,4.17
48204,80,2,2.5
53681,16,2,12.5
53457,22,2,9.09
50559,25,2,8.0
51931,18,2,11.11
53148,144,2,1.39
54126,16,2,12.5
57513,14,2,14.29
56465,56,2,3.57
61924,21,2,9.52
62718,66,2,3.03
56264,13,2,15.38
55465,19,2,10.53
55706,9,2,22.22
61112,64,2,3.13
59193,13,2,15.38
54898,10,2,20.0
58721,43,2,4.65
59862,45,2,4.44
61297,28,2,7.14
57259,17,2,11.76
56523,11,2,18.18
56243,43,2,4.65
60101,13,2,15.38
54756,76,2,2.63
60992,12,2,16.67
59772,209,2,0.96
60154,38,2,5.26
59009,57,2,3.51
60682,37,2,5.41
59442,7,2,28.57
62933,21,2,9.52
58034,20,2,10.0
59318,98,2,2.04
58421,31,2,6.45
60370,7,2,28.57
60426,37,2,5.41
54882,6,2,33.33
56163,23,2,8.7
57040,82,2,2.44
59495,13,2,15.38
62390,27,2,7.41
54540,31,2,6.45
55201,26,2,7.69
59485,24,2,8.33
59387,11,2,18.18
57770,14,2,14.29
62046,37,2,5.41
58271,15,2,13.33
59134,23,2,8.7
57261,54,2,3.7
57250,45,2,4.44
54863,17,2,11.76
54901,73,2,2.74
58614,51,2,3.92
61922,47,2,4.26
57470,37,2,5.41
60281,5,2,40.0
56713,11,2,18.18
56027,19,2,10.53
60069,9,2,22.22
58349,15,2,13.33
59804,33,2,6.06
59895,20,2,10.0
58314,20,2,10.0
58359,7,2,28.57
56164,32,2,6.25
57811,55,2,3.64
56692,19,2,10.53
57493,6,2,33.33
57455,46,2,4.35
56336,34,2,5.88
55856,12,2,16.67
57433,2,2,100.0
58546,6,2,33.33
59909,34,2,5.88
55737,80,2,2.5
61459,25,2,8.0
56715,2,2,100.0
59509,15,2,13.33
61979,49,2,4.08
61846,21,2,9.52
55112,10,2,20.0
55148,14,2,14.29
56113,29,2,6.9
55982,64,2,3.13
60053,95,2,2.11
60740,16,2,12.5
60800,21,2,9.52
63237,12,2,16.67
61575,186,2,1.08
62984,37,2,5.41
60019,44,2,4.55
59208,51,2,3.92
56645,27,2,7.41
62177,19,2,10.53
54781,23,2,8.7
56478,53,2,3.77
55817,40,2,5.0
66277,24,2,8.33
71984,9,2,22.22
72052,34,2,5.88
71480,47,2,4.26
72793,38,2,5.26
71626,14,2,14.29
66331,15,2,13.33
67639,30,2,6.67
70797,7,2,28.57
69779,15,2,13.33
71076,44,2,4.55
64714,30,2,6.67
71892,4,2,50.0
67142,15,2,13.33
63536,36,2,5.56
68715,21,2,9.52
65878,34,2,5.88
71628,72,2,2.78
70181,12,2,16.67
68987,22,2,9.09
70764,27,2,7.41
71032,8,2,25.0
67120,19,2,10.53
64774,49,2,4.08
72542,39,2,5.13
72169,23,2,8.7
63631,21,2,9.52
73335,73,2,2.74
67774,14,2,14.29
69965,17,2,11.76
65336,27,2,7.41
73362,12,2,16.67
73404,75,2,2.67
66916,19,2,10.53
68937,23,2,8.7
69008,111,2,1.8
71005,35,2,5.71
67329,9,2,22.22
70782,51,2,3.92
66713,15,2,13.33
68704,58,2,3.45
66106,24,2,8.33
69194,20,2,10.0
70778,20,2,10.0
70377,52,2,3.85
72209,74,2,2.7
69058,32,2,6.25
70819,17,2,11.76
69550,38,2,5.26
65552,4,2,50.0
68614,41,2,4.88
65765,24,2,8.33
69496,54,2,3.7
67571,36,2,5.56
68886,11,2,18.18
69166,4,2,50.0
70207,11,2,18.18
66673,40,2,5.0
67023,51,2,3.92
64639,66,2,3.03
72049,36,2,5.56
70233,65,2,3.08
72283,18,2,11.11
63993,13,2,15.38
70621,14,2,14.29
66856,19,2,10.53
70933,29,2,6.9
69519,22,2,9.09
71644,10,2,20.0
64462,3,2,66.67
65703,75,2,2.67
71135,7,2,28.57
68425,24,2,8.33
71920,79,2,2.53
67530,55,2,3.64
73281,36,2,5.56
72302,24,2,8.33
69420,9,2,22.22
64861,12,2,16.67
66093,16,2,12.5
71868,23,2,8.7
66838,107,2,1.87
69691,12,2,16.67
72749,10,2,20.0
68120,28,2,7.14
66510,18,2,11.11
73219,30,2,6.67
64806,47,2,4.26
71878,27,2,7.41
65130,43,2,4.65
68901,15,2,13.33
73482,108,2,1.85
69952,34,2,5.88
68833,48,2,4.17
72454,49,2,4.08
78766,16,2,12.5
74799,15,2,13.33
75251,82,2,2.44
75848,52,2,3.85
73803,5,2,40.0
82216,22,2,9.09
74995,94,2,2.13
80695,15,2,13.33
78450,10,2,20.0
82467,87,2,2.3
76967,78,2,2.56
76593,4,2,50.0
83648,45,2,4.44
75434,32,2,6.25
79812,73,2,2.74
73882,26,2,7.69
79029,16,2,12.5
83910,45,2,4.44
76192,27,2,7.41
78841,16,2,12.5
83288,79,2,2.53
74461,59,2,3.39
81694,38,2,5.26
78535,12,2,16.67
76592,19,2,10.53
79363,33,2,6.06
82158,24,2,8.33
80417,43,2,4.65
76077,6,2,33.33
73977,26,2,7.69
74639,20,2,10.0
75642,45,2,4.44
75992,51,2,3.92
73759,26,2,7.69
74557,7,2,28.57
83293,22,2,9.09
74654,35,2,5.71
81844,110,2,1.82
76906,8,2,25.0
83494,29,2,6.9
76441,21,2,9.52
75183,56,2,3.57
76724,7,2,28.57
74924,20,2,10.0
80949,23,2,8.7
73850,48,2,4.17
74883,19,2,10.53
77753,50,2,4.0
79124,46,2,4.35
75709,30,2,6.67
82700,15,2,13.33
79644,16,2,12.5
81865,30,2,6.67
76614,19,2,10.53
78502,26,2,7.69
75286,8,2,25.0
80218,24,2,8.33
82859,6,2,33.33
74273,35,2,5.71
83326,10,2,20.0
75696,35,2,5.71
80762,5,2,40.0
74107,19,2,10.53
83869,28,2,7.14
78642,16,2,12.5
77541,50,2,4.0
82939,31,2,6.45
77452,19,2,10.53
80310,42,2,4.76
82619,26,2,7.69
79227,15,2,13.33
77652,30,2,6.67
75316,139,2,1.44
79036,58,2,3.45
78997,12,2,16.67
82234,6,2,33.33
80231,37,2,5.41
83721,20,2,10.0
83875,6,2,33.33
79447,24,2,8.33
78422,66,2,3.03
75537,10,2,20.0
75181,51,2,3.92
78112,6,2,33.33
78889,30,2,6.67
74106,38,2,5.26
76037,43,2,4.65
80080,117,2,1.71
75717,21,2,9.52
82811,18,2,11.11
77079,18,2,11.11
76070,86,2,2.33
79568,30,2,6.67
81339,82,2,2.44
82236,37,2,5.41
75091,20,2,10.0
75528,14,2,14.29
75604,54,2,3.7
74495,17,2,11.76
80020,72,2,2.78
75106,8,2,25.0
77152,69,2,2.9
85456,23,2,8.7
85112,40,2,5.0
85784,20,2,10.0
84833,56,2,3.57
85953,17,2,11.76
84352,29,2,6.9
92953,38,2,5.26
84456,18,2,11.11
88860,30,2,6.67
85734,24,2,8.33
86809,67,2,2.99
87225,27,2,7.41
90680,48,2,4.17
87912,21,2,9.52
87157,20,2,10.0
86503,22,2,9.09
84040,22,2,9.09
85656,7,2,28.57
85687,20,2,10.0
85653,4,2,50.0
86357,98,2,2.04
87372,44,2,4.55
92938,2,2,100.0
87958,20,2,10.0
88251,18,2,11.11
88489,19,2,10.53
85575,58,2,3.45
86894,43,2,4.65
89682,27,2,7.41
91362,5,2,40.0
91875,18,2,11.11
84597,68,2,2.94
91202,105,2,1.9
84918,4,2,50.0
86780,14,2,14.29
92672,29,2,6.9
88765,68,2,2.94
84505,82,2,2.44
90816,15,2,13.33
92461,23,2,8.7
92873,51,2,3.92
87101,14,2,14.29
89226,21,2,9.52
85049,7,2,28.57
86551,29,2,6.9
92160,40,2,5.0
86290,19,2,10.53
90578,28,2,7.14
92695,10,2,20.0
87217,41,2,4.88
88079,30,2,6.67
86178,25,2,8.0
90614,21,2,9.52
88949,4,2,50.0
90962,62,2,3.23
92565,28,2,7.14
88849,13,2,15.38
84415,148,2,1.35
89220,48,2,4.17
89553,19,2,10.53
91754,53,2,3.77
85200,33,2,6.06
88880,7,2,28.57
91254,13,2,15.38
92456,6,2,33.33
90641,30,2,6.67
91194,30,2,6.67
87930,8,2,25.0
89554,26,2,7.69
85863,37,2,5.41
84815,61,2,3.28
88281,55,2,3.64
89812,55,2,3.64
86455,18,2,11.11
89015,25,2,8.0
88982,18,2,11.11
86132,63,2,3.17
91948,44,2,4.55
92948,7,2,28.57
88761,13,2,15.38
87241,17,2,11.76
90605,55,2,3.64
84220,94,2,2.13
90455,23,2,8.7
87641,11,2,18.18
84409,54,2,3.7
91950,48,2,4.17
92792,45,2,4.44
92187,8,2,25.0
85030,10,2,20.0
84863,11,2,18.18
92395,76,2,2.63
84564,32,2,6.25
85375,16,2,12.5
87593,31,2,6.45
85236,16,2,12.5
91547,37,2,5.41
86577,9,2,22.22
89098,74,2,2.7
89549,66,2,3.03
87086,90,2,2.22
89528,18,2,11.11
86216,21,2,9.52
94950,9,2,22.22
96565,78,2,2.56
95896,57,2,3.51
96704,135,2,1.48
96419,24,2,8.33
96954,26,2,7.69
97503,48,2,4.17
96496,38,2,5.26
93999,78,2,2.56
93663,18,2,11.11
94115,33,2,6.06
95748,42,2,4.76
96937,34,2,5.88
98202,34,2,5.88
99175,81,2,2.47
100065,8,2,25.0
93536,20,2,10.0
97322,12,2,16.67
94921,45,2,4.44
98515,45,2,4.44
95872,81,2,2.47
93452,13,2,15.38
96720,47,2,4.26
93831,45,2,4.44
99036,31,2,6.45
93631,152,2,1.32
93796,32,2,6.25
99535,36,2,5.56
93345,59,2,3.39
95749,52,2,3.85
99142,25,2,8.0
99148,106,2,1.89
94579,37,2,5.41
95100,61,2,3.28
97449,40,2,5.0
99748,25,2,8.0
94356,20,2,10.0
98809,12,2,16.67
95598,40,2,5.0
98806,28,2,7.14
99578,57,2,3.51
97971,19,2,10.53
95925,12,2,16.67
96176,17,2,11.76
99512,19,2,10.53
98449,11,2,18.18
98981,100,2,2.0
99182,7,2,28.57
94358,15,2,13.33
94630,20,2,10.0
94102,95,2,2.11
95724,36,2,5.56
93125,50,2,4.0
94339,19,2,10.53
97005,83,2,2.41
99080,56,2,3.57
98337,12,2,16.67
93058,74,2,2.7
95816,25,2,8.0
99151,25,2,8.0
99220,15,2,13.33
99069,19,2,10.53
95674,18,2,11.11
93484,17,2,11.76
98634,21,2,9.52
98635,6,2,33.33
94880,19,2,10.53
99121,56,2,3.57
95785,6,2,33.33
94833,18,2,11.11
98584,21,2,9.52
93299,76,2,2.63
93865,4,2,50.0
95356,33,2,6.06
94233,34,2,5.88
98599,98,2,2.04
93163,9,2,22.22
95880,35,2,5.71
97152,59,2,3.39
97669,30,2,6.67
98047,14,2,14.29
98069,7,2,28.57
94459,18,2,11.11
96373,13,2,15.38
99648,20,2,10.0
99492,13,2,15.38
97933,27,2,7.41
97157,92,2,2.17
98798,23,2,8.7
94795,8,2,25.0
97329,21,2,9.52
97938,10,2,20.0
98508,49,2,4.08
98607,15,2,13.33
94403,34,2,5.88
95699,31,2,6.45
93456,74,2,2.7
96982,65,2,3.08
96489,12,2,16.67
98988,65,2,3.08
93489,11,2,18.18
95452,16,2,12.5
99591,32,2,6.25
93729,57,2,3.51
95861,21,2,9.52
93605,5,2,40.0
96153,48,2,4.17
101505,11,2,18.18
100972,23,2,8.7
102176,53,2,3.77
103336,9,2,22.22
101514,5,2,40.0
102606,46,2,4.35
103634,18,2,11.11
101812,31,2,6.45
103559,38,2,5.26
101789,153,2,1.31
102135,12,2,16.67
101637,85,2,2.35
101835,8,2,25.0
101262,11,2,18.18
103875,146,2,1.37
100614,16,2,12.5
103999,53,2,3.77
100777,57,2,3.51
100531,35,2,5.71
102738,13,2,15.38
103843,23,2,8.7
100384,3,2,66.67
103216,4,2,50.0
102509,53,2,3.77
104182,3,2,66.67
101424,91,2,2.2
101308,6,2,33.33
102836,17,2,11.76
104279,54,2,3.7
102112,28,2,7.14
102156,78,2,2.56
102039,30,2,6.67
101234,7,2,28.57
102595,111,2,1.8
103168,31,2,6.45
101104,8,2,25.0
103366,33,2,6.06
102350,4,2,50.0
100335,35,2,5.71
102465,61,2,3.28
102784,99,2,2.02
103613,32,2,6.25
101092,8,2,25.0
102661,26,2,7.69
100266,46,2,4.35
101160,27,2,7.41
101906,6,2,33.33
103332,14,2,14.29
104065,72,2,2.78
104300,67,2,2.99
102716,22,2,9.09
104357,18,2,11.11
103434,15,2,13.33
833,5,1,20.0
8407,14,1,7.14
5308,10,1,10.0
8501,5,1,20.0
3062,32,1,3.13
4583,10,1,10.0
9470,24,1,4.17
6237,12,1,8.33
876,19,1,5.26
1743,18,1,5.56
2797,8,1,12.5
4713,7,1,14.29
683,2,1,50.0
744,6,1,16.67
4418,8,1,12.5
7202,29,1,3.45
3152,11,1,9.09
9562,13,1,7.69
2907,21,1,4.76
5597,10,1,10.0
3445,6,1,16.67
8116,7,1,14.29
10414,9,1,11.11
10979,21,1,4.76
4229,1,1,100.0
4858,4,1,25.0
10177,2,1,50.0
11494,17,1,5.88
2526,38,1,2.63
4777,1,1,100.0
7116,15,1,6.67
6865,3,1,33.33
9547,3,1,33.33
6949,6,1,16.67
11240,1,1,100.0
11367,16,1,6.25
1398,1,1,100.0
7244,16,1,6.25
11598,8,1,12.5
12873,5,1,20.0
8306,5,1,20.0
3260,30,1,3.33
3912,1,1,100.0
4526,2,1,50.0
7197,17,1,5.88
9734,5,1,20.0
1908,3,1,33.33
2255,14,1,7.14
12639,6,1,16.67
1249,2,1,50.0
6891,60,1,1.67
12937,3,1,33.33
232,7,1,14.29
11026,11,1,9.09
5478,9,1,11.11
4642,9,1,11.11
6690,14,1,7.14
8849,7,1,14.29
9512,6,1,16.67
10281,13,1,7.69
12279,11,1,9.09
6116,6,1,16.67
12432,11,1,9.09
12513,13,1,7.69
882,7,1,14.29
1542,7,1,14.29
11616,17,1,5.88
3073,5,1,20.0
8610,3,1,33.33
12768,20,1,5.0
2603,4,1,25.0
5122,10,1,10.0
7802,19,1,5.26
2989,3,1,33.33
10187,6,1,16.67
10215,21,1,4.76
11759,2,1,50.0
7855,2,1,50.0
8562,1,1,100.0
10304,58,1,1.72
9084,10,1,10.0
10610,10,1,10.0
11142,1,1,100.0
7402,8,1,12.5
7660,23,1,4.35
925,4,1,25.0
1218,4,1,25.0
1380,7,1,14.29
3645,7,1,14.29
4993,24,1,4.17
7906,9,1,11.11
3667,12,1,8.33
5933,75,1,1.33
8666,12,1,8.33
4355,32,1,3.13
9494,2,1,50.0
10390,40,1,2.5
12593,7,1,14.29
3791,26,1,3.85
11211,1,1,100.0
5324,3,1,33.33
6328,6,1,16.67
6583,9,1,11.11
306,9,1,11.11
1355,5,1,20.0
8159,32,1,3.13
6017,3,1,33.33
12122,3,1,33.33
9650,3,1,33.33
10698,42,1,2.38
776,19,1,5.26
5147,16,1,6.25
191,19,1,5.26
8273,11,1,9.09
2072,12,1,8.33
7158,10,1,10.0
8563,8,1,12.5
12538,6,1,16.67
3039,10,1,10.0
4295,7,1,14.29
8248,3,1,33.33
13221,1,1,100.0
12688,65,1,1.54
1299,36,1,2.78
9906,3,1,33.33
3675,1,1,100.0
12050,8,1,12.5
6776,6,1,16.67
845,10,1,10.0
5171,1,1,100.0
8593,23,1,4.35
6426,24,1,4.17
13017,134,1,0.75
12525,5,1,20.0
9692,12,1,8.33
11682,27,1,3.7
1286,3,1,33.33
11665,26,1,3.85
11782,2,1,50.0
2067,11,1,9.09
5404,12,1,8.33
8267,4,1,25.0
8715,26,1,3.85
6958,4,1,25.0
10813,21,1,4.76
12763,4,1,25.0
3451,8,1,12.5
5470,3,1,33.33
8632,25,1,4.0
3254,28,1,3.57
7515,5,1,20.0
9114,2,1,50.0
12304,7,1,14.29
12487,3,1,33.33
1778,36,1,2.78
1017,5,1,20.0
4537,18,1,5.56
4983,9,1,11.11
5772,2,1,50.0
7513,1,1,100.0
7688,23,1,4.35
6354,19,1,5.26
11035,5,1,20.0
1386,2,1,50.0
11127,2,1,50.0
8598,6,1,16.67
7632,1,1,100.0
9192,3,1,33.33
173,10,1,10.0
8079,27,1,3.7
10057,1,1,100.0
3339,5,1,20.0
3443,24,1,4.17
4044,50,1,2.0
1996,19,1,5.26
2854,11,1,9.09
3292,8,1,12.5
4105,22,1,4.55
5603,30,1,3.33
10391,9,1,11.11
446,4,1,25.0
2912,12,1,8.33
11747,4,1,25.0
10619,1,1,100.0
7620,1,1,100.0
565,22,1,4.55
1594,41,1,2.44
7186,16,1,6.25
8068,4,1,25.0
3516,27,1,3.7
428,2,1,50.0
2262,15,1,6.67
8134,48,1,2.08
9473,5,1,20.0
1887,17,1,5.88
1412,9,1,11.11
6211,42,1,2.38
7535,19,1,5.26
8107,23,1,4.35
5035,16,1,6.25
5063,102,1,0.98
11534,2,1,50.0
533,1,1,100.0
8469,5,1,20.0
389,8,1,12.5
5652,7,1,14.29
4661,7,1,14.29
7099,12,1,8.33
11091,12,1,8.33
403,1,1,100.0
4224,70,1,1.43
1780,9,1,11.11
2350,7,1,14.29
4062,4,1,25.0
12434,31,1,3.23
5696,3,1,33.33
7629,1,1,100.0
9686,4,1,25.0
1502,59,1,1.69
3592,2,1,50.0
3518,7,1,14.29
5305,4,1,25.0
10620,8,1,12.5
5776,21,1,4.76
1715,1,1,100.0
10408,15,1,6.67
1320,20,1,5.0
6640,17,1,5.88
7674,6,1,16.67
2568,17,1,5.88
4370,13,1,7.69
11238,19,1,5.26
3354,1,1,100.0
3478,21,1,4.76
5378,8,1,12.5
889,6,1,16.67
3461,19,1,5.26
8369,3,1,33.33
9146,9,1,11.11
5893,2,1,50.0
8033,72,1,1.39
11681,4,1,25.0
6012,14,1,7.14
3265,8,1,12.5
5197,18,1,5.56
6973,1,1,100.0
8540,5,1,20.0
12369,4,1,25.0
4705,6,1,16.67
13043,10,1,10.0
10880,4,1,25.0
13131,2,1,50.0
12277,12,1,8.33
1289,4,1,25.0
7716,34,1,2.94
2636,6,1,16.67
3713,1,1,100.0
9200,4,1,25.0
11084,5,1,20.0
3872,1,1,100.0
5686,16,1,6.25
11360,1,1,100.0
1257,6,1,16.67
2016,8,1,12.5
7610,14,1,7.14
12217,1,1,100.0
6364,3,1,33.33
8926,11,1,9.09
3077,13,1,7.69
10661,5,1,20.0
13018,1,1,100.0
1282,11,1,9.09
457,4,1,25.0
12642,3,1,33.33
6079,2,1,50.0
6736,31,1,3.23
8553,4,1,25.0
13055,61,1,1.64
13167,12,1,8.33
12263,1,1,100.0
12403,1,1,100.0
1686,15,1,6.67
3019,27,1,3.7
5528,48,1,2.08
12209,15,1,6.67
4942,6,1,16.67
12623,20,1,5.0
5263,9,1,11.11
11173,1,1,100.0
13002,2,1,50.0
783,19,1,5.26
11044,5,1,20.0
1553,4,1,25.0
2347,17,1,5.88
5349,12,1,8.33
12588,36,1,2.78
4004,4,1,25.0
6305,6,1,16.67
9560,2,1,50.0
12016,2,1,50.0
260,1,1,100.0
2307,64,1,1.56
2474,11,1,9.09
7598,12,1,8.33
7960,9,1,11.11
12274,6,1,16.67
12826,8,1,12.5
2353,33,1,3.03
13110,3,1,33.33
116,80,1,1.25
3680,13,1,7.69
8052,6,1,16.67
12465,7,1,14.29
12866,4,1,25.0
3533,3,1,33.33
7474,9,1,11.11
3623,23,1,4.35
1563,14,1,7.14
7308,3,1,33.33
3946,7,1,14.29
4934,23,1,4.35
10695,1,1,100.0
1141,7,1,14.29
11097,50,1,2.0
2162,5,1,20.0
9398,3,1,33.33
11559,13,1,7.69
8444,11,1,9.09
12891,1,1,100.0
12984,3,1,33.33
7356,11,1,9.09
9541,4,1,25.0
5873,59,1,1.69
4146,16,1,6.25
8891,35,1,2.86
12498,9,1,11.11
3110,3,1,33.33
4628,1,1,100.0
10436,4,1,25.0
4860,7,1,14.29
8812,4,1,25.0
9112,6,1,16.67
10890,15,1,6.67
2504,19,1,5.26
1851,43,1,2.33
4659,3,1,33.33
9144,3,1,33.33
7297,1,1,100.0
3555,1,1,100.0
11218,32,1,3.13
7135,10,1,10.0
12754,23,1,4.35
7760,7,1,14.29
1719,13,1,7.69
10581,2,1,50.0
12448,28,1,3.57
4196,6,1,16.67
12756,30,1,3.33
2673,4,1,25.0
8502,6,1,16.67
9626,13,1,7.69
10566,33,1,3.03
3046,26,1,3.85
3402,38,1,2.63
6078,67,1,1.49
8054,9,1,11.11
12160,1,1,100.0
12916,11,1,9.09
15957,7,1,14.29
18024,36,1,2.78
21220,10,1,10.0
21700,22,1,4.55
16916,61,1,1.64
21121,9,1,11.11
14315,30,1,3.33
18759,2,1,50.0
14944,2,1,50.0
18614,35,1,2.86
16510,9,1,11.11
20124,10,1,10.0
14030,19,1,5.26
15558,5,1,20.0
15781,2,1,50.0
19284,54,1,1.85
14064,14,1,7.14
20298,31,1,3.23
24939,9,1,11.11
16002,29,1,3.45
16366,1,1,100.0
21164,7,1,14.29
24584,5,1,20.0
13873,8,1,12.5
20776,29,1,3.45
21068,3,1,33.33
20946,37,1,2.7
21629,33,1,3.03
14192,5,1,20.0
16000,8,1,12.5
22301,13,1,7.69
24458,17,1,5.88
18754,1,1,100.0
21191,51,1,1.96
18088,12,1,8.33
13422,10,1,10.0
15938,13,1,7.69
18050,38,1,2.63
21612,24,1,4.17
24993,5,1,20.0
24419,17,1,5.88
14370,32,1,3.13
19815,26,1,3.85
14945,18,1,5.56
17547,20,1,5.0
21723,52,1,1.92
20234,9,1,11.11
21456,12,1,8.33
23819,17,1,5.88
16561,21,1,4.76
19091,2,1,50.0
22438,7,1,14.29
18102,22,1,4.55
15638,1,1,100.0
15792,8,1,12.5
15046,10,1,10.0
17296,7,1,14.29
22317,4,1,25.0
18162,4,1,25.0
19643,14,1,7.14
22218,5,1,20.0
15508,63,1,1.59
15546,5,1,20.0
17702,15,1,6.67
20765,12,1,8.33
17135,9,1,11.11
13351,18,1,5.56
21631,3,1,33.33
22986,5,1,20.0
17276,6,1,16.67
18880,19,1,5.26
19456,17,1,5.88
22877,45,1,2.22
13428,13,1,7.69
18490,13,1,7.69
23008,9,1,11.11
23539,12,1,8.33
23768,6,1,16.67
17283,17,1,5.88
17198,16,1,6.25
24689,32,1,3.13
15074,10,1,10.0
21503,2,1,50.0
13430,4,1,25.0
15311,4,1,25.0
20057,5,1,20.0
18311,2,1,50.0
14004,4,1,25.0
21843,20,1,5.0
17246,10,1,10.0
18007,3,1,33.33
18918,33,1,3.03
19790,19,1,5.26
22345,11,1,9.09
22831,12,1,8.33
24008,3,1,33.33
16146,1,1,100.0
20532,1,1,100.0
21023,33,1,3.03
23454,3,1,33.33
20229,9,1,11.11
25103,64,1,1.56
19458,36,1,2.78
20352,23,1,4.35
22749,1,1,100.0
14716,14,1,7.14
23261,42,1,2.38
15814,11,1,9.09
23543,52,1,1.92
22268,23,1,4.35
16856,9,1,11.11
17669,3,1,33.33
17911,12,1,8.33
19402,36,1,2.78
16879,2,1,50.0
21966,25,1,4.0
19478,3,1,33.33
23802,25,1,4.0
24330,29,1,3.45
24876,9,1,11.11
17995,74,1,1.35
18001,32,1,3.13
15075,47,1,2.13
21120,28,1,3.57
16450,40,1,2.5
17850,19,1,5.26
18134,60,1,1.67
21729,10,1,10.0
13558,68,1,1.47
20040,2,1,50.0
22074,57,1,1.75
18917,1,1,100.0
19058,17,1,5.88
16085,8,1,12.5
23592,20,1,5.0
14042,15,1,6.67
21066,32,1,3.13
16277,20,1,5.0
19718,10,1,10.0
19699,85,1,1.18
18228,11,1,9.09
20488,19,1,5.26
22267,71,1,1.41
23610,9,1,11.11
25279,3,1,33.33
14747,2,1,50.0
17173,1,1,100.0
22769,1,1,100.0
21702,7,1,14.29
25357,3,1,33.33
15178,1,1,100.0
20705,10,1,10.0
24833,6,1,16.67
25118,4,1,25.0
23305,10,1,10.0
24373,1,1,100.0
13635,63,1,1.59
15078,25,1,4.0
18916,2,1,50.0
16216,2,1,50.0
16860,12,1,8.33
21873,2,1,50.0
13826,17,1,5.88
21596,39,1,2.56
23934,12,1,8.33
14807,5,1,20.0
16690,1,1,100.0
22807,21,1,4.76
23645,62,1,1.61
16750,20,1,5.0
19443,1,1,100.0
18600,5,1,20.0
19593,87,1,1.15
20321,3,1,33.33
21607,16,1,6.25
20307,7,1,14.29
19401,15,1,6.67
20007,2,1,50.0
24891,15,1,6.67
25156,4,1,25.0
21637,12,1,8.33
22289,17,1,5.88
18385,20,1,5.0
21796,28,1,3.57
15369,6,1,16.67
14442,3,1,33.33
15099,1,1,100.0
19379,59,1,1.69
24158,43,1,2.33
18807,17,1,5.88
15714,5,1,20.0
25230,14,1,7.14
15542,3,1,33.33
19673,28,1,3.57
13590,14,1,7.14
25173,12,1,8.33
13731,11,1,9.09
16210,2,1,50.0
20023,20,1,5.0
25295,23,1,4.35
17987,5,1,20.0
17063,3,1,33.33
21154,1,1,100.0
21791,13,1,7.69
24394,11,1,9.09
24403,3,1,33.33
17823,14,1,7.14
17309,17,1,5.88
24705,27,1,3.7
25224,15,1,6.67
14262,20,1,5.0
15839,4,1,25.0
16308,6,1,16.67
18010,17,1,5.88
18784,16,1,6.25
19121,9,1,11.11
14489,12,1,8.33
18658,14,1,7.14
17248,59,1,1.69
19323,11,1,9.09
17520,5,1,20.0
18426,40,1,2.5
21889,3,1,33.33
23045,18,1,5.56
16321,1,1,100.0
17826,7,1,14.29
23315,32,1,3.13
14270,3,1,33.33
18395,9,1,11.11
24665,20,1,5.0
20189,16,1,6.25
23241,3,1,33.33
15867,22,1,4.55
14755,1,1,100.0
16919,26,1,3.85
17368,2,1,50.0
23030,10,1,10.0
14224,8,1,12.5
20547,12,1,8.33
21100,34,1,2.94
13537,5,1,20.0
14953,35,1,2.86
22891,8,1,12.5
13962,30,1,3.33
14599,7,1,14.29
13550,6,1,16.67
18069,19,1,5.26
21610,14,1,7.14
13764,48,1,2.08
17695,13,1,7.69
18142,25,1,4.0
19169,9,1,11.11
23918,10,1,10.0
24777,2,1,50.0
22508,13,1,7.69
25047,8,1,12.5
13376,11,1,9.09
14727,25,1,4.0
17581,22,1,4.55
18680,8,1,12.5
13359,9,1,11.11
16945,12,1,8.33
19471,1,1,100.0
18492,25,1,4.0
17416,1,1,100.0
15787,1,1,100.0
18122,13,1,7.69
24963,1,1,100.0
18155,10,1,10.0
24131,9,1,11.11
20927,1,1,100.0
22762,22,1,4.55
24772,116,1,0.86
18207,8,1,12.5
15198,31,1,3.23
25245,51,1,1.96
23102,12,1,8.33
14759,8,1,12.5
16963,31,1,3.23
21492,31,1,3.23
17673,20,1,5.0
18159,6,1,16.67
24009,11,1,9.09
22482,1,1,100.0
16332,2,1,50.0
16815,14,1,7.14
22285,21,1,4.76
24590,10,1,10.0
16600,25,1,4.0
18961,1,1,100.0
20525,1,1,100.0
24455,1,1,100.0
18674,10,1,10.0
24723,12,1,8.33
20112,47,1,2.13
20636,14,1,7.14
24188,19,1,5.26
24605,9,1,11.11
20775,8,1,12.5
22072,4,1,25.0
22181,26,1,3.85
23056,14,1,7.14
18397,1,1,100.0
13604,23,1,4.35
14220,15,1,6.67
20925,39,1,2.56
14157,4,1,25.0
16939,14,1,7.14
16166,1,1,100.0
16392,9,1,11.11
15644,12,1,8.33
22999,14,1,7.14
23646,2,1,50.0
23163,20,1,5.0
16442,2,1,50.0
18561,1,1,100.0
21559,39,1,2.56
22411,8,1,12.5
17142,10,1,10.0
24710,19,1,5.26
14617,8,1,12.5
14528,1,1,100.0
23171,4,1,25.0
16958,14,1,7.14
18055,9,1,11.11
21345,1,1,100.0
25344,144,1,0.69
24274,9,1,11.11
25462,11,1,9.09
33717,20,1,5.0
35820,9,1,11.11
27888,2,1,50.0
29058,7,1,14.29
34569,24,1,4.17
25639,10,1,10.0
27194,6,1,16.67
34489,18,1,5.56
35094,51,1,1.96
33265,5,1,20.0
36533,15,1,6.67
32473,77,1,1.3
35348,8,1,12.5
32860,6,1,16.67
35408,31,1,3.23
28968,13,1,7.69
31846,17,1,5.88
25717,3,1,33.33
29967,3,1,33.33
34989,22,1,4.55
27636,27,1,3.7
34813,4,1,25.0
26937,3,1,33.33
30041,23,1,4.35
32482,7,1,14.29
26083,30,1,3.33
28569,8,1,12.5
25793,8,1,12.5
27253,2,1,50.0
27356,15,1,6.67
28412,6,1,16.67
35459,4,1,25.0
36380,1,1,100.0
34461,79,1,1.27
35635,1,1,100.0
36489,3,1,33.33
32189,8,1,12.5
34924,7,1,14.29
29472,17,1,5.88
29155,8,1,12.5
31596,41,1,2.44
35236,3,1,33.33
26343,9,1,11.11
35029,35,1,2.86
30272,31,1,3.23
30339,49,1,2.04
30516,18,1,5.56
28999,12,1,8.33
35601,1,1,100.0
29847,9,1,11.11
33333,21,1,4.76
33835,1,1,100.0
35908,15,1,6.67
29788,15,1,6.67
35052,2,1,50.0
35462,8,1,12.5
26497,26,1,3.85
33889,37,1,2.7
33918,26,1,3.85
35610,2,1,50.0
33794,19,1,5.26
30923,5,1,20.0
28130,39,1,2.56
31422,11,1,9.09
33560,9,1,11.11
26129,16,1,6.25
27746,19,1,5.26
30862,8,1,12.5
33640,3,1,33.33
35138,6,1,16.67
34772,1,1,100.0
33059,5,1,20.0
30653,4,1,25.0
36372,4,1,25.0
36401,7,1,14.29
25497,1,1,100.0
31525,11,1,9.09
34046,10,1,10.0
34217,4,1,25.0
35909,9,1,11.11
36333,4,1,25.0
31808,22,1,4.55
31934,9,1,11.11
33329,11,1,9.09
27490,2,1,50.0
35672,72,1,1.39
36420,6,1,16.67
26112,1,1,100.0
27406,11,1,9.09
33317,25,1,4.0
35053,12,1,8.33
28198,3,1,33.33
32225,13,1,7.69
28582,3,1,33.33
29235,20,1,5.0
31486,19,1,5.26
25594,7,1,14.29
28527,9,1,11.11
35172,1,1,100.0
36374,2,1,50.0
34333,12,1,8.33
36442,3,1,33.33
30066,51,1,1.96
30287,13,1,7.69
26566,1,1,100.0
31830,109,1,0.92
34298,2,1,50.0
27819,10,1,10.0
31286,6,1,16.67
27146,11,1,9.09
30436,8,1,12.5
33714,6,1,16.67
27660,18,1,5.56
33985,60,1,1.67
35171,26,1,3.85
30599,18,1,5.56
34200,6,1,16.67
29870,6,1,16.67
30329,2,1,50.0
32993,4,1,25.0
33704,22,1,4.55
35059,3,1,33.33
26424,85,1,1.18
26771,10,1,10.0
26942,3,1,33.33
30180,11,1,9.09
31152,20,1,5.0
32360,3,1,33.33
32637,48,1,2.08
28221,12,1,8.33
29339,19,1,5.26
25643,5,1,20.0
27222,29,1,3.45
32627,22,1,4.55
34528,2,1,50.0
25425,18,1,5.56
27759,2,1,50.0
28825,10,1,10.0
33029,4,1,25.0
35104,12,1,8.33
27576,9,1,11.11
28436,8,1,12.5
36501,22,1,4.55
30024,2,1,50.0
33101,6,1,16.67
34618,13,1,7.69
26029,14,1,7.14
27170,27,1,3.7
30374,33,1,3.03
31163,1,1,100.0
27755,5,1,20.0
29805,26,1,3.85
30362,2,1,50.0
36410,4,1,25.0
26039,32,1,3.13
29116,24,1,4.17
33732,7,1,14.29
28769,13,1,7.69
33328,30,1,3.33
26033,18,1,5.56
30453,18,1,5.56
31797,19,1,5.26
31336,16,1,6.25
33644,69,1,1.45
25611,23,1,4.35
31001,13,1,7.69
25775,9,1,11.11
26026,20,1,5.0
31110,48,1,2.08
34861,13,1,7.69
28614,53,1,1.89
29327,9,1,11.11
29296,20,1,5.0
29572,3,1,33.33
33235,20,1,5.0
26154,26,1,3.85
28909,6,1,16.67
31661,7,1,14.29
35548,10,1,10.0
32953,12,1,8.33
29378,22,1,4.55
29931,36,1,2.78
34390,3,1,33.33
36007,38,1,2.63
29048,10,1,10.0
32747,15,1,6.67
27863,29,1,3.45
33932,3,1,33.33
30158,82,1,1.22
30258,13,1,7.69
30466,1,1,100.0
32211,1,1,100.0
33338,9,1,11.11
26952,10,1,10.0
35651,4,1,25.0
27029,15,1,6.67
27289,12,1,8.33
27056,20,1,5.0
27951,28,1,3.57
28777,7,1,14.29
31842,6,1,16.67
30770,3,1,33.33
32172,60,1,1.67
32568,5,1,20.0
34773,73,1,1.37
26538,1,1,100.0
25640,31,1,3.23
25788,4,1,25.0
31318,18,1,5.56
27288,8,1,12.5
31911,13,1,7.69
32153,1,1,100.0
36490,33,1,3.03
25447,50,1,2.0
26467,3,1,33.33
28319,6,1,16.67
34395,25,1,4.0
29236,9,1,11.11
31705,12,1,8.33
35666,4,1,25.0
25398,10,1,10.0
33435,9,1,11.11
33792,5,1,20.0
26987,5,1,20.0
30324,2,1,50.0
28508,2,1,50.0
35919,47,1,2.13
33473,24,1,4.17
26963,6,1,16.67
33396,47,1,2.13
33865,4,1,25.0
27711,21,1,4.76
33198,37,1,2.7
31584,3,1,33.33
33416,21,1,4.76
34856,3,1,33.33
27817,9,1,11.11
28851,1,1,100.0
35333,25,1,4.0
25940,45,1,2.22
32746,8,1,12.5
33208,12,1,8.33
29091,2,1,50.0
34380,25,1,4.0
26316,10,1,10.0
27155,11,1,9.09
34371,85,1,1.18
33106,5,1,20.0
33832,30,1,3.33
35064,21,1,4.76
25403,4,1,25.0
30633,31,1,3.23
26153,2,1,50.0
28647,17,1,5.88
30747,14,1,7.14
34354,15,1,6.67
25830,35,1,2.86
30499,2,1,50.0
33633,6,1,16.67
26653,19,1,5.26
31524,1,1,100.0
35938,1,1,100.0
29859,8,1,12.5
32059,3,1,33.33
33269,11,1,9.09
26795,7,1,14.29
29740,6,1,16.67
31926,21,1,4.76
27040,25,1,4.0
28278,3,1,33.33
29221,12,1,8.33
29532,35,1,2.86
29767,19,1,5.26
31970,3,1,33.33
25700,2,1,50.0
27201,3,1,33.33
30768,36,1,2.78
32753,11,1,9.09
32966,57,1,1.75
36486,31,1,3.23
26880,6,1,16.67
28755,55,1,1.82
26482,3,1,33.33
32665,2,1,50.0
36320,11,1,9.09
34472,11,1,9.09
35095,1,1,100.0
29509,16,1,6.25
31676,3,1,33.33
36050,29,1,3.45
33218,14,1,7.14
32114,22,1,4.55
27669,15,1,6.67
31771,27,1,3.7
27188,59,1,1.69
27982,35,1,2.86
29283,6,1,16.67
27590,24,1,4.17
26246,10,1,10.0
36532,1,1,100.0
35463,48,1,2.08
30505,23,1,4.35
36071,1,1,100.0
29010,26,1,3.85
29804,20,1,5.0
30724,49,1,2.04
32070,32,1,3.13
33046,3,1,33.33
33755,9,1,11.11
35760,1,1,100.0
26314,4,1,25.0
27216,34,1,2.94
31069,5,1,20.0
25371,2,1,50.0
34359,12,1,8.33
28104,1,1,100.0
32927,12,1,8.33
27824,11,1,9.09
26114,1,1,100.0
28826,1,1,100.0
34538,2,1,50.0
28662,25,1,4.0
26021,8,1,12.5
27175,5,1,20.0
31243,9,1,11.11
30574,3,1,33.33
35695,13,1,7.69
28330,13,1,7.69
36207,11,1,9.09
32935,18,1,5.56
30587,39,1,2.56
33888,3,1,33.33
29506,30,1,3.33
35617,12,1,8.33
26208,7,1,14.29
32479,21,1,4.76
30429,10,1,10.0
36141,20,1,5.0
33423,10,1,10.0
34646,93,1,1.08
35570,3,1,33.33
29537,20,1,5.0
35103,32,1,3.13
29201,17,1,5.88
30778,5,1,20.0
36193,68,1,1.47
26800,47,1,2.13
27469,2,1,50.0
25939,2,1,50.0
27282,37,1,2.7
34597,2,1,50.0
26639,1,1,100.0
27248,19,1,5.26
32371,19,1,5.26
40332,59,1,1.69
43690,12,1,8.33
44141,22,1,4.55
42926,33,1,3.03
43307,20,1,5.0
44776,1,1,100.0
42545,44,1,2.27
42735,9,1,11.11
43409,6,1,16.67
36946,15,1,6.67
39310,13,1,7.69
39621,28,1,3.57
39951,10,1,10.0
41185,8,1,12.5
43140,8,1,12.5
43419,38,1,2.63
36725,3,1,33.33
37633,2,1,50.0
38257,25,1,4.0
43474,30,1,3.33
43953,81,1,1.23
42017,4,1,25.0
42824,38,1,2.63
40423,9,1,11.11
36898,4,1,25.0
40707,6,1,16.67
42671,49,1,2.04
43239,22,1,4.55
38341,44,1,2.27
38673,12,1,8.33
38121,26,1,3.85
39407,5,1,20.0
40820,8,1,12.5
45287,1,1,100.0
39646,3,1,33.33
39137,4,1,25.0
42916,7,1,14.29
44074,4,1,25.0
41083,27,1,3.7
36802,36,1,2.78
36716,3,1,33.33
38022,12,1,8.33
38353,27,1,3.7
42005,15,1,6.67
42318,39,1,2.56
37738,14,1,7.14
38342,6,1,16.67
43591,9,1,11.11
42080,14,1,7.14
44299,89,1,1.12
36661,67,1,1.49
38853,12,1,8.33
42256,4,1,25.0
45200,14,1,7.14
38401,14,1,7.14
40573,5,1,20.0
37077,1,1,100.0
42868,34,1,2.94
44090,7,1,14.29
43095,13,1,7.69
42757,12,1,8.33
37349,29,1,3.45
38937,19,1,5.26
44566,8,1,12.5
37710,4,1,25.0
38345,36,1,2.78
43769,5,1,20.0
38509,2,1,50.0
39449,13,1,7.69
41670,12,1,8.33
44155,62,1,1.61
37301,10,1,10.0
37648,28,1,3.57
38635,3,1,33.33
41579,25,1,4.0
44682,20,1,5.0
38539,17,1,5.88
41895,19,1,5.26
44055,41,1,2.44
39082,6,1,16.67
43465,35,1,2.86
41796,19,1,5.26
45095,40,1,2.5
41074,11,1,9.09
37143,7,1,14.29
37289,7,1,14.29
42063,5,1,20.0
38286,10,1,10.0
42152,14,1,7.14
37492,14,1,7.14
38994,2,1,50.0
39346,3,1,33.33
43740,2,1,50.0
41385,16,1,6.25
40034,37,1,2.7
38646,2,1,50.0
44077,12,1,8.33
39795,2,1,50.0
39651,23,1,4.35
40545,23,1,4.35
41291,1,1,100.0
44063,21,1,4.76
40402,15,1,6.67
41873,16,1,6.25
42457,10,1,10.0
43623,134,1,0.75
41607,14,1,7.14
44214,21,1,4.76
37652,6,1,16.67
38963,9,1,11.11
36830,4,1,25.0
40318,2,1,50.0
42641,10,1,10.0
43944,4,1,25.0
39897,6,1,16.67
44866,12,1,8.33
42470,30,1,3.33
44755,10,1,10.0
41830,1,1,100.0
42053,62,1,1.61
43793,18,1,5.56
41622,10,1,10.0
41570,7,1,14.29
38248,101,1,0.99
41314,14,1,7.14
42071,17,1,5.88
44864,10,1,10.0
37317,29,1,3.45
37291,4,1,25.0
40281,5,1,20.0
38884,8,1,12.5
42250,5,1,20.0
43526,28,1,3.57
38203,26,1,3.85
39165,6,1,16.67
41421,21,1,4.76
42694,3,1,33.33
44479,1,1,100.0
39349,24,1,4.17
44921,1,1,100.0
38408,8,1,12.5
39397,24,1,4.17
40047,1,1,100.0
44125,4,1,25.0
39288,8,1,12.5
40429,15,1,6.67
41628,16,1,6.25
44221,2,1,50.0
36692,10,1,10.0
43470,11,1,9.09
41658,4,1,25.0
37819,1,1,100.0
39849,26,1,3.85
39939,21,1,4.76
41438,30,1,3.33
43663,23,1,4.35
45166,2,1,50.0
37027,14,1,7.14
41034,9,1,11.11
44797,25,1,4.0
39853,15,1,6.67
41711,1,1,100.0
38577,53,1,1.89
40297,1,1,100.0
43827,20,1,5.0
44457,12,1,8.33
37758,40,1,2.5
43216,46,1,2.17
39343,61,1,1.64
43807,24,1,4.17
39712,75,1,1.33
43790,11,1,9.09
44677,8,1,12.5
44788,19,1,5.26
39134,14,1,7.14
44540,17,1,5.88
44264,5,1,20.0
45034,18,1,5.56
40982,22,1,4.55
43063,4,1,25.0
45295,35,1,2.86
39535,10,1,10.0
38603,7,1,14.29
38662,10,1,10.0
42126,3,1,33.33
44963,2,1,50.0
38317,8,1,12.5
41578,16,1,6.25
38100,14,1,7.14
39332,20,1,5.0
37769,6,1,16.67
43017,20,1,5.0
37573,21,1,4.76
42025,22,1,4.55
44562,1,1,100.0
39944,7,1,14.29
40524,10,1,10.0
38396,46,1,2.17
40842,63,1,1.59
40611,6,1,16.67
42629,27,1,3.7
43011,1,1,100.0
38814,39,1,2.56
42728,9,1,11.11
43235,1,1,100.0
44257,8,1,12.5
38869,7,1,14.29
38188,11,1,9.09
42195,36,1,2.78
37569,15,1,6.67
37035,26,1,3.85
42973,5,1,20.0
38747,3,1,33.33
44841,12,1,8.33
43500,3,1,33.33
43681,15,1,6.67
37570,1,1,100.0
37112,2,1,50.0
37958,4,1,25.0
39649,2,1,50.0
40481,9,1,11.11
41186,3,1,33.33
39591,20,1,5.0
41543,11,1,9.09
42199,12,1,8.33
43477,9,1,11.11
43652,13,1,7.69
43677,31,1,3.23
36962,16,1,6.25
38043,20,1,5.0
39770,9,1,11.11
39845,2,1,50.0
41174,9,1,11.11
43672,12,1,8.33
43110,38,1,2.63
44402,21,1,4.76
41455,4,1,25.0
37707,6,1,16.67
38778,1,1,100.0
43745,1,1,100.0
36581,6,1,16.67
36713,13,1,7.69
38256,4,1,25.0
41691,1,1,100.0
39514,5,1,20.0
44245,37,1,2.7
38787,34,1,2.94
40049,8,1,12.5
42203,29,1,3.45
43368,50,1,2.0
41107,16,1,6.25
38200,9,1,11.11
38701,1,1,100.0
41920,3,1,33.33
38538,7,1,14.29
39995,5,1,20.0
41727,24,1,4.17
43301,3,1,33.33
42839,3,1,33.33
41405,1,1,100.0
42831,25,1,4.0
36702,8,1,12.5
39580,2,1,50.0
38107,11,1,9.09
43097,15,1,6.67
44793,8,1,12.5
39502,3,1,33.33
37206,28,1,3.57
41802,12,1,8.33
45180,9,1,11.11
45307,7,1,14.29
46818,18,1,5.56
50090,11,1,9.09
50343,25,1,4.0
52100,4,1,25.0
47766,2,1,50.0
48623,17,1,5.88
51455,15,1,6.67
47744,51,1,1.96
49329,1,1,100.0
48530,11,1,9.09
53642,19,1,5.26
54125,8,1,12.5
52794,11,1,9.09
46076,11,1,9.09
48549,45,1,2.22
50624,15,1,6.67
51501,10,1,10.0
46886,8,1,12.5
46238,25,1,4.0
50034,3,1,33.33
53479,45,1,2.22
51075,2,1,50.0
53242,86,1,1.16
53969,3,1,33.33
46629,69,1,1.45
47179,28,1,3.57
48460,47,1,2.13
47414,2,1,50.0
47452,12,1,8.33
50229,10,1,10.0
53458,55,1,1.82
45635,23,1,4.35
51181,7,1,14.29
51590,6,1,16.67
53417,25,1,4.0
47186,25,1,4.0
53209,20,1,5.0
46582,16,1,6.25
49461,26,1,3.85
50077,7,1,14.29
50101,10,1,10.0
51163,4,1,25.0
47848,40,1,2.5
50462,3,1,33.33
49777,41,1,2.44
46677,15,1,6.67
52899,2,1,50.0
53224,5,1,20.0
54205,9,1,11.11
53877,11,1,9.09
47773,8,1,12.5
47239,3,1,33.33
50808,9,1,11.11
45740,2,1,50.0
46425,12,1,8.33
51651,18,1,5.56
52786,49,1,2.04
51980,10,1,10.0
49148,40,1,2.5
53989,7,1,14.29
45737,4,1,25.0
46806,8,1,12.5
47405,8,1,12.5
54461,1,1,100.0
48257,21,1,4.76
48652,34,1,2.94
51316,11,1,9.09
52910,3,1,33.33
47833,10,1,10.0
51926,1,1,100.0
52927,10,1,10.0
49016,3,1,33.33
49529,30,1,3.33
51566,40,1,2.5
46628,101,1,0.99
45405,2,1,50.0
47947,9,1,11.11
54138,28,1,3.57
46145,3,1,33.33
47153,7,1,14.29
45977,7,1,14.29
46228,15,1,6.67
47345,12,1,8.33
50445,3,1,33.33
48048,39,1,2.56
45363,26,1,3.85
47413,8,1,12.5
53067,1,1,100.0
47224,25,1,4.0
48756,6,1,16.67
46670,48,1,2.08
49091,54,1,1.85
49436,30,1,3.33
54443,26,1,3.85
47665,34,1,2.94
50742,20,1,5.0
50759,7,1,14.29
49787,35,1,2.86
53612,19,1,5.26
45734,67,1,1.49
46043,39,1,2.56
52580,6,1,16.67
50345,7,1,14.29
48493,1,1,100.0
45917,2,1,50.0
50727,18,1,5.56
52968,3,1,33.33
54085,23,1,4.35
49111,20,1,5.0
50174,11,1,9.09
51545,4,1,25.0
51807,18,1,5.56
53225,8,1,12.5
47928,28,1,3.57
51296,1,1,100.0
52461,28,1,3.57
49581,1,1,100.0
45422,7,1,14.29
47913,1,1,100.0
50556,6,1,16.67
51295,27,1,3.7
53843,3,1,33.33
50722,1,1,100.0
45602,48,1,2.08
53235,10,1,10.0
49495,15,1,6.67
46188,5,1,20.0
52269,11,1,9.09
53180,27,1,3.7
54073,6,1,16.67
45411,21,1,4.76
46903,3,1,33.33
48425,61,1,1.64
50697,2,1,50.0
51698,13,1,7.69
53396,9,1,11.11
49706,8,1,12.5
49806,4,1,25.0
50480,1,1,100.0
50304,2,1,50.0
47654,45,1,2.22
50321,31,1,3.23
51745,32,1,3.13
48661,9,1,11.11
46417,8,1,12.5
46619,11,1,9.09
49591,13,1,7.69
53570,1,1,100.0
49353,16,1,6.25
53061,5,1,20.0
53026,10,1,10.0
46673,4,1,25.0
47572,31,1,3.23
49513,3,1,33.33
48436,1,1,100.0
53004,19,1,5.26
53001,12,1,8.33
47937,9,1,11.11
53868,4,1,25.0
53727,16,1,6.25
50224,42,1,2.38
52770,25,1,4.0
46612,9,1,11.11
48754,10,1,10.0
54260,10,1,10.0
47882,1,1,100.0
48359,45,1,2.22
48749,8,1,12.5
49770,1,1,100.0
49031,21,1,4.76
46975,38,1,2.63
50070,3,1,33.33
50848,28,1,3.57
51665,7,1,14.29
53935,2,1,50.0
51967,1,1,100.0
45723,17,1,5.88
50361,7,1,14.29
49147,1,1,100.0
50776,9,1,11.11
46892,9,1,11.11
49342,5,1,20.0
45997,3,1,33.33
48939,18,1,5.56
49494,16,1,6.25
46227,9,1,11.11
52493,19,1,5.26
48627,62,1,1.61
51842,54,1,1.85
52022,28,1,3.57
51114,41,1,2.44
51422,39,1,2.56
52531,36,1,2.78
53994,1,1,100.0
50594,20,1,5.0
52678,14,1,7.14
48533,2,1,50.0
51267,12,1,8.33
48061,10,1,10.0
47147,33,1,3.03
52693,12,1,8.33
46872,23,1,4.35
47065,7,1,14.29
48760,3,1,33.33
50705,15,1,6.67
51896,12,1,8.33
50017,20,1,5.0
51686,13,1,7.69
52633,14,1,7.14
54113,1,1,100.0
51040,1,1,100.0
53050,1,1,100.0
50148,21,1,4.76
45727,1,1,100.0
46564,3,1,33.33
46873,35,1,2.86
49625,26,1,3.85
51577,15,1,6.67
49560,8,1,12.5
49853,30,1,3.33
46768,16,1,6.25
50914,9,1,11.11
51303,8,1,12.5
49916,9,1,11.11
48783,1,1,100.0
50989,25,1,4.0
52774,1,1,100.0
52516,24,1,4.17
46924,16,1,6.25
46763,16,1,6.25
53818,3,1,33.33
46914,1,1,100.0
48582,8,1,12.5
45351,75,1,1.33
47820,3,1,33.33
46140,1,1,100.0
47114,5,1,20.0
48434,18,1,5.56
47297,24,1,4.17
50853,10,1,10.0
46537,1,1,100.0
49525,21,1,4.76
45751,24,1,4.17
50495,31,1,3.23
50851,46,1,2.17
46831,44,1,2.27
49651,8,1,12.5
50861,12,1,8.33
51968,11,1,9.09
52631,2,1,50.0
45342,30,1,3.33
54463,45,1,2.22
49588,10,1,10.0
47966,32,1,3.13
51427,1,1,100.0
47408,15,1,6.67
47775,14,1,7.14
47004,17,1,5.88
48130,30,1,3.33
48367,11,1,9.09
50837,1,1,100.0
52105,6,1,16.67
50213,2,1,50.0
45988,18,1,5.56
48205,9,1,11.11
49794,2,1,50.0
46904,24,1,4.17
48193,13,1,7.69
46229,10,1,10.0
51323,2,1,50.0
49290,69,1,1.45
50418,34,1,2.94
51832,38,1,2.63
52971,25,1,4.0
49255,19,1,5.26
51043,2,1,50.0
53652,26,1,3.85
53669,16,1,6.25
49229,23,1,4.35
53366,11,1,9.09
53540,9,1,11.11
45344,7,1,14.29
45733,6,1,16.67
53259,42,1,2.38
53856,10,1,10.0
46709,6,1,16.67
46025,7,1,14.29
46424,2,1,50.0
51700,20,1,5.0
52660,4,1,25.0
54301,8,1,12.5
48010,4,1,25.0
51170,35,1,2.86
45608,13,1,7.69
47269,13,1,7.69
50479,1,1,100.0
48304,21,1,4.76
56987,9,1,11.11
59990,18,1,5.56
61682,35,1,2.86
62458,10,1,10.0
59194,14,1,7.14
60656,2,1,50.0
58878,35,1,2.86
61477,13,1,7.69
58869,3,1,33.33
55049,55,1,1.82
61224,21,1,4.76
57919,7,1,14.29
56813,17,1,5.88
58752,23,1,4.35
62836,33,1,3.03
62328,6,1,16.67
62791,11,1,9.09
55509,4,1,25.0
56678,1,1,100.0
60231,3,1,33.33
60244,46,1,2.17
56766,2,1,50.0
57988,5,1,20.0
59351,6,1,16.67
62813,23,1,4.35
59084,9,1,11.11
58243,6,1,16.67
56177,1,1,100.0
61683,3,1,33.33
59337,13,1,7.69
62814,9,1,11.11
61758,16,1,6.25
57181,3,1,33.33
59570,24,1,4.17
54966,22,1,4.55
57505,29,1,3.45
59603,14,1,7.14
61003,1,1,100.0
63027,26,1,3.85
58955,1,1,100.0
59357,40,1,2.5
63037,6,1,16.67
56198,42,1,2.38
60576,23,1,4.35
60805,20,1,5.0
55858,7,1,14.29
54739,6,1,16.67
57795,3,1,33.33
62938,73,1,1.37
55345,7,1,14.29
55461,6,1,16.67
62565,16,1,6.25
58859,6,1,16.67
56273,7,1,14.29
61487,71,1,1.41
54678,6,1,16.67
58487,15,1,6.67
60089,30,1,3.33
63080,13,1,7.69
57123,11,1,9.09
61072,16,1,6.25
63114,1,1,100.0
62539,40,1,2.5
60741,1,1,100.0
62819,21,1,4.76
61579,88,1,1.14
54709,24,1,4.17
59154,4,1,25.0
56819,23,1,4.35
57996,14,1,7.14
55214,32,1,3.13
63284,14,1,7.14
54640,17,1,5.88
55233,24,1,4.17
58209,6,1,16.67
59828,9,1,11.11
62421,3,1,33.33
62972,2,1,50.0
56169,12,1,8.33
57948,12,1,8.33
54680,43,1,2.33
62746,22,1,4.55
57655,19,1,5.26
58688,16,1,6.25
56936,2,1,50.0
60564,23,1,4.35
54745,23,1,4.35
59364,3,1,33.33
62821,8,1,12.5
63069,7,1,14.29
56376,14,1,7.14
56883,5,1,20.0
58617,37,1,2.7
55127,18,1,5.56
58584,5,1,20.0
61709,5,1,20.0
61778,8,1,12.5
58083,8,1,12.5
59741,6,1,16.67
58460,6,1,16.67
61878,23,1,4.35
56871,7,1,14.29
57727,1,1,100.0
58251,15,1,6.67
59160,12,1,8.33
61616,1,1,100.0
57228,5,1,20.0
55945,9,1,11.11
56663,23,1,4.35
58384,2,1,50.0
55990,19,1,5.26
60556,6,1,16.67
61529,7,1,14.29
63272,4,1,25.0
55937,13,1,7.69
56618,1,1,100.0
56841,15,1,6.67
56599,1,1,100.0
57809,13,1,7.69
57612,15,1,6.67
58518,21,1,4.76
62033,1,1,100.0
55305,72,1,1.39
63048,5,1,20.0
54750,3,1,33.33
58898,8,1,12.5
55335,5,1,20.0
58425,17,1,5.88
58558,11,1,9.09
60184,35,1,2.86
54855,25,1,4.0
55336,1,1,100.0
57553,51,1,1.96
58157,8,1,12.5
57583,8,1,12.5
56857,10,1,10.0
61512,15,1,6.67
61973,7,1,14.29
59249,28,1,3.57
61263,18,1,5.56
55188,2,1,50.0
56792,4,1,25.0
55199,12,1,8.33
57663,2,1,50.0
59514,6,1,16.67
63189,32,1,3.13
60438,13,1,7.69
61021,20,1,5.0
56497,3,1,33.33
57032,12,1,8.33
57496,4,1,25.0
61998,3,1,33.33
57024,2,1,50.0
57730,19,1,5.26
59670,7,1,14.29
54753,5,1,20.0
54945,8,1,12.5
56946,16,1,6.25
57537,5,1,20.0
58340,20,1,5.0
62187,25,1,4.0
55968,9,1,11.11
59158,11,1,9.09
58303,3,1,33.33
58699,42,1,2.38
60849,1,1,100.0
61322,5,1,20.0
55038,1,1,100.0
62529,24,1,4.17
55633,3,1,33.33
62804,81,1,1.23
55769,51,1,1.96
57447,3,1,33.33
59242,23,1,4.35
57248,14,1,7.14
55304,88,1,1.14
60196,7,1,14.29
60251,23,1,4.35
59704,3,1,33.33
62513,5,1,20.0
57364,10,1,10.0
55056,6,1,16.67
61489,8,1,12.5
58059,1,1,100.0
59953,1,1,100.0
57458,20,1,5.0
60519,18,1,5.56
55543,41,1,2.44
55771,21,1,4.76
57507,6,1,16.67
60316,16,1,6.25
61098,1,1,100.0
55711,10,1,10.0
56321,2,1,50.0
58511,23,1,4.35
60699,3,1,33.33
55004,1,1,100.0
61857,18,1,5.56
57198,7,1,14.29
58828,5,1,20.0
59656,5,1,20.0
61542,6,1,16.67
57904,10,1,10.0
55872,10,1,10.0
56858,8,1,12.5
57336,13,1,7.69
61372,36,1,2.78
61426,34,1,2.94
58684,53,1,1.89
54615,15,1,6.67
61085,19,1,5.26
54904,7,1,14.29
58763,11,1,9.09
59079,4,1,25.0
59164,6,1,16.67
60433,8,1,12.5
62182,7,1,14.29
62198,19,1,5.26
59105,6,1,16.67
62483,5,1,20.0
62492,2,1,50.0
56053,12,1,8.33
57137,8,1,12.5
55169,7,1,14.29
55691,5,1,20.0
57667,50,1,2.0
56418,3,1,33.33
56696,6,1,16.67
58692,3,1,33.33
62785,39,1,2.56
63015,5,1,20.0
58697,9,1,11.11
60516,2,1,50.0
60589,6,1,16.67
57376,13,1,7.69
59614,7,1,14.29
60705,5,1,20.0
55483,5,1,20.0
59920,4,1,25.0
55358,15,1,6.67
55922,42,1,2.38
57439,3,1,33.33
57532,9,1,11.11
61498,14,1,7.14
57214,28,1,3.57
58383,14,1,7.14
62756,10,1,10.0
55244,2,1,50.0
54572,1,1,100.0
57207,2,1,50.0
60857,6,1,16.67
60145,5,1,20.0
61921,4,1,25.0
62981,4,1,25.0
62108,15,1,6.67
59644,4,1,25.0
56083,23,1,4.35
56548,12,1,8.33
60820,4,1,25.0
55301,26,1,3.85
59731,35,1,2.86
55494,25,1,4.0
54527,82,1,1.22
55082,6,1,16.67
56137,42,1,2.38
56534,10,1,10.0
58131,13,1,7.69
54467,2,1,50.0
57094,18,1,5.56
57080,91,1,1.1
58943,3,1,33.33
61670,16,1,6.25
57911,48,1,2.08
62960,33,1,3.03
58578,13,1,7.69
63084,1,1,100.0
54975,12,1,8.33
55182,31,1,3.23
58464,26,1,3.85
61776,17,1,5.88
59648,32,1,3.13
60946,58,1,1.72
62649,5,1,20.0
55751,2,1,50.0
58417,10,1,10.0
59293,6,1,16.67
57605,7,1,14.29
59377,7,1,14.29
58588,12,1,8.33
61525,6,1,16.67
57657,35,1,2.86
54861,6,1,16.67
57345,2,1,50.0
55980,6,1,16.67
56111,1,1,100.0
59126,7,1,14.29
54829,8,1,12.5
57030,19,1,5.26
60541,27,1,3.7
56193,72,1,1.39
60035,7,1,14.29
61349,2,1,50.0
63325,14,1,7.14
65478,16,1,6.25
66166,2,1,50.0
68485,21,1,4.76
71821,7,1,14.29
68064,53,1,1.89
70803,58,1,1.72
65321,2,1,50.0
72132,12,1,8.33
65169,19,1,5.26
69564,8,1,12.5
65604,5,1,20.0
71374,65,1,1.54
67911,2,1,50.0
72630,1,1,100.0
66297,112,1,0.89
72075,31,1,3.23
64768,3,1,33.33
65821,2,1,50.0
67994,21,1,4.76
66854,13,1,7.69
71469,13,1,7.69
66123,5,1,20.0
71404,60,1,1.67
71531,13,1,7.69
66121,76,1,1.32
63509,56,1,1.79
70078,55,1,1.82
67212,43,1,2.33
67382,6,1,16.67
70281,6,1,16.67
72637,6,1,16.67
66262,9,1,11.11
67340,5,1,20.0
72282,17,1,5.88
64778,34,1,2.94
66819,16,1,6.25
64280,13,1,7.69
63766,16,1,6.25
64932,5,1,20.0
67961,38,1,2.63
73190,10,1,10.0
66892,20,1,5.0
63917,7,1,14.29
69355,18,1,5.56
70203,20,1,5.0
63816,40,1,2.5
66607,20,1,5.0
68612,24,1,4.17
70327,29,1,3.45
72629,1,1,100.0
63539,39,1,2.56
66884,21,1,4.76
68007,1,1,100.0
69077,20,1,5.0
70632,3,1,33.33
72829,12,1,8.33
66957,2,1,50.0
70636,21,1,4.76
63813,14,1,7.14
69347,25,1,4.0
70749,62,1,1.61
72652,42,1,2.38
67648,40,1,2.5
71411,59,1,1.69
73059,3,1,33.33
66910,6,1,16.67
73028,22,1,4.55
68869,5,1,20.0
66089,1,1,100.0
68789,4,1,25.0
68830,2,1,50.0
69937,8,1,12.5
63420,28,1,3.57
63718,3,1,33.33
64864,17,1,5.88
70105,5,1,20.0
63971,9,1,11.11
66547,1,1,100.0
71602,6,1,16.67
63339,44,1,2.27
64176,2,1,50.0
66976,11,1,9.09
70446,36,1,2.78
71530,6,1,16.67
65329,7,1,14.29
69537,8,1,12.5
69263,17,1,5.88
72104,88,1,1.14
72299,8,1,12.5
66995,5,1,20.0
66754,28,1,3.57
66514,14,1,7.14
71006,5,1,20.0
65841,13,1,7.69
67725,7,1,14.29
68647,9,1,11.11
65942,30,1,3.33
65853,1,1,100.0
67339,27,1,3.7
67513,4,1,25.0
71635,24,1,4.17
67449,2,1,50.0
68950,23,1,4.35
71378,10,1,10.0
73493,13,1,7.69
72518,1,1,100.0
68239,4,1,25.0
71319,8,1,12.5
73355,8,1,12.5
63734,3,1,33.33
68823,13,1,7.69
67022,6,1,16.67
69789,11,1,9.09
72300,12,1,8.33
65571,26,1,3.85
70547,4,1,25.0
65191,7,1,14.29
69350,15,1,6.67
68235,13,1,7.69
69581,31,1,3.23
71321,4,1,25.0
72272,21,1,4.76
70202,4,1,25.0
71772,11,1,9.09
73132,2,1,50.0
65125,5,1,20.0
66027,34,1,2.94
65938,8,1,12.5
67415,9,1,11.11
68333,15,1,6.67
66146,31,1,3.23
68487,10,1,10.0
71219,4,1,25.0
64319,292,1,0.34
70452,10,1,10.0
63599,80,1,1.25
65340,14,1,7.14
71500,11,1,9.09
67830,9,1,11.11
71838,5,1,20.0
72987,6,1,16.67
65786,37,1,2.7
68933,3,1,33.33
70960,6,1,16.67
64384,4,1,25.0
64732,41,1,2.44
67881,90,1,1.11
68046,63,1,1.59
65319,7,1,14.29
71247,13,1,7.69
73523,5,1,20.0
68065,8,1,12.5
71589,11,1,9.09
66804,15,1,6.67
72309,1,1,100.0
67740,2,1,50.0
71154,6,1,16.67
63454,7,1,14.29
71044,1,1,100.0
71770,9,1,11.11
72141,6,1,16.67
73232,16,1,6.25
67184,1,1,100.0
64626,14,1,7.14
67584,28,1,3.57
68311,12,1,8.33
65015,14,1,7.14
69559,19,1,5.26
70970,16,1,6.25
70929,1,1,100.0
69219,33,1,3.03
70518,2,1,50.0
64997,5,1,20.0
66796,10,1,10.0
69697,19,1,5.26
67608,24,1,4.17
63911,45,1,2.22
67200,12,1,8.33
72092,3,1,33.33
72228,12,1,8.33
73208,4,1,25.0
63698,16,1,6.25
66213,9,1,11.11
69857,4,1,25.0
70773,5,1,20.0
72126,39,1,2.56
69293,8,1,12.5
70448,5,1,20.0
64343,2,1,50.0
64591,4,1,25.0
66583,11,1,9.09
72237,2,1,50.0
67299,12,1,8.33
66974,3,1,33.33
63475,2,1,50.0
66628,16,1,6.25
67693,10,1,10.0
68408,11,1,9.09
64441,11,1,9.09
68477,33,1,3.03
69530,9,1,11.11
67147,13,1,7.69
65526,1,1,100.0
68581,11,1,9.09
69139,32,1,3.13
70589,20,1,5.0
72648,25,1,4.0
73451,1,1,100.0
67773,5,1,20.0
71227,7,1,14.29
71293,14,1,7.14
71904,1,1,100.0
72665,46,1,2.17
69011,27,1,3.7
67481,3,1,33.33
72196,11,1,9.09
63409,19,1,5.26
65254,2,1,50.0
66479,21,1,4.76
65444,16,1,6.25
65890,13,1,7.69
70760,4,1,25.0
71335,12,1,8.33
64050,17,1,5.88
73160,15,1,6.67
64820,3,1,33.33
73081,4,1,25.0
73484,17,1,5.88
69756,4,1,25.0
71938,25,1,4.0
64611,3,1,33.33
71845,4,1,25.0
65124,13,1,7.69
69699,13,1,7.69
73062,25,1,4.0
64302,15,1,6.67
70564,18,1,5.56
72933,2,1,50.0
71432,1,1,100.0
73271,3,1,33.33
68458,21,1,4.76
65747,20,1,5.0
66945,27,1,3.7
69804,13,1,7.69
72305,3,1,33.33
64080,10,1,10.0
65246,15,1,6.67
64157,37,1,2.7
65548,42,1,2.38
68595,10,1,10.0
70087,11,1,9.09
70317,7,1,14.29
72409,9,1,11.11
72976,4,1,25.0
64002,1,1,100.0
64278,16,1,6.25
67418,8,1,12.5
71595,18,1,5.56
66765,11,1,9.09
64149,15,1,6.67
64775,8,1,12.5
68949,7,1,14.29
69260,29,1,3.45
68545,6,1,16.67
66281,14,1,7.14
66721,17,1,5.88
67363,9,1,11.11
66416,1,1,100.0
70502,27,1,3.7
67238,4,1,25.0
65250,30,1,3.33
69445,7,1,14.29
72731,13,1,7.69
66640,10,1,10.0
72208,4,1,25.0
72354,29,1,3.45
67643,1,1,100.0
69682,4,1,25.0
73527,7,1,14.29
67365,20,1,5.0
72460,9,1,11.11
67539,12,1,8.33
68770,11,1,9.09
71513,6,1,16.67
73406,10,1,10.0
64929,9,1,11.11
64930,71,1,1.41
63523,3,1,33.33
68566,2,1,50.0
69926,9,1,11.11
65756,10,1,10.0
65434,103,1,0.97
70968,26,1,3.85
64364,46,1,2.17
66013,2,1,50.0
66522,7,1,14.29
70396,1,1,100.0
63374,59,1,1.69
64444,30,1,3.33
65924,1,1,100.0
70785,8,1,12.5
72780,101,1,0.99
69513,30,1,3.33
65468,5,1,20.0
69171,6,1,16.67
65222,28,1,3.57
69619,26,1,3.85
70943,2,1,50.0
72082,3,1,33.33
64418,20,1,5.0
68222,26,1,3.85
72668,5,1,20.0
68627,10,1,10.0
69438,10,1,10.0
74775,35,1,2.86
74904,36,1,2.78
75294,9,1,11.11
81410,4,1,25.0
83693,1,1,100.0
77352,6,1,16.67
78925,14,1,7.14
81465,37,1,2.7
80669,34,1,2.94
82049,2,1,50.0
83325,12,1,8.33
83346,3,1,33.33
82935,2,1,50.0
73560,9,1,11.11
77695,12,1,8.33
78993,21,1,4.76
79662,13,1,7.69
81443,21,1,4.76
77714,127,1,0.79
79257,5,1,20.0
81672,15,1,6.67
74110,33,1,3.03
77496,11,1,9.09
77943,1,1,100.0
79918,4,1,25.0
74588,12,1,8.33
80538,5,1,20.0
82177,8,1,12.5
82251,4,1,25.0
75278,10,1,10.0
79206,21,1,4.76
78403,10,1,10.0
79003,31,1,3.23
82206,35,1,2.86
76549,5,1,20.0
74051,3,1,33.33
74422,6,1,16.67
79944,28,1,3.57
76840,3,1,33.33
77634,6,1,16.67
82707,14,1,7.14
75162,6,1,16.67
78719,11,1,9.09
76172,9,1,11.11
80090,10,1,10.0
79011,7,1,14.29
80191,12,1,8.33
73870,6,1,16.67
80356,3,1,33.33
82036,11,1,9.09
76937,7,1,14.29
78093,24,1,4.17
77291,2,1,50.0
79174,32,1,3.13
82486,1,1,100.0
77423,4,1,25.0
81277,58,1,1.72
74113,3,1,33.33
76221,36,1,2.78
80056,28,1,3.57
77067,8,1,12.5
79312,19,1,5.26
82923,30,1,3.33
74274,6,1,16.67
76625,16,1,6.25
82508,25,1,4.0
83408,2,1,50.0
76718,24,1,4.17
81654,15,1,6.67
74587,33,1,3.03
74931,6,1,16.67
77261,5,1,20.0
78331,20,1,5.0
83072,3,1,33.33
82329,11,1,9.09
82649,12,1,8.33
77322,9,1,11.11
79702,17,1,5.88
74600,3,1,33.33
75244,16,1,6.25
74278,6,1,16.67
74764,43,1,2.33
76399,24,1,4.17
78068,3,1,33.33
73570,2,1,50.0
74739,9,1,11.11
77337,24,1,4.17
78788,4,1,25.0
81817,4,1,25.0
78132,23,1,4.35
79987,7,1,14.29
82812,88,1,1.14
74787,5,1,20.0
79958,27,1,3.7
76093,9,1,11.11
77384,29,1,3.45
83261,17,1,5.88
78353,10,1,10.0
81850,10,1,10.0
82071,14,1,7.14
81624,40,1,2.5
78703,10,1,10.0
82937,4,1,25.0
76072,8,1,12.5
76514,11,1,9.09
79303,15,1,6.67
83465,29,1,3.45
80807,21,1,4.76
75291,10,1,10.0
76014,14,1,7.14
73717,33,1,3.03
77295,8,1,12.5
82849,2,1,50.0
73628,12,1,8.33
76877,16,1,6.25
83164,7,1,14.29
83936,5,1,20.0
75418,4,1,25.0
78803,15,1,6.67
79751,1,1,100.0
83400,21,1,4.76
75658,22,1,4.55
77657,5,1,20.0
82721,47,1,2.13
79449,2,1,50.0
81250,24,1,4.17
82250,2,1,50.0
78179,9,1,11.11
78878,4,1,25.0
83061,8,1,12.5
75041,15,1,6.67
76666,5,1,20.0
77921,5,1,20.0
82824,6,1,16.67
74572,36,1,2.78
83629,21,1,4.76
74205,5,1,20.0
75015,36,1,2.78
78234,33,1,3.03
78832,32,1,3.13
78086,2,1,50.0
81308,1,1,100.0
74232,1,1,100.0
76652,37,1,2.7
76722,6,1,16.67
79870,16,1,6.25
83691,4,1,25.0
73630,13,1,7.69
79180,6,1,16.67
83952,21,1,4.76
73654,32,1,3.13
80552,3,1,33.33
82522,33,1,3.03
83109,30,1,3.33
77531,14,1,7.14
80826,17,1,5.88
82642,34,1,2.94
80928,24,1,4.17
83870,15,1,6.67
74125,12,1,8.33
74506,4,1,25.0
83337,19,1,5.26
79481,4,1,25.0
74404,21,1,4.76
82877,8,1,12.5
79584,45,1,2.22
73758,2,1,50.0
77444,2,1,50.0
80674,11,1,9.09
76712,3,1,33.33
79369,3,1,33.33
81615,2,1,50.0
82300,5,1,20.0
82311,2,1,50.0
74042,5,1,20.0
76224,25,1,4.0
76807,1,1,100.0
81392,3,1,33.33
75527,2,1,50.0
74148,12,1,8.33
75152,8,1,12.5
83866,7,1,14.29
75097,15,1,6.67
74083,5,1,20.0
83100,21,1,4.76
83193,18,1,5.56
80312,16,1,6.25
73998,8,1,12.5
80903,1,1,100.0
83685,2,1,50.0
73591,25,1,4.0
79492,22,1,4.55
81914,33,1,3.03
83300,33,1,3.03
74558,12,1,8.33
74155,3,1,33.33
77281,4,1,25.0
79235,46,1,2.17
75381,7,1,14.29
78471,34,1,2.94
74585,1,1,100.0
75012,28,1,3.57
83916,6,1,16.67
78573,10,1,10.0
75314,3,1,33.33
76901,16,1,6.25
74417,19,1,5.26
76945,24,1,4.17
83420,3,1,33.33
77068,9,1,11.11
78861,30,1,3.33
77970,10,1,10.0
82487,46,1,2.17
74678,23,1,4.35
74895,18,1,5.56
78541,8,1,12.5
83909,10,1,10.0
73711,2,1,50.0
73943,7,1,14.29
73848,26,1,3.85
76668,17,1,5.88
81371,8,1,12.5
76035,15,1,6.67
82987,30,1,3.33
82728,24,1,4.17
74504,5,1,20.0
76646,21,1,4.76
80661,11,1,9.09
74524,6,1,16.67
82092,8,1,12.5
83486,38,1,2.63
78226,40,1,2.5
81126,4,1,25.0
81819,6,1,16.67
73658,17,1,5.88
73718,46,1,2.17
79513,1,1,100.0
79636,7,1,14.29
74973,2,1,50.0
76528,19,1,5.26
82174,16,1,6.25
74088,18,1,5.56
78624,7,1,14.29
81334,12,1,8.33
78291,16,1,6.25
82297,29,1,3.45
83266,17,1,5.88
79372,12,1,8.33
73712,31,1,3.23
74751,9,1,11.11
81473,43,1,2.33
81747,20,1,5.0
77392,9,1,11.11
82365,51,1,1.96
79618,2,1,50.0
83043,25,1,4.0
76730,17,1,5.88
78090,3,1,33.33
76580,5,1,20.0
81506,3,1,33.33
80466,3,1,33.33
80637,21,1,4.76
82263,32,1,3.13
75210,48,1,2.08
73937,6,1,16.67
78613,1,1,100.0
78845,2,1,50.0
78994,12,1,8.33
81904,44,1,2.27
83953,3,1,33.33
74743,59,1,1.69
76357,2,1,50.0
74516,1,1,100.0
77712,13,1,7.69
78723,14,1,7.14
80177,9,1,11.11
82527,5,1,20.0
78248,4,1,25.0
80324,5,1,20.0
78104,34,1,2.94
78587,14,1,7.14
74074,6,1,16.67
74667,18,1,5.56
76574,5,1,20.0
74313,10,1,10.0
83812,3,1,33.33
77829,29,1,3.45
83147,6,1,16.67
83563,10,1,10.0
76039,103,1,0.97
82095,77,1,1.3
74387,14,1,7.14
74580,63,1,1.59
81718,1,1,100.0
75942,20,1,5.0
79713,39,1,2.56
82786,8,1,12.5
81714,27,1,3.7
83677,2,1,50.0
78236,20,1,5.0
74791,2,1,50.0
81108,6,1,16.67
74666,1,1,100.0
75913,4,1,25.0
82702,2,1,50.0
79746,11,1,9.09
83576,41,1,2.44
79155,23,1,4.35
78965,9,1,11.11
80646,32,1,3.13
82217,29,1,3.45
83646,63,1,1.59
73934,17,1,5.88
79569,23,1,4.35
75192,2,1,50.0
82820,4,1,25.0
80602,7,1,14.29
83755,24,1,4.17
76159,19,1,5.26
82905,6,1,16.67
85749,7,1,14.29
87616,7,1,14.29
84445,8,1,12.5
91473,48,1,2.08
87219,1,1,100.0
87224,56,1,1.79
87849,25,1,4.0
92852,12,1,8.33
90712,4,1,25.0
91389,22,1,4.55
88719,22,1,4.55
90611,10,1,10.0
85888,6,1,16.67
88393,7,1,14.29
84858,1,1,100.0
85719,10,1,10.0
84460,9,1,11.11
92919,3,1,33.33
84472,8,1,12.5
90072,10,1,10.0
91963,33,1,3.03
87595,5,1,20.0
89937,13,1,7.69
92947,12,1,8.33
91688,14,1,7.14
92195,2,1,50.0
88611,9,1,11.11
84027,2,1,50.0
86860,28,1,3.57
87221,13,1,7.69
89467,3,1,33.33
92917,10,1,10.0
91368,45,1,2.22
92045,7,1,14.29
88148,11,1,9.09
85153,8,1,12.5
90918,4,1,25.0
91717,53,1,1.89
88923,4,1,25.0
89459,18,1,5.56
92627,1,1,100.0
91196,32,1,3.13
85544,61,1,1.64
84084,17,1,5.88
85636,3,1,33.33
88226,11,1,9.09
86051,30,1,3.33
92556,24,1,4.17
86003,22,1,4.55
88152,12,1,8.33
92614,59,1,1.69
86727,5,1,20.0
88513,70,1,1.43
92704,33,1,3.03
88752,63,1,1.59
84504,8,1,12.5
91165,15,1,6.67
92551,3,1,33.33
86152,24,1,4.17
92781,6,1,16.67
85318,8,1,12.5
91539,32,1,3.13
84894,75,1,1.33
84609,2,1,50.0
90788,25,1,4.0
85181,11,1,9.09
85700,17,1,5.88
88288,22,1,4.55
92197,6,1,16.67
88475,2,1,50.0
86457,12,1,8.33
90999,3,1,33.33
91620,3,1,33.33
87757,6,1,16.67
89423,18,1,5.56
85278,15,1,6.67
91046,3,1,33.33
91390,2,1,50.0
92804,21,1,4.76
92267,5,1,20.0
85304,12,1,8.33
84908,14,1,7.14
86647,4,1,25.0
88730,11,1,9.09
89473,1,1,100.0
84136,18,1,5.56
89470,8,1,12.5
90420,11,1,9.09
92692,41,1,2.44
84541,4,1,25.0
88805,6,1,16.67
90006,3,1,33.33
90710,60,1,1.67
84364,14,1,7.14
92498,1,1,100.0
92535,7,1,14.29
92093,10,1,10.0
89450,4,1,25.0
87703,32,1,3.13
85376,2,1,50.0
90344,7,1,14.29
86661,2,1,50.0
87875,13,1,7.69
88578,41,1,2.44
92193,17,1,5.88
87296,5,1,20.0
87783,3,1,33.33
92121,25,1,4.0
88123,11,1,9.09
88734,5,1,20.0
87447,6,1,16.67
85887,33,1,3.03
84448,16,1,6.25
84690,3,1,33.33
87659,19,1,5.26
87746,14,1,7.14
89158,34,1,2.94
91287,2,1,50.0
92463,12,1,8.33
84820,10,1,10.0
90842,4,1,25.0
85407,3,1,33.33
87836,6,1,16.67
91949,3,1,33.33
87561,7,1,14.29
89275,11,1,9.09
92508,5,1,20.0
91683,3,1,33.33
87911,6,1,16.67
90199,35,1,2.86
91859,2,1,50.0
87738,6,1,16.67
90288,6,1,16.67
90494,8,1,12.5
91748,13,1,7.69
84223,14,1,7.14
91867,57,1,1.75
86538,9,1,11.11
84717,29,1,3.45
84255,2,1,50.0
91586,4,1,25.0
87768,4,1,25.0
87786,11,1,9.09
90131,14,1,7.14
90832,2,1,50.0
88506,9,1,11.11
90705,20,1,5.0
87407,16,1,6.25
92894,26,1,3.85
84942,25,1,4.0
88979,9,1,11.11
91956,16,1,6.25
88963,9,1,11.11
89270,30,1,3.33
88085,21,1,4.76
89485,75,1,1.33
85108,12,1,8.33
90981,58,1,1.72
86579,6,1,16.67
90262,2,1,50.0
91766,30,1,3.33
92754,3,1,33.33
85958,18,1,5.56
84721,3,1,33.33
85222,24,1,4.17
87806,7,1,14.29
91615,18,1,5.56
92102,12,1,8.33
86666,14,1,7.14
90521,20,1,5.0
88117,40,1,2.5
92549,3,1,33.33
92580,17,1,5.88
87454,2,1,50.0
91053,18,1,5.56
86043,17,1,5.88
87832,32,1,3.13
84054,3,1,33.33
86165,4,1,25.0
89245,2,1,50.0
86639,2,1,50.0
88536,5,1,20.0
92157,26,1,3.85
85229,25,1,4.0
84378,1,1,100.0
90533,3,1,33.33
91439,26,1,3.85
86869,34,1,2.94
87391,25,1,4.0
87743,14,1,7.14
84875,20,1,5.0
86094,18,1,5.56
88245,1,1,100.0
90913,18,1,5.56
92075,14,1,7.14
92468,10,1,10.0
90373,4,1,25.0
89306,44,1,2.27
91317,1,1,100.0
92950,36,1,2.78
87002,1,1,100.0
86108,21,1,4.76
88651,23,1,4.35
86938,3,1,33.33
90532,1,1,100.0
84792,3,1,33.33
88035,28,1,3.57
92147,20,1,5.0
88172,20,1,5.0
89481,2,1,50.0
91331,22,1,4.55
85769,1,1,100.0
88446,96,1,1.04
88058,23,1,4.35
90251,2,1,50.0
89836,27,1,3.7
84369,46,1,2.17
87640,7,1,14.29
91598,12,1,8.33
90685,6,1,16.67
90805,1,1,100.0
91939,3,1,33.33
89744,5,1,20.0
92391,9,1,11.11
84474,2,1,50.0
86466,2,1,50.0
87643,2,1,50.0
91341,5,1,20.0
91262,10,1,10.0
85817,1,1,100.0
87842,13,1,7.69
91184,82,1,1.22
86846,3,1,33.33
89140,5,1,20.0
91268,35,1,2.86
91627,7,1,14.29
91060,5,1,20.0
85537,4,1,25.0
85480,4,1,25.0
84659,13,1,7.69
91853,8,1,12.5
91244,32,1,3.13
92359,6,1,16.67
84901,1,1,100.0
85872,5,1,20.0
87188,29,1,3.45
90885,11,1,9.09
86285,10,1,10.0
91636,36,1,2.78
92419,32,1,3.13
85195,18,1,5.56
88467,15,1,6.67
89857,20,1,5.0
94265,62,1,1.61
97413,7,1,14.29
99168,26,1,3.85
99817,2,1,50.0
93240,48,1,2.08
94967,1,1,100.0
94109,4,1,25.0
95586,10,1,10.0
97509,20,1,5.0
99034,13,1,7.69
96620,7,1,14.29
93471,6,1,16.67
97178,5,1,20.0
98706,4,1,25.0
100122,9,1,11.11
95022,6,1,16.67
97299,51,1,1.96
96463,22,1,4.55
99023,4,1,25.0
94112,24,1,4.17
98207,2,1,50.0
93364,98,1,1.02
95891,55,1,1.82
94525,20,1,5.0
94847,6,1,16.67
95148,32,1,3.13
95182,6,1,16.67
95450,31,1,3.23
99491,13,1,7.69
94266,48,1,2.08
94941,59,1,1.69
96829,2,1,50.0
97211,12,1,8.33
93128,32,1,3.13
98582,12,1,8.33
98087,7,1,14.29
99807,23,1,4.35
97073,29,1,3.45
94168,2,1,50.0
94506,11,1,9.09
97174,4,1,25.0
95764,13,1,7.69
97505,11,1,9.09
93425,9,1,11.11
95222,17,1,5.88
96033,8,1,12.5
99481,23,1,4.35
96037,2,1,50.0
96998,7,1,14.29
96296,47,1,2.13
96362,5,1,20.0
94434,28,1,3.57
97257,7,1,14.29
98182,9,1,11.11
99911,33,1,3.03
94411,38,1,2.63
97060,6,1,16.67
93894,14,1,7.14
95855,8,1,12.5
96437,3,1,33.33
98845,14,1,7.14
95305,14,1,7.14
95618,9,1,11.11
94165,35,1,2.86
93982,4,1,25.0
95554,17,1,5.88
98256,1,1,100.0
93043,1,1,100.0
96710,2,1,50.0
94232,12,1,8.33
96359,60,1,1.67
96439,36,1,2.78
97361,21,1,4.76
98691,42,1,2.38
94245,38,1,2.63
95164,55,1,1.82
95352,88,1,1.14
99498,45,1,2.22
99901,73,1,1.37
97552,35,1,2.86
98918,3,1,33.33
95750,22,1,4.55
99205,18,1,5.56
99292,55,1,1.82
99362,19,1,5.26
95611,81,1,1.23
99773,34,1,2.94
95196,7,1,14.29
96795,10,1,10.0
96578,38,1,2.63
100033,10,1,10.0
98992,68,1,1.47
99103,4,1,25.0
99001,66,1,1.52
95242,14,1,7.14
97425,19,1,5.26
93116,30,1,3.33
94661,4,1,25.0
98410,49,1,2.04
93676,12,1,8.33
97072,2,1,50.0
96791,15,1,6.67
96550,32,1,3.13
98325,12,1,8.33
98700,12,1,8.33
95817,2,1,50.0
96897,4,1,25.0
97704,11,1,9.09
99581,3,1,33.33
95559,11,1,9.09
95248,3,1,33.33
94600,8,1,12.5
93346,27,1,3.7
94205,4,1,25.0
95137,19,1,5.26
96911,8,1,12.5
97054,4,1,25.0
96389,7,1,14.29
98150,45,1,2.22
99163,33,1,3.03
96668,44,1,2.27
96750,16,1,6.25
93086,43,1,2.33
95051,24,1,4.17
97698,51,1,1.96
100038,11,1,9.09
95536,4,1,25.0
97860,7,1,14.29
96622,13,1,7.69
96364,7,1,14.29
99577,29,1,3.45
95125,14,1,7.14
94328,12,1,8.33
97855,1,1,100.0
94566,3,1,33.33
95482,1,1,100.0
93578,4,1,25.0
98114,12,1,8.33
98665,64,1,1.56
95886,29,1,3.45
94647,8,1,12.5
93207,6,1,16.67
98598,14,1,7.14
95070,35,1,2.86
95690,5,1,20.0
98985,20,1,5.0
99619,139,1,0.72
93309,3,1,33.33
96151,5,1,20.0
94627,4,1,25.0
99062,51,1,1.96
93934,8,1,12.5
94150,274,1,0.36
96240,18,1,5.56
95331,7,1,14.29
95837,8,1,12.5
96804,28,1,3.57
94838,6,1,16.67
96443,3,1,33.33
97134,25,1,4.0
99390,12,1,8.33
96805,56,1,1.79
98743,6,1,16.67
96823,14,1,7.14
94194,23,1,4.35
94386,32,1,3.13
99728,19,1,5.26
94336,28,1,3.57
98653,1,1,100.0
95583,1,1,100.0
96034,12,1,8.33
95757,14,1,7.14
97087,2,1,50.0
99289,5,1,20.0
95897,39,1,2.56
95535,12,1,8.33
94029,27,1,3.7
94273,35,1,2.86
94419,6,1,16.67
99256,41,1,2.44
94553,2,1,50.0
97735,29,1,3.45
98694,2,1,50.0
98869,16,1,6.25
99704,8,1,12.5
99020,19,1,5.26
95265,9,1,11.11
98785,16,1,6.25
99990,7,1,14.29
94056,1,1,100.0
97160,34,1,2.94
98455,51,1,1.96
96360,45,1,2.22
96350,30,1,3.33
94992,2,1,50.0
97603,45,1,2.22
99666,17,1,5.88
93122,12,1,8.33
95269,123,1,0.81
94570,8,1,12.5
98412,2,1,50.0
94392,2,1,50.0
99219,10,1,10.0
97936,2,1,50.0
99936,18,1,5.56
94785,5,1,20.0
95746,5,1,20.0
97808,8,1,12.5
96438,38,1,2.63
97389,4,1,25.0
93035,22,1,4.55
93481,24,1,4.17
93692,17,1,5.88
96894,6,1,16.67
97242,9,1,11.11
93197,4,1,25.0
93913,3,1,33.33
94915,4,1,25.0
97029,6,1,16.67
93048,1,1,100.0
94649,13,1,7.69
96997,19,1,5.26
98282,2,1,50.0
92962,1,1,100.0
94300,9,1,11.11
98265,4,1,25.0
94533,17,1,5.88
95470,52,1,1.92
96292,8,1,12.5
101740,32,1,3.13
100950,10,1,10.0
104226,11,1,9.09
104040,17,1,5.88
104205,20,1,5.0
103014,18,1,5.56
102096,4,1,25.0
103389,8,1,12.5
100149,7,1,14.29
102253,4,1,25.0
103517,43,1,2.33
101273,8,1,12.5
101207,14,1,7.14
103945,8,1,12.5
103696,45,1,2.22
103520,4,1,25.0
104359,11,1,9.09
102204,8,1,12.5
100714,2,1,50.0
102861,22,1,4.55
100900,30,1,3.33
101628,9,1,11.11
101844,4,1,25.0
103829,2,1,50.0
102652,2,1,50.0
104319,2,1,50.0
101409,4,1,25.0
102870,3,1,33.33
102518,43,1,2.33
102340,29,1,3.45
102707,66,1,1.52
101942,7,1,14.29
100385,21,1,4.76
101456,5,1,20.0
101491,2,1,50.0
101777,3,1,33.33
102488,25,1,4.0
104398,1,1,100.0
103321,2,1,50.0
101260,4,1,25.0
102757,8,1,12.5
101615,20,1,5.0
102441,29,1,3.45
101435,11,1,9.09
100309,35,1,2.86
101346,2,1,50.0
102657,2,1,50.0
104111,1,1,100.0
100686,35,1,2.86
101013,13,1,7.69
102989,36,1,2.78
100911,14,1,7.14
101288,36,1,2.78
104043,11,1,9.09
104266,4,1,25.0
101849,12,1,8.33
103917,9,1,11.11
100892,17,1,5.88
104374,36,1,2.78
103071,11,1,9.09
103188,4,1,25.0
102845,28,1,3.57
102877,26,1,3.85
100289,65,1,1.54
102206,15,1,6.67
101084,7,1,14.29
102564,22,1,4.55
100814,84,1,1.19
101371,14,1,7.14
102850,5,1,20.0
101327,2,1,50.0
102014,3,1,33.33
102116,1,1,100.0
102200,5,1,20.0
102887,75,1,1.33
103352,12,1,8.33
101187,16,1,6.25
102924,23,1,4.35
100164,2,1,50.0
103822,14,1,7.14
103935,5,1,20.0
101929,5,1,20.0
100331,1,1,100.0
100840,42,1,2.38
102844,54,1,1.85
101437,11,1,9.09
102121,1,1,100.0
101286,17,1,5.88
102795,5,1,20.0
101778,16,1,6.25
102426,3,1,33.33
102808,2,1,50.0
104076,2,1,50.0
101498,42,1,2.38
103906,8,1,12.5
101323,4,1,25.0
101868,9,1,11.11
102503,20,1,5.0
102165,38,1,2.63
103348,4,1,25.0
104382,12,1,8.33
101023,4,1,25.0
104381,17,1,5.88
100655,4,1,25.0
102945,3,1,33.33
101369,8,1,12.5
101524,2,1,50.0
100468,2,1,50.0
101590,24,1,4.17
103105,16,1,6.25
103127,6,1,16.67
102464,2,1,50.0
100964,29,1,3.45
100719,7,1,14.29
101396,6,1,16.67
100155,2,1,50.0
103504,10,1,10.0
100766,13,1,7.69
101876,1,1,100.0
101470,21,1,4.76
100242,15,1,6.67
102478,17,1,5.88
102013,103,1,0.97
101099,1,1,100.0
103998,3,1,33.33
103939,17,1,5.88
100249,11,1,9.09
104219,4,1,25.0
100299,5,1,20.0
100628,13,1,7.69
101753,33,1,3.03
104363,61,1,1.64
103068,6,1,16.67
100693,6,1,16.67
101611,38,1,2.63
100725,13,1,7.69
101425,18,1,5.56
102880,3,1,33.33
100969,27,1,3.7
101660,4,1,25.0
102781,5,1,20.0
101629,9,1,11.11
103654,3,1,33.33
100636,31,1,3.23
101947,10,1,10.0
101294,1,1,100.0
104314,61,1,1.64
103965,12,1,8.33
101450,14,1,7.14
101241,5,1,20.0
102387,1,1,100.0
104256,3,1,33.33
100590,2,1,50.0
101695,18,1,5.56
100183,40,1,2.5
102755,44,1,2.27
100828,15,1,6.67
102959,23,1,4.35
102857,4,1,25.0
103828,49,1,2.04
1580,1,0,0.0
2142,20,0,0.0
2366,1,0,0.0
4818,1,0,0.0
5803,1,0,0.0
6336,1,0,0.0
6466,1,0,0.0
6620,10,0,0.0
7340,13,0,0.0
8592,3,0,0.0
9376,2,0,0.0
10362,1,0,0.0
11033,1,0,0.0
12799,3,0,0.0
623,15,0,0.0
1127,2,0,0.0
1395,12,0,0.0
1522,3,0,0.0
2387,7,0,0.0
2580,2,0,0.0
2811,22,0,0.0
4158,3,0,0.0
4161,1,0,0.0
6773,8,0,0.0
10081,5,0,0.0
10703,18,0,0.0
11500,10,0,0.0
12715,1,0,0.0
1322,2,0,0.0
1339,4,0,0.0
1903,1,0,0.0
3213,1,0,0.0
3488,3,0,0.0
5287,30,0,0.0
7387,1,0,0.0
8257,22,0,0.0
8924,6,0,0.0
11393,1,0,0.0
12393,1,0,0.0
13060,1,0,0.0
85,5,0,0.0
137,1,0,0.0
1265,2,0,0.0
2231,1,0,0.0
2259,1,0,0.0
2748,1,0,0.0
3089,5,0,0.0
3098,5,0,0.0
3876,2,0,0.0
4186,2,0,0.0
4684,3,0,0.0
5074,3,0,0.0
8911,1,0,0.0
10745,1,0,0.0
12292,1,0,0.0
13188,1,0,0.0
458,2,0,0.0
1223,3,0,0.0
1977,1,0,0.0
2622,1,0,0.0
2656,3,0,0.0
2833,4,0,0.0
5513,1,0,0.0
5695,8,0,0.0
7152,8,0,0.0
7576,9,0,0.0
8577,6,0,0.0
9153,1,0,0.0
9775,1,0,0.0
10527,1,0,0.0
10567,1,0,0.0
11352,1,0,0.0
11482,4,0,0.0
2802,1,0,0.0
5527,1,0,0.0
5847,1,0,0.0
5995,1,0,0.0
6396,1,0,0.0
10257,2,0,0.0
10597,1,0,0.0
10786,7,0,0.0
11243,7,0,0.0
1787,1,0,0.0
2542,8,0,0.0
3691,1,0,0.0
4291,1,0,0.0
8450,2,0,0.0
8640,5,0,0.0
9338,1,0,0.0
9475,1,0,0.0
11014,1,0,0.0
11487,51,0,0.0
322,1,0,0.0
2396,2,0,0.0
3577,2,0,0.0
3657,7,0,0.0
5920,1,0,0.0
6142,30,0,0.0
6911,9,0,0.0
8231,2,0,0.0
8845,1,0,0.0
10183,1,0,0.0
10443,1,0,0.0
10530,4,0,0.0
11024,3,0,0.0
633,2,0,0.0
673,37,0,0.0
961,1,0,0.0
2564,1,0,0.0
2625,1,0,0.0
4259,1,0,0.0
4512,4,0,0.0
5251,2,0,0.0
5543,1,0,0.0
5934,1,0,0.0
6108,1,0,0.0
6145,1,0,0.0
7131,6,0,0.0
7169,1,0,0.0
8085,3,0,0.0
10195,40,0,0.0
10435,3,0,0.0
12315,13,0,0.0
1417,1,0,0.0
4474,1,0,0.0
4923,1,0,0.0
6157,2,0,0.0
6732,6,0,0.0
6913,1,0,0.0
7342,1,0,0.0
7726,23,0,0.0
9730,5,0,0.0
11609,1,0,0.0
108,1,0,0.0
1525,10,0,0.0
3843,1,0,0.0
3844,1,0,0.0
4452,1,0,0.0
5771,1,0,0.0
7218,1,0,0.0
7497,6,0,0.0
9405,5,0,0.0
10162,1,0,0.0
10715,1,0,0.0
4172,3,0,0.0
5367,1,0,0.0
5417,5,0,0.0
6204,10,0,0.0
6639,1,0,0.0
8354,8,0,0.0
8464,9,0,0.0
9641,5,0,0.0
11333,7,0,0.0
11346,1,0,0.0
11578,13,0,0.0
11876,1,0,0.0
12080,1,0,0.0
12179,1,0,0.0
12355,1,0,0.0
12494,5,0,0.0
12566,2,0,0.0
12755,2,0,0.0
12796,9,0,0.0
126,1,0,0.0
1165,2,0,0.0
4683,1,0,0.0
6737,3,0,0.0
6933,32,0,0.0
8536,3,0,0.0
8887,2,0,0.0
10180,4,0,0.0
12127,2,0,0.0
939,1,0,0.0
2007,24,0,0.0
3026,4,0,0.0
4637,3,0,0.0
6460,1,0,0.0
6664,1,0,0.0
6953,3,0,0.0
7550,3,0,0.0
7604,1,0,0.0
8352,3,0,0.0
8412,2,0,0.0
8654,1,0,0.0
9255,1,0,0.0
9293,2,0,0.0
11234,1,0,0.0
28,1,0,0.0
2052,1,0,0.0
2180,1,0,0.0
3685,1,0,0.0
4326,1,0,0.0
4918,1,0,0.0
4958,2,0,0.0
5152,2,0,0.0
6319,2,0,0.0
7522,1,0,0.0
7800,1,0,0.0
7818,3,0,0.0
8976,7,0,0.0
9450,1,0,0.0
10254,3,0,0.0
10502,3,0,0.0
11467,1,0,0.0
12077,6,0,0.0
1274,1,0,0.0
1415,1,0,0.0
4482,1,0,0.0
5119,6,0,0.0
7147,4,0,0.0
8622,4,0,0.0
1064,1,0,0.0
1156,6,0,0.0
1752,1,0,0.0
2386,1,0,0.0
2682,1,0,0.0
3706,1,0,0.0
5552,10,0,0.0
6695,2,0,0.0
8126,1,0,0.0
11125,2,0,0.0
11201,1,0,0.0
11636,2,0,0.0
12102,14,0,0.0
13139,1,0,0.0
1307,1,0,0.0
1574,2,0,0.0
2015,4,0,0.0
6300,13,0,0.0
7237,3,0,0.0
7634,1,0,0.0
8036,20,0,0.0
10866,1,0,0.0
11841,1,0,0.0
12865,1,0,0.0
76,2,0,0.0
688,1,0,0.0
723,1,0,0.0
1372,5,0,0.0
2758,2,0,0.0
3166,8,0,0.0
3252,1,0,0.0
4695,3,0,0.0
5006,1,0,0.0
5040,5,0,0.0
5651,1,0,0.0
7242,1,0,0.0
8247,5,0,0.0
9551,1,0,0.0
9771,3,0,0.0
10445,1,0,0.0
11406,4,0,0.0
11868,1,0,0.0
12187,2,0,0.0
12575,1,0,0.0
12601,1,0,0.0
13051,1,0,0.0
332,1,0,0.0
577,1,0,0.0
1235,1,0,0.0
1634,1,0,0.0
2023,2,0,0.0
2610,1,0,0.0
2650,1,0,0.0
5212,12,0,0.0
8656,6,0,0.0
11675,1,0,0.0
12087,1,0,0.0
12271,1,0,0.0
13038,1,0,0.0
1019,5,0,0.0
3072,1,0,0.0
5160,10,0,0.0
8426,2,0,0.0
8438,1,0,0.0
8826,1,0,0.0
11677,6,0,0.0
12731,1,0,0.0
811,1,0,0.0
844,4,0,0.0
916,2,0,0.0
1135,1,0,0.0
1875,2,0,0.0
2322,11,0,0.0
2738,4,0,0.0
3183,2,0,0.0
3287,1,0,0.0
3481,2,0,0.0
3669,1,0,0.0
5219,26,0,0.0
5606,3,0,0.0
5764,5,0,0.0
6391,12,0,0.0
6988,1,0,0.0
7225,5,0,0.0
8967,9,0,0.0
9147,1,0,0.0
9489,1,0,0.0
10116,2,0,0.0
11076,1,0,0.0
253,1,0,0.0
806,1,0,0.0
1210,11,0,0.0
1877,1,0,0.0
2727,1,0,0.0
2804,4,0,0.0
4036,1,0,0.0
5768,1,0,0.0
8141,4,0,0.0
8568,5,0,0.0
9016,5,0,0.0
9126,8,0,0.0
9205,1,0,0.0
12148,1,0,0.0
12235,1,0,0.0
1056,1,0,0.0
1890,1,0,0.0
2629,4,0,0.0
3456,1,0,0.0
3972,1,0,0.0
4104,2,0,0.0
4240,5,0,0.0
5080,1,0,0.0
6128,6,0,0.0
7556,1,0,0.0
8260,1,0,0.0
8782,1,0,0.0
9712,2,0,0.0
350,2,0,0.0
1046,6,0,0.0
3228,1,0,0.0
4305,3,0,0.0
4317,1,0,0.0
4874,2,0,0.0
6810,3,0,0.0
7005,1,0,0.0
7786,1,0,0.0
7945,1,0,0.0
9103,34,0,0.0
11249,6,0,0.0
12137,2,0,0.0
12761,1,0,0.0
223,1,0,0.0
2006,3,0,0.0
3037,1,0,0.0
3076,1,0,0.0
3792,39,0,0.0
3859,1,0,0.0
4446,1,0,0.0
5422,14,0,0.0
6254,1,0,0.0
8239,13,0,0.0
8287,9,0,0.0
8828,9,0,0.0
9235,18,0,0.0
9264,1,0,0.0
10251,1,0,0.0
10864,3,0,0.0
12722,2,0,0.0
388,24,0,0.0
417,1,0,0.0
548,9,0,0.0
1775,7,0,0.0
2168,1,0,0.0
2753,10,0,0.0
4873,1,0,0.0
5897,7,0,0.0
5909,9,0,0.0
7856,3,0,0.0
8774,1,0,0.0
9915,2,0,0.0
12232,1,0,0.0
3216,1,0,0.0
4653,1,0,0.0
6028,2,0,0.0
6045,1,0,0.0
6629,1,0,0.0
9236,8,0,0.0
9474,2,0,0.0
707,5,0,0.0
1215,8,0,0.0
1582,1,0,0.0
2127,2,0,0.0
2227,1,0,0.0
3546,1,0,0.0
3891,1,0,0.0
4070,1,0,0.0
5112,1,0,0.0
7699,4,0,0.0
8155,1,0,0.0
8655,14,0,0.0
9391,1,0,0.0
10760,3,0,0.0
12744,2,0,0.0
1565,1,0,0.0
2031,1,0,0.0
2288,31,0,0.0
3654,6,0,0.0
4387,1,0,0.0
6422,1,0,0.0
8280,14,0,0.0
8511,3,0,0.0
9413,8,0,0.0
9522,3,0,0.0
9674,2,0,0.0
10006,1,0,0.0
11491,3,0,0.0
12535,1,0,0.0
372,3,0,0.0
1295,1,0,0.0
1731,3,0,0.0
1961,2,0,0.0
2725,6,0,0.0
3579,2,0,0.0
4203,7,0,0.0
4606,1,0,0.0
6337,1,0,0.0
7266,16,0,0.0
8486,2,0,0.0
9451,1,0,0.0
9611,1,0,0.0
10209,1,0,0.0
11342,3,0,0.0
11849,1,0,0.0
12088,1,0,0.0
230,1,0,0.0
3728,1,0,0.0
5025,2,0,0.0
5500,1,0,0.0
5660,2,0,0.0
6467,2,0,0.0
6503,2,0,0.0
7124,24,0,0.0
7265,1,0,0.0
7551,5,0,0.0
7589,1,0,0.0
7731,11,0,0.0
8851,11,0,0.0
9009,2,0,0.0
10358,2,0,0.0
11135,9,0,0.0
11226,1,0,0.0
12170,2,0,0.0
157,3,0,0.0
1633,1,0,0.0
2042,1,0,0.0
3482,1,0,0.0
4386,1,0,0.0
7454,1,0,0.0
9578,1,0,0.0
9769,1,0,0.0
9988,1,0,0.0
12777,1,0,0.0
367,3,0,0.0
1588,1,0,0.0
3670,1,0,0.0
3991,1,0,0.0
4426,18,0,0.0
6795,1,0,0.0
7293,1,0,0.0
9395,1,0,0.0
11159,1,0,0.0
12193,1,0,0.0
12467,1,0,0.0
12533,1,0,0.0
12558,2,0,0.0
1505,12,0,0.0
3817,1,0,0.0
3862,2,0,0.0
4568,1,0,0.0
5655,2,0,0.0
6350,1,0,0.0
8595,3,0,0.0
9311,1,0,0.0
9571,18,0,0.0
10409,11,0,0.0
10648,10,0,0.0
10779,12,0,0.0
11513,3,0,0.0
11927,1,0,0.0
47,2,0,0.0
1207,4,0,0.0
1939,1,0,0.0
1944,2,0,0.0
2638,1,0,0.0
2823,1,0,0.0
3045,4,0,0.0
3818,1,0,0.0
4481,1,0,0.0
6115,1,0,0.0
6504,1,0,0.0
6553,1,0,0.0
8621,2,0,0.0
9110,8,0,0.0
10310,4,0,0.0
11824,1,0,0.0
13015,1,0,0.0
1425,3,0,0.0
1613,1,0,0.0
2398,1,0,0.0
3498,1,0,0.0
4507,2,0,0.0
4756,3,0,0.0
5335,9,0,0.0
5361,1,0,0.0
6014,3,0,0.0
6515,1,0,0.0
7701,2,0,0.0
8646,3,0,0.0
9123,41,0,0.0
665,1,0,0.0
671,27,0,0.0
1206,1,0,0.0
2582,3,0,0.0
2829,2,0,0.0
3734,1,0,0.0
3919,2,0,0.0
4246,2,0,0.0
4327,2,0,0.0
6067,1,0,0.0
7967,4,0,0.0
8015,5,0,0.0
10208,2,0,0.0
10336,1,0,0.0
11882,1,0,0.0
353,1,0,0.0
1512,2,0,0.0
1586,1,0,0.0
1599,4,0,0.0
2882,3,0,0.0
4185,2,0,0.0
5609,1,0,0.0
7347,5,0,0.0
7488,2,0,0.0
7902,6,0,0.0
10589,1,0,0.0
11314,1,0,0.0
11335,1,0,0.0
11408,1,0,0.0
291,1,0,0.0
386,2,0,0.0
2483,1,0,0.0
3095,1,0,0.0
8218,1,0,0.0
12168,2,0,0.0
13093,1,0,0.0
912,1,0,0.0
1681,1,0,0.0
4451,5,0,0.0
6637,12,0,0.0
6778,1,0,0.0
6932,4,0,0.0
7346,11,0,0.0
7861,7,0,0.0
9340,1,0,0.0
9603,2,0,0.0
9931,2,0,0.0
10583,3,0,0.0
146,2,0,0.0
1247,8,0,0.0
2760,1,0,0.0
3206,1,0,0.0
3752,1,0,0.0
3798,1,0,0.0
4174,1,0,0.0
5047,10,0,0.0
6382,1,0,0.0
9291,1,0,0.0
11321,1,0,0.0
12042,2,0,0.0
12123,6,0,0.0
13036,1,0,0.0
13168,1,0,0.0
259,2,0,0.0
797,6,0,0.0
4515,24,0,0.0
5499,1,0,0.0
5611,1,0,0.0
6234,3,0,0.0
8025,8,0,0.0
10348,1,0,0.0
10514,1,0,0.0
10613,2,0,0.0
11917,2,0,0.0
12044,1,0,0.0
12408,3,0,0.0
12414,9,0,0.0
1,1,0,0.0
1516,1,0,0.0
2296,2,0,0.0
3059,5,0,0.0
3282,1,0,0.0
4311,5,0,0.0
5192,1,0,0.0
5811,10,0,0.0
6387,1,0,0.0
7042,1,0,0.0
7931,10,0,0.0
8637,1,0,0.0
9471,8,0,0.0
11996,17,0,0.0
770,36,0,0.0
1302,3,0,0.0
1485,2,0,0.0
2138,2,0,0.0
4312,9,0,0.0
4315,1,0,0.0
6221,4,0,0.0
6362,2,0,0.0
6481,1,0,0.0
9763,17,0,0.0
10407,1,0,0.0
11050,1,0,0.0
11404,3,0,0.0
1546,1,0,0.0
2637,4,0,0.0
4614,2,0,0.0
4979,1,0,0.0
5255,6,0,0.0
7230,1,0,0.0
8158,1,0,0.0
8445,5,0,0.0
9752,4,0,0.0
11641,40,0,0.0
12054,6,0,0.0
12360,2,0,0.0
12442,1,0,0.0
12529,1,0,0.0
12574,1,0,0.0
274,3,0,0.0
631,3,0,0.0
2170,2,0,0.0
3058,12,0,0.0
3172,5,0,0.0
3192,57,0,0.0
3210,2,0,0.0
3446,2,0,0.0
3474,2,0,0.0
4093,1,0,0.0
5588,3,0,0.0
7261,1,0,0.0
10894,2,0,0.0
12025,7,0,0.0
12075,6,0,0.0
12295,1,0,0.0
12306,4,0,0.0
12346,1,0,0.0
12491,5,0,0.0
182,1,0,0.0
1137,1,0,0.0
2213,1,0,0.0
2380,13,0,0.0
2768,3,0,0.0
3197,4,0,0.0
3978,1,0,0.0
4877,11,0,0.0
5082,25,0,0.0
6729,1,0,0.0
7269,1,0,0.0
8238,1,0,0.0
8880,45,0,0.0
9476,1,0,0.0
10112,1,0,0.0
13119,1,0,0.0
13,12,0,0.0
348,8,0,0.0
2455,1,0,0.0
2471,1,0,0.0
2956,1,0,0.0
3231,2,0,0.0
4151,9,0,0.0
4487,1,0,0.0
5193,1,0,0.0
5612,2,0,0.0
6759,1,0,0.0
7285,2,0,0.0
7286,1,0,0.0
9055,1,0,0.0
10045,5,0,0.0
10973,1,0,0.0
12097,2,0,0.0
12114,1,0,0.0
13120,1,0,0.0
1100,1,0,0.0
4420,1,0,0.0
5967,3,0,0.0
6827,1,0,0.0
8492,5,0,0.0
9312,1,0,0.0
11332,1,0,0.0
168,1,0,0.0
205,1,0,0.0
572,2,0,0.0
852,1,0,0.0
887,1,0,0.0
2699,1,0,0.0
2911,3,0,0.0
4966,1,0,0.0
6146,1,0,0.0
9306,2,0,0.0
9478,2,0,0.0
9749,1,0,0.0
9801,4,0,0.0
9945,1,0,0.0
11743,4,0,0.0
11750,1,0,0.0
11862,13,0,0.0
13154,3,0,0.0
1749,2,0,0.0
2481,3,0,0.0
2537,1,0,0.0
3549,6,0,0.0
4013,3,0,0.0
4091,1,0,0.0
6826,1,0,0.0
9176,1,0,0.0
10839,2,0,0.0
11744,9,0,0.0
12549,1,0,0.0
308,7,0,0.0
1130,8,0,0.0
2292,5,0,0.0
3413,1,0,0.0
5862,2,0,0.0
6840,3,0,0.0
8800,3,0,0.0
10138,5,0,0.0
10364,1,0,0.0
12166,2,0,0.0
12472,1,0,0.0
12481,3,0,0.0
13213,1,0,0.0
3167,1,0,0.0
3195,1,0,0.0
4681,2,0,0.0
5520,10,0,0.0
6506,1,0,0.0
8578,1,0,0.0
9981,2,0,0.0
12237,17,0,0.0
12863,4,0,0.0
169,5,0,0.0
1171,5,0,0.0
3793,1,0,0.0
4562,3,0,0.0
7349,1,0,0.0
10347,1,0,0.0
10434,1,0,0.0
10643,1,0,0.0
11028,7,0,0.0
11484,1,0,0.0
1444,3,0,0.0
1461,2,0,0.0
2026,1,0,0.0
5247,11,0,0.0
6268,1,0,0.0
6275,8,0,0.0
6756,2,0,0.0
10456,1,0,0.0
10829,1,0,0.0
11470,3,0,0.0
11873,1,0,0.0
12365,2,0,0.0
13047,1,0,0.0
340,1,0,0.0
2849,1,0,0.0
4279,2,0,0.0
4564,1,0,0.0
6020,2,0,0.0
6165,6,0,0.0
7705,3,0,0.0
10935,2,0,0.0
11357,1,0,0.0
250,1,0,0.0
402,4,0,0.0
1455,6,0,0.0
3067,1,0,0.0
5206,1,0,0.0
6595,2,0,0.0
8147,1,0,0.0
10411,7,0,0.0
10802,2,0,0.0
11611,2,0,0.0
12981,3,0,0.0
1628,1,0,0.0
2343,4,0,0.0
2653,1,0,0.0
2885,1,0,0.0
3489,4,0,0.0
5492,1,0,0.0
6088,2,0,0.0
6091,4,0,0.0
6734,7,0,0.0
7980,1,0,0.0
8532,24,0,0.0
8742,2,0,0.0
8807,23,0,0.0
9272,3,0,0.0
10550,6,0,0.0
10838,1,0,0.0
10963,17,0,0.0
11004,4,0,0.0
11291,1,0,0.0
11297,1,0,0.0
12567,1,0,0.0
12804,1,0,0.0
12821,11,0,0.0
966,7,0,0.0
2782,5,0,0.0
5274,1,0,0.0
6086,1,0,0.0
8691,1,0,0.0
9058,1,0,0.0
10826,3,0,0.0
10998,1,0,0.0
1251,1,0,0.0
3269,1,0,0.0
3649,1,0,0.0
3996,1,0,0.0
4820,2,0,0.0
4846,3,0,0.0
5507,4,0,0.0
6302,1,0,0.0
6472,7,0,0.0
6738,1,0,0.0
7280,1,0,0.0
7581,2,0,0.0
9091,1,0,0.0
10035,6,0,0.0
10088,1,0,0.0
10331,22,0,0.0
54,1,0,0.0
3209,12,0,0.0
3757,4,0,0.0
3856,3,0,0.0
4399,3,0,0.0
5225,12,0,0.0
5555,1,0,0.0
6027,12,0,0.0
9947,59,0,0.0
10325,8,0,0.0
10943,4,0,0.0
11569,1,0,0.0
11919,19,0,0.0
12134,2,0,0.0
12296,6,0,0.0
12475,26,0,0.0
12909,1,0,0.0
12929,1,0,0.0
12956,2,0,0.0
634,1,0,0.0
1665,5,0,0.0
3534,1,0,0.0
3759,3,0,0.0
4125,6,0,0.0
5103,2,0,0.0
6199,1,0,0.0
9748,1,0,0.0
10734,3,0,0.0
12291,2,0,0.0
12632,6,0,0.0
1551,1,0,0.0
3232,12,0,0.0
4226,1,0,0.0
4832,1,0,0.0
4976,1,0,0.0
5638,1,0,0.0
5716,1,0,0.0
6043,3,0,0.0
7633,1,0,0.0
8440,1,0,0.0
9691,8,0,0.0
9844,1,0,0.0
9977,3,0,0.0
12132,1,0,0.0
12587,1,0,0.0
1518,1,0,0.0
4024,4,0,0.0
5626,3,0,0.0
5890,11,0,0.0
5954,1,0,0.0
6436,1,0,0.0
7161,1,0,0.0
12598,1,0,0.0
12751,4,0,0.0
12830,9,0,0.0
2458,20,0,0.0
2740,1,0,0.0
3364,1,0,0.0
7157,10,0,0.0
7191,6,0,0.0
8673,2,0,0.0
9191,1,0,0.0
9335,36,0,0.0
9953,2,0,0.0
10682,1,0,0.0
10748,3,0,0.0
11116,1,0,0.0
5,1,0,0.0
163,2,0,0.0
1341,1,0,0.0
1360,2,0,0.0
2128,1,0,0.0
6386,2,0,0.0
6529,1,0,0.0
6610,5,0,0.0
6974,1,0,0.0
7911,1,0,0.0
9292,1,0,0.0
10014,2,0,0.0
10313,2,0,0.0
10720,1,0,0.0
10803,1,0,0.0
12767,2,0,0.0
258,8,0,0.0
1806,1,0,0.0
2197,1,0,0.0
5057,1,0,0.0
5546,1,0,0.0
5736,1,0,0.0
6879,1,0,0.0
9305,5,0,0.0
9491,1,0,0.0
9711,2,0,0.0
10315,6,0,0.0
11430,3,0,0.0
1748,1,0,0.0
2630,2,0,0.0
3655,3,0,0.0
4506,1,0,0.0
4528,1,0,0.0
4627,1,0,0.0
4867,1,0,0.0
5940,4,0,0.0
6284,1,0,0.0
6803,4,0,0.0
7214,2,0,0.0
8490,13,0,0.0
8912,2,0,0.0
9197,1,0,0.0
9690,1,0,0.0
10266,1,0,0.0
11269,1,0,0.0
11715,11,0,0.0
12013,6,0,0.0
13016,1,0,0.0
397,1,0,0.0
2085,1,0,0.0
3138,3,0,0.0
3457,4,0,0.0
5015,3,0,0.0
5227,1,0,0.0
5463,1,0,0.0
6985,1,0,0.0
7156,50,0,0.0
7372,1,0,0.0
9539,1,0,0.0
11134,1,0,0.0
11412,3,0,0.0
11560,8,0,0.0
2374,5,0,0.0
2964,2,0,0.0
3930,2,0,0.0
5489,1,0,0.0
7651,32,0,0.0
7667,2,0,0.0
8524,2,0,0.0
8648,1,0,0.0
8894,3,0,0.0
10056,1,0,0.0
10083,1,0,0.0
10417,1,0,0.0
10512,3,0,0.0
10709,2,0,0.0
11149,1,0,0.0
12331,1,0,0.0
12419,1,0,0.0
1128,1,0,0.0
1227,15,0,0.0
1475,1,0,0.0
5702,1,0,0.0
7664,2,0,0.0
7715,1,0,0.0
7831,1,0,0.0
8140,3,0,0.0
10363,18,0,0.0
10459,2,0,0.0
11697,1,0,0.0
257,2,0,0.0
299,2,0,0.0
1521,1,0,0.0
2418,6,0,0.0
6584,1,0,0.0
7891,1,0,0.0
8095,4,0,0.0
8393,1,0,0.0
8712,1,0,0.0
9139,1,0,0.0
9343,7,0,0.0
9715,3,0,0.0
11315,1,0,0.0
11545,5,0,0.0
12199,2,0,0.0
64,1,0,0.0
227,3,0,0.0
2743,1,0,0.0
2984,1,0,0.0
2987,1,0,0.0
3056,1,0,0.0
3080,1,0,0.0
3806,2,0,0.0
3931,2,0,0.0
6134,6,0,0.0
6660,2,0,0.0
7465,1,0,0.0
7503,1,0,0.0
11865,1,0,0.0
13136,3,0,0.0
504,4,0,0.0
936,2,0,0.0
1166,10,0,0.0
1692,2,0,0.0
3694,1,0,0.0
4134,2,0,0.0
4374,1,0,0.0
7247,1,0,0.0
7517,1,0,0.0
8288,1,0,0.0
10108,3,0,0.0
10369,1,0,0.0
10986,3,0,0.0
11933,9,0,0.0
12817,1,0,0.0
1181,1,0,0.0
1846,9,0,0.0
3943,1,0,0.0
4006,1,0,0.0
4110,2,0,0.0
4505,2,0,0.0
5265,4,0,0.0
5428,1,0,0.0
7427,4,0,0.0
7655,9,0,0.0
8322,1,0,0.0
10292,1,0,0.0
347,1,0,0.0
484,3,0,0.0
2569,3,0,0.0
2847,2,0,0.0
3256,5,0,0.0
4416,1,0,0.0
5789,1,0,0.0
7432,8,0,0.0
9501,1,0,0.0
10426,1,0,0.0
12357,1,0,0.0
13210,1,0,0.0
15,1,0,0.0
1151,3,0,0.0
1253,1,0,0.0
1827,16,0,0.0
4742,1,0,0.0
6179,1,0,0.0
7275,3,0,0.0
9790,3,0,0.0
10442,1,0,0.0
10940,3,0,0.0
11606,3,0,0.0
11875,1,0,0.0
2385,1,0,0.0
2691,1,0,0.0
2798,30,0,0.0
6166,5,0,0.0
6329,2,0,0.0
6659,1,0,0.0
8939,1,0,0.0
9760,2,0,0.0
10398,1,0,0.0
11411,1,0,0.0
11568,2,0,0.0
1793,8,0,0.0
3086,2,0,0.0
6876,1,0,0.0
7368,1,0,0.0
7641,1,0,0.0
8569,2,0,0.0
9832,13,0,0.0
11358,1,0,0.0
327,2,0,0.0
563,1,0,0.0
615,8,0,0.0
2257,1,0,0.0
3674,1,0,0.0
4073,2,0,0.0
4520,1,0,0.0
4816,9,0,0.0
4956,1,0,0.0
5094,3,0,0.0
5329,3,0,0.0
6877,1,0,0.0
7093,3,0,0.0
9031,1,0,0.0
9739,11,0,0.0
11130,2,0,0.0
11193,2,0,0.0
12482,34,0,0.0
1132,4,0,0.0
1182,7,0,0.0
3262,3,0,0.0
8590,1,0,0.0
9287,1,0,0.0
10350,15,0,0.0
10822,1,0,0.0
2620,5,0,0.0
3305,4,0,0.0
3330,3,0,0.0
4007,3,0,0.0
4238,3,0,0.0
4712,2,0,0.0
9066,1,0,0.0
9820,1,0,0.0
10618,7,0,0.0
10706,3,0,0.0
11840,1,0,0.0
12512,1,0,0.0
13118,10,0,0.0
489,3,0,0.0
862,1,0,0.0
1527,2,0,0.0
1828,1,0,0.0
3832,5,0,0.0
5124,2,0,0.0
5982,1,0,0.0
8023,11,0,0.0
8102,1,0,0.0
12028,1,0,0.0
13077,1,0,0.0
37,1,0,0.0
1396,2,0,0.0
1624,1,0,0.0
1747,1,0,0.0
2703,3,0,0.0
4658,1,0,0.0
4793,1,0,0.0
5851,1,0,0.0
6314,13,0,0.0
7621,2,0,0.0
8344,1,0,0.0
9269,4,0,0.0
10796,4,0,0.0
12648,7,0,0.0
13116,21,0,0.0
316,1,0,0.0
4694,14,0,0.0
4740,1,0,0.0
5288,20,0,0.0
5618,1,0,0.0
8365,1,0,0.0
10172,9,0,0.0
10740,1,0,0.0
11177,4,0,0.0
12174,2,0,0.0
12428,1,0,0.0
12665,41,0,0.0
1949,1,0,0.0
4485,6,0,0.0
5598,8,0,0.0
6532,1,0,0.0
7614,4,0,0.0
7907,6,0,0.0
8137,1,0,0.0
9098,1,0,0.0
10472,3,0,0.0
10531,1,0,0.0
10906,2,0,0.0
318,1,0,0.0
1271,18,0,0.0
2275,1,0,0.0
2735,2,0,0.0
2887,2,0,0.0
3839,1,0,0.0
4143,1,0,0.0
4264,7,0,0.0
6059,1,0,0.0
6631,3,0,0.0
7117,1,0,0.0
7423,4,0,0.0
7437,1,0,0.0
8297,1,0,0.0
8337,14,0,0.0
8556,6,0,0.0
10976,8,0,0.0
12678,2,0,0.0
12884,1,0,0.0
12918,1,0,0.0
891,4,0,0.0
1736,1,0,0.0
2004,2,0,0.0
2279,6,0,0.0
3122,1,0,0.0
4382,2,0,0.0
5737,16,0,0.0
6893,1,0,0.0
9330,2,0,0.0
12641,1,0,0.0
13048,1,0,0.0
9,2,0,0.0
2473,1,0,0.0
2654,4,0,0.0
4812,1,0,0.0
5342,1,0,0.0
8269,1,0,0.0
8392,1,0,0.0
9028,6,0,0.0
9130,14,0,0.0
10040,1,0,0.0
11508,3,0,0.0
11719,2,0,0.0
12410,1,0,0.0
12615,2,0,0.0
12759,1,0,0.0
1351,2,0,0.0
5680,2,0,0.0
7144,3,0,0.0
8566,1,0,0.0
9282,3,0,0.0
10061,9,0,0.0
11929,1,0,0.0
12400,7,0,0.0
398,1,0,0.0
1403,1,0,0.0
1600,9,0,0.0
3114,1,0,0.0
3620,1,0,0.0
4912,2,0,0.0
7327,1,0,0.0
7645,1,0,0.0
7972,6,0,0.0
3300,16,0,0.0
3392,1,0,0.0
5353,5,0,0.0
5453,1,0,0.0
5748,5,0,0.0
6065,1,0,0.0
6291,1,0,0.0
8296,13,0,0.0
9216,7,0,0.0
9233,6,0,0.0
9697,1,0,0.0
11590,1,0,0.0
12245,16,0,0.0
175,1,0,0.0
423,4,0,0.0
695,2,0,0.0
746,13,0,0.0
1159,42,0,0.0
2271,1,0,0.0
4889,2,0,0.0
6849,1,0,0.0
8119,2,0,0.0
9268,1,0,0.0
381,9,0,0.0
1118,1,0,0.0
2718,73,0,0.0
4578,2,0,0.0
5521,3,0,0.0
7274,3,0,0.0
8428,1,0,0.0
8443,1,0,0.0
8467,3,0,0.0
9394,1,0,0.0
10687,4,0,0.0
503,3,0,0.0
1589,1,0,0.0
1815,7,0,0.0
2649,10,0,0.0
3900,2,0,0.0
4736,10,0,0.0
5052,1,0,0.0
5970,1,0,0.0
6340,1,0,0.0
8373,1,0,0.0
10119,1,0,0.0
10141,2,0,0.0
12776,2,0,0.0
1142,12,0,0.0
3099,3,0,0.0
3681,1,0,0.0
3962,1,0,0.0
4184,2,0,0.0
5540,1,0,0.0
5972,1,0,0.0
6400,12,0,0.0
7238,1,0,0.0
8692,8,0,0.0
10990,10,0,0.0
12163,1,0,0.0
13186,3,0,0.0
13233,1,0,0.0
742,1,0,0.0
1377,3,0,0.0
1539,1,0,0.0
3588,1,0,0.0
4840,4,0,0.0
5271,3,0,0.0
5704,1,0,0.0
6235,1,0,0.0
6539,11,0,0.0
6793,1,0,0.0
7379,11,0,0.0
7784,29,0,0.0
7948,33,0,0.0
9417,1,0,0.0
12539,1,0,0.0
12633,4,0,0.0
437,1,0,0.0
1154,4,0,0.0
2369,1,0,0.0
4950,12,0,0.0
5531,10,0,0.0
7803,1,0,0.0
8801,3,0,0.0
9242,1,0,0.0
10797,3,0,0.0
11152,2,0,0.0
12110,1,0,0.0
12388,1,0,0.0
12534,1,0,0.0
884,1,0,0.0
4345,1,0,0.0
5387,1,0,0.0
5630,1,0,0.0
5856,2,0,0.0
6405,1,0,0.0
7344,4,0,0.0
8330,2,0,0.0
9346,1,0,0.0
10134,6,0,0.0
10470,1,0,0.0
10724,3,0,0.0
10765,1,0,0.0
11208,6,0,0.0
11778,5,0,0.0
11815,4,0,0.0
229,11,0,0.0
766,2,0,0.0
1096,1,0,0.0
2081,4,0,0.0
4916,5,0,0.0
5956,3,0,0.0
6369,23,0,0.0
6551,1,0,0.0
7227,1,0,0.0
7268,1,0,0.0
9237,3,0,0.0
9811,31,0,0.0
10213,3,0,0.0
11428,1,0,0.0
2495,3,0,0.0
2872,5,0,0.0
3018,1,0,0.0
5720,2,0,0.0
5752,1,0,0.0
7030,2,0,0.0
7961,22,0,0.0
8425,8,0,0.0
8730,15,0,0.0
9850,1,0,0.0
12700,1,0,0.0
4,1,0,0.0
59,2,0,0.0
1340,8,0,0.0
4592,18,0,0.0
5363,4,0,0.0
5556,1,0,0.0
5608,4,0,0.0
7750,7,0,0.0
7785,1,0,0.0
9004,2,0,0.0
9738,1,0,0.0
9766,4,0,0.0
10024,1,0,0.0
10559,4,0,0.0
12947,9,0,0.0
12995,1,0,0.0
8,1,0,0.0
3575,1,0,0.0
4122,1,0,0.0
4313,1,0,0.0
4601,1,0,0.0
6026,1,0,0.0
6212,1,0,0.0
6363,3,0,0.0
8432,1,0,0.0
8667,1,0,0.0
9406,19,0,0.0
9848,1,0,0.0
10381,1,0,0.0
10464,1,0,0.0
10477,18,0,0.0
11959,5,0,0.0
12031,1,0,0.0
13128,1,0,0.0
987,1,0,0.0
1943,1,0,0.0
7597,1,0,0.0
9187,2,0,0.0
12311,5,0,0.0
1060,1,0,0.0
1254,1,0,0.0
1685,5,0,0.0
3465,18,0,0.0
5200,5,0,0.0
6198,1,0,0.0
6653,4,0,0.0
7941,1,0,0.0
8122,3,0,0.0
11239,2,0,0.0
12153,1,0,0.0
49,2,0,0.0
176,3,0,0.0
629,1,0,0.0
1717,5,0,0.0
7011,4,0,0.0
7455,1,0,0.0
8293,3,0,0.0
8581,3,0,0.0
9767,1,0,0.0
10424,13,0,0.0
11145,6,0,0.0
13135,1,0,0.0
162,1,0,0.0
2935,3,0,0.0
3154,9,0,0.0
4490,2,0,0.0
4909,2,0,0.0
7251,1,0,0.0
7377,1,0,0.0
7561,22,0,0.0
7728,4,0,0.0
8583,13,0,0.0
8744,5,0,0.0
11038,2,0,0.0
2136,2,0,0.0
4437,1,0,0.0
6224,1,0,0.0
6388,1,0,0.0
7199,8,0,0.0
9271,1,0,0.0
10673,1,0,0.0
11836,5,0,0.0
136,13,0,0.0
856,1,0,0.0
1000,1,0,0.0
3389,5,0,0.0
3496,2,0,0.0
3628,2,0,0.0
3864,1,0,0.0
5072,6,0,0.0
7150,8,0,0.0
8173,1,0,0.0
8564,1,0,0.0
8852,10,0,0.0
9156,1,0,0.0
9619,1,0,0.0
10723,1,0,0.0
11256,4,0,0.0
247,3,0,0.0
664,4,0,0.0
728,7,0,0.0
1236,2,0,0.0
2147,1,0,0.0
3543,7,0,0.0
6162,9,0,0.0
9368,1,0,0.0
11669,2,0,0.0
12064,3,0,0.0
12550,1,0,0.0
1374,1,0,0.0
1845,1,0,0.0
5780,1,0,0.0
5866,1,0,0.0
6093,2,0,0.0
6276,25,0,0.0
6713,2,0,0.0
7908,1,0,0.0
8112,2,0,0.0
8170,2,0,0.0
8821,1,0,0.0
10340,1,0,0.0
10824,1,0,0.0
11488,1,0,0.0
12152,1,0,0.0
12540,4,0,0.0
13152,1,0,0.0
343,5,0,0.0
3331,2,0,0.0
3454,1,0,0.0
7508,1,0,0.0
11309,1,0,0.0
12011,2,0,0.0
12625,2,0,0.0
194,1,0,0.0
465,3,0,0.0
2187,1,0,0.0
3023,4,0,0.0
3090,1,0,0.0
3803,2,0,0.0
4124,5,0,0.0
5355,3,0,0.0
5376,1,0,0.0
6672,1,0,0.0
7133,1,0,0.0
8430,1,0,0.0
9037,1,0,0.0
9174,1,0,0.0
9875,2,0,0.0
12072,1,0,0.0
12927,1,0,0.0
12944,1,0,0.0
391,7,0,0.0
438,1,0,0.0
532,10,0,0.0
1619,2,0,0.0
1790,1,0,0.0
1840,1,0,0.0
3608,9,0,0.0
3714,2,0,0.0
4329,9,0,0.0
4632,2,0,0.0
5179,2,0,0.0
5393,1,0,0.0
7052,1,0,0.0
7334,3,0,0.0
7526,1,0,0.0
7836,1,0,0.0
9397,4,0,0.0
9939,1,0,0.0
10602,2,0,0.0
13140,5,0,0.0
467,2,0,0.0
1200,7,0,0.0
2077,1,0,0.0
4715,2,0,0.0
4760,2,0,0.0
6448,2,0,0.0
8046,4,0,0.0
8313,1,0,0.0
8671,1,0,0.0
9420,8,0,0.0
10004,9,0,0.0
10471,4,0,0.0
12136,17,0,0.0
2143,34,0,0.0
3430,1,0,0.0
5718,1,0,0.0
6470,5,0,0.0
7229,9,0,0.0
8347,22,0,0.0
9612,2,0,0.0
9936,2,0,0.0
11502,4,0,0.0
13011,1,0,0.0
2328,1,0,0.0
4431,9,0,0.0
4497,1,0,0.0
5711,2,0,0.0
6066,17,0,0.0
6464,2,0,0.0
8073,1,0,0.0
8228,7,0,0.0
9389,1,0,0.0
9502,1,0,0.0
10677,9,0,0.0
312,1,0,0.0
3799,2,0,0.0
4461,1,0,0.0
5269,2,0,0.0
6231,1,0,0.0
10224,3,0,0.0
11796,6,0,0.0
12098,13,0,0.0
12278,1,0,0.0
1898,11,0,0.0
3598,1,0,0.0
4845,1,0,0.0
5913,5,0,0.0
6789,5,0,0.0
6997,1,0,0.0
7375,1,0,0.0
7438,2,0,0.0
7492,1,0,0.0
9985,15,0,0.0
12505,1,0,0.0
13189,1,0,0.0
1609,1,0,0.0
3101,2,0,0.0
4301,14,0,0.0
4752,1,0,0.0
4894,1,0,0.0
5898,1,0,0.0
5985,2,0,0.0
6947,5,0,0.0
7302,32,0,0.0
8923,9,0,0.0
12915,3,0,0.0
907,2,0,0.0
4273,8,0,0.0
7467,2,0,0.0
7656,3,0,0.0
8384,1,0,0.0
10132,4,0,0.0
10400,1,0,0.0
10509,1,0,0.0
10902,7,0,0.0
11904,1,0,0.0
13159,1,0,0.0
848,13,0,0.0
1459,19,0,0.0
4734,1,0,0.0
5781,6,0,0.0
6812,3,0,0.0
8522,1,0,0.0
8728,16,0,0.0
9127,1,0,0.0
11507,1,0,0.0
11908,4,0,0.0
11965,2,0,0.0
13086,1,0,0.0
3031,20,0,0.0
4673,2,0,0.0
7100,22,0,0.0
7392,1,0,0.0
9567,5,0,0.0
9821,1,0,0.0
10810,1,0,0.0
12624,6,0,0.0
518,5,0,0.0
1214,9,0,0.0
1660,1,0,0.0
4814,1,0,0.0
5589,7,0,0.0
5669,1,0,0.0
6517,1,0,0.0
6669,1,0,0.0
7391,1,0,0.0
7920,1,0,0.0
7932,1,0,0.0
7949,1,0,0.0
8180,1,0,0.0
9358,6,0,0.0
12802,2,0,0.0
12928,4,0,0.0
404,1,0,0.0
4340,10,0,0.0
5989,1,0,0.0
6144,2,0,0.0
6918,3,0,0.0
8461,2,0,0.0
8802,2,0,0.0
9540,2,0,0.0
9634,1,0,0.0
10820,1,0,0.0
11953,1,0,0.0
2608,5,0,0.0
2788,3,0,0.0
3618,2,0,0.0
3724,2,0,0.0
5172,1,0,0.0
5356,5,0,0.0
5839,5,0,0.0
6535,1,0,0.0
7743,1,0,0.0
7840,7,0,0.0
8233,1,0,0.0
8717,1,0,0.0
8959,1,0,0.0
9804,7,0,0.0
9874,1,0,0.0
9933,4,0,0.0
10080,2,0,0.0
10787,7,0,0.0
11605,1,0,0.0
12430,2,0,0.0
12537,2,0,0.0
13208,3,0,0.0
812,9,0,0.0
952,2,0,0.0
1667,6,0,0.0
4652,1,0,0.0
6763,2,0,0.0
6853,2,0,0.0
7002,1,0,0.0
9463,7,0,0.0
9701,5,0,0.0
10129,1,0,0.0
10858,2,0,0.0
11022,2,0,0.0
11163,35,0,0.0
11895,1,0,0.0
38,14,0,0.0
5013,1,0,0.0
9041,1,0,0.0
9600,2,0,0.0
9962,7,0,0.0
11362,1,0,0.0
12783,1,0,0.0
2311,1,0,0.0
2901,14,0,0.0
4148,1,0,0.0
4879,4,0,0.0
6320,1,0,0.0
9950,1,0,0.0
10701,1,0,0.0
11049,1,0,0.0
12832,1,0,0.0
12958,2,0,0.0
13103,4,0,0.0
288,1,0,0.0
1049,4,0,0.0
2055,16,0,0.0
3297,3,0,0.0
3760,1,0,0.0
4473,1,0,0.0
5106,3,0,0.0
6004,1,0,0.0
6613,1,0,0.0
9486,1,0,0.0
11300,1,0,0.0
11649,1,0,0.0
11852,1,0,0.0
12036,2,0,0.0
12417,1,0,0.0
356,4,0,0.0
3016,1,0,0.0
3551,1,0,0.0
5497,1,0,0.0
9440,13,0,0.0
9736,1,0,0.0
11472,1,0,0.0
11576,4,0,0.0
11592,3,0,0.0
12051,1,0,0.0
12960,4,0,0.0
1484,2,0,0.0
2596,1,0,0.0
3318,1,0,0.0
3351,1,0,0.0
8397,1,0,0.0
8682,1,0,0.0
8777,27,0,0.0
9083,1,0,0.0
9150,4,0,0.0
9188,38,0,0.0
9196,4,0,0.0
9635,1,0,0.0
1941,2,0,0.0
4926,5,0,0.0
5323,3,0,0.0
5710,2,0,0.0
6758,1,0,0.0
7821,40,0,0.0
8388,2,0,0.0
8913,14,0,0.0
10152,3,0,0.0
10233,2,0,0.0
12133,1,0,0.0
1419,1,0,0.0
2899,2,0,0.0
6702,1,0,0.0
9214,19,0,0.0
10125,1,0,0.0
10631,2,0,0.0
12154,10,0,0.0
3882,1,0,0.0
3899,11,0,0.0
4819,1,0,0.0
4891,2,0,0.0
11535,5,0,0.0
408,7,0,0.0
2846,2,0,0.0
5207,2,0,0.0
7332,1,0,0.0
9580,6,0,0.0
1453,1,0,0.0
2075,1,0,0.0
2505,1,0,0.0
4432,1,0,0.0
4880,1,0,0.0
7652,2,0,0.0
9310,4,0,0.0
9510,18,0,0.0
9595,1,0,0.0
10474,1,0,0.0
10641,1,0,0.0
10696,10,0,0.0
11101,2,0,0.0
11495,6,0,0.0
11867,4,0,0.0
351,2,0,0.0
2050,2,0,0.0
2878,83,0,0.0
6870,1,0,0.0
7201,1,0,0.0
7512,7,0,0.0
8725,1,0,0.0
8810,2,0,0.0
11303,1,0,0.0
12684,1,0,0.0
13171,2,0,0.0
967,1,0,0.0
1679,5,0,0.0
3530,2,0,0.0
3828,7,0,0.0
4686,2,0,0.0
6549,1,0,0.0
6577,3,0,0.0
7252,2,0,0.0
9682,2,0,0.0
9835,3,0,0.0
10595,1,0,0.0
10965,1,0,0.0
11019,1,0,0.0
11712,1,0,0.0
11866,1,0,0.0
1423,1,0,0.0
1740,1,0,0.0
3868,1,0,0.0
4913,2,0,0.0
9684,3,0,0.0
9774,11,0,0.0
11582,1,0,0.0
13035,1,0,0.0
741,1,0,0.0
1038,1,0,0.0
3136,6,0,0.0
5312,1,0,0.0
7419,3,0,0.0
8804,9,0,0.0
8817,3,0,0.0
8878,1,0,0.0
9605,1,0,0.0
9949,1,0,0.0
11384,1,0,0.0
464,4,0,0.0
4878,2,0,0.0
5475,2,0,0.0
6377,2,0,0.0
6757,2,0,0.0
9003,1,0,0.0
9183,6,0,0.0
9248,3,0,0.0
9531,5,0,0.0
10023,2,0,0.0
10244,1,0,0.0
12784,2,0,0.0
12876,1,0,0.0
13058,1,0,0.0
1409,5,0,0.0
1587,1,0,0.0
2201,1,0,0.0
3064,2,0,0.0
5161,6,0,0.0
5185,2,0,0.0
7276,1,0,0.0
7322,2,0,0.0
7405,1,0,0.0
7623,1,0,0.0
8038,3,0,0.0
10441,4,0,0.0
11065,1,0,0.0
11366,1,0,0.0
12551,8,0,0.0
550,1,0,0.0
1283,6,0,0.0
1465,2,0,0.0
1648,1,0,0.0
2544,13,0,0.0
2843,6,0,0.0
3233,7,0,0.0
8175,1,0,0.0
12053,1,0,0.0
12058,3,0,0.0
352,5,0,0.0
2300,1,0,0.0
3775,10,0,0.0
5416,1,0,0.0
5637,1,0,0.0
7036,5,0,0.0
7608,1,0,0.0
8567,1,0,0.0
9072,1,0,0.0
9285,1,0,0.0
10406,1,0,0.0
10450,1,0,0.0
12327,1,0,0.0
1042,8,0,0.0
1604,2,0,0.0
1936,2,0,0.0
3507,1,0,0.0
4275,4,0,0.0
6922,1,0,0.0
7936,1,0,0.0
9646,4,0,0.0
10193,1,0,0.0
10989,1,0,0.0
287,1,0,0.0
1168,12,0,0.0
2285,2,0,0.0
4699,1,0,0.0
4869,4,0,0.0
4908,2,0,0.0
4965,1,0,0.0
5241,1,0,0.0
5352,27,0,0.0
5784,1,0,0.0
8182,2,0,0.0
8889,1,0,0.0
9179,1,0,0.0
11299,6,0,0.0
11819,14,0,0.0
11826,4,0,0.0
13245,3,0,0.0
2314,1,0,0.0
2472,5,0,0.0
2744,1,0,0.0
3307,1,0,0.0
4385,1,0,0.0
4696,1,0,0.0
4815,3,0,0.0
5340,5,0,0.0
5567,2,0,0.0
6731,3,0,0.0
8041,1,0,0.0
9194,1,0,0.0
9215,1,0,0.0
9337,1,0,0.0
9408,6,0,0.0
9520,2,0,0.0
10384,1,0,0.0
11910,1,0,0.0
12010,6,0,0.0
12324,15,0,0.0
12380,1,0,0.0
12764,31,0,0.0
990,1,0,0.0
1319,1,0,0.0
1712,23,0,0.0
2132,1,0,0.0
3009,1,0,0.0
3802,1,0,0.0
3945,13,0,0.0
7547,1,0,0.0
8149,20,0,0.0
8778,20,0,0.0
10139,2,0,0.0
11803,7,0,0.0
11806,5,0,0.0
12017,1,0,0.0
12976,1,0,0.0
60,8,0,0.0
2098,1,0,0.0
3081,4,0,0.0
3237,7,0,0.0
3684,1,0,0.0
3738,1,0,0.0
4050,6,0,0.0
6259,2,0,0.0
6586,8,0,0.0
6698,2,0,0.0
8386,2,0,0.0
9535,23,0,0.0
10118,1,0,0.0
11380,2,0,0.0
12426,1,0,0.0
12810,1,0,0.0
630,2,0,0.0
1919,3,0,0.0
2441,1,0,0.0
3311,10,0,0.0
6783,6,0,0.0
7010,15,0,0.0
9952,2,0,0.0
13184,1,0,0.0
640,1,0,0.0
1668,6,0,0.0
2508,3,0,0.0
3396,2,0,0.0
5184,1,0,0.0
5483,8,0,0.0
9881,9,0,0.0
10314,1,0,0.0
11277,2,0,0.0
11480,2,0,0.0
12294,15,0,0.0
12977,1,0,0.0
13181,1,0,0.0
151,6,0,0.0
724,1,0,0.0
899,1,0,0.0
1532,2,0,0.0
1579,1,0,0.0
4558,1,0,0.0
4746,1,0,0.0
6048,6,0,0.0
8988,3,0,0.0
11055,3,0,0.0
11726,4,0,0.0
1043,3,0,0.0
1909,9,0,0.0
5747,1,0,0.0
6021,1,0,0.0
10777,1,0,0.0
11236,1,0,0.0
11538,2,0,0.0
12272,13,0,0.0
1511,1,0,0.0
3041,3,0,0.0
3594,1,0,0.0
3722,1,0,0.0
4287,1,0,0.0
4990,2,0,0.0
5484,1,0,0.0
5623,2,0,0.0
5910,2,0,0.0
5928,1,0,0.0
6682,1,0,0.0
7207,8,0,0.0
7413,4,0,0.0
8162,1,0,0.0
8685,2,0,0.0
10126,5,0,0.0
940,4,0,0.0
1726,2,0,0.0
4527,1,0,0.0
4540,1,0,0.0
9260,1,0,0.0
10971,10,0,0.0
11009,12,0,0.0
478,4,0,0.0
1446,3,0,0.0
1854,10,0,0.0
2253,1,0,0.0
3603,1,0,0.0
5952,2,0,0.0
6121,4,0,0.0
6838,1,0,0.0
8841,1,0,0.0
10188,1,0,0.0
10508,2,0,0.0
11003,2,0,0.0
11244,3,0,0.0
11245,5,0,0.0
11595,1,0,0.0
11859,2,0,0.0
12389,1,0,0.0
12458,2,0,0.0
303,1,0,0.0
718,1,0,0.0
1105,1,0,0.0
1120,1,0,0.0
2390,1,0,0.0
3559,1,0,0.0
7622,2,0,0.0
8136,1,0,0.0
8357,2,0,0.0
9159,2,0,0.0
9591,13,0,0.0
10198,4,0,0.0
10221,10,0,0.0
11913,16,0,0.0
12721,4,0,0.0
1196,10,0,0.0
3977,1,0,0.0
4548,8,0,0.0
4755,7,0,0.0
5963,1,0,0.0
8301,1,0,0.0
10931,14,0,0.0
12254,3,0,0.0
2527,10,0,0.0
2936,1,0,0.0
2990,1,0,0.0
3342,21,0,0.0
3892,2,0,0.0
4801,3,0,0.0
5951,1,0,0.0
7695,1,0,0.0
9000,3,0,0.0
10575,1,0,0.0
11339,1,0,0.0
11575,11,0,0.0
12405,5,0,0.0
13176,1,0,0.0
865,1,0,0.0
2518,1,0,0.0
2693,1,0,0.0
2707,2,0,0.0
4269,1,0,0.0
4350,1,0,0.0
5430,1,0,0.0
5698,1,0,0.0
10157,1,0,0.0
10588,5,0,0.0
10705,3,0,0.0
11186,21,0,0.0
12643,1,0,0.0
12883,1,0,0.0
12900,1,0,0.0
726,19,0,0.0
2632,5,0,0.0
2916,1,0,0.0
3145,1,0,0.0
3362,1,0,0.0
4328,16,0,0.0
4378,2,0,0.0
5236,6,0,0.0
5525,1,0,0.0
5805,1,0,0.0
7654,8,0,0.0
8515,1,0,0.0
8623,4,0,0.0
9593,17,0,0.0
10357,2,0,0.0
11684,2,0,0.0
11846,2,0,0.0
11886,2,0,0.0
13150,1,0,0.0
11,6,0,0.0
421,2,0,0.0
1024,1,0,0.0
1794,24,0,0.0
2121,1,0,0.0
3367,1,0,0.0
3400,1,0,0.0
4213,2,0,0.0
4486,3,0,0.0
5332,2,0,0.0
6420,1,0,0.0
7386,1,0,0.0
9891,3,0,0.0
13032,4,0,0.0
508,1,0,0.0
541,10,0,0.0
1129,1,0,0.0
5654,8,0,0.0
6589,1,0,0.0
7801,1,0,0.0
8071,3,0,0.0
8371,1,0,0.0
8729,2,0,0.0
9075,1,0,0.0
9314,2,0,0.0
10372,2,0,0.0
10576,1,0,0.0
11275,6,0,0.0
11596,1,0,0.0
2459,6,0,0.0
3347,1,0,0.0
4096,1,0,0.0
4152,1,0,0.0
5674,29,0,0.0
6023,1,0,0.0
7913,1,0,0.0
9594,1,0,0.0
9838,4,0,0.0
10644,3,0,0.0
11481,2,0,0.0
12220,1,0,0.0
12726,1,0,0.0
4021,1,0,0.0
4372,1,0,0.0
8506,1,0,0.0
8757,1,0,0.0
9586,1,0,0.0
9910,2,0,0.0
9972,2,0,0.0
10273,1,0,0.0
10952,13,0,0.0
11802,1,0,0.0
910,3,0,0.0
1797,1,0,0.0
2024,2,0,0.0
4949,7,0,0.0
5379,5,0,0.0
6915,1,0,0.0
10196,3,0,0.0
11957,52,0,0.0
11968,3,0,0.0
13217,1,0,0.0
546,1,0,0.0
638,4,0,0.0
2101,3,0,0.0
3455,1,0,0.0
3460,5,0,0.0
3928,2,0,0.0
4895,2,0,0.0
6912,2,0,0.0
7371,1,0,0.0
7746,7,0,0.0
9579,1,0,0.0
9710,3,0,0.0
10258,17,0,0.0
10280,4,0,0.0
11403,2,0,0.0
11671,9,0,0.0
11889,3,0,0.0
344,1,0,0.0
1184,1,0,0.0
1658,5,0,0.0
2303,3,0,0.0
4165,1,0,0.0
6475,4,0,0.0
6492,2,0,0.0
6661,1,0,0.0
7235,1,0,0.0
7307,2,0,0.0
7586,1,0,0.0
7807,1,0,0.0
9212,1,0,0.0
10548,1,0,0.0
10707,17,0,0.0
11381,1,0,0.0
11474,3,0,0.0
12040,1,0,0.0
342,2,0,0.0
832,1,0,0.0
965,4,0,0.0
1629,1,0,0.0
3360,1,0,0.0
7450,3,0,0.0
8370,2,0,0.0
11109,1,0,0.0
11466,9,0,0.0
11907,1,0,0.0
199,3,0,0.0
242,4,0,0.0
2049,1,0,0.0
5159,1,0,0.0
5205,6,0,0.0
5519,2,0,0.0
8142,9,0,0.0
8617,1,0,0.0
9025,1,0,0.0
9308,2,0,0.0
9661,1,0,0.0
11336,5,0,0.0
13019,4,0,0.0
13197,1,0,0.0
248,2,0,0.0
1106,13,0,0.0
2617,1,0,0.0
3355,1,0,0.0
3948,4,0,0.0
6220,1,0,0.0
7085,1,0,0.0
7585,1,0,0.0
8195,3,0,0.0
8575,6,0,0.0
9149,2,0,0.0
9356,8,0,0.0
11053,1,0,0.0
11325,4,0,0.0
11877,3,0,0.0
11879,1,0,0.0
1312,55,0,0.0
1954,1,0,0.0
2334,2,0,0.0
5060,1,0,0.0
5991,6,0,0.0
6889,2,0,0.0
7016,6,0,0.0
7134,2,0,0.0
7471,2,0,0.0
8726,1,0,0.0
9772,1,0,0.0
9803,2,0,0.0
9826,1,0,0.0
9876,1,0,0.0
10337,2,0,0.0
11857,20,0,0.0
79,1,0,0.0
5703,1,0,0.0
5820,1,0,0.0
6037,1,0,0.0
6196,1,0,0.0
6246,1,0,0.0
6519,3,0,0.0
8944,6,0,0.0
10256,1,0,0.0
11668,1,0,0.0
12747,1,0,0.0
131,1,0,0.0
149,1,0,0.0
1070,2,0,0.0
2166,4,0,0.0
2419,8,0,0.0
2624,2,0,0.0
3107,12,0,0.0
3130,12,0,0.0
3988,2,0,0.0
4065,1,0,0.0
4883,1,0,0.0
5314,2,0,0.0
7625,1,0,0.0
7670,1,0,0.0
8253,1,0,0.0
9261,1,0,0.0
9665,1,0,0.0
10749,15,0,0.0
12239,1,0,0.0
365,3,0,0.0
1691,1,0,0.0
1839,1,0,0.0
3344,3,0,0.0
3737,1,0,0.0
4194,16,0,0.0
6049,1,0,0.0
6208,3,0,0.0
6355,2,0,0.0
6681,1,0,0.0
7045,1,0,0.0
7167,3,0,0.0
7916,1,0,0.0
8535,1,0,0.0
8582,1,0,0.0
8991,5,0,0.0
9136,4,0,0.0
905,8,0,0.0
1612,36,0,0.0
1819,1,0,0.0
4783,1,0,0.0
4836,9,0,0.0
6596,1,0,0.0
6777,11,0,0.0
7374,3,0,0.0
7577,8,0,0.0
7778,2,0,0.0
8097,1,0,0.0
8781,13,0,0.0
8806,5,0,0.0
9999,6,0,0.0
10048,1,0,0.0
11392,1,0,0.0
12183,1,0,0.0
12521,4,0,0.0
573,55,0,0.0
1503,1,0,0.0
1885,1,0,0.0
3321,1,0,0.0
3329,1,0,0.0
4128,1,0,0.0
4236,1,0,0.0
4671,1,0,0.0
4724,1,0,0.0
6269,2,0,0.0
6645,1,0,0.0
7658,15,0,0.0
8103,1,0,0.0
10175,1,0,0.0
10185,2,0,0.0
11756,5,0,0.0
12735,1,0,0.0
12985,1,0,0.0
124,1,0,0.0
571,2,0,0.0
2073,1,0,0.0
3348,1,0,0.0
3503,1,0,0.0
4129,1,0,0.0
4580,1,0,0.0
8890,1,0,0.0
9856,3,0,0.0
9916,1,0,0.0
11769,2,0,0.0
11916,1,0,0.0
3225,1,0,0.0
3315,1,0,0.0
3768,3,0,0.0
4955,9,0,0.0
5459,1,0,0.0
6250,2,0,0.0
7162,2,0,0.0
9080,7,0,0.0
9808,1,0,0.0
11448,1,0,0.0
12019,1,0,0.0
12820,1,0,0.0
13144,10,0,0.0
2243,6,0,0.0
3372,3,0,0.0
4141,4,0,0.0
6148,1,0,0.0
7015,2,0,0.0
7018,4,0,0.0
7643,1,0,0.0
8908,10,0,0.0
9185,2,0,0.0
11322,1,0,0.0
11600,1,0,0.0
12233,1,0,0.0
12317,1,0,0.0
12590,1,0,0.0
12798,1,0,0.0
313,3,0,0.0
652,2,0,0.0
901,2,0,0.0
2543,4,0,0.0
3033,4,0,0.0
4996,6,0,0.0
5364,3,0,0.0
6627,5,0,0.0
8077,20,0,0.0
8224,1,0,0.0
9143,3,0,0.0
9503,2,0,0.0
10655,1,0,0.0
10689,2,0,0.0
11963,1,0,0.0
12142,2,0,0.0
12312,1,0,0.0
12945,1,0,0.0
3371,1,0,0.0
3758,1,0,0.0
4029,3,0,0.0
4085,2,0,0.0
5537,1,0,0.0
7137,2,0,0.0
7922,1,0,0.0
8000,1,0,0.0
10842,2,0,0.0
11583,1,0,0.0
11837,1,0,0.0
46,1,0,0.0
2949,25,0,0.0
4776,44,0,0.0
5882,2,0,0.0
8733,7,0,0.0
9496,1,0,0.0
9924,1,0,0.0
10908,6,0,0.0
535,4,0,0.0
7592,1,0,0.0
9359,4,0,0.0
10120,1,0,0.0
10500,1,0,0.0
11417,1,0,0.0
12402,2,0,0.0
12527,28,0,0.0
632,3,0,0.0
681,2,0,0.0
964,1,0,0.0
1392,1,0,0.0
2423,5,0,0.0
2621,1,0,0.0
3581,9,0,0.0
4207,2,0,0.0
5002,4,0,0.0
5419,1,0,0.0
5681,2,0,0.0
8013,22,0,0.0
9244,2,0,0.0
9304,8,0,0.0
10439,3,0,0.0
11945,1,0,0.0
1178,2,0,0.0
1481,2,0,0.0
1674,4,0,0.0
3156,1,0,0.0
3363,3,0,0.0
4674,1,0,0.0
5170,1,0,0.0
7904,7,0,0.0
8265,1,0,0.0
8485,1,0,0.0
864,1,0,0.0
1054,1,0,0.0
1429,1,0,0.0
1948,1,0,0.0
3057,5,0,0.0
5073,1,0,0.0
5837,9,0,0.0
7224,2,0,0.0
7527,15,0,0.0
10809,1,0,0.0
11157,4,0,0.0
12413,2,0,0.0
1067,1,0,0.0
2815,1,0,0.0
2913,1,0,0.0
3838,17,0,0.0
4108,2,0,0.0
4303,1,0,0.0
8275,2,0,0.0
8471,1,0,0.0
8517,1,0,0.0
9111,9,0,0.0
10624,1,0,0.0
11074,1,0,0.0
12438,4,0,0.0
4986,2,0,0.0
5275,31,0,0.0
6315,5,0,0.0
7679,3,0,0.0
8072,6,0,0.0
8304,2,0,0.0
8618,1,0,0.0
11093,1,0,0.0
11855,4,0,0.0
12105,2,0,0.0
745,5,0,0.0
1734,1,0,0.0
2002,1,0,0.0
2658,12,0,0.0
4331,1,0,0.0
4398,1,0,0.0
6526,1,0,0.0
8518,2,0,0.0
8871,1,0,0.0
8897,4,0,0.0
10242,13,0,0.0
12813,2,0,0.0
13192,1,0,0.0
2117,2,0,0.0
4330,1,0,0.0
4707,5,0,0.0
6118,6,0,0.0
6735,2,0,0.0
7390,4,0,0.0
7858,1,0,0.0
8796,1,0,0.0
9250,2,0,0.0
9381,1,0,0.0
10192,1,0,0.0
11499,11,0,0.0
12177,1,0,0.0
13232,1,0,0.0
755,2,0,0.0
1117,3,0,0.0
2509,1,0,0.0
4574,7,0,0.0
5673,3,0,0.0
7729,1,0,0.0
10191,1,0,0.0
11359,6,0,0.0
11371,2,0,0.0
483,1,0,0.0
643,45,0,0.0
1803,3,0,0.0
2118,1,0,0.0
5544,1,0,0.0
5636,2,0,0.0
6092,2,0,0.0
6413,1,0,0.0
6590,1,0,0.0
7062,4,0,0.0
8394,5,0,0.0
8764,2,0,0.0
9543,1,0,0.0
12074,1,0,0.0
134,2,0,0.0
584,4,0,0.0
841,1,0,0.0
1933,4,0,0.0
2973,4,0,0.0
3088,2,0,0.0
3291,1,0,0.0
4234,2,0,0.0
5107,17,0,0.0
10936,3,0,0.0
12406,1,0,0.0
13161,2,0,0.0
4811,1,0,0.0
5530,12,0,0.0
5833,1,0,0.0
6799,5,0,0.0
9277,1,0,0.0
9908,1,0,0.0
10420,4,0,0.0
617,4,0,0.0
963,18,0,0.0
5289,4,0,0.0
6496,2,0,0.0
7000,12,0,0.0
7505,1,0,0.0
8261,1,0,0.0
9509,1,0,0.0
12664,2,0,0.0
187,2,0,0.0
208,3,0,0.0
2208,4,0,0.0
2370,1,0,0.0
3444,3,0,0.0
3778,1,0,0.0
4484,1,0,0.0
5745,1,0,0.0
5990,1,0,0.0
8754,3,0,0.0
10110,2,0,0.0
10218,1,0,0.0
11632,1,0,0.0
12682,5,0,0.0
12973,1,0,0.0
1413,18,0,0.0
3376,1,0,0.0
3406,20,0,0.0
3825,1,0,0.0
4173,3,0,0.0
5391,14,0,0.0
5581,11,0,0.0
6153,4,0,0.0
6438,26,0,0.0
6634,1,0,0.0
6819,18,0,0.0
7476,2,0,0.0
7874,2,0,0.0
7999,16,0,0.0
12444,1,0,0.0
14570,8,0,0.0
17420,2,0,0.0
18866,4,0,0.0
19204,3,0,0.0
19530,38,0,0.0
20135,1,0,0.0
20735,3,0,0.0
20924,1,0,0.0
22223,9,0,0.0
22346,3,0,0.0
23364,12,0,0.0
23571,1,0,0.0
24171,7,0,0.0
14148,7,0,0.0
14423,1,0,0.0
14465,2,0,0.0
15967,5,0,0.0
19499,1,0,0.0
19614,1,0,0.0
19873,1,0,0.0
19878,1,0,0.0
20396,1,0,0.0
20596,1,0,0.0
21715,1,0,0.0
22021,1,0,0.0
23455,2,0,0.0
13910,2,0,0.0
14714,7,0,0.0
14997,1,0,0.0
15173,1,0,0.0
15655,2,0,0.0
16283,1,0,0.0
16680,2,0,0.0
16791,1,0,0.0
17028,4,0,0.0
17837,1,0,0.0
22609,3,0,0.0
22684,1,0,0.0
24630,1,0,0.0
17223,32,0,0.0
18043,26,0,0.0
18828,4,0,0.0
20170,1,0,0.0
20425,1,0,0.0
21761,9,0,0.0
21938,1,0,0.0
22107,1,0,0.0
22225,11,0,0.0
23086,3,0,0.0
23123,2,0,0.0
23193,7,0,0.0
23267,3,0,0.0
23439,6,0,0.0
13398,13,0,0.0
13765,3,0,0.0
14660,3,0,0.0
14779,5,0,0.0
15535,4,0,0.0
15960,2,0,0.0
16094,3,0,0.0
17836,3,0,0.0
17950,1,0,0.0
20485,26,0,0.0
21035,1,0,0.0
21389,4,0,0.0
21978,1,0,0.0
23286,5,0,0.0
14458,1,0,0.0
15026,1,0,0.0
15594,1,0,0.0
17036,1,0,0.0
17346,10,0,0.0
17438,33,0,0.0
18831,1,0,0.0
20789,5,0,0.0
22116,1,0,0.0
23479,1,0,0.0
23740,9,0,0.0
24482,17,0,0.0
24587,1,0,0.0
24633,1,0,0.0
25259,20,0,0.0
13313,1,0,0.0
14477,1,0,0.0
14812,2,0,0.0
16255,1,0,0.0
16391,4,0,0.0
19092,2,0,0.0
20631,11,0,0.0
20982,13,0,0.0
22003,1,0,0.0
23403,1,0,0.0
15348,7,0,0.0
16835,1,0,0.0
16954,14,0,0.0
17502,3,0,0.0
19976,2,0,0.0
20409,1,0,0.0
22695,1,0,0.0
22857,2,0,0.0
23303,4,0,0.0
23609,14,0,0.0
23696,4,0,0.0
24168,3,0,0.0
24740,1,0,0.0
14058,1,0,0.0
15091,2,0,0.0
15270,1,0,0.0
18613,2,0,0.0
19358,1,0,0.0
22983,1,0,0.0
23581,1,0,0.0
23974,1,0,0.0
25146,36,0,0.0
13967,3,0,0.0
16813,1,0,0.0
17430,32,0,0.0
18652,7,0,0.0
19532,3,0,0.0
19862,1,0,0.0
20125,19,0,0.0
20540,4,0,0.0
21049,1,0,0.0
21073,16,0,0.0
21200,67,0,0.0
25081,1,0,0.0
14801,5,0,0.0
15497,2,0,0.0
17388,25,0,0.0
19996,2,0,0.0
20097,1,0,0.0
21756,1,0,0.0
22158,5,0,0.0
23371,1,0,0.0
23986,1,0,0.0
23994,4,0,0.0
24650,1,0,0.0
25099,5,0,0.0
25292,2,0,0.0
14935,1,0,0.0
15902,4,0,0.0
16375,1,0,0.0
18030,1,0,0.0
18105,6,0,0.0
20331,4,0,0.0
20452,1,0,0.0
21232,1,0,0.0
14410,1,0,0.0
14501,3,0,0.0
15479,2,0,0.0
16930,4,0,0.0
17798,7,0,0.0
18258,4,0,0.0
18390,2,0,0.0
19113,2,0,0.0
19264,3,0,0.0
20804,18,0,0.0
23683,2,0,0.0
24094,1,0,0.0
25196,2,0,0.0
13904,1,0,0.0
14525,1,0,0.0
14554,16,0,0.0
14558,3,0,0.0
15060,13,0,0.0
15398,8,0,0.0
17647,5,0,0.0
19810,1,0,0.0
21130,15,0,0.0
21884,4,0,0.0
22432,4,0,0.0
23120,4,0,0.0
14814,1,0,0.0
17890,10,0,0.0
18693,2,0,0.0
20917,11,0,0.0
21531,6,0,0.0
21935,1,0,0.0
22678,7,0,0.0
23137,20,0,0.0
23872,2,0,0.0
23898,1,0,0.0
24953,1,0,0.0
14177,3,0,0.0
15666,1,0,0.0
18406,1,0,0.0
18821,2,0,0.0
19752,6,0,0.0
20496,1,0,0.0
21053,3,0,0.0
21276,15,0,0.0
21915,1,0,0.0
22409,1,0,0.0
23447,4,0,0.0
23860,3,0,0.0
24632,13,0,0.0
15062,2,0,0.0
15138,7,0,0.0
15262,1,0,0.0
18113,2,0,0.0
19337,1,0,0.0
19509,1,0,0.0
22142,14,0,0.0
23839,1,0,0.0
24631,1,0,0.0
25060,1,0,0.0
15132,1,0,0.0
16326,15,0,0.0
16885,1,0,0.0
18096,1,0,0.0
19119,5,0,0.0
19242,2,0,0.0
20575,3,0,0.0
22173,2,0,0.0
22202,1,0,0.0
22262,5,0,0.0
22918,1,0,0.0
23053,17,0,0.0
25024,1,0,0.0
25189,1,0,0.0
25217,1,0,0.0
14274,2,0,0.0
16015,1,0,0.0
16352,2,0,0.0
17053,7,0,0.0
17312,1,0,0.0
20378,1,0,0.0
20381,2,0,0.0
20932,5,0,0.0
21030,1,0,0.0
21034,2,0,0.0
23877,7,0,0.0
15203,1,0,0.0
16150,2,0,0.0
16243,1,0,0.0
16571,39,0,0.0
16969,1,0,0.0
17476,4,0,0.0
21330,3,0,0.0
22025,1,0,0.0
22217,6,0,0.0
22326,1,0,0.0
22844,6,0,0.0
23942,1,0,0.0
24792,1,0,0.0
25247,1,0,0.0
14096,3,0,0.0
14375,11,0,0.0
14888,7,0,0.0
15345,6,0,0.0
15440,3,0,0.0
15563,1,0,0.0
18618,1,0,0.0
21411,1,0,0.0
23025,1,0,0.0
24460,1,0,0.0
13477,1,0,0.0
13713,8,0,0.0
15224,1,0,0.0
16289,1,0,0.0
16303,3,0,0.0
17345,1,0,0.0
17448,4,0,0.0
17811,10,0,0.0
18170,4,0,0.0
19889,1,0,0.0
20459,3,0,0.0
22135,1,0,0.0
22442,1,0,0.0
23323,3,0,0.0
24061,2,0,0.0
24535,1,0,0.0
14292,6,0,0.0
15636,9,0,0.0
15905,1,0,0.0
16114,1,0,0.0
16138,3,0,0.0
17966,2,0,0.0
19148,1,0,0.0
21580,3,0,0.0
21614,3,0,0.0
14462,1,0,0.0
17536,1,0,0.0
20155,1,0,0.0
20902,1,0,0.0
22104,1,0,0.0
22640,2,0,0.0
22953,10,0,0.0
23378,4,0,0.0
24546,2,0,0.0
15696,3,0,0.0
16515,9,0,0.0
17685,1,0,0.0
18012,1,0,0.0
20840,2,0,0.0
22080,1,0,0.0
22864,6,0,0.0
24841,5,0,0.0
24889,4,0,0.0
24900,6,0,0.0
24962,1,0,0.0
13766,1,0,0.0
14831,1,0,0.0
16316,1,0,0.0
16693,5,0,0.0
17503,13,0,0.0
17706,3,0,0.0
18036,1,0,0.0
18166,1,0,0.0
19925,1,0,0.0
20774,1,0,0.0
21584,2,0,0.0
22519,1,0,0.0
22628,2,0,0.0
24231,21,0,0.0
16057,3,0,0.0
16483,1,0,0.0
17974,1,0,0.0
21122,1,0,0.0
23365,1,0,0.0
25005,3,0,0.0
25094,11,0,0.0
14351,23,0,0.0
15543,1,0,0.0
16394,1,0,0.0
16695,2,0,0.0
18129,3,0,0.0
18371,5,0,0.0
21417,2,0,0.0
22392,1,0,0.0
22461,7,0,0.0
22656,1,0,0.0
22854,80,0,0.0
23234,1,0,0.0
23514,1,0,0.0
24915,8,0,0.0
13344,3,0,0.0
14327,2,0,0.0
15991,4,0,0.0
16073,1,0,0.0
16348,1,0,0.0
16470,1,0,0.0
16609,3,0,0.0
17692,3,0,0.0
17715,3,0,0.0
18169,3,0,0.0
18509,1,0,0.0
18862,2,0,0.0
19995,1,0,0.0
20930,1,0,0.0
21019,2,0,0.0
21691,12,0,0.0
22350,1,0,0.0
23425,2,0,0.0
24209,1,0,0.0
24326,1,0,0.0
13975,2,0,0.0
15452,2,0,0.0
16145,1,0,0.0
17094,1,0,0.0
18191,1,0,0.0
19297,16,0,0.0
21452,3,0,0.0
21519,3,0,0.0
21944,14,0,0.0
22690,1,0,0.0
23765,3,0,0.0
24436,2,0,0.0
24466,1,0,0.0
24471,6,0,0.0
13965,3,0,0.0
17805,5,0,0.0
21829,5,0,0.0
22150,2,0,0.0
22863,4,0,0.0
23311,1,0,0.0
24225,3,0,0.0
13517,5,0,0.0
14139,13,0,0.0
14474,2,0,0.0
15163,1,0,0.0
16155,8,0,0.0
16637,1,0,0.0
16657,2,0,0.0
16732,1,0,0.0
16917,2,0,0.0
16952,1,0,0.0
17447,4,0,0.0
17817,10,0,0.0
17915,1,0,0.0
17946,1,0,0.0
21984,1,0,0.0
23851,1,0,0.0
24395,10,0,0.0
24596,5,0,0.0
25193,2,0,0.0
14564,5,0,0.0
15549,1,0,0.0
15958,1,0,0.0
16285,2,0,0.0
16516,1,0,0.0
16853,17,0,0.0
18445,1,0,0.0
20122,1,0,0.0
22244,1,0,0.0
24106,6,0,0.0
24189,30,0,0.0
13993,10,0,0.0
14538,7,0,0.0
15719,3,0,0.0
15942,1,0,0.0
16389,5,0,0.0
17295,1,0,0.0
18059,1,0,0.0
18173,1,0,0.0
18483,1,0,0.0
21669,12,0,0.0
22565,1,0,0.0
23078,1,0,0.0
14257,3,0,0.0
14656,3,0,0.0
14743,2,0,0.0
15034,1,0,0.0
17033,3,0,0.0
18399,3,0,0.0
21712,4,0,0.0
21739,3,0,0.0
22089,2,0,0.0
22430,1,0,0.0
22580,2,0,0.0
23250,3,0,0.0
23476,3,0,0.0
23882,3,0,0.0
24276,1,0,0.0
24623,8,0,0.0
25127,1,0,0.0
14291,1,0,0.0
14638,6,0,0.0
15702,2,0,0.0
22512,6,0,0.0
23547,3,0,0.0
24429,1,0,0.0
25284,1,0,0.0
13698,9,0,0.0
14488,1,0,0.0
14988,4,0,0.0
15027,1,0,0.0
15190,15,0,0.0
20637,4,0,0.0
20768,2,0,0.0
23731,2,0,0.0
23999,3,0,0.0
24453,1,0,0.0
14297,1,0,0.0
14717,1,0,0.0
15506,4,0,0.0
16687,3,0,0.0
17543,3,0,0.0
18851,1,0,0.0
21332,1,0,0.0
22062,3,0,0.0
22110,1,0,0.0
22840,1,0,0.0
24393,1,0,0.0
13859,2,0,0.0
14113,2,0,0.0
14354,1,0,0.0
15984,2,0,0.0
16052,3,0,0.0
16591,4,0,0.0
18015,1,0,0.0
18140,3,0,0.0
18778,4,0,0.0
21579,2,0,0.0
23321,5,0,0.0
24129,3,0,0.0
24348,1,0,0.0
25039,10,0,0.0
25087,1,0,0.0
13951,1,0,0.0
14278,6,0,0.0
16411,1,0,0.0
16949,15,0,0.0
16971,13,0,0.0
19938,1,0,0.0
20625,2,0,0.0
21177,1,0,0.0
21869,2,0,0.0
23418,1,0,0.0
25014,1,0,0.0
14949,1,0,0.0
16887,1,0,0.0
20477,1,0,0.0
20604,2,0,0.0
20967,3,0,0.0
22623,45,0,0.0
23567,1,0,0.0
23704,1,0,0.0
14349,1,0,0.0
16960,1,0,0.0
17155,11,0,0.0
17156,1,0,0.0
17268,2,0,0.0
17744,1,0,0.0
18301,6,0,0.0
18605,1,0,0.0
19788,6,0,0.0
20083,2,0,0.0
20670,10,0,0.0
21033,5,0,0.0
21287,1,0,0.0
23989,3,0,0.0
25300,14,0,0.0
14417,2,0,0.0
14841,1,0,0.0
15059,6,0,0.0
17179,1,0,0.0
17457,2,0,0.0
21820,1,0,0.0
22645,1,0,0.0
24335,1,0,0.0
24990,1,0,0.0
13251,1,0,0.0
14254,1,0,0.0
15403,4,0,0.0
15725,14,0,0.0
16372,1,0,0.0
17874,3,0,0.0
17959,1,0,0.0
18171,1,0,0.0
20060,1,0,0.0
20232,1,0,0.0
20571,7,0,0.0
21575,5,0,0.0
21604,3,0,0.0
22255,20,0,0.0
22568,2,0,0.0
23959,1,0,0.0
24412,1,0,0.0
14144,1,0,0.0
15631,1,0,0.0
15724,7,0,0.0
17433,1,0,0.0
18936,24,0,0.0
19837,1,0,0.0
19876,5,0,0.0
24327,7,0,0.0
24554,2,0,0.0
14347,1,0,0.0
14355,1,0,0.0
15562,2,0,0.0
17574,6,0,0.0
17772,9,0,0.0
18840,1,0,0.0
22014,1,0,0.0
22631,1,0,0.0
22820,1,0,0.0
16909,1,0,0.0
17894,1,0,0.0
18124,2,0,0.0
18494,1,0,0.0
18707,1,0,0.0
19077,3,0,0.0
21565,1,0,0.0
21840,9,0,0.0
22234,1,0,0.0
22451,1,0,0.0
22481,13,0,0.0
22626,3,0,0.0
23899,1,0,0.0
24145,3,0,0.0
13424,3,0,0.0
13702,1,0,0.0
15482,1,0,0.0
18886,2,0,0.0
19336,11,0,0.0
25098,9,0,0.0
14031,1,0,0.0
14542,1,0,0.0
19831,2,0,0.0
20016,14,0,0.0
21137,1,0,0.0
21206,1,0,0.0
21651,1,0,0.0
22630,1,0,0.0
24104,1,0,0.0
24226,2,0,0.0
25020,15,0,0.0
13554,7,0,0.0
13674,2,0,0.0
13825,1,0,0.0
15238,2,0,0.0
16165,1,0,0.0
16547,8,0,0.0
17192,4,0,0.0
17728,1,0,0.0
20429,1,0,0.0
22243,1,0,0.0
22473,2,0,0.0
22786,9,0,0.0
13696,8,0,0.0
15128,1,0,0.0
15280,2,0,0.0
15896,1,0,0.0
18253,8,0,0.0
19324,7,0,0.0
19703,1,0,0.0
20934,2,0,0.0
21415,1,0,0.0
22570,1,0,0.0
22709,3,0,0.0
24287,4,0,0.0
24718,10,0,0.0
13749,2,0,0.0
14248,4,0,0.0
16664,2,0,0.0
16863,1,0,0.0
18388,10,0,0.0
19997,8,0,0.0
20710,1,0,0.0
21620,40,0,0.0
24754,17,0,0.0
25287,1,0,0.0
13459,4,0,0.0
16001,2,0,0.0
16507,1,0,0.0
16587,16,0,0.0
16805,2,0,0.0
17274,1,0,0.0
17949,15,0,0.0
18659,1,0,0.0
21216,1,0,0.0
23625,3,0,0.0
24265,2,0,0.0
24341,4,0,0.0
24870,4,0,0.0
13768,18,0,0.0
14275,1,0,0.0
15114,1,0,0.0
15934,1,0,0.0
16247,8,0,0.0
16536,1,0,0.0
16979,1,0,0.0
17629,6,0,0.0
19288,3,0,0.0
20191,5,0,0.0
22542,1,0,0.0
22729,2,0,0.0
24600,1,0,0.0
25000,2,0,0.0
13670,6,0,0.0
14475,1,0,0.0
16098,5,0,0.0
17510,1,0,0.0
17948,1,0,0.0
20237,1,0,0.0
22499,3,0,0.0
23087,1,0,0.0
23335,2,0,0.0
23359,2,0,0.0
13761,2,0,0.0
16122,4,0,0.0
16147,1,0,0.0
17634,24,0,0.0
20456,3,0,0.0
20843,5,0,0.0
21696,1,0,0.0
22936,2,0,0.0
23363,1,0,0.0
25044,7,0,0.0
13556,1,0,0.0
14510,1,0,0.0
14640,3,0,0.0
15113,3,0,0.0
16820,2,0,0.0
16926,6,0,0.0
18099,3,0,0.0
18698,1,0,0.0
19973,2,0,0.0
20047,6,0,0.0
20145,9,0,0.0
21708,1,0,0.0
23644,1,0,0.0
24080,8,0,0.0
24166,1,0,0.0
24222,2,0,0.0
13423,2,0,0.0
21971,2,0,0.0
23106,21,0,0.0
23332,3,0,0.0
23650,18,0,0.0
16840,1,0,0.0
17385,15,0,0.0
18898,1,0,0.0
18989,2,0,0.0
19283,1,0,0.0
20911,1,0,0.0
22563,3,0,0.0
23116,30,0,0.0
14084,27,0,0.0
14968,5,0,0.0
18938,6,0,0.0
20304,2,0,0.0
22421,6,0,0.0
24423,7,0,0.0
25226,1,0,0.0
13407,2,0,0.0
14280,2,0,0.0
14579,19,0,0.0
15901,4,0,0.0
16612,7,0,0.0
17249,1,0,0.0
21181,2,0,0.0
22169,9,0,0.0
24361,9,0,0.0
24838,1,0,0.0
13616,2,0,0.0
13955,1,0,0.0
15662,1,0,0.0
17958,19,0,0.0
18121,1,0,0.0
18369,4,0,0.0
18899,1,0,0.0
21285,1,0,0.0
22344,1,0,0.0
22465,3,0,0.0
23474,1,0,0.0
23725,12,0,0.0
24120,3,0,0.0
24307,2,0,0.0
14382,4,0,0.0
14476,2,0,0.0
14527,1,0,0.0
15825,1,0,0.0
16358,1,0,0.0
19776,1,0,0.0
22406,2,0,0.0
23698,25,0,0.0
24116,1,0,0.0
14825,18,0,0.0
16445,2,0,0.0
16846,1,0,0.0
17062,7,0,0.0
20698,9,0,0.0
22945,2,0,0.0
22984,1,0,0.0
23306,8,0,0.0
15635,2,0,0.0
16390,1,0,0.0
16457,1,0,0.0
18040,2,0,0.0
18506,2,0,0.0
20190,2,0,0.0
21995,3,0,0.0
22037,36,0,0.0
25113,1,0,0.0
25151,10,0,0.0
25272,1,0,0.0
25336,14,0,0.0
14416,1,0,0.0
15853,3,0,0.0
17888,2,0,0.0
18882,3,0,0.0
20101,33,0,0.0
21001,1,0,0.0
22312,1,0,0.0
22775,4,0,0.0
16509,2,0,0.0
16777,1,0,0.0
17906,1,0,0.0
19289,10,0,0.0
20157,1,0,0.0
20748,10,0,0.0
21057,2,0,0.0
21084,1,0,0.0
24257,1,0,0.0
24914,2,0,0.0
13927,1,0,0.0
14108,5,0,0.0
14586,1,0,0.0
15684,6,0,0.0
16539,1,0,0.0
18514,1,0,0.0
19210,1,0,0.0
20265,1,0,0.0
21731,3,0,0.0
21960,2,0,0.0
22445,1,0,0.0
25147,15,0,0.0
14038,1,0,0.0
16297,2,0,0.0
18409,1,0,0.0
19026,1,0,0.0
19801,9,0,0.0
21153,2,0,0.0
22768,1,0,0.0
23712,3,0,0.0
24837,6,0,0.0
13619,4,0,0.0
14990,1,0,0.0
16899,1,0,0.0
17160,2,0,0.0
17455,1,0,0.0
17643,1,0,0.0
19378,1,0,0.0
19442,1,0,0.0
19750,1,0,0.0
19972,1,0,0.0
20436,1,0,0.0
20755,1,0,0.0
13641,1,0,0.0
13711,3,0,0.0
14724,1,0,0.0
18551,8,0,0.0
20336,4,0,0.0
21478,10,0,0.0
23552,3,0,0.0
23570,1,0,0.0
23776,2,0,0.0
24830,7,0,0.0
14246,1,0,0.0
14499,1,0,0.0
14584,1,0,0.0
17291,1,0,0.0
17742,2,0,0.0
17965,1,0,0.0
18511,14,0,0.0
18599,1,0,0.0
19786,43,0,0.0
20553,2,0,0.0
21673,1,0,0.0
22125,10,0,0.0
22139,1,0,0.0
22348,7,0,0.0
22584,14,0,0.0
22726,1,0,0.0
23940,1,0,0.0
24467,1,0,0.0
16495,1,0,0.0
17245,1,0,0.0
19675,1,0,0.0
20098,5,0,0.0
21749,1,0,0.0
22101,1,0,0.0
22401,1,0,0.0
23248,1,0,0.0
23844,1,0,0.0
23960,1,0,0.0
24388,2,0,0.0
24686,6,0,0.0
24732,2,0,0.0
25097,7,0,0.0
16341,1,0,0.0
18211,3,0,0.0
19300,5,0,0.0
19945,2,0,0.0
20045,1,0,0.0
23014,2,0,0.0
23956,7,0,0.0
24923,7,0,0.0
13381,3,0,0.0
15204,1,0,0.0
17484,1,0,0.0
17524,1,0,0.0
17608,7,0,0.0
17694,13,0,0.0
19605,3,0,0.0
20096,2,0,0.0
21352,1,0,0.0
21800,3,0,0.0
24751,1,0,0.0
25037,6,0,0.0
13615,1,0,0.0
14237,1,0,0.0
17100,1,0,0.0
17935,2,0,0.0
19661,1,0,0.0
19735,3,0,0.0
20689,2,0,0.0
20880,5,0,0.0
22147,9,0,0.0
22657,2,0,0.0
14244,2,0,0.0
14326,1,0,0.0
17046,1,0,0.0
18092,1,0,0.0
18728,8,0,0.0
19046,13,0,0.0
19498,1,0,0.0
19645,1,0,0.0
22975,1,0,0.0
23686,1,0,0.0
24349,1,0,0.0
14838,2,0,0.0
17660,1,0,0.0
18376,1,0,0.0
20885,1,0,0.0
21072,2,0,0.0
21184,1,0,0.0
21548,2,0,0.0
22535,1,0,0.0
23190,1,0,0.0
23272,1,0,0.0
23393,1,0,0.0
24133,14,0,0.0
24537,1,0,0.0
13681,11,0,0.0
15783,1,0,0.0
17358,6,0,0.0
17492,12,0,0.0
20035,4,0,0.0
21006,3,0,0.0
21316,3,0,0.0
21790,1,0,0.0
23270,9,0,0.0
23346,4,0,0.0
23525,2,0,0.0
15112,1,0,0.0
15353,4,0,0.0
18167,1,0,0.0
18891,2,0,0.0
18910,4,0,0.0
19959,1,0,0.0
21719,5,0,0.0
21974,1,0,0.0
23247,3,0,0.0
23415,2,0,0.0
24329,2,0,0.0
14872,1,0,0.0
16631,4,0,0.0
17152,1,0,0.0
17663,2,0,0.0
17779,3,0,0.0
19551,3,0,0.0
22902,1,0,0.0
14516,1,0,0.0
15174,1,0,0.0
16020,1,0,0.0
17478,2,0,0.0
17909,2,0,0.0
21656,1,0,0.0
22059,12,0,0.0
22485,8,0,0.0
25231,2,0,0.0
13553,2,0,0.0
13996,1,0,0.0
14348,7,0,0.0
16011,17,0,0.0
18716,5,0,0.0
21523,1,0,0.0
22198,1,0,0.0
22859,3,0,0.0
13687,1,0,0.0
13845,1,0,0.0
15693,1,0,0.0
15898,1,0,0.0
18091,1,0,0.0
20024,4,0,0.0
20764,9,0,0.0
23436,1,0,0.0
24086,3,0,0.0
14147,1,0,0.0
15384,1,0,0.0
15640,4,0,0.0
16096,1,0,0.0
16408,3,0,0.0
16824,1,0,0.0
21990,1,0,0.0
24391,1,0,0.0
24427,2,0,0.0
13454,1,0,0.0
14014,2,0,0.0
14067,3,0,0.0
16779,14,0,0.0
18841,1,0,0.0
23226,1,0,0.0
23576,1,0,0.0
24097,2,0,0.0
24995,5,0,0.0
13739,1,0,0.0
14231,1,0,0.0
14490,5,0,0.0
14494,23,0,0.0
14867,5,0,0.0
17620,2,0,0.0
18329,2,0,0.0
18931,1,0,0.0
20168,1,0,0.0
20355,5,0,0.0
20816,1,0,0.0
14782,1,0,0.0
14915,6,0,0.0
16522,1,0,0.0
17060,3,0,0.0
18615,2,0,0.0
21851,2,0,0.0
22663,1,0,0.0
23069,2,0,0.0
25110,4,0,0.0
13389,7,0,0.0
13824,1,0,0.0
16364,1,0,0.0
19140,1,0,0.0
19181,1,0,0.0
19412,2,0,0.0
20445,5,0,0.0
21718,5,0,0.0
22611,1,0,0.0
23386,1,0,0.0
23647,5,0,0.0
23651,6,0,0.0
24314,6,0,0.0
25028,1,0,0.0
14240,1,0,0.0
16271,4,0,0.0
16318,1,0,0.0
16363,1,0,0.0
16677,1,0,0.0
17164,1,0,0.0
17279,1,0,0.0
17971,1,0,0.0
18770,2,0,0.0
20510,4,0,0.0
21172,1,0,0.0
22453,1,0,0.0
25271,13,0,0.0
13330,1,0,0.0
14236,2,0,0.0
15343,1,0,0.0
16065,2,0,0.0
16560,10,0,0.0
16722,2,0,0.0
16862,1,0,0.0
17700,1,0,0.0
18009,1,0,0.0
22691,1,0,0.0
24283,3,0,0.0
24609,1,0,0.0
15595,1,0,0.0
16180,1,0,0.0
16290,1,0,0.0
19112,2,0,0.0
19236,1,0,0.0
22157,1,0,0.0
22427,2,0,0.0
25164,12,0,0.0
14295,3,0,0.0
14550,1,0,0.0
18115,2,0,0.0
18723,2,0,0.0
19232,11,0,0.0
20996,1,0,0.0
21765,17,0,0.0
24497,1,0,0.0
24520,1,0,0.0
25205,1,0,0.0
13963,2,0,0.0
14802,1,0,0.0
15654,8,0,0.0
16046,1,0,0.0
18205,3,0,0.0
18611,5,0,0.0
19388,2,0,0.0
20560,1,0,0.0
22604,19,0,0.0
23326,3,0,0.0
23435,1,0,0.0
23743,2,0,0.0
14753,1,0,0.0
15072,3,0,0.0
15671,1,0,0.0
16465,9,0,0.0
17485,12,0,0.0
17870,16,0,0.0
18510,1,0,0.0
18666,3,0,0.0
19050,1,0,0.0
20175,1,0,0.0
21961,48,0,0.0
24652,1,0,0.0
24768,9,0,0.0
25241,5,0,0.0
25338,1,0,0.0
14836,1,0,0.0
15215,6,0,0.0
16298,1,0,0.0
18667,6,0,0.0
18877,1,0,0.0
18894,17,0,0.0
19911,2,0,0.0
20850,2,0,0.0
21458,1,0,0.0
23849,1,0,0.0
25029,1,0,0.0
13450,18,0,0.0
13482,1,0,0.0
14426,1,0,0.0
14607,4,0,0.0
16611,3,0,0.0
16900,26,0,0.0
19648,4,0,0.0
19689,7,0,0.0
20615,4,0,0.0
20912,1,0,0.0
22511,22,0,0.0
22811,2,0,0.0
23240,2,0,0.0
13718,1,0,0.0
14440,1,0,0.0
16407,2,0,0.0
16794,15,0,0.0
17068,1,0,0.0
17243,2,0,0.0
17638,2,0,0.0
18709,6,0,0.0
18787,1,0,0.0
19237,20,0,0.0
22114,2,0,0.0
22728,7,0,0.0
23928,16,0,0.0
24111,3,0,0.0
24508,2,0,0.0
13348,1,0,0.0
14646,3,0,0.0
15308,6,0,0.0
16399,6,0,0.0
16661,16,0,0.0
17374,2,0,0.0
19697,2,0,0.0
20937,3,0,0.0
21146,8,0,0.0
23138,5,0,0.0
24032,1,0,0.0
15576,1,0,0.0
16334,1,0,0.0
19269,2,0,0.0
20440,1,0,0.0
21148,1,0,0.0
15484,2,0,0.0
16441,7,0,0.0
16990,1,0,0.0
19800,1,0,0.0
21767,3,0,0.0
23532,1,0,0.0
15042,2,0,0.0
15089,1,0,0.0
16010,1,0,0.0
18523,1,0,0.0
19360,5,0,0.0
21501,7,0,0.0
21810,1,0,0.0
22928,13,0,0.0
24491,9,0,0.0
24950,1,0,0.0
13283,1,0,0.0
13379,1,0,0.0
14222,2,0,0.0
15946,1,0,0.0
16067,1,0,0.0
16215,1,0,0.0
16633,1,0,0.0
19485,17,0,0.0
21716,1,0,0.0
22355,2,0,0.0
23841,1,0,0.0
24567,1,0,0.0
13268,1,0,0.0
14794,1,0,0.0
15970,1,0,0.0
17428,8,0,0.0
17583,1,0,0.0
20858,1,0,0.0
21477,4,0,0.0
22797,1,0,0.0
23997,1,0,0.0
15118,1,0,0.0
15131,26,0,0.0
16128,1,0,0.0
16309,8,0,0.0
17128,1,0,0.0
17579,2,0,0.0
17595,1,0,0.0
20322,2,0,0.0
20655,1,0,0.0
21742,1,0,0.0
21943,2,0,0.0
23200,1,0,0.0
25266,1,0,0.0
14146,6,0,0.0
14602,1,0,0.0
17580,1,0,0.0
17833,2,0,0.0
20104,27,0,0.0
21813,10,0,0.0
22052,1,0,0.0
22123,1,0,0.0
23702,1,0,0.0
23939,3,0,0.0
24473,4,0,0.0
13362,1,0,0.0
13651,1,0,0.0
13662,2,0,0.0
14071,1,0,0.0
14335,1,0,0.0
14383,1,0,0.0
16329,5,0,0.0
17799,1,0,0.0
18904,2,0,0.0
19713,3,0,0.0
20728,1,0,0.0
20829,12,0,0.0
21824,4,0,0.0
21879,2,0,0.0
22246,1,0,0.0
23764,11,0,0.0
24320,4,0,0.0
24389,1,0,0.0
24782,4,0,0.0
25229,1,0,0.0
13821,1,0,0.0
15005,1,0,0.0
17711,2,0,0.0
18453,3,0,0.0
19022,10,0,0.0
19370,1,0,0.0
21301,1,0,0.0
21315,2,0,0.0
21766,1,0,0.0
24616,1,0,0.0
24911,1,0,0.0
25311,1,0,0.0
13793,4,0,0.0
14211,28,0,0.0
14601,1,0,0.0
15344,1,0,0.0
15536,1,0,0.0
17534,3,0,0.0
21831,1,0,0.0
22108,2,0,0.0
22119,2,0,0.0
22567,9,0,0.0
23316,3,0,0.0
24170,2,0,0.0
25330,2,0,0.0
15390,52,0,0.0
17578,7,0,0.0
17725,2,0,0.0
18885,2,0,0.0
19245,2,0,0.0
19410,5,0,0.0
21594,5,0,0.0
22699,2,0,0.0
23071,1,0,0.0
23879,1,0,0.0
13636,5,0,0.0
14305,1,0,0.0
15210,1,0,0.0
16378,1,0,0.0
16650,5,0,0.0
18538,1,0,0.0
19455,2,0,0.0
20480,1,0,0.0
20531,3,0,0.0
21768,1,0,0.0
21920,20,0,0.0
22253,2,0,0.0
13809,1,0,0.0
16287,1,0,0.0
17738,2,0,0.0
21374,8,0,0.0
21397,3,0,0.0
21520,23,0,0.0
22049,2,0,0.0
22507,2,0,0.0
14057,1,0,0.0
14378,2,0,0.0
15680,1,0,0.0
16669,1,0,0.0
16814,1,0,0.0
17022,2,0,0.0
17406,49,0,0.0
17523,1,0,0.0
17710,1,0,0.0
17745,1,0,0.0
19956,13,0,0.0
20419,1,0,0.0
21921,3,0,0.0
23055,1,0,0.0
23345,1,0,0.0
24736,1,0,0.0
13599,1,0,0.0
15859,1,0,0.0
16528,1,0,0.0
16962,1,0,0.0
19122,1,0,0.0
20722,12,0,0.0
21400,1,0,0.0
23165,3,0,0.0
24006,5,0,0.0
24069,2,0,0.0
24409,3,0,0.0
24585,1,0,0.0
17664,1,0,0.0
19305,1,0,0.0
19948,7,0,0.0
20196,27,0,0.0
20274,5,0,0.0
20317,1,0,0.0
21257,2,0,0.0
22985,1,0,0.0
23314,1,0,0.0
24946,6,0,0.0
15158,3,0,0.0
15309,4,0,0.0
15396,2,0,0.0
16161,9,0,0.0
17432,3,0,0.0
18949,9,0,0.0
21110,1,0,0.0
22138,2,0,0.0
22925,1,0,0.0
23147,1,0,0.0
24163,6,0,0.0
13525,1,0,0.0
15375,4,0,0.0
17686,2,0,0.0
18476,2,0,0.0
18861,1,0,0.0
21797,7,0,0.0
13776,1,0,0.0
14238,1,0,0.0
15362,8,0,0.0
15762,1,0,0.0
15890,10,0,0.0
21525,4,0,0.0
23771,2,0,0.0
23785,1,0,0.0
24785,1,0,0.0
13413,4,0,0.0
13759,3,0,0.0
14083,2,0,0.0
14613,1,0,0.0
16935,1,0,0.0
16975,1,0,0.0
17096,3,0,0.0
17867,3,0,0.0
18202,7,0,0.0
18914,1,0,0.0
21880,1,0,0.0
23891,2,0,0.0
24275,1,0,0.0
25006,9,0,0.0
14866,2,0,0.0
17450,1,0,0.0
17729,13,0,0.0
18089,2,0,0.0
19344,4,0,0.0
19445,1,0,0.0
20225,1,0,0.0
21322,1,0,0.0
22174,14,0,0.0
22329,1,0,0.0
23259,1,0,0.0
23875,10,0,0.0
24165,7,0,0.0
24611,1,0,0.0
13561,1,0,0.0
14249,2,0,0.0
14503,9,0,0.0
14651,1,0,0.0
16636,2,0,0.0
16783,2,0,0.0
19460,2,0,0.0
19574,38,0,0.0
24717,15,0,0.0
14994,1,0,0.0
15561,1,0,0.0
18815,7,0,0.0
19483,1,0,0.0
20401,1,0,0.0
20991,1,0,0.0
21004,1,0,0.0
21182,7,0,0.0
22297,3,0,0.0
23105,3,0,0.0
23392,1,0,0.0
24211,7,0,0.0
13366,3,0,0.0
14243,1,0,0.0
15282,1,0,0.0
15926,1,0,0.0
18383,1,0,0.0
18532,4,0,0.0
18849,1,0,0.0
19986,1,0,0.0
21916,1,0,0.0
22156,1,0,0.0
22182,2,0,0.0
22296,3,0,0.0
22754,25,0,0.0
23486,13,0,0.0
23519,3,0,0.0
23919,14,0,0.0
24494,2,0,0.0
14969,1,0,0.0
16403,6,0,0.0
16508,1,0,0.0
17719,3,0,0.0
17749,6,0,0.0
18834,5,0,0.0
19784,5,0,0.0
20603,1,0,0.0
21486,3,0,0.0
21679,1,0,0.0
21692,1,0,0.0
13475,7,0,0.0
15082,1,0,0.0
16084,20,0,0.0
16894,1,0,0.0
17893,1,0,0.0
22146,10,0,0.0
25066,1,0,0.0
16118,1,0,0.0
16245,10,0,0.0
18427,3,0,0.0
18597,5,0,0.0
19012,2,0,0.0
19635,2,0,0.0
20597,1,0,0.0
20757,1,0,0.0
22832,4,0,0.0
23372,2,0,0.0
24902,7,0,0.0
25129,1,0,0.0
14581,3,0,0.0
15047,8,0,0.0
17990,7,0,0.0
19795,8,0,0.0
21662,1,0,0.0
21725,1,0,0.0
22163,1,0,0.0
22531,1,0,0.0
14428,8,0,0.0
15033,1,0,0.0
15420,1,0,0.0
16195,2,0,0.0
18229,1,0,0.0
18322,2,0,0.0
19518,1,0,0.0
19695,12,0,0.0
20528,1,0,0.0
23142,13,0,0.0
16083,1,0,0.0
18719,2,0,0.0
20182,5,0,0.0
22013,1,0,0.0
25049,1,0,0.0
13799,1,0,0.0
14376,5,0,0.0
14835,2,0,0.0
16385,3,0,0.0
18004,29,0,0.0
18820,1,0,0.0
21237,2,0,0.0
22319,1,0,0.0
23080,2,0,0.0
23814,11,0,0.0
24073,6,0,0.0
24362,1,0,0.0
25144,2,0,0.0
14388,5,0,0.0
14763,8,0,0.0
14939,9,0,0.0
16190,1,0,0.0
20772,1,0,0.0
21741,4,0,0.0
22416,1,0,0.0
22606,1,0,0.0
23002,8,0,0.0
23075,23,0,0.0
23094,2,0,0.0
23890,18,0,0.0
25242,1,0,0.0
13870,2,0,0.0
15124,2,0,0.0
15306,8,0,0.0
15528,3,0,0.0
15553,1,0,0.0
15722,4,0,0.0
21431,1,0,0.0
22634,1,0,0.0
22757,1,0,0.0
23873,1,0,0.0
24005,6,0,0.0
25031,2,0,0.0
13638,2,0,0.0
15423,4,0,0.0
17093,3,0,0.0
21105,3,0,0.0
22435,1,0,0.0
23355,4,0,0.0
24049,1,0,0.0
14633,2,0,0.0
15291,1,0,0.0
15911,16,0,0.0
17820,3,0,0.0
19543,4,0,0.0
19981,4,0,0.0
22801,1,0,0.0
22972,1,0,0.0
23127,1,0,0.0
23599,1,0,0.0
23996,1,0,0.0
24881,1,0,0.0
25002,3,0,0.0
13484,1,0,0.0
13618,2,0,0.0
18685,19,0,0.0
21882,2,0,0.0
22242,3,0,0.0
22740,1,0,0.0
24140,1,0,0.0
24141,1,0,0.0
24930,1,0,0.0
14212,1,0,0.0
15477,10,0,0.0
15513,1,0,0.0
15697,1,0,0.0
15993,2,0,0.0
16730,4,0,0.0
16993,1,0,0.0
18226,1,0,0.0
18534,1,0,0.0
20296,1,0,0.0
20676,1,0,0.0
20796,9,0,0.0
14765,3,0,0.0
15706,1,0,0.0
19563,1,0,0.0
19783,2,0,0.0
20008,17,0,0.0
20337,1,0,0.0
20711,1,0,0.0
20745,1,0,0.0
21534,1,0,0.0
21997,3,0,0.0
22439,1,0,0.0
23661,1,0,0.0
24507,1,0,0.0
13929,1,0,0.0
14171,3,0,0.0
15372,8,0,0.0
16440,1,0,0.0
19716,1,0,0.0
20217,1,0,0.0
20685,1,0,0.0
22288,22,0,0.0
23744,7,0,0.0
24551,2,0,0.0
25045,4,0,0.0
16620,10,0,0.0
16785,1,0,0.0
17514,13,0,0.0
17717,5,0,0.0
18592,3,0,0.0
19322,27,0,0.0
20384,3,0,0.0
21574,1,0,0.0
21609,5,0,0.0
21794,1,0,0.0
21802,2,0,0.0
22224,1,0,0.0
23407,1,0,0.0
14298,1,0,0.0
15571,1,0,0.0
15773,2,0,0.0
16207,15,0,0.0
16583,1,0,0.0
17511,1,0,0.0
18352,1,0,0.0
19415,21,0,0.0
21438,1,0,0.0
21640,1,0,0.0
23221,2,0,0.0
23409,3,0,0.0
24108,1,0,0.0
13901,2,0,0.0
15181,1,0,0.0
16304,1,0,0.0
17288,1,0,0.0
17559,2,0,0.0
19071,1,0,0.0
19508,1,0,0.0
19779,7,0,0.0
21775,5,0,0.0
22553,1,0,0.0
22648,2,0,0.0
23774,1,0,0.0
23818,2,0,0.0
17512,5,0,0.0
18225,5,0,0.0
21893,10,0,0.0
22556,1,0,0.0
23896,2,0,0.0
24815,11,0,0.0
24851,2,0,0.0
14120,1,0,0.0
15609,4,0,0.0
15824,3,0,0.0
16397,1,0,0.0
17601,1,0,0.0
18913,1,0,0.0
20862,8,0,0.0
21854,2,0,0.0
21866,1,0,0.0
22415,1,0,0.0
13559,1,0,0.0
13918,1,0,0.0
16374,1,0,0.0
20707,1,0,0.0
22847,1,0,0.0
23281,2,0,0.0
14223,4,0,0.0
15195,1,0,0.0
16365,3,0,0.0
16551,45,0,0.0
18341,1,0,0.0
18625,14,0,0.0
21975,2,0,0.0
21983,1,0,0.0
21992,1,0,0.0
23628,5,0,0.0
24372,2,0,0.0
14955,1,0,0.0
15830,4,0,0.0
16951,1,0,0.0
17372,1,0,0.0
20115,5,0,0.0
22079,2,0,0.0
22977,1,0,0.0
14934,3,0,0.0
16555,1,0,0.0
16906,2,0,0.0
19537,1,0,0.0
21144,1,0,0.0
22122,7,0,0.0
22200,4,0,0.0
22281,1,0,0.0
22316,14,0,0.0
22804,1,0,0.0
23180,38,0,0.0
23396,2,0,0.0
23422,1,0,0.0
25030,1,0,0.0
25143,1,0,0.0
25320,1,0,0.0
14609,2,0,0.0
14899,2,0,0.0
15493,4,0,0.0
16625,14,0,0.0
17199,2,0,0.0
17421,3,0,0.0
19068,2,0,0.0
19554,2,0,0.0
19629,5,0,0.0
19999,6,0,0.0
20001,1,0,0.0
20439,13,0,0.0
24773,6,0,0.0
13572,2,0,0.0
13877,1,0,0.0
16875,1,0,0.0
17716,12,0,0.0
18127,2,0,0.0
19595,1,0,0.0
20300,52,0,0.0
20397,1,0,0.0
21759,1,0,0.0
22033,4,0,0.0
24187,3,0,0.0
14552,1,0,0.0
14740,1,0,0.0
15552,15,0,0.0
18344,1,0,0.0
18349,1,0,0.0
21152,3,0,0.0
21185,10,0,0.0
22358,3,0,0.0
22892,4,0,0.0
25040,6,0,0.0
14114,1,0,0.0
19106,1,0,0.0
20111,3,0,0.0
21507,2,0,0.0
21783,1,0,0.0
22714,3,0,0.0
15712,3,0,0.0
16256,3,0,0.0
17311,1,0,0.0
18963,1,0,0.0
19386,9,0,0.0
19668,19,0,0.0
20868,1,0,0.0
23061,1,0,0.0
13592,2,0,0.0
14858,11,0,0.0
15487,10,0,0.0
16409,1,0,0.0
16712,1,0,0.0
16739,1,0,0.0
17352,12,0,0.0
17649,3,0,0.0
18287,2,0,0.0
19143,1,0,0.0
19290,1,0,0.0
19447,1,0,0.0
20090,2,0,0.0
20297,2,0,0.0
21329,8,0,0.0
21500,5,0,0.0
21617,1,0,0.0
22674,1,0,0.0
23089,1,0,0.0
23508,5,0,0.0
13385,1,0,0.0
13503,1,0,0.0
16130,1,0,0.0
16752,1,0,0.0
17597,2,0,0.0
19651,3,0,0.0
20392,20,0,0.0
21821,6,0,0.0
22038,2,0,0.0
23328,1,0,0.0
23330,1,0,0.0
23452,1,0,0.0
13692,1,0,0.0
14560,1,0,0.0
15678,1,0,0.0
16940,20,0,0.0
20869,4,0,0.0
20988,1,0,0.0
22306,1,0,0.0
22744,6,0,0.0
24052,1,0,0.0
14309,21,0,0.0
16618,2,0,0.0
16983,6,0,0.0
18928,3,0,0.0
22410,1,0,0.0
13891,4,0,0.0
14199,1,0,0.0
15525,4,0,0.0
16249,1,0,0.0
16802,1,0,0.0
17942,2,0,0.0
18702,34,0,0.0
19644,1,0,0.0
20454,40,0,0.0
21046,8,0,0.0
23586,1,0,0.0
23795,2,0,0.0
25073,1,0,0.0
13673,2,0,0.0
15754,1,0,0.0
20522,1,0,0.0
21436,1,0,0.0
23431,1,0,0.0
23710,1,0,0.0
24161,1,0,0.0
24191,1,0,0.0
25358,1,0,0.0
16556,1,0,0.0
16632,6,0,0.0
16896,1,0,0.0
17030,1,0,0.0
17234,50,0,0.0
17418,1,0,0.0
17766,1,0,0.0
17921,3,0,0.0
19452,5,0,0.0
19469,4,0,0.0
19855,2,0,0.0
20169,20,0,0.0
20273,2,0,0.0
20564,1,0,0.0
20812,2,0,0.0
23182,5,0,0.0
23895,2,0,0.0
23906,1,0,0.0
25035,1,0,0.0
13578,4,0,0.0
15284,3,0,0.0
16456,1,0,0.0
18017,5,0,0.0
18493,5,0,0.0
18587,3,0,0.0
19577,1,0,0.0
20264,1,0,0.0
23595,5,0,0.0
14639,6,0,0.0
16599,5,0,0.0
16897,1,0,0.0
17216,1,0,0.0
17390,2,0,0.0
18808,1,0,0.0
20600,7,0,0.0
21005,3,0,0.0
21521,1,0,0.0
21964,2,0,0.0
22957,3,0,0.0
23111,9,0,0.0
24566,1,0,0.0
24790,4,0,0.0
13325,1,0,0.0
13989,2,0,0.0
14046,2,0,0.0
14256,2,0,0.0
14962,8,0,0.0
17212,4,0,0.0
18135,2,0,0.0
18855,31,0,0.0
19125,4,0,0.0
20085,4,0,0.0
20832,1,0,0.0
20863,1,0,0.0
21024,9,0,0.0
21536,1,0,0.0
21736,9,0,0.0
22136,10,0,0.0
22696,2,0,0.0
22743,4,0,0.0
23535,1,0,0.0
24534,1,0,0.0
25201,5,0,0.0
14487,5,0,0.0
17460,1,0,0.0
19674,1,0,0.0
20393,13,0,0.0
21032,3,0,0.0
23197,4,0,0.0
23561,1,0,0.0
14346,3,0,0.0
16003,1,0,0.0
16086,1,0,0.0
16635,1,0,0.0
19667,1,0,0.0
21684,1,0,0.0
21980,1,0,0.0
22010,3,0,0.0
22310,1,0,0.0
22686,1,0,0.0
22722,2,0,0.0
22828,1,0,0.0
23537,2,0,0.0
23603,1,0,0.0
23616,18,0,0.0
13861,1,0,0.0
14235,2,0,0.0
14893,4,0,0.0
16581,1,0,0.0
17569,2,0,0.0
17676,13,0,0.0
17846,1,0,0.0
18114,3,0,0.0
19419,7,0,0.0
22172,1,0,0.0
23857,2,0,0.0
25188,1,0,0.0
25273,6,0,0.0
14537,6,0,0.0
14926,2,0,0.0
15139,3,0,0.0
18325,11,0,0.0
18520,1,0,0.0
18566,1,0,0.0
19025,2,0,0.0
19373,4,0,0.0
19650,11,0,0.0
21720,5,0,0.0
22276,1,0,0.0
22875,28,0,0.0
23101,10,0,0.0
24795,1,0,0.0
24975,6,0,0.0
13353,4,0,0.0
14372,6,0,0.0
14379,1,0,0.0
15226,15,0,0.0
17079,2,0,0.0
18465,1,0,0.0
18635,1,0,0.0
18871,13,0,0.0
18943,3,0,0.0
19129,1,0,0.0
19609,1,0,0.0
20404,1,0,0.0
21419,4,0,0.0
21514,1,0,0.0
22687,4,0,0.0
23941,3,0,0.0
15978,1,0,0.0
18411,2,0,0.0
19278,8,0,0.0
19287,1,0,0.0
20638,5,0,0.0
21215,2,0,0.0
21780,5,0,0.0
21998,1,0,0.0
22662,2,0,0.0
23516,1,0,0.0
13373,10,0,0.0
15578,1,0,0.0
16598,1,0,0.0
19053,2,0,0.0
19179,1,0,0.0
19366,3,0,0.0
19824,3,0,0.0
20293,1,0,0.0
21125,1,0,0.0
22705,15,0,0.0
22730,1,0,0.0
24243,9,0,0.0
25135,1,0,0.0
13535,1,0,0.0
13981,25,0,0.0
14902,1,0,0.0
15826,1,0,0.0
16023,2,0,0.0
18294,1,0,0.0
19818,1,0,0.0
20133,1,0,0.0
20563,16,0,0.0
25248,6,0,0.0
13512,1,0,0.0
13935,5,0,0.0
14000,7,0,0.0
14319,1,0,0.0
14320,8,0,0.0
15328,1,0,0.0
15472,5,0,0.0
17226,1,0,0.0
17963,8,0,0.0
18556,4,0,0.0
19239,4,0,0.0
19372,1,0,0.0
21628,1,0,0.0
22036,7,0,0.0
22092,24,0,0.0
22598,5,0,0.0
25252,1,0,0.0
13258,4,0,0.0
16763,1,0,0.0
17118,8,0,0.0
18182,1,0,0.0
19454,5,0,0.0
20608,2,0,0.0
22369,12,0,0.0
23044,4,0,0.0
23184,1,0,0.0
23824,7,0,0.0
25042,1,0,0.0
13491,1,0,0.0
13536,1,0,0.0
16121,2,0,0.0
16950,1,0,0.0
18856,1,0,0.0
20963,2,0,0.0
22201,1,0,0.0
22614,4,0,0.0
24245,1,0,0.0
24251,2,0,0.0
14797,1,0,0.0
15596,1,0,0.0
17689,1,0,0.0
18031,1,0,0.0
18953,2,0,0.0
21441,1,0,0.0
22333,1,0,0.0
22533,19,0,0.0
14481,5,0,0.0
15180,1,0,0.0
17317,10,0,0.0
17631,1,0,0.0
18275,2,0,0.0
18536,1,0,0.0
20629,14,0,0.0
21208,2,0,0.0
22821,1,0,0.0
24843,1,0,0.0
15315,5,0,0.0
15395,18,0,0.0
15998,1,0,0.0
16488,1,0,0.0
16946,1,0,0.0
17459,3,0,0.0
21776,2,0,0.0
22194,1,0,0.0
23178,2,0,0.0
24262,1,0,0.0
24827,2,0,0.0
24981,1,0,0.0
14007,2,0,0.0
15225,9,0,0.0
15907,1,0,0.0
16463,2,0,0.0
16825,8,0,0.0
17961,12,0,0.0
18470,13,0,0.0
18926,1,0,0.0
19804,2,0,0.0
19990,1,0,0.0
20512,4,0,0.0
21218,14,0,0.0
22061,1,0,0.0
23353,2,0,0.0
25071,9,0,0.0
15101,4,0,0.0
16417,3,0,0.0
16582,1,0,0.0
16977,1,0,0.0
17632,2,0,0.0
17849,4,0,0.0
18752,1,0,0.0
19626,2,0,0.0
19696,1,0,0.0
19961,1,0,0.0
13541,3,0,0.0
15952,1,0,0.0
17401,1,0,0.0
17557,1,0,0.0
18005,1,0,0.0
19444,1,0,0.0
19637,1,0,0.0
19854,7,0,0.0
21962,1,0,0.0
24922,13,0,0.0
25054,1,0,0.0
25302,4,0,0.0
15577,3,0,0.0
17489,1,0,0.0
19463,1,0,0.0
19751,3,0,0.0
21393,3,0,0.0
22935,1,0,0.0
23925,15,0,0.0
24241,1,0,0.0
25290,3,0,0.0
13653,1,0,0.0
17516,12,0,0.0
18644,1,0,0.0
18726,3,0,0.0
19374,1,0,0.0
21293,1,0,0.0
22777,1,0,0.0
24242,5,0,0.0
25319,1,0,0.0
14221,5,0,0.0
16222,4,0,0.0
17994,1,0,0.0
20468,21,0,0.0
21549,4,0,0.0
21763,1,0,0.0
24365,7,0,0.0
13936,4,0,0.0
14699,1,0,0.0
15080,1,0,0.0
16228,1,0,0.0
16453,1,0,0.0
16621,1,0,0.0
17770,22,0,0.0
19234,2,0,0.0
19564,3,0,0.0
20668,18,0,0.0
21744,1,0,0.0
21762,1,0,0.0
22910,1,0,0.0
23167,1,0,0.0
24622,2,0,0.0
13565,1,0,0.0
14055,13,0,0.0
15774,1,0,0.0
16237,1,0,0.0
16665,1,0,0.0
17010,1,0,0.0
17073,3,0,0.0
18463,15,0,0.0
18665,1,0,0.0
18766,1,0,0.0
20766,1,0,0.0
23380,36,0,0.0
23445,3,0,0.0
24947,1,0,0.0
15258,2,0,0.0
16294,1,0,0.0
16847,1,0,0.0
16858,1,0,0.0
17233,1,0,0.0
21860,3,0,0.0
23011,1,0,0.0
23179,2,0,0.0
23394,10,0,0.0
16345,1,0,0.0
16462,1,0,0.0
17561,3,0,0.0
18299,5,0,0.0
18408,1,0,0.0
19375,1,0,0.0
20092,2,0,0.0
20267,3,0,0.0
20736,1,0,0.0
21267,1,0,0.0
21562,19,0,0.0
22862,1,0,0.0
23825,1,0,0.0
25282,1,0,0.0
14018,15,0,0.0
14432,1,0,0.0
24244,2,0,0.0
24457,4,0,0.0
16087,11,0,0.0
16676,2,0,0.0
18070,1,0,0.0
19807,20,0,0.0
20464,2,0,0.0
22252,1,0,0.0
22735,1,0,0.0
24342,1,0,0.0
13733,1,0,0.0
15015,37,0,0.0
16030,1,0,0.0
18109,3,0,0.0
18994,8,0,0.0
22825,2,0,0.0
23048,2,0,0.0
23584,2,0,0.0
24441,2,0,0.0
13906,1,0,0.0
15888,2,0,0.0
18505,1,0,0.0
19348,1,0,0.0
19861,7,0,0.0
20236,2,0,0.0
20343,10,0,0.0
22526,1,0,0.0
24157,2,0,0.0
24213,2,0,0.0
24549,2,0,0.0
24765,1,0,0.0
24964,1,0,0.0
24967,3,0,0.0
25138,8,0,0.0
25177,2,0,0.0
14229,1,0,0.0
16588,1,0,0.0
17089,6,0,0.0
17161,1,0,0.0
17287,4,0,0.0
19640,1,0,0.0
20209,1,0,0.0
24190,1,0,0.0
24701,28,0,0.0
15615,4,0,0.0
15912,11,0,0.0
16405,1,0,0.0
16585,1,0,0.0
16703,2,0,0.0
20621,1,0,0.0
21135,23,0,0.0
21229,2,0,0.0
22874,1,0,0.0
23885,4,0,0.0
24057,1,0,0.0
24186,1,0,0.0
24888,1,0,0.0
15857,9,0,0.0
16013,1,0,0.0
17055,5,0,0.0
17562,3,0,0.0
18045,1,0,0.0
20720,29,0,0.0
21459,18,0,0.0
21707,28,0,0.0
23191,6,0,0.0
23268,1,0,0.0
24164,1,0,0.0
24366,1,0,0.0
24969,1,0,0.0
25050,1,0,0.0
25342,1,0,0.0
14461,1,0,0.0
15529,2,0,0.0
19357,1,0,0.0
23830,2,0,0.0
23970,1,0,0.0
24233,1,0,0.0
24589,1,0,0.0
24608,7,0,0.0
13642,3,0,0.0
13736,22,0,0.0
13851,26,0,0.0
14325,8,0,0.0
15808,1,0,0.0
17195,1,0,0.0
18130,10,0,0.0
20665,1,0,0.0
21613,1,0,0.0
22683,1,0,0.0
23509,7,0,0.0
23546,1,0,0.0
24470,2,0,0.0
14194,1,0,0.0
14597,1,0,0.0
14848,1,0,0.0
15334,6,0,0.0
15480,1,0,0.0
15598,1,0,0.0
18892,16,0,0.0
21014,1,0,0.0
21188,1,0,0.0
21244,4,0,0.0
22420,1,0,0.0
22625,1,0,0.0
22771,1,0,0.0
15244,2,0,0.0
17587,3,0,0.0
18048,1,0,0.0
19694,1,0,0.0
21133,6,0,0.0
22784,2,0,0.0
23594,1,0,0.0
23864,2,0,0.0
13817,2,0,0.0
14100,1,0,0.0
16049,1,0,0.0
16883,6,0,0.0
19747,2,0,0.0
20539,1,0,0.0
22647,1,0,0.0
22952,2,0,0.0
24147,3,0,0.0
24852,1,0,0.0
14712,1,0,0.0
15793,1,0,0.0
21031,1,0,0.0
21518,1,0,0.0
22518,3,0,0.0
23161,3,0,0.0
24748,1,0,0.0
24897,7,0,0.0
14744,9,0,0.0
14879,3,0,0.0
15651,12,0,0.0
15718,1,0,0.0
16572,2,0,0.0
17497,1,0,0.0
17521,1,0,0.0
17541,20,0,0.0
18011,12,0,0.0
18727,1,0,0.0
19248,1,0,0.0
19517,5,0,0.0
20126,6,0,0.0
21388,1,0,0.0
21499,2,0,0.0
23109,3,0,0.0
23438,2,0,0.0
24038,3,0,0.0
24863,4,0,0.0
24886,1,0,0.0
24932,1,0,0.0
25517,1,0,0.0
25591,1,0,0.0
26583,2,0,0.0
26708,50,0,0.0
27974,1,0,0.0
28664,3,0,0.0
29194,1,0,0.0
29601,1,0,0.0
30361,1,0,0.0
30654,3,0,0.0
31261,1,0,0.0
32592,2,0,0.0
32855,13,0,0.0
33868,2,0,0.0
35351,1,0,0.0
35982,29,0,0.0
36224,5,0,0.0
36538,1,0,0.0
26200,1,0,0.0
26544,1,0,0.0
26767,24,0,0.0
31352,16,0,0.0
31763,2,0,0.0
31928,1,0,0.0
32304,1,0,0.0
32891,1,0,0.0
34103,2,0,0.0
34650,1,0,0.0
35654,1,0,0.0
35868,1,0,0.0
25638,7,0,0.0
26646,24,0,0.0
27471,6,0,0.0
28316,2,0,0.0
29022,1,0,0.0
29942,1,0,0.0
30547,1,0,0.0
32680,1,0,0.0
32871,3,0,0.0
32988,3,0,0.0
34435,1,0,0.0
34488,3,0,0.0
26335,1,0,0.0
27602,3,0,0.0
29997,2,0,0.0
31380,3,0,0.0
31447,1,0,0.0
31543,1,0,0.0
32291,1,0,0.0
33337,3,0,0.0
35235,1,0,0.0
35927,5,0,0.0
25520,1,0,0.0
25862,1,0,0.0
26015,93,0,0.0
26893,1,0,0.0
27228,3,0,0.0
27633,1,0,0.0
27683,1,0,0.0
27708,2,0,0.0
27978,2,0,0.0
28343,2,0,0.0
29061,2,0,0.0
30320,2,0,0.0
30809,2,0,0.0
30965,4,0,0.0
31317,1,0,0.0
31646,1,0,0.0
33197,6,0,0.0
33484,6,0,0.0
33751,1,0,0.0
33854,32,0,0.0
34255,1,0,0.0
34805,1,0,0.0
35188,1,0,0.0
25948,1,0,0.0
26119,1,0,0.0
26729,3,0,0.0
26746,1,0,0.0
27822,3,0,0.0
31309,3,0,0.0
31697,2,0,0.0
32290,3,0,0.0
32670,1,0,0.0
34098,7,0,0.0
35595,1,0,0.0
27472,1,0,0.0
29282,1,0,0.0
30219,9,0,0.0
30397,1,0,0.0
31418,2,0,0.0
31498,8,0,0.0
31574,1,0,0.0
33759,2,0,0.0
34167,1,0,0.0
35571,4,0,0.0
26635,1,0,0.0
27538,7,0,0.0
28754,1,0,0.0
29583,10,0,0.0
30650,1,0,0.0
30811,1,0,0.0
31829,1,0,0.0
31873,2,0,0.0
34677,1,0,0.0
34690,24,0,0.0
35792,3,0,0.0
26636,1,0,0.0
27581,2,0,0.0
29039,3,0,0.0
30202,1,0,0.0
30250,4,0,0.0
30626,1,0,0.0
31392,3,0,0.0
34040,2,0,0.0
36103,1,0,0.0
27456,18,0,0.0
27493,3,0,0.0
27738,1,0,0.0
29239,6,0,0.0
30120,3,0,0.0
30781,14,0,0.0
30960,30,0,0.0
31047,7,0,0.0
32611,1,0,0.0
32736,1,0,0.0
32856,17,0,0.0
33707,1,0,0.0
34533,1,0,0.0
34943,1,0,0.0
35015,1,0,0.0
27128,2,0,0.0
27967,1,0,0.0
31694,1,0,0.0
32794,11,0,0.0
34729,1,0,0.0
35507,14,0,0.0
35692,3,0,0.0
36074,6,0,0.0
36143,2,0,0.0
36165,1,0,0.0
27745,4,0,0.0
29387,1,0,0.0
35214,1,0,0.0
35865,2,0,0.0
25478,1,0,0.0
26501,2,0,0.0
27004,2,0,0.0
27396,2,0,0.0
27401,1,0,0.0
30006,4,0,0.0
31769,1,0,0.0
32882,1,0,0.0
33754,12,0,0.0
34467,9,0,0.0
25602,1,0,0.0
25699,5,0,0.0
26945,1,0,0.0
28365,1,0,0.0
28952,2,0,0.0
30057,2,0,0.0
32762,1,0,0.0
33278,9,0,0.0
34763,2,0,0.0
35866,14,0,0.0
27328,1,0,0.0
28686,1,0,0.0
32621,2,0,0.0
33165,1,0,0.0
33816,2,0,0.0
33922,3,0,0.0
34164,2,0,0.0
34993,1,0,0.0
35287,1,0,0.0
36430,8,0,0.0
36439,2,0,0.0
27182,1,0,0.0
27748,1,0,0.0
27921,1,0,0.0
31899,10,0,0.0
32625,1,0,0.0
33474,1,0,0.0
33654,3,0,0.0
33862,1,0,0.0
34263,4,0,0.0
34272,5,0,0.0
36475,1,0,0.0
25796,1,0,0.0
25941,2,0,0.0
27537,1,0,0.0
27645,1,0,0.0
27979,4,0,0.0
29729,5,0,0.0
30761,1,0,0.0
32859,4,0,0.0
35285,1,0,0.0
35633,1,0,0.0
36024,9,0,0.0
26121,1,0,0.0
27646,6,0,0.0
29313,2,0,0.0
32267,18,0,0.0
33264,2,0,0.0
33542,1,0,0.0
34009,3,0,0.0
34248,3,0,0.0
35969,11,0,0.0
36171,1,0,0.0
25973,3,0,0.0
26555,1,0,0.0
27514,1,0,0.0
28050,3,0,0.0
28767,4,0,0.0
29139,15,0,0.0
29618,10,0,0.0
32431,1,0,0.0
34137,1,0,0.0
35457,19,0,0.0
36255,10,0,0.0
25494,19,0,0.0
26676,1,0,0.0
26683,3,0,0.0
27020,1,0,0.0
28229,1,0,0.0
29089,1,0,0.0
29842,12,0,0.0
32509,48,0,0.0
32518,6,0,0.0
36327,1,0,0.0
25381,6,0,0.0
26966,1,0,0.0
28597,2,0,0.0
28775,1,0,0.0
28809,1,0,0.0
29006,1,0,0.0
29160,5,0,0.0
31234,1,0,0.0
31936,4,0,0.0
32317,4,0,0.0
33256,2,0,0.0
33547,2,0,0.0
34466,3,0,0.0
34647,2,0,0.0
35039,8,0,0.0
26136,3,0,0.0
28671,7,0,0.0
29522,2,0,0.0
30292,1,0,0.0
30942,1,0,0.0
31405,1,0,0.0
32128,8,0,0.0
33241,2,0,0.0
33821,2,0,0.0
33943,2,0,0.0
34746,1,0,0.0
35335,1,0,0.0
35910,2,0,0.0
27449,5,0,0.0
27540,1,0,0.0
29488,1,0,0.0
30293,4,0,0.0
32682,2,0,0.0
35709,3,0,0.0
25791,1,0,0.0
25810,1,0,0.0
26933,1,0,0.0
27036,1,0,0.0
27064,3,0,0.0
28373,3,0,0.0
30118,1,0,0.0
31550,1,0,0.0
33673,1,0,0.0
34440,3,0,0.0
36460,3,0,0.0
26614,16,0,0.0
28047,1,0,0.0
29190,4,0,0.0
29320,1,0,0.0
29849,2,0,0.0
29927,1,0,0.0
29932,1,0,0.0
29936,3,0,0.0
30930,1,0,0.0
31472,2,0,0.0
31969,9,0,0.0
35801,3,0,0.0
36016,4,0,0.0
26547,2,0,0.0
27608,11,0,0.0
29417,1,0,0.0
31348,13,0,0.0
33166,5,0,0.0
33206,1,0,0.0
35861,1,0,0.0
25671,4,0,0.0
27103,1,0,0.0
29609,7,0,0.0
30147,3,0,0.0
31458,1,0,0.0
34166,5,0,0.0
26333,2,0,0.0
26401,1,0,0.0
26949,2,0,0.0
27603,38,0,0.0
28450,1,0,0.0
28932,1,0,0.0
32125,1,0,0.0
32367,2,0,0.0
35338,3,0,0.0
36206,2,0,0.0
25754,2,0,0.0
25763,19,0,0.0
25874,1,0,0.0
28652,1,0,0.0
28948,1,0,0.0
29518,1,0,0.0
29673,2,0,0.0
33561,7,0,0.0
34360,1,0,0.0
35391,10,0,0.0
35535,1,0,0.0
35902,1,0,0.0
36251,2,0,0.0
36257,11,0,0.0
25496,1,0,0.0
27284,10,0,0.0
30261,1,0,0.0
30730,1,0,0.0
30786,1,0,0.0
32781,1,0,0.0
36062,1,0,0.0
25773,1,0,0.0
30366,25,0,0.0
30618,6,0,0.0
31171,5,0,0.0
32941,9,0,0.0
33629,1,0,0.0
33953,3,0,0.0
27256,14,0,0.0
28067,2,0,0.0
31851,1,0,0.0
33246,1,0,0.0
33255,3,0,0.0
25914,2,0,0.0
28678,1,0,0.0
28701,1,0,0.0
28732,1,0,0.0
29511,8,0,0.0
29772,1,0,0.0
29889,1,0,0.0
31920,2,0,0.0
32000,5,0,0.0
32840,1,0,0.0
34501,1,0,0.0
34847,3,0,0.0
36463,1,0,0.0
26085,3,0,0.0
26802,8,0,0.0
29256,26,0,0.0
30121,4,0,0.0
30222,1,0,0.0
31251,10,0,0.0
32264,2,0,0.0
33413,6,0,0.0
35196,2,0,0.0
25741,2,0,0.0
26954,1,0,0.0
27083,4,0,0.0
27713,7,0,0.0
28224,1,0,0.0
29386,1,0,0.0
29704,6,0,0.0
31415,3,0,0.0
31688,1,0,0.0
31913,2,0,0.0
32055,1,0,0.0
33129,1,0,0.0
33242,33,0,0.0
36314,6,0,0.0
25427,1,0,0.0
25824,1,0,0.0
25928,6,0,0.0
27078,27,0,0.0
27539,1,0,0.0
29277,3,0,0.0
29412,2,0,0.0
29779,1,0,0.0
30159,14,0,0.0
30369,1,0,0.0
30888,5,0,0.0
31282,1,0,0.0
31307,1,0,0.0
32100,1,0,0.0
32883,1,0,0.0
34614,1,0,0.0
35583,1,0,0.0
36482,1,0,0.0
25655,1,0,0.0
26712,1,0,0.0
28068,6,0,0.0
28115,4,0,0.0
32071,3,0,0.0
32074,1,0,0.0
34102,1,0,0.0
34104,4,0,0.0
34639,4,0,0.0
27558,20,0,0.0
28234,1,0,0.0
30744,1,0,0.0
31235,3,0,0.0
31682,3,0,0.0
35174,1,0,0.0
35945,3,0,0.0
26233,10,0,0.0
26383,1,0,0.0
27041,1,0,0.0
27939,9,0,0.0
28036,1,0,0.0
29722,19,0,0.0
29737,16,0,0.0
29944,2,0,0.0
30868,1,0,0.0
31008,2,0,0.0
31660,2,0,0.0
31722,22,0,0.0
31962,1,0,0.0
32536,7,0,0.0
34295,11,0,0.0
36114,3,0,0.0
26554,4,0,0.0
27667,1,0,0.0
28852,1,0,0.0
29052,1,0,0.0
30699,1,0,0.0
31734,3,0,0.0
31871,47,0,0.0
33702,2,0,0.0
25531,1,0,0.0
26846,1,0,0.0
27600,5,0,0.0
29069,1,0,0.0
29095,6,0,0.0
30354,8,0,0.0
31493,3,0,0.0
32051,1,0,0.0
32726,1,0,0.0
33995,1,0,0.0
35207,1,0,0.0
26008,3,0,0.0
26330,1,0,0.0
26338,9,0,0.0
27238,5,0,0.0
27872,3,0,0.0
28031,1,0,0.0
29362,31,0,0.0
29419,1,0,0.0
30193,1,0,0.0
30431,8,0,0.0
30495,2,0,0.0
30594,1,0,0.0
33791,2,0,0.0
35948,2,0,0.0
25808,4,0,0.0
26244,1,0,0.0
26337,1,0,0.0
27512,3,0,0.0
28749,1,0,0.0
29531,1,0,0.0
30014,2,0,0.0
31927,1,0,0.0
32149,1,0,0.0
34895,5,0,0.0
35345,1,0,0.0
35352,1,0,0.0
29336,12,0,0.0
29820,7,0,0.0
31739,1,0,0.0
34545,1,0,0.0
34608,1,0,0.0
34921,4,0,0.0
25545,6,0,0.0
25885,1,0,0.0
25952,1,0,0.0
26191,4,0,0.0
28030,1,0,0.0
29047,1,0,0.0
29174,1,0,0.0
29954,3,0,0.0
30008,9,0,0.0
31080,30,0,0.0
35320,13,0,0.0
35849,1,0,0.0
28539,5,0,0.0
29973,2,0,0.0
32057,22,0,0.0
32245,1,0,0.0
32319,1,0,0.0
32889,1,0,0.0
33072,3,0,0.0
35403,2,0,0.0
36260,4,0,0.0
36530,17,0,0.0
26768,1,0,0.0
28962,2,0,0.0
29275,1,0,0.0
30259,1,0,0.0
30563,1,0,0.0
33281,1,0,0.0
33923,1,0,0.0
34225,1,0,0.0
36038,2,0,0.0
25688,2,0,0.0
27065,8,0,0.0
27308,1,0,0.0
28093,10,0,0.0
29070,2,0,0.0
31615,6,0,0.0
32218,1,0,0.0
32580,1,0,0.0
32657,6,0,0.0
33831,1,0,0.0
34425,1,0,0.0
36358,1,0,0.0
25870,1,0,0.0
29571,1,0,0.0
30831,3,0,0.0
31958,1,0,0.0
32320,5,0,0.0
34075,18,0,0.0
34752,1,0,0.0
35290,1,0,0.0
25493,3,0,0.0
25901,1,0,0.0
26005,3,0,0.0
28241,2,0,0.0
30143,5,0,0.0
32251,3,0,0.0
33291,1,0,0.0
33298,1,0,0.0
33355,6,0,0.0
33981,1,0,0.0
34791,8,0,0.0
35915,1,0,0.0
36161,1,0,0.0
25897,6,0,0.0
25924,1,0,0.0
25985,19,0,0.0
28103,2,0,0.0
29890,1,0,0.0
30458,2,0,0.0
30534,1,0,0.0
30969,1,0,0.0
31029,1,0,0.0
32062,2,0,0.0
33682,1,0,0.0
26162,1,0,0.0
26185,17,0,0.0
27651,9,0,0.0
28132,1,0,0.0
28217,8,0,0.0
28710,13,0,0.0
29592,1,0,0.0
29826,2,0,0.0
30983,1,0,0.0
31502,1,0,0.0
32705,48,0,0.0
32954,1,0,0.0
34171,2,0,0.0
34479,3,0,0.0
35643,1,0,0.0
25573,1,0,0.0
25733,1,0,0.0
26104,2,0,0.0
30524,4,0,0.0
31733,1,0,0.0
31857,2,0,0.0
32595,1,0,0.0
33228,1,0,0.0
33903,1,0,0.0
34827,1,0,0.0
35385,7,0,0.0
27728,12,0,0.0
29113,1,0,0.0
29335,9,0,0.0
31681,2,0,0.0
32772,3,0,0.0
34543,1,0,0.0
35312,8,0,0.0
36012,2,0,0.0
36080,1,0,0.0
26886,1,0,0.0
27403,2,0,0.0
31394,1,0,0.0
33466,3,0,0.0
25848,9,0,0.0
27246,21,0,0.0
29751,1,0,0.0
30884,13,0,0.0
30902,1,0,0.0
31957,1,0,0.0
33852,1,0,0.0
33921,1,0,0.0
33971,1,0,0.0
35170,3,0,0.0
26842,6,0,0.0
27596,1,0,0.0
28456,1,0,0.0
29147,7,0,0.0
30484,1,0,0.0
30627,1,0,0.0
30871,11,0,0.0
31142,1,0,0.0
31270,1,0,0.0
33252,3,0,0.0
34085,22,0,0.0
34341,1,0,0.0
35130,1,0,0.0
28567,2,0,0.0
28643,2,0,0.0
30209,1,0,0.0
32719,1,0,0.0
32974,2,0,0.0
34001,6,0,0.0
35698,4,0,0.0
36088,15,0,0.0
36524,3,0,0.0
27107,1,0,0.0
27227,1,0,0.0
28822,5,0,0.0
29270,2,0,0.0
29399,3,0,0.0
29706,1,0,0.0
30694,74,0,0.0
30936,2,0,0.0
31292,1,0,0.0
31542,1,0,0.0
35552,22,0,0.0
36288,3,0,0.0
25460,9,0,0.0
26241,1,0,0.0
28417,1,0,0.0
28774,1,0,0.0
29121,1,0,0.0
30027,3,0,0.0
30459,2,0,0.0
33215,3,0,0.0
33731,6,0,0.0
33999,4,0,0.0
34592,1,0,0.0
25380,1,0,0.0
28226,1,0,0.0
28787,1,0,0.0
28991,1,0,0.0
29703,1,0,0.0
29844,1,0,0.0
32912,4,0,0.0
33193,3,0,0.0
33349,2,0,0.0
34086,3,0,0.0
34992,2,0,0.0
35826,16,0,0.0
35940,2,0,0.0
25752,2,0,0.0
26517,1,0,0.0
27098,5,0,0.0
27324,13,0,0.0
28214,3,0,0.0
29578,1,0,0.0
30698,2,0,0.0
31641,1,0,0.0
32790,1,0,0.0
33566,1,0,0.0
36146,2,0,0.0
36465,1,0,0.0
26615,15,0,0.0
28265,1,0,0.0
29262,2,0,0.0
30897,2,0,0.0
33016,6,0,0.0
34071,1,0,0.0
35248,1,0,0.0
36170,2,0,0.0
36452,1,0,0.0
26252,1,0,0.0
26433,2,0,0.0
26447,1,0,0.0
28694,4,0,0.0
33280,2,0,0.0
34876,6,0,0.0
36135,1,0,0.0
26478,3,0,0.0
27381,4,0,0.0
28449,1,0,0.0
28592,8,0,0.0
29166,1,0,0.0
30827,1,0,0.0
31603,1,0,0.0
32301,2,0,0.0
33266,1,0,0.0
34575,1,0,0.0
34824,1,0,0.0
25759,1,0,0.0
25779,3,0,0.0
28986,2,0,0.0
29293,1,0,0.0
29962,1,0,0.0
30095,12,0,0.0
30512,1,0,0.0
31082,1,0,0.0
31164,9,0,0.0
31847,1,0,0.0
31886,4,0,0.0
33142,2,0,0.0
33870,3,0,0.0
35783,1,0,0.0
27606,2,0,0.0
29055,4,0,0.0
33973,1,0,0.0
34413,17,0,0.0
36443,9,0,0.0
25861,4,0,0.0
26110,4,0,0.0
27897,1,0,0.0
28021,1,0,0.0
28207,2,0,0.0
29207,1,0,0.0
30912,14,0,0.0
30979,21,0,0.0
35192,1,0,0.0
25892,1,0,0.0
27254,2,0,0.0
27638,1,0,0.0
27678,2,0,0.0
28972,1,0,0.0
29879,11,0,0.0
31567,3,0,0.0
32421,2,0,0.0
33209,3,0,0.0
33651,2,0,0.0
34622,3,0,0.0
34810,3,0,0.0
35324,4,0,0.0
36200,11,0,0.0
36459,3,0,0.0
26642,2,0,0.0
27563,1,0,0.0
28677,2,0,0.0
29337,3,0,0.0
29349,6,0,0.0
30002,1,0,0.0
30421,2,0,0.0
31535,8,0,0.0
32241,3,0,0.0
32815,7,0,0.0
32849,11,0,0.0
36177,11,0,0.0
25470,1,0,0.0
25580,4,0,0.0
26027,7,0,0.0
26698,1,0,0.0
26855,1,0,0.0
27117,2,0,0.0
30201,3,0,0.0
33398,2,0,0.0
35240,14,0,0.0
36210,1,0,0.0
36315,1,0,0.0
36343,1,0,0.0
25385,11,0,0.0
25856,1,0,0.0
26088,1,0,0.0
27197,14,0,0.0
28228,3,0,0.0
29918,2,0,0.0
30109,1,0,0.0
30288,2,0,0.0
30939,8,0,0.0
31351,1,0,0.0
32816,1,0,0.0
33036,1,0,0.0
33415,1,0,0.0
33586,23,0,0.0
34703,1,0,0.0
35420,8,0,0.0
35523,1,0,0.0
25405,1,0,0.0
27559,1,0,0.0
29357,2,0,0.0
30558,1,0,0.0
31523,45,0,0.0
33160,9,0,0.0
33836,2,0,0.0
35453,10,0,0.0
36061,1,0,0.0
36217,1,0,0.0
26457,1,0,0.0
27072,1,0,0.0
27445,1,0,0.0
27899,6,0,0.0
28247,2,0,0.0
31056,1,0,0.0
31571,1,0,0.0
32263,1,0,0.0
33052,1,0,0.0
33657,3,0,0.0
33956,1,0,0.0
34111,8,0,0.0
34560,2,0,0.0
35889,2,0,0.0
36093,3,0,0.0
27133,1,0,0.0
28058,2,0,0.0
28199,2,0,0.0
28693,2,0,0.0
29023,1,0,0.0
29556,9,0,0.0
30126,1,0,0.0
30739,3,0,0.0
30867,1,0,0.0
31880,4,0,0.0
32761,5,0,0.0
33678,1,0,0.0
33716,2,0,0.0
35213,3,0,0.0
26923,2,0,0.0
26926,19,0,0.0
29629,1,0,0.0
29920,11,0,0.0
30021,1,0,0.0
30437,1,0,0.0
32593,13,0,0.0
34054,13,0,0.0
36248,1,0,0.0
25570,1,0,0.0
29267,1,0,0.0
34754,1,0,0.0
35883,2,0,0.0
25437,2,0,0.0
26833,1,0,0.0
27524,2,0,0.0
28280,1,0,0.0
29119,6,0,0.0
29470,2,0,0.0
30610,14,0,0.0
31657,1,0,0.0
31864,1,0,0.0
32224,10,0,0.0
36304,1,0,0.0
25548,2,0,0.0
27353,1,0,0.0
27752,1,0,0.0
28113,5,0,0.0
28467,2,0,0.0
28830,7,0,0.0
29067,1,0,0.0
30166,2,0,0.0
31182,4,0,0.0
31932,1,0,0.0
31996,4,0,0.0
32715,15,0,0.0
33172,1,0,0.0
33219,3,0,0.0
33668,4,0,0.0
34705,7,0,0.0
35879,1,0,0.0
26897,1,0,0.0
28344,1,0,0.0
30564,1,0,0.0
30875,2,0,0.0
32471,1,0,0.0
33276,3,0,0.0
34711,1,0,0.0
35124,1,0,0.0
35300,17,0,0.0
35587,22,0,0.0
36126,3,0,0.0
36323,1,0,0.0
27367,1,0,0.0
28613,5,0,0.0
28770,5,0,0.0
29543,2,0,0.0
31559,5,0,0.0
32582,21,0,0.0
33605,2,0,0.0
33883,5,0,0.0
26049,5,0,0.0
26450,1,0,0.0
26785,1,0,0.0
27528,1,0,0.0
28162,23,0,0.0
30336,1,0,0.0
31074,10,0,0.0
31483,1,0,0.0
32065,2,0,0.0
33495,1,0,0.0
34914,24,0,0.0
35270,1,0,0.0
36191,1,0,0.0
27091,1,0,0.0
27299,4,0,0.0
28342,1,0,0.0
31445,1,0,0.0
31452,1,0,0.0
32187,1,0,0.0
32807,48,0,0.0
34264,14,0,0.0
35075,18,0,0.0
35424,2,0,0.0
25803,1,0,0.0
27584,1,0,0.0
28249,12,0,0.0
28789,2,0,0.0
29797,1,0,0.0
32365,1,0,0.0
32822,1,0,0.0
33214,6,0,0.0
33823,4,0,0.0
34905,1,0,0.0
35659,3,0,0.0
35778,2,0,0.0
35828,1,0,0.0
36228,1,0,0.0
26232,6,0,0.0
27410,24,0,0.0
28723,1,0,0.0
29210,2,0,0.0
30385,1,0,0.0
33492,16,0,0.0
34998,1,0,0.0
35321,1,0,0.0
36132,5,0,0.0
25696,3,0,0.0
25729,1,0,0.0
28786,1,0,0.0
31064,1,0,0.0
31428,1,0,0.0
32708,4,0,0.0
35716,1,0,0.0
35723,2,0,0.0
25600,6,0,0.0
26268,1,0,0.0
26914,3,0,0.0
29884,1,0,0.0
31640,10,0,0.0
31698,1,0,0.0
31732,3,0,0.0
32076,1,0,0.0
34375,1,0,0.0
35625,2,0,0.0
25609,1,0,0.0
25704,2,0,0.0
27986,1,0,0.0
28439,5,0,0.0
28494,1,0,0.0
28555,3,0,0.0
29385,5,0,0.0
29565,1,0,0.0
29748,1,0,0.0
32154,2,0,0.0
33975,3,0,0.0
34991,1,0,0.0
25877,7,0,0.0
25888,1,0,0.0
26011,2,0,0.0
26014,1,0,0.0
26024,12,0,0.0
26667,6,0,0.0
29241,6,0,0.0
29505,1,0,0.0
30382,1,0,0.0
32054,6,0,0.0
32915,6,0,0.0
33361,4,0,0.0
33887,5,0,0.0
34549,1,0,0.0
35833,3,0,0.0
26968,2,0,0.0
27876,5,0,0.0
27999,1,0,0.0
31327,1,0,0.0
32616,1,0,0.0
33127,4,0,0.0
34913,3,0,0.0
36094,1,0,0.0
26469,1,0,0.0
26851,1,0,0.0
28416,1,0,0.0
29181,6,0,0.0
29589,10,0,0.0
32316,1,0,0.0
25845,3,0,0.0
26948,12,0,0.0
27283,1,0,0.0
30838,1,0,0.0
31534,1,0,0.0
32069,10,0,0.0
33130,11,0,0.0
33379,1,0,0.0
34683,3,0,0.0
35569,6,0,0.0
35622,3,0,0.0
27271,1,0,0.0
30432,3,0,0.0
30572,2,0,0.0
31211,20,0,0.0
31278,3,0,0.0
33143,2,0,0.0
35305,23,0,0.0
35854,3,0,0.0
36330,1,0,0.0
36367,2,0,0.0
25757,6,0,0.0
26284,17,0,0.0
28165,2,0,0.0
29872,1,0,0.0
31469,1,0,0.0
32828,1,0,0.0
33357,2,0,0.0
33536,4,0,0.0
34041,1,0,0.0
35860,5,0,0.0
36235,6,0,0.0
36417,3,0,0.0
36431,1,0,0.0
25668,3,0,0.0
26001,2,0,0.0
28492,6,0,0.0
29278,2,0,0.0
29430,2,0,0.0
29610,2,0,0.0
30393,4,0,0.0
30999,27,0,0.0
31340,2,0,0.0
31387,1,0,0.0
31548,1,0,0.0
33158,1,0,0.0
33556,2,0,0.0
34507,8,0,0.0
35882,1,0,0.0
35929,4,0,0.0
26511,4,0,0.0
26622,8,0,0.0
27049,12,0,0.0
27304,1,0,0.0
27754,29,0,0.0
29528,4,0,0.0
30349,1,0,0.0
30836,8,0,0.0
33226,1,0,0.0
33812,1,0,0.0
33980,25,0,0.0
34364,8,0,0.0
34496,6,0,0.0
35476,3,0,0.0
25710,1,0,0.0
26644,7,0,0.0
27771,9,0,0.0
29211,1,0,0.0
30573,1,0,0.0
31324,2,0,0.0
32488,2,0,0.0
33017,1,0,0.0
33844,1,0,0.0
34930,12,0,0.0
34953,6,0,0.0
35789,1,0,0.0
25402,3,0,0.0
26822,1,0,0.0
27223,12,0,0.0
28426,2,0,0.0
29146,1,0,0.0
29524,4,0,0.0
30493,3,0,0.0
31560,1,0,0.0
32594,3,0,0.0
33309,1,0,0.0
33738,1,0,0.0
35277,2,0,0.0
35870,5,0,0.0
27183,1,0,0.0
27376,2,0,0.0
29300,17,0,0.0
30543,3,0,0.0
30635,2,0,0.0
31112,8,0,0.0
31670,1,0,0.0
32830,1,0,0.0
33649,1,0,0.0
36163,1,0,0.0
36451,1,0,0.0
26286,5,0,0.0
27621,1,0,0.0
27674,7,0,0.0
28562,2,0,0.0
29072,1,0,0.0
29143,1,0,0.0
30094,2,0,0.0
30327,1,0,0.0
30825,1,0,0.0
32764,9,0,0.0
33880,12,0,0.0
34106,1,0,0.0
35841,2,0,0.0
36242,4,0,0.0
28197,4,0,0.0
29326,4,0,0.0
29590,2,0,0.0
30652,1,0,0.0
30815,1,0,0.0
30925,1,0,0.0
31692,1,0,0.0
32266,1,0,0.0
32957,1,0,0.0
33619,18,0,0.0
35073,60,0,0.0
35397,3,0,0.0
36115,3,0,0.0
26044,1,0,0.0
27187,1,0,0.0
28079,13,0,0.0
28432,2,0,0.0
30319,1,0,0.0
31875,2,0,0.0
33404,1,0,0.0
35242,11,0,0.0
35261,1,0,0.0
35599,1,0,0.0
25980,1,0,0.0
26186,8,0,0.0
27821,2,0,0.0
28605,2,0,0.0
30157,1,0,0.0
30655,1,0,0.0
32122,2,0,0.0
26236,7,0,0.0
26334,2,0,0.0
26571,1,0,0.0
27206,1,0,0.0
27700,1,0,0.0
28161,1,0,0.0
29367,1,0,0.0
31313,1,0,0.0
31776,2,0,0.0
31890,1,0,0.0
33376,1,0,0.0
33391,2,0,0.0
34689,2,0,0.0
35126,2,0,0.0
35393,9,0,0.0
35451,1,0,0.0
35470,1,0,0.0
25392,2,0,0.0
25426,5,0,0.0
26007,2,0,0.0
26747,1,0,0.0
27461,1,0,0.0
29020,1,0,0.0
31206,1,0,0.0
31370,1,0,0.0
33793,2,0,0.0
34882,1,0,0.0
35751,15,0,0.0
26437,2,0,0.0
26870,1,0,0.0
26951,4,0,0.0
27565,1,0,0.0
27886,5,0,0.0
29796,14,0,0.0
31753,5,0,0.0
32361,8,0,0.0
33011,1,0,0.0
33612,16,0,0.0
34127,5,0,0.0
34213,2,0,0.0
34603,3,0,0.0
35302,3,0,0.0
26006,2,0,0.0
27178,2,0,0.0
27850,4,0,0.0
34246,3,0,0.0
34379,1,0,0.0
36047,1,0,0.0
26103,1,0,0.0
26479,6,0,0.0
30444,1,0,0.0
30803,5,0,0.0
32485,1,0,0.0
33723,1,0,0.0
36145,2,0,0.0
25865,2,0,0.0
26776,2,0,0.0
29127,1,0,0.0
30012,3,0,0.0
30645,1,0,0.0
30978,4,0,0.0
31941,2,0,0.0
32092,1,0,0.0
32610,5,0,0.0
33661,4,0,0.0
33858,3,0,0.0
34022,8,0,0.0
27071,8,0,0.0
29050,9,0,0.0
31271,3,0,0.0
32111,9,0,0.0
32338,2,0,0.0
34954,1,0,0.0
35572,4,0,0.0
35704,1,0,0.0
25543,1,0,0.0
25715,2,0,0.0
26730,5,0,0.0
27022,18,0,0.0
28731,6,0,0.0
29219,2,0,0.0
29807,1,0,0.0
33109,1,0,0.0
33393,7,0,0.0
33482,1,0,0.0
33675,1,0,0.0
33685,11,0,0.0
34007,6,0,0.0
34169,1,0,0.0
34439,1,0,0.0
26582,2,0,0.0
30934,7,0,0.0
31299,1,0,0.0
31702,10,0,0.0
31778,1,0,0.0
33940,2,0,0.0
34420,1,0,0.0
34438,5,0,0.0
25987,1,0,0.0
26223,2,0,0.0
26558,1,0,0.0
27388,1,0,0.0
28431,17,0,0.0
28479,5,0,0.0
29205,9,0,0.0
30248,1,0,0.0
31557,4,0,0.0
32961,5,0,0.0
33397,1,0,0.0
36205,18,0,0.0
26188,10,0,0.0
27191,3,0,0.0
27421,5,0,0.0
27714,2,0,0.0
28150,1,0,0.0
29065,1,0,0.0
29169,1,0,0.0
29192,2,0,0.0
29234,2,0,0.0
30084,1,0,0.0
30891,1,0,0.0
31115,1,0,0.0
31741,16,0,0.0
31915,1,0,0.0
33020,1,0,0.0
35108,4,0,0.0
26116,1,0,0.0
27301,1,0,0.0
27670,1,0,0.0
29838,2,0,0.0
30064,13,0,0.0
31199,1,0,0.0
32990,1,0,0.0
33244,2,0,0.0
33289,2,0,0.0
34308,1,0,0.0
35168,9,0,0.0
25663,12,0,0.0
26345,4,0,0.0
28833,5,0,0.0
30657,9,0,0.0
32322,11,0,0.0
34122,1,0,0.0
34535,4,0,0.0
36409,1,0,0.0
26130,1,0,0.0
26971,8,0,0.0
28404,1,0,0.0
28682,1,0,0.0
29895,6,0,0.0
30958,12,0,0.0
31060,12,0,0.0
31296,2,0,0.0
31426,1,0,0.0
33344,3,0,0.0
34269,2,0,0.0
25884,9,0,0.0
26310,1,0,0.0
27826,1,0,0.0
27985,1,0,0.0
33362,2,0,0.0
33692,1,0,0.0
34231,1,0,0.0
27347,1,0,0.0
27553,4,0,0.0
27832,4,0,0.0
28038,3,0,0.0
28519,1,0,0.0
28740,2,0,0.0
28784,2,0,0.0
29563,5,0,0.0
30161,13,0,0.0
31628,1,0,0.0
32963,15,0,0.0
34490,10,0,0.0
36544,1,0,0.0
25707,12,0,0.0
27276,2,0,0.0
27462,12,0,0.0
31974,2,0,0.0
32326,1,0,0.0
34165,1,0,0.0
34292,7,0,0.0
34659,1,0,0.0
35430,9,0,0.0
36188,2,0,0.0
36326,2,0,0.0
26161,1,0,0.0
27644,1,0,0.0
29017,2,0,0.0
30537,3,0,0.0
30893,1,0,0.0
31484,13,0,0.0
31973,1,0,0.0
32002,7,0,0.0
35465,1,0,0.0
35469,23,0,0.0
25676,1,0,0.0
26169,1,0,0.0
26756,1,0,0.0
26899,2,0,0.0
29631,1,0,0.0
32230,3,0,0.0
32359,1,0,0.0
33286,1,0,0.0
33992,1,0,0.0
34967,1,0,0.0
36376,1,0,0.0
25430,2,0,0.0
25768,1,0,0.0
25881,1,0,0.0
27077,2,0,0.0
29916,46,0,0.0
30975,1,0,0.0
31448,1,0,0.0
32422,5,0,0.0
33377,1,0,0.0
33663,1,0,0.0
34542,8,0,0.0
35519,1,0,0.0
25802,1,0,0.0
27190,14,0,0.0
28223,1,0,0.0
29364,1,0,0.0
29448,2,0,0.0
30270,2,0,0.0
31623,1,0,0.0
32928,1,0,0.0
33438,2,0,0.0
35131,1,0,0.0
35136,5,0,0.0
36402,8,0,0.0
25899,3,0,0.0
25958,1,0,0.0
26025,9,0,0.0
26542,2,0,0.0
26749,2,0,0.0
28635,6,0,0.0
30103,1,0,0.0
30140,1,0,0.0
31174,1,0,0.0
31940,4,0,0.0
32688,1,0,0.0
34337,19,0,0.0
35660,7,0,0.0
36531,4,0,0.0
25457,1,0,0.0
26072,1,0,0.0
26347,5,0,0.0
27846,1,0,0.0
28260,1,0,0.0
31544,1,0,0.0
31938,1,0,0.0
32433,4,0,0.0
35787,1,0,0.0
30149,12,0,0.0
30341,3,0,0.0
31048,11,0,0.0
31507,1,0,0.0
31693,5,0,0.0
33634,9,0,0.0
34319,1,0,0.0
35416,5,0,0.0
26192,1,0,0.0
28208,3,0,0.0
28860,1,0,0.0
28974,2,0,0.0
29322,2,0,0.0
30732,4,0,0.0
31649,16,0,0.0
34126,1,0,0.0
26753,10,0,0.0
29606,4,0,0.0
33155,1,0,0.0
34573,1,0,0.0
36091,1,0,0.0
26010,5,0,0.0
26105,1,0,0.0
26108,5,0,0.0
26674,2,0,0.0
31436,11,0,0.0
32167,1,0,0.0
33579,1,0,0.0
33814,4,0,0.0
34814,1,0,0.0
35869,1,0,0.0
36133,1,0,0.0
36322,5,0,0.0
25419,1,0,0.0
25825,4,0,0.0
28183,3,0,0.0
29016,6,0,0.0
32601,1,0,0.0
34541,1,0,0.0
35708,11,0,0.0
27291,10,0,0.0
28325,5,0,0.0
28434,1,0,0.0
29490,10,0,0.0
30160,9,0,0.0
30398,3,0,0.0
30819,1,0,0.0
31666,1,0,0.0
32064,1,0,0.0
32293,2,0,0.0
32434,8,0,0.0
32792,5,0,0.0
34067,1,0,0.0
25481,1,0,0.0
28961,3,0,0.0
29009,1,0,0.0
33769,3,0,0.0
29301,2,0,0.0
29454,15,0,0.0
30240,3,0,0.0
30919,1,0,0.0
31053,2,0,0.0
31437,2,0,0.0
32810,5,0,0.0
34524,7,0,0.0
34758,7,0,0.0
35308,1,0,0.0
35976,5,0,0.0
29598,5,0,0.0
33950,5,0,0.0
34564,2,0,0.0
35149,3,0,0.0
36526,10,0,0.0
25432,8,0,0.0
25442,1,0,0.0
27346,9,0,0.0
27813,2,0,0.0
28084,1,0,0.0
28419,5,0,0.0
28849,7,0,0.0
29005,9,0,0.0
31595,1,0,0.0
33457,1,0,0.0
34726,1,0,0.0
34750,1,0,0.0
36264,1,0,0.0
26127,50,0,0.0
27387,1,0,0.0
27779,24,0,0.0
31806,2,0,0.0
32793,1,0,0.0
34387,9,0,0.0
36233,4,0,0.0
25577,1,0,0.0
25693,4,0,0.0
26303,1,0,0.0
26887,1,0,0.0
27173,2,0,0.0
30111,1,0,0.0
32004,8,0,0.0
33502,2,0,0.0
33781,2,0,0.0
34252,1,0,0.0
34342,4,0,0.0
25937,17,0,0.0
29087,1,0,0.0
32226,3,0,0.0
32510,1,0,0.0
32841,4,0,0.0
33366,3,0,0.0
34888,3,0,0.0
35862,1,0,0.0
25685,1,0,0.0
27134,1,0,0.0
27139,18,0,0.0
30337,2,0,0.0
32106,1,0,0.0
33712,9,0,0.0
25950,1,0,0.0
26302,3,0,0.0
27647,3,0,0.0
28919,4,0,0.0
30456,1,0,0.0
34971,1,0,0.0
26151,2,0,0.0
27164,15,0,0.0
27443,4,0,0.0
28324,23,0,0.0
28466,1,0,0.0
32244,1,0,0.0
32382,2,0,0.0
32420,13,0,0.0
32978,1,0,0.0
35326,1,0,0.0
36194,2,0,0.0
27046,16,0,0.0
28474,1,0,0.0
29999,3,0,0.0
31382,8,0,0.0
31812,7,0,0.0
35060,5,0,0.0
26282,3,0,0.0
28443,4,0,0.0
29449,1,0,0.0
30474,9,0,0.0
30743,29,0,0.0
32020,6,0,0.0
32438,20,0,0.0
32926,4,0,0.0
34427,1,0,0.0
34668,1,0,0.0
34906,1,0,0.0
36300,3,0,0.0
25774,2,0,0.0
26934,1,0,0.0
28378,2,0,0.0
29955,1,0,0.0
30119,1,0,0.0
30234,2,0,0.0
30491,1,0,0.0
30822,1,0,0.0
32411,1,0,0.0
34076,1,0,0.0
34161,1,0,0.0
34918,12,0,0.0
36479,1,0,0.0
25790,1,0,0.0
26042,1,0,0.0
27815,7,0,0.0
27946,4,0,0.0
29333,4,0,0.0
32872,1,0,0.0
33968,4,0,0.0
35049,1,0,0.0
35898,6,0,0.0
26815,1,0,0.0
27018,1,0,0.0
27350,1,0,0.0
27544,1,0,0.0
27656,3,0,0.0
28128,10,0,0.0
28864,2,0,0.0
30834,4,0,0.0
32466,8,0,0.0
33402,1,0,0.0
34094,2,0,0.0
34766,1,0,0.0
25718,1,0,0.0
29756,8,0,0.0
32931,2,0,0.0
33356,7,0,0.0
34302,1,0,0.0
35772,2,0,0.0
35935,1,0,0.0
35998,2,0,0.0
36118,3,0,0.0
25495,1,0,0.0
25935,4,0,0.0
26253,1,0,0.0
27114,3,0,0.0
28169,1,0,0.0
29264,4,0,0.0
29672,1,0,0.0
30346,4,0,0.0
30684,11,0,0.0
31181,1,0,0.0
31248,1,0,0.0
33646,2,0,0.0
34199,2,0,0.0
34230,7,0,0.0
34428,3,0,0.0
35821,2,0,0.0
28043,6,0,0.0
28488,4,0,0.0
28887,3,0,0.0
29984,3,0,0.0
30788,3,0,0.0
30847,14,0,0.0
31474,3,0,0.0
32186,1,0,0.0
32457,2,0,0.0
32526,1,0,0.0
35973,1,0,0.0
36289,1,0,0.0
25554,1,0,0.0
25561,6,0,0.0
25584,1,0,0.0
26019,10,0,0.0
32152,1,0,0.0
33196,4,0,0.0
33540,2,0,0.0
33750,2,0,0.0
35530,1,0,0.0
25785,1,0,0.0
26508,8,0,0.0
27011,5,0,0.0
27569,7,0,0.0
29344,9,0,0.0
29771,1,0,0.0
30580,20,0,0.0
31977,10,0,0.0
34544,4,0,0.0
34601,1,0,0.0
35309,2,0,0.0
35525,1,0,0.0
26173,1,0,0.0
28624,5,0,0.0
29434,3,0,0.0
29475,1,0,0.0
30818,1,0,0.0
31522,1,0,0.0
33161,1,0,0.0
33872,1,0,0.0
25483,5,0,0.0
26733,1,0,0.0
27365,3,0,0.0
27707,3,0,0.0
29199,10,0,0.0
29500,3,0,0.0
30042,1,0,0.0
31955,1,0,0.0
32605,1,0,0.0
32989,4,0,0.0
34006,1,0,0.0
34055,1,0,0.0
35012,1,0,0.0
35202,1,0,0.0
36121,9,0,0.0
36156,1,0,0.0
25613,1,0,0.0
25703,18,0,0.0
27062,7,0,0.0
27900,1,0,0.0
29686,7,0,0.0
29883,1,0,0.0
29951,1,0,0.0
30748,2,0,0.0
30994,2,0,0.0
34020,1,0,0.0
34163,1,0,0.0
34363,1,0,0.0
35468,4,0,0.0
36462,1,0,0.0
25758,1,0,0.0
27177,1,0,0.0
28080,1,0,0.0
29187,1,0,0.0
29637,1,0,0.0
31388,1,0,0.0
31488,12,0,0.0
34457,1,0,0.0
34625,1,0,0.0
35276,1,0,0.0
35434,10,0,0.0
35690,23,0,0.0
35923,3,0,0.0
25413,7,0,0.0
26221,2,0,0.0
26748,2,0,0.0
27089,5,0,0.0
29581,2,0,0.0
29651,2,0,0.0
30947,9,0,0.0
34812,2,0,0.0
34917,1,0,0.0
35464,3,0,0.0
36456,1,0,0.0
26367,1,0,0.0
26605,1,0,0.0
26766,1,0,0.0
27010,9,0,0.0
28230,9,0,0.0
29122,1,0,0.0
29683,4,0,0.0
31981,1,0,0.0
32123,2,0,0.0
32865,1,0,0.0
33488,1,0,0.0
33929,1,0,0.0
34035,2,0,0.0
35396,1,0,0.0
25669,1,0,0.0
26445,1,0,0.0
26507,25,0,0.0
27534,1,0,0.0
28600,3,0,0.0
28807,2,0,0.0
29035,8,0,0.0
29355,1,0,0.0
30695,3,0,0.0
31587,1,0,0.0
33053,3,0,0.0
33234,1,0,0.0
33746,1,0,0.0
34988,2,0,0.0
35423,2,0,0.0
35446,2,0,0.0
35797,1,0,0.0
36365,1,0,0.0
26422,1,0,0.0
26514,26,0,0.0
26764,2,0,0.0
28268,4,0,0.0
28771,15,0,0.0
30328,7,0,0.0
30358,6,0,0.0
30763,4,0,0.0
31238,1,0,0.0
32243,12,0,0.0
33845,1,0,0.0
26600,2,0,0.0
26900,3,0,0.0
27453,3,0,0.0
28076,1,0,0.0
28283,1,0,0.0
28998,3,0,0.0
30037,1,0,0.0
30241,3,0,0.0
30946,6,0,0.0
31690,4,0,0.0
33511,1,0,0.0
35035,2,0,0.0
35952,1,0,0.0
36119,14,0,0.0
27625,3,0,0.0
30562,1,0,0.0
30806,2,0,0.0
31820,10,0,0.0
32115,1,0,0.0
32119,1,0,0.0
33069,1,0,0.0
33487,4,0,0.0
34944,4,0,0.0
35400,3,0,0.0
25723,1,0,0.0
26074,4,0,0.0
26671,18,0,0.0
29764,2,0,0.0
31054,2,0,0.0
32809,9,0,0.0
35173,1,0,0.0
26418,5,0,0.0
27052,3,0,0.0
27475,8,0,0.0
28121,2,0,0.0
31849,2,0,0.0
32461,6,0,0.0
32879,1,0,0.0
25450,12,0,0.0
25705,2,0,0.0
26123,4,0,0.0
27801,1,0,0.0
29074,1,0,0.0
29545,3,0,0.0
29564,2,0,0.0
29996,1,0,0.0
30034,1,0,0.0
30162,2,0,0.0
30955,4,0,0.0
31268,4,0,0.0
33056,1,0,0.0
34135,2,0,0.0
35025,1,0,0.0
28522,1,0,0.0
32135,1,0,0.0
32569,1,0,0.0
32788,25,0,0.0
34941,1,0,0.0
34949,14,0,0.0
25936,8,0,0.0
26113,13,0,0.0
26627,1,0,0.0
26678,13,0,0.0
27371,1,0,0.0
28922,2,0,0.0
29605,3,0,0.0
29986,7,0,0.0
29989,4,0,0.0
31269,1,0,0.0
31874,11,0,0.0
33360,11,0,0.0
34068,2,0,0.0
35316,1,0,0.0
35814,2,0,0.0
27574,1,0,0.0
28795,3,0,0.0
30318,4,0,0.0
30394,1,0,0.0
30450,1,0,0.0
32814,16,0,0.0
35089,2,0,0.0
27148,2,0,0.0
27467,2,0,0.0
29373,7,0,0.0
30371,1,0,0.0
33263,4,0,0.0
33306,3,0,0.0
33818,1,0,0.0
33924,8,0,0.0
34229,1,0,0.0
26491,1,0,0.0
27447,3,0,0.0
27530,2,0,0.0
27617,4,0,0.0
28105,4,0,0.0
28957,1,0,0.0
30011,9,0,0.0
31610,14,0,0.0
33249,15,0,0.0
34311,1,0,0.0
34339,1,0,0.0
34722,1,0,0.0
25394,1,0,0.0
26781,5,0,0.0
29718,2,0,0.0
30062,3,0,0.0
30794,17,0,0.0
30860,1,0,0.0
31648,1,0,0.0
32138,11,0,0.0
32664,1,0,0.0
33364,1,0,0.0
33687,1,0,0.0
34579,1,0,0.0
34652,2,0,0.0
25783,6,0,0.0
26326,1,0,0.0
26533,2,0,0.0
26878,1,0,0.0
27766,2,0,0.0
29111,1,0,0.0
30081,10,0,0.0
30932,23,0,0.0
32388,1,0,0.0
33829,3,0,0.0
34051,1,0,0.0
34124,8,0,0.0
34720,4,0,0.0
35081,3,0,0.0
35815,1,0,0.0
25942,3,0,0.0
27088,2,0,0.0
28523,7,0,0.0
28987,1,0,0.0
29914,1,0,0.0
30483,1,0,0.0
31770,1,0,0.0
32252,1,0,0.0
32480,1,0,0.0
32844,1,0,0.0
35373,1,0,0.0
35740,3,0,0.0
25801,1,0,0.0
25967,4,0,0.0
26598,3,0,0.0
28452,3,0,0.0
29435,3,0,0.0
31355,1,0,0.0
32234,22,0,0.0
34880,21,0,0.0
35222,1,0,0.0
26389,38,0,0.0
28798,7,0,0.0
29640,14,0,0.0
30370,1,0,0.0
30424,3,0,0.0
30457,1,0,0.0
31780,3,0,0.0
32325,34,0,0.0
32656,9,0,0.0
33250,1,0,0.0
33313,1,0,0.0
34367,6,0,0.0
36036,50,0,0.0
25689,55,0,0.0
27167,5,0,0.0
32575,1,0,0.0
33124,1,0,0.0
34935,2,0,0.0
35100,4,0,0.0
35580,4,0,0.0
35719,1,0,0.0
36277,1,0,0.0
36387,1,0,0.0
25745,2,0,0.0
26073,1,0,0.0
26294,2,0,0.0
27001,1,0,0.0
27496,1,0,0.0
28571,1,0,0.0
28979,1,0,0.0
29504,3,0,0.0
32063,12,0,0.0
33977,1,0,0.0
35037,2,0,0.0
35759,1,0,0.0
25587,1,0,0.0
27130,13,0,0.0
30470,1,0,0.0
31719,1,0,0.0
32213,3,0,0.0
33532,2,0,0.0
33553,4,0,0.0
34901,2,0,0.0
34956,1,0,0.0
35125,2,0,0.0
25429,1,0,0.0
27408,11,0,0.0
28321,14,0,0.0
29140,20,0,0.0
29360,1,0,0.0
32037,1,0,0.0
33074,3,0,0.0
35376,11,0,0.0
35485,1,0,0.0
36477,6,0,0.0
26096,1,0,0.0
26321,1,0,0.0
27076,2,0,0.0
28657,1,0,0.0
33163,1,0,0.0
33778,5,0,0.0
35358,1,0,0.0
25679,52,0,0.0
27980,1,0,0.0
28188,1,0,0.0
28750,1,0,0.0
30052,1,0,0.0
31862,18,0,0.0
32156,11,0,0.0
32451,10,0,0.0
33307,3,0,0.0
33606,1,0,0.0
33901,3,0,0.0
34325,11,0,0.0
34477,1,0,0.0
34635,1,0,0.0
36325,3,0,0.0
26596,2,0,0.0
26861,2,0,0.0
27008,18,0,0.0
27903,9,0,0.0
29331,5,0,0.0
29489,9,0,0.0
31183,2,0,0.0
31506,2,0,0.0
34064,10,0,0.0
34430,4,0,0.0
35069,1,0,0.0
26857,3,0,0.0
29164,1,0,0.0
30065,1,0,0.0
30846,1,0,0.0
32193,1,0,0.0
32368,1,0,0.0
32504,2,0,0.0
32565,3,0,0.0
33295,1,0,0.0
33411,1,0,0.0
34559,12,0,0.0
34830,1,0,0.0
35728,2,0,0.0
36502,4,0,0.0
28388,10,0,0.0
30040,2,0,0.0
32563,1,0,0.0
35395,1,0,0.0
26344,1,0,0.0
28353,21,0,0.0
28459,2,0,0.0
28880,2,0,0.0
31242,1,0,0.0
32732,3,0,0.0
33185,1,0,0.0
34527,2,0,0.0
34982,1,0,0.0
35537,1,0,0.0
36427,4,0,0.0
26262,16,0,0.0
27127,1,0,0.0
28193,4,0,0.0
29137,16,0,0.0
30906,1,0,0.0
32017,12,0,0.0
32223,5,0,0.0
34415,1,0,0.0
34558,2,0,0.0
27689,10,0,0.0
27911,2,0,0.0
28965,2,0,0.0
30138,1,0,0.0
31446,3,0,0.0
32407,6,0,0.0
32944,1,0,0.0
32975,1,0,0.0
33656,2,0,0.0
34146,1,0,0.0
35200,2,0,0.0
35404,2,0,0.0
26263,1,0,0.0
26516,15,0,0.0
26813,1,0,0.0
27809,4,0,0.0
27893,2,0,0.0
28209,1,0,0.0
28626,1,0,0.0
28685,3,0,0.0
29066,2,0,0.0
29152,21,0,0.0
31344,2,0,0.0
32499,1,0,0.0
32932,3,0,0.0
34434,9,0,0.0
35030,2,0,0.0
35885,4,0,0.0
25766,2,0,0.0
26883,4,0,0.0
27320,1,0,0.0
28444,14,0,0.0
28586,1,0,0.0
31099,33,0,0.0
32249,13,0,0.0
33522,2,0,0.0
33939,9,0,0.0
34410,2,0,0.0
35644,1,0,0.0
35744,3,0,0.0
26946,1,0,0.0
27416,13,0,0.0
28016,1,0,0.0
28081,2,0,0.0
29032,1,0,0.0
29611,3,0,0.0
31333,8,0,0.0
31844,1,0,0.0
32631,1,0,0.0
32797,3,0,0.0
33009,10,0,0.0
34702,1,0,0.0
30130,2,0,0.0
30376,8,0,0.0
30546,3,0,0.0
32450,4,0,0.0
33944,1,0,0.0
34444,3,0,0.0
25829,1,0,0.0
29723,1,0,0.0
32741,9,0,0.0
33504,1,0,0.0
35038,6,0,0.0
35761,1,0,0.0
25619,1,0,0.0
27844,1,0,0.0
29900,1,0,0.0
31772,1,0,0.0
32283,1,0,0.0
32566,3,0,0.0
34215,1,0,0.0
34687,1,0,0.0
35197,1,0,0.0
36369,5,0,0.0
28152,2,0,0.0
28264,2,0,0.0
28483,3,0,0.0
28748,1,0,0.0
30771,2,0,0.0
33810,1,0,0.0
29284,4,0,0.0
29398,1,0,0.0
29928,2,0,0.0
30173,8,0,0.0
30210,2,0,0.0
31427,1,0,0.0
31459,6,0,0.0
33699,2,0,0.0
35101,1,0,0.0
35544,1,0,0.0
35835,4,0,0.0
35881,15,0,0.0
36122,1,0,0.0
25585,13,0,0.0
25681,1,0,0.0
27592,1,0,0.0
30391,4,0,0.0
31130,7,0,0.0
32178,1,0,0.0
32358,1,0,0.0
32711,5,0,0.0
33105,1,0,0.0
33461,6,0,0.0
33599,6,0,0.0
36182,1,0,0.0
26691,1,0,0.0
26807,5,0,0.0
28828,1,0,0.0
29536,41,0,0.0
33998,4,0,0.0
34378,1,0,0.0
34409,4,0,0.0
34595,2,0,0.0
35412,1,0,0.0
36000,1,0,0.0
36005,1,0,0.0
36403,8,0,0.0
25503,3,0,0.0
25579,1,0,0.0
25853,2,0,0.0
27616,1,0,0.0
28394,1,0,0.0
29460,1,0,0.0
30555,3,0,0.0
32268,1,0,0.0
32820,3,0,0.0
33652,2,0,0.0
34517,1,0,0.0
35784,1,0,0.0
36219,2,0,0.0
26465,1,0,0.0
26714,1,0,0.0
26961,9,0,0.0
27113,1,0,0.0
27867,8,0,0.0
29165,13,0,0.0
29829,1,0,0.0
29846,6,0,0.0
30741,2,0,0.0
32998,37,0,0.0
33526,3,0,0.0
33789,104,0,0.0
34688,1,0,0.0
35120,4,0,0.0
35221,2,0,0.0
36484,2,0,0.0
36535,1,0,0.0
25607,1,0,0.0
26527,1,0,0.0
27788,1,0,0.0
29639,1,0,0.0
31711,1,0,0.0
31877,2,0,0.0
35768,39,0,0.0
41409,39,0,0.0
41890,3,0,0.0
41946,6,0,0.0
41988,1,0,0.0
42373,6,0,0.0
42635,10,0,0.0
43527,1,0,0.0
43688,1,0,0.0
44596,3,0,0.0
44906,1,0,0.0
36783,1,0,0.0
38436,2,0,0.0
44321,1,0,0.0
37006,22,0,0.0
37355,1,0,0.0
37409,10,0,0.0
37657,12,0,0.0
38146,1,0,0.0
39433,2,0,0.0
39867,44,0,0.0
42102,3,0,0.0
44553,1,0,0.0
44884,10,0,0.0
37215,17,0,0.0
38651,2,0,0.0
38910,13,0,0.0
40165,4,0,0.0
40677,2,0,0.0
40824,2,0,0.0
41141,3,0,0.0
42397,2,0,0.0
44691,19,0,0.0
44792,1,0,0.0
45027,1,0,0.0
45151,8,0,0.0
36905,1,0,0.0
37679,1,0,0.0
38176,3,0,0.0
38728,3,0,0.0
38883,1,0,0.0
39832,1,0,0.0
40670,2,0,0.0
40799,7,0,0.0
40912,8,0,0.0
41768,5,0,0.0
42349,5,0,0.0
42817,1,0,0.0
37209,3,0,0.0
37308,6,0,0.0
37812,3,0,0.0
39037,7,0,0.0
39488,1,0,0.0
41827,7,0,0.0
42550,1,0,0.0
43675,1,0,0.0
44543,2,0,0.0
44636,1,0,0.0
36580,11,0,0.0
37162,1,0,0.0
37199,3,0,0.0
38169,4,0,0.0
38427,1,0,0.0
40032,13,0,0.0
41817,27,0,0.0
41924,1,0,0.0
42430,5,0,0.0
37277,1,0,0.0
43801,1,0,0.0
45215,9,0,0.0
36940,1,0,0.0
37343,1,0,0.0
37618,5,0,0.0
38119,3,0,0.0
39550,1,0,0.0
40253,1,0,0.0
40343,49,0,0.0
40600,2,0,0.0
41615,2,0,0.0
44441,2,0,0.0
36894,1,0,0.0
37285,1,0,0.0
38423,1,0,0.0
42177,1,0,0.0
43946,15,0,0.0
45292,1,0,0.0
37174,2,0,0.0
37361,1,0,0.0
37522,1,0,0.0
38049,7,0,0.0
38425,1,0,0.0
44570,3,0,0.0
44766,1,0,0.0
44968,7,0,0.0
38124,2,0,0.0
41552,2,0,0.0
42024,4,0,0.0
42187,1,0,0.0
42317,1,0,0.0
44142,7,0,0.0
44316,40,0,0.0
36549,3,0,0.0
37268,1,0,0.0
37472,10,0,0.0
38128,1,0,0.0
38214,2,0,0.0
38431,2,0,0.0
38727,22,0,0.0
40110,2,0,0.0
40276,3,0,0.0
40528,1,0,0.0
41203,1,0,0.0
43149,1,0,0.0
44139,1,0,0.0
44370,5,0,0.0
44545,1,0,0.0
36854,2,0,0.0
37092,2,0,0.0
37372,4,0,0.0
37965,1,0,0.0
38850,10,0,0.0
41006,1,0,0.0
41231,3,0,0.0
41772,2,0,0.0
42733,1,0,0.0
43274,1,0,0.0
44552,4,0,0.0
45053,1,0,0.0
45062,1,0,0.0
38976,3,0,0.0
39046,1,0,0.0
39879,7,0,0.0
40973,1,0,0.0
45068,1,0,0.0
36924,21,0,0.0
37004,1,0,0.0
37918,24,0,0.0
39333,1,0,0.0
43025,13,0,0.0
44936,1,0,0.0
37434,1,0,0.0
40095,1,0,0.0
40872,1,0,0.0
40883,2,0,0.0
41061,1,0,0.0
41145,1,0,0.0
41525,36,0,0.0
42076,3,0,0.0
43770,2,0,0.0
44049,1,0,0.0
44477,17,0,0.0
44660,2,0,0.0
36573,1,0,0.0
37517,2,0,0.0
37599,3,0,0.0
37796,1,0,0.0
38339,5,0,0.0
39168,1,0,0.0
39574,6,0,0.0
39925,2,0,0.0
40696,1,0,0.0
41642,1,0,0.0
42007,2,0,0.0
42094,1,0,0.0
42204,8,0,0.0
44279,2,0,0.0
44511,6,0,0.0
37019,2,0,0.0
38352,1,0,0.0
38779,1,0,0.0
39635,3,0,0.0
39821,14,0,0.0
39835,21,0,0.0
39955,1,0,0.0
39965,2,0,0.0
40405,1,0,0.0
40886,3,0,0.0
37200,10,0,0.0
37971,1,0,0.0
38060,4,0,0.0
38916,2,0,0.0
40123,2,0,0.0
40434,1,0,0.0
40762,8,0,0.0
41810,1,0,0.0
42292,1,0,0.0
43088,1,0,0.0
43748,8,0,0.0
36694,1,0,0.0
37369,1,0,0.0
37897,4,0,0.0
38829,1,0,0.0
39396,9,0,0.0
39690,1,0,0.0
40991,4,0,0.0
41689,2,0,0.0
41723,3,0,0.0
42642,1,0,0.0
43243,1,0,0.0
37950,2,0,0.0
39273,2,0,0.0
43052,3,0,0.0
44406,1,0,0.0
44499,11,0,0.0
36975,3,0,0.0
37998,15,0,0.0
38147,1,0,0.0
39436,1,0,0.0
40100,8,0,0.0
41869,2,0,0.0
43834,6,0,0.0
44948,1,0,0.0
37491,2,0,0.0
42068,2,0,0.0
43557,3,0,0.0
44029,4,0,0.0
44195,1,0,0.0
44460,3,0,0.0
45112,1,0,0.0
38157,3,0,0.0
39360,6,0,0.0
39883,1,0,0.0
39928,4,0,0.0
40226,1,0,0.0
40337,1,0,0.0
40389,18,0,0.0
40952,1,0,0.0
37676,21,0,0.0
39457,1,0,0.0
40054,5,0,0.0
41625,3,0,0.0
42534,1,0,0.0
43424,1,0,0.0
39219,7,0,0.0
40118,1,0,0.0
40139,8,0,0.0
40648,2,0,0.0
41523,1,0,0.0
41533,4,0,0.0
43131,3,0,0.0
43959,1,0,0.0
44010,3,0,0.0
40185,6,0,0.0
40411,16,0,0.0
41062,1,0,0.0
41966,2,0,0.0
42259,1,0,0.0
42576,7,0,0.0
43218,1,0,0.0
38475,2,0,0.0
38489,1,0,0.0
38526,1,0,0.0
38959,1,0,0.0
39957,1,0,0.0
40263,6,0,0.0
40283,3,0,0.0
41965,9,0,0.0
36690,1,0,0.0
36963,1,0,0.0
37135,4,0,0.0
39521,4,0,0.0
41119,1,0,0.0
41693,3,0,0.0
44083,4,0,0.0
44723,1,0,0.0
36943,1,0,0.0
36972,1,0,0.0
37586,3,0,0.0
38522,38,0,0.0
38535,26,0,0.0
39027,4,0,0.0
39608,1,0,0.0
39766,1,0,0.0
39877,2,0,0.0
40368,3,0,0.0
40558,1,0,0.0
40998,1,0,0.0
42135,2,0,0.0
43164,1,0,0.0
43905,1,0,0.0
44138,3,0,0.0
44541,5,0,0.0
44888,9,0,0.0
45202,1,0,0.0
37449,3,0,0.0
39059,2,0,0.0
39355,9,0,0.0
40638,3,0,0.0
40803,11,0,0.0
41852,5,0,0.0
42993,5,0,0.0
44114,7,0,0.0
45265,1,0,0.0
37761,4,0,0.0
38714,8,0,0.0
39571,2,0,0.0
41461,1,0,0.0
42330,1,0,0.0
36789,3,0,0.0
37847,1,0,0.0
37946,1,0,0.0
38551,4,0,0.0
38942,2,0,0.0
39868,6,0,0.0
40096,3,0,0.0
40442,1,0,0.0
40649,1,0,0.0
43280,2,0,0.0
43678,3,0,0.0
43719,2,0,0.0
38978,1,0,0.0
39810,1,0,0.0
39895,2,0,0.0
40266,2,0,0.0
41070,3,0,0.0
41362,3,0,0.0
43516,1,0,0.0
39478,3,0,0.0
39802,1,0,0.0
41237,1,0,0.0
42489,1,0,0.0
45070,1,0,0.0
39318,2,0,0.0
39531,1,0,0.0
40218,3,0,0.0
40304,2,0,0.0
40591,1,0,0.0
40689,1,0,0.0
41051,1,0,0.0
42557,1,0,0.0
43309,4,0,0.0
45029,5,0,0.0
39548,8,0,0.0
40541,4,0,0.0
41526,1,0,0.0
41969,1,0,0.0
42268,6,0,0.0
42504,1,0,0.0
44185,19,0,0.0
36744,1,0,0.0
36984,4,0,0.0
38601,11,0,0.0
38717,5,0,0.0
38907,3,0,0.0
41286,8,0,0.0
41626,5,0,0.0
42655,9,0,0.0
44229,10,0,0.0
36721,1,0,0.0
39213,2,0,0.0
40566,2,0,0.0
42435,1,0,0.0
42858,1,0,0.0
43835,4,0,0.0
43931,26,0,0.0
37155,1,0,0.0
37538,25,0,0.0
37787,1,0,0.0
41489,1,0,0.0
42492,2,0,0.0
43237,6,0,0.0
43365,1,0,0.0
43374,6,0,0.0
36611,4,0,0.0
37881,2,0,0.0
38007,3,0,0.0
39019,2,0,0.0
39231,1,0,0.0
39534,1,0,0.0
40596,4,0,0.0
40663,2,0,0.0
41171,2,0,0.0
41332,6,0,0.0
41903,1,0,0.0
42039,1,0,0.0
42092,1,0,0.0
45226,2,0,0.0
37256,1,0,0.0
40393,1,0,0.0
42029,1,0,0.0
44023,1,0,0.0
44605,3,0,0.0
37967,2,0,0.0
39703,1,0,0.0
41862,10,0,0.0
42943,2,0,0.0
43311,2,0,0.0
44811,2,0,0.0
45244,2,0,0.0
37120,2,0,0.0
38294,2,0,0.0
38951,1,0,0.0
40967,3,0,0.0
41609,2,0,0.0
37837,3,0,0.0
38893,1,0,0.0
40965,2,0,0.0
41918,1,0,0.0
42442,3,0,0.0
42723,1,0,0.0
44044,1,0,0.0
44707,1,0,0.0
38885,1,0,0.0
39609,6,0,0.0
40275,2,0,0.0
40650,5,0,0.0
41328,3,0,0.0
41495,1,0,0.0
44153,16,0,0.0
44705,1,0,0.0
36646,9,0,0.0
38151,28,0,0.0
38276,3,0,0.0
38790,1,0,0.0
39399,1,0,0.0
40489,17,0,0.0
41198,2,0,0.0
42849,1,0,0.0
44240,4,0,0.0
37627,3,0,0.0
39743,5,0,0.0
40587,2,0,0.0
40797,1,0,0.0
42093,3,0,0.0
43854,4,0,0.0
44571,1,0,0.0
37377,1,0,0.0
37852,4,0,0.0
38036,6,0,0.0
42285,1,0,0.0
42436,7,0,0.0
43611,1,0,0.0
44146,4,0,0.0
44722,6,0,0.0
38834,1,0,0.0
41351,4,0,0.0
41394,5,0,0.0
42041,2,0,0.0
43658,1,0,0.0
38166,3,0,0.0
40941,1,0,0.0
41321,1,0,0.0
43133,1,0,0.0
37314,2,0,0.0
37626,1,0,0.0
38760,9,0,0.0
40130,1,0,0.0
40327,2,0,0.0
40412,1,0,0.0
41500,1,0,0.0
43226,14,0,0.0
44082,1,0,0.0
44786,12,0,0.0
44992,6,0,0.0
37031,2,0,0.0
38032,1,0,0.0
38088,22,0,0.0
38944,4,0,0.0
39029,1,0,0.0
39444,1,0,0.0
39446,1,0,0.0
40031,11,0,0.0
43679,13,0,0.0
37075,2,0,0.0
39094,8,0,0.0
40992,2,0,0.0
42220,3,0,0.0
42702,1,0,0.0
44594,1,0,0.0
45153,1,0,0.0
36589,1,0,0.0
36804,1,0,0.0
37228,2,0,0.0
38228,6,0,0.0
39255,1,0,0.0
39504,1,0,0.0
41667,34,0,0.0
42057,6,0,0.0
43275,1,0,0.0
43510,5,0,0.0
43628,16,0,0.0
37380,2,0,0.0
38194,1,0,0.0
38876,1,0,0.0
40901,1,0,0.0
41016,1,0,0.0
41221,10,0,0.0
41491,1,0,0.0
42499,3,0,0.0
43798,3,0,0.0
36574,1,0,0.0
36888,2,0,0.0
37478,3,0,0.0
37974,1,0,0.0
41123,1,0,0.0
41242,2,0,0.0
41587,2,0,0.0
42258,1,0,0.0
44420,13,0,0.0
36861,1,0,0.0
39697,1,0,0.0
41067,1,0,0.0
41248,1,0,0.0
41634,2,0,0.0
41974,3,0,0.0
37192,1,0,0.0
38890,6,0,0.0
39842,22,0,0.0
40457,2,0,0.0
41048,1,0,0.0
41774,1,0,0.0
43046,8,0,0.0
44758,3,0,0.0
44877,2,0,0.0
39956,1,0,0.0
40166,2,0,0.0
42408,3,0,0.0
43435,2,0,0.0
39402,2,0,0.0
41811,1,0,0.0
42688,2,0,0.0
43250,1,0,0.0
36551,2,0,0.0
39542,11,0,0.0
39780,1,0,0.0
41884,1,0,0.0
41939,2,0,0.0
44149,1,0,0.0
39042,2,0,0.0
39472,4,0,0.0
39754,21,0,0.0
42712,21,0,0.0
44425,1,0,0.0
36847,4,0,0.0
37718,8,0,0.0
38460,7,0,0.0
41039,2,0,0.0
42912,5,0,0.0
44097,6,0,0.0
36928,1,0,0.0
36998,1,0,0.0
39421,3,0,0.0
40316,1,0,0.0
40387,2,0,0.0
42570,2,0,0.0
43139,5,0,0.0
44165,2,0,0.0
44905,2,0,0.0
39578,5,0,0.0
40193,2,0,0.0
43029,10,0,0.0
43215,1,0,0.0
45293,5,0,0.0
37524,2,0,0.0
37686,1,0,0.0
37689,31,0,0.0
39811,3,0,0.0
42072,1,0,0.0
42538,1,0,0.0
43150,3,0,0.0
44285,11,0,0.0
44828,1,0,0.0
45279,4,0,0.0
36741,1,0,0.0
39463,1,0,0.0
39908,2,0,0.0
40005,1,0,0.0
41515,21,0,0.0
42117,1,0,0.0
43727,1,0,0.0
44007,2,0,0.0
37504,3,0,0.0
38340,11,0,0.0
42966,9,0,0.0
43949,16,0,0.0
44076,5,0,0.0
36584,1,0,0.0
37295,11,0,0.0
37348,11,0,0.0
37899,10,0,0.0
39350,2,0,0.0
39680,2,0,0.0
43076,1,0,0.0
43584,1,0,0.0
43936,2,0,0.0
37020,1,0,0.0
40212,3,0,0.0
42792,3,0,0.0
43577,2,0,0.0
45008,1,0,0.0
37250,1,0,0.0
39196,1,0,0.0
40632,6,0,0.0
40676,34,0,0.0
41335,1,0,0.0
42138,6,0,0.0
43886,1,0,0.0
44295,1,0,0.0
37980,1,0,0.0
39861,12,0,0.0
40163,4,0,0.0
41030,5,0,0.0
41044,4,0,0.0
42009,1,0,0.0
43599,1,0,0.0
43693,1,0,0.0
43695,5,0,0.0
44302,63,0,0.0
44713,2,0,0.0
37850,5,0,0.0
38313,1,0,0.0
38403,10,0,0.0
39664,6,0,0.0
39818,1,0,0.0
40413,23,0,0.0
40623,1,0,0.0
42658,2,0,0.0
43032,10,0,0.0
37340,6,0,0.0
38095,1,0,0.0
39607,3,0,0.0
40058,22,0,0.0
42418,4,0,0.0
43718,3,0,0.0
43867,3,0,0.0
44602,3,0,0.0
44998,1,0,0.0
45146,4,0,0.0
36763,18,0,0.0
36833,1,0,0.0
39801,1,0,0.0
40092,24,0,0.0
41452,2,0,0.0
43134,3,0,0.0
44210,1,0,0.0
38094,7,0,0.0
38498,1,0,0.0
39142,10,0,0.0
40183,3,0,0.0
40560,2,0,0.0
42639,11,0,0.0
43863,1,0,0.0
43999,3,0,0.0
44378,10,0,0.0
44885,17,0,0.0
44983,1,0,0.0
37549,1,0,0.0
38057,19,0,0.0
43167,9,0,0.0
43699,1,0,0.0
44808,1,0,0.0
42064,1,0,0.0
43608,24,0,0.0
44400,3,0,0.0
36572,1,0,0.0
39323,1,0,0.0
40237,1,0,0.0
42886,1,0,0.0
43932,1,0,0.0
43967,2,0,0.0
44131,1,0,0.0
44217,1,0,0.0
36843,3,0,0.0
36876,6,0,0.0
38385,3,0,0.0
38580,2,0,0.0
38753,1,0,0.0
39456,10,0,0.0
41422,1,0,0.0
41694,2,0,0.0
43618,1,0,0.0
44031,3,0,0.0
44959,3,0,0.0
39844,1,0,0.0
40305,1,0,0.0
40581,14,0,0.0
42670,5,0,0.0
43837,5,0,0.0
44228,19,0,0.0
44680,1,0,0.0
37467,1,0,0.0
38516,2,0,0.0
39678,1,0,0.0
40059,1,0,0.0
40352,9,0,0.0
41851,8,0,0.0
44867,1,0,0.0
37544,2,0,0.0
39522,3,0,0.0
40037,3,0,0.0
40377,4,0,0.0
41128,1,0,0.0
43520,20,0,0.0
43627,13,0,0.0
38015,13,0,0.0
39815,15,0,0.0
40741,2,0,0.0
40832,1,0,0.0
41816,12,0,0.0
44824,1,0,0.0
38591,20,0,0.0
38696,5,0,0.0
38895,1,0,0.0
39173,2,0,0.0
40438,1,0,0.0
40700,1,0,0.0
42790,2,0,0.0
44947,9,0,0.0
36816,11,0,0.0
37005,2,0,0.0
37164,2,0,0.0
37259,2,0,0.0
38490,1,0,0.0
38558,25,0,0.0
39434,2,0,0.0
39569,6,0,0.0
40204,1,0,0.0
42565,7,0,0.0
43366,13,0,0.0
43601,15,0,0.0
43881,11,0,0.0
44945,2,0,0.0
36864,7,0,0.0
37252,1,0,0.0
37458,23,0,0.0
37951,1,0,0.0
39480,5,0,0.0
39584,2,0,0.0
41086,2,0,0.0
43087,5,0,0.0
43319,72,0,0.0
44129,1,0,0.0
40642,1,0,0.0
43086,1,0,0.0
43343,1,0,0.0
37601,1,0,0.0
37911,3,0,0.0
39470,1,0,0.0
39789,1,0,0.0
40598,11,0,0.0
40925,12,0,0.0
40968,1,0,0.0
42140,1,0,0.0
43913,1,0,0.0
44124,5,0,0.0
44274,1,0,0.0
45076,1,0,0.0
37188,35,0,0.0
37240,1,0,0.0
40841,1,0,0.0
40866,1,0,0.0
41529,1,0,0.0
42073,1,0,0.0
42484,1,0,0.0
43138,2,0,0.0
43739,3,0,0.0
36650,6,0,0.0
37410,12,0,0.0
38859,1,0,0.0
38957,1,0,0.0
40882,2,0,0.0
41585,2,0,0.0
41941,3,0,0.0
43408,1,0,0.0
43469,1,0,0.0
43541,1,0,0.0
43757,1,0,0.0
44564,1,0,0.0
44957,11,0,0.0
37055,3,0,0.0
38404,3,0,0.0
38925,14,0,0.0
39034,3,0,0.0
39756,2,0,0.0
42786,3,0,0.0
43176,1,0,0.0
43320,11,0,0.0
44627,1,0,0.0
44711,13,0,0.0
44940,2,0,0.0
39152,2,0,0.0
41155,35,0,0.0
43080,1,0,0.0
36711,7,0,0.0
37468,2,0,0.0
39206,1,0,0.0
40270,1,0,0.0
40744,1,0,0.0
41210,3,0,0.0
41225,6,0,0.0
42069,7,0,0.0
37191,2,0,0.0
37452,1,0,0.0
37829,6,0,0.0
39873,14,0,0.0
40630,6,0,0.0
41501,1,0,0.0
36637,2,0,0.0
40455,43,0,0.0
41967,1,0,0.0
43917,7,0,0.0
44376,4,0,0.0
44994,1,0,0.0
37058,6,0,0.0
37954,1,0,0.0
38026,1,0,0.0
38496,2,0,0.0
39720,1,0,0.0
40895,2,0,0.0
41353,5,0,0.0
42880,1,0,0.0
37904,1,0,0.0
41019,10,0,0.0
41060,2,0,0.0
41486,4,0,0.0
43199,1,0,0.0
43669,4,0,0.0
43684,1,0,0.0
43861,1,0,0.0
45218,1,0,0.0
36633,1,0,0.0
37023,1,0,0.0
37294,1,0,0.0
38383,2,0,0.0
38386,18,0,0.0
38477,1,0,0.0
38563,14,0,0.0
41324,1,0,0.0
45177,1,0,0.0
37205,2,0,0.0
38013,1,0,0.0
38118,2,0,0.0
38497,2,0,0.0
39199,14,0,0.0
39222,1,0,0.0
39573,1,0,0.0
39809,1,0,0.0
41140,2,0,0.0
41195,2,0,0.0
42074,1,0,0.0
43066,4,0,0.0
45197,1,0,0.0
37865,4,0,0.0
39056,1,0,0.0
39942,3,0,0.0
40680,1,0,0.0
40747,2,0,0.0
40897,4,0,0.0
42673,73,0,0.0
43603,1,0,0.0
44103,2,0,0.0
44233,2,0,0.0
45086,1,0,0.0
36836,15,0,0.0
37157,2,0,0.0
37338,6,0,0.0
38831,1,0,0.0
39053,1,0,0.0
39365,1,0,0.0
40083,5,0,0.0
40728,1,0,0.0
40944,1,0,0.0
42052,1,0,0.0
43779,1,0,0.0
44300,1,0,0.0
45209,1,0,0.0
38204,1,0,0.0
39673,1,0,0.0
39892,1,0,0.0
40027,3,0,0.0
40080,3,0,0.0
40371,2,0,0.0
45176,7,0,0.0
36797,1,0,0.0
36858,3,0,0.0
38044,2,0,0.0
40760,5,0,0.0
41017,1,0,0.0
41377,1,0,0.0
45217,1,0,0.0
38348,2,0,0.0
38930,1,0,0.0
39494,1,0,0.0
42860,3,0,0.0
42864,1,0,0.0
43531,49,0,0.0
44719,13,0,0.0
44870,1,0,0.0
45221,2,0,0.0
36814,1,0,0.0
36834,1,0,0.0
38064,1,0,0.0
39791,1,0,0.0
40569,4,0,0.0
44970,6,0,0.0
37298,6,0,0.0
37543,1,0,0.0
37760,5,0,0.0
38210,1,0,0.0
40930,1,0,0.0
37028,1,0,0.0
37266,1,0,0.0
39075,2,0,0.0
39297,10,0,0.0
39627,4,0,0.0
40960,25,0,0.0
42142,9,0,0.0
43172,4,0,0.0
44140,2,0,0.0
44286,1,0,0.0
44907,1,0,0.0
45246,2,0,0.0
37587,2,0,0.0
38079,1,0,0.0
38553,7,0,0.0
39157,4,0,0.0
43626,1,0,0.0
44856,8,0,0.0
45018,1,0,0.0
37276,4,0,0.0
38906,4,0,0.0
39015,1,0,0.0
39733,5,0,0.0
39885,1,0,0.0
40002,2,0,0.0
40265,1,0,0.0
42714,2,0,0.0
44277,3,0,0.0
38597,3,0,0.0
41407,2,0,0.0
42851,2,0,0.0
43130,18,0,0.0
43353,2,0,0.0
38264,1,0,0.0
40179,1,0,0.0
40284,1,0,0.0
40394,6,0,0.0
40875,3,0,0.0
41564,2,0,0.0
42084,2,0,0.0
42594,2,0,0.0
42838,25,0,0.0
43583,1,0,0.0
37022,4,0,0.0
37483,1,0,0.0
38487,1,0,0.0
39320,1,0,0.0
39913,37,0,0.0
43174,1,0,0.0
45255,1,0,0.0
36800,1,0,0.0
37816,9,0,0.0
37987,28,0,0.0
38184,1,0,0.0
42173,1,0,0.0
43532,8,0,0.0
44339,1,0,0.0
37047,1,0,0.0
37341,4,0,0.0
37754,1,0,0.0
39251,1,0,0.0
39602,7,0,0.0
42139,1,0,0.0
43143,1,0,0.0
44236,1,0,0.0
44345,1,0,0.0
44413,5,0,0.0
36909,5,0,0.0
37204,30,0,0.0
38479,1,0,0.0
41142,6,0,0.0
41646,1,0,0.0
42279,4,0,0.0
42549,1,0,0.0
45206,4,0,0.0
36715,1,0,0.0
37709,3,0,0.0
39682,1,0,0.0
41580,1,0,0.0
42353,2,0,0.0
43649,2,0,0.0
44763,1,0,0.0
39013,3,0,0.0
41200,5,0,0.0
41436,1,0,0.0
42650,1,0,0.0
43376,1,0,0.0
38287,4,0,0.0
38453,1,0,0.0
40565,2,0,0.0
41509,1,0,0.0
42923,1,0,0.0
44619,13,0,0.0
37067,1,0,0.0
37512,1,0,0.0
37696,1,0,0.0
38177,3,0,0.0
38542,15,0,0.0
39462,1,0,0.0
40173,1,0,0.0
41546,1,0,0.0
42961,1,0,0.0
42987,4,0,0.0
43704,1,0,0.0
43731,5,0,0.0
44493,2,0,0.0
37550,1,0,0.0
39324,1,0,0.0
44426,1,0,0.0
44961,1,0,0.0
36918,1,0,0.0
37572,1,0,0.0
38328,2,0,0.0
38624,4,0,0.0
40868,26,0,0.0
40928,1,0,0.0
41222,1,0,0.0
41232,2,0,0.0
42918,4,0,0.0
43117,7,0,0.0
45264,17,0,0.0
36742,16,0,0.0
36823,1,0,0.0
37255,4,0,0.0
37984,1,0,0.0
40156,7,0,0.0
40247,2,0,0.0
42136,10,0,0.0
44065,2,0,0.0
36774,7,0,0.0
37244,1,0,0.0
39068,1,0,0.0
41835,4,0,0.0
42054,3,0,0.0
43645,2,0,0.0
43789,13,0,0.0
44298,1,0,0.0
44481,10,0,0.0
44814,1,0,0.0
37692,4,0,0.0
37841,1,0,0.0
39184,15,0,0.0
40757,4,0,0.0
41042,2,0,0.0
42866,1,0,0.0
43094,1,0,0.0
43643,1,0,0.0
44817,3,0,0.0
37495,20,0,0.0
37531,4,0,0.0
38996,1,0,0.0
39588,7,0,0.0
40300,1,0,0.0
43920,1,0,0.0
36912,1,0,0.0
37784,1,0,0.0
37921,1,0,0.0
38420,1,0,0.0
42316,1,0,0.0
43191,1,0,0.0
43509,4,0,0.0
44554,6,0,0.0
44919,11,0,0.0
44966,1,0,0.0
36758,3,0,0.0
37479,2,0,0.0
39018,59,0,0.0
39209,25,0,0.0
44171,29,0,0.0
37973,5,0,0.0
39419,1,0,0.0
40174,16,0,0.0
40985,1,0,0.0
41519,2,0,0.0
42738,1,0,0.0
44827,2,0,0.0
45079,1,0,0.0
45263,12,0,0.0
38722,1,0,0.0
41139,1,0,0.0
43012,2,0,0.0
43621,4,0,0.0
44731,6,0,0.0
37063,1,0,0.0
39294,3,0,0.0
40635,3,0,0.0
43494,1,0,0.0
36560,2,0,0.0
37810,1,0,0.0
38457,12,0,0.0
38532,1,0,0.0
38887,3,0,0.0
40674,1,0,0.0
43002,1,0,0.0
43024,5,0,0.0
43104,7,0,0.0
43579,6,0,0.0
44296,1,0,0.0
45104,1,0,0.0
36606,4,0,0.0
37241,1,0,0.0
38434,11,0,0.0
39270,1,0,0.0
39458,1,0,0.0
40111,1,0,0.0
40233,1,0,0.0
40993,1,0,0.0
41295,18,0,0.0
43471,3,0,0.0
43647,2,0,0.0
37007,4,0,0.0
37039,1,0,0.0
41907,1,0,0.0
44363,1,0,0.0
44606,1,0,0.0
38259,2,0,0.0
40812,1,0,0.0
40948,11,0,0.0
41760,3,0,0.0
42527,1,0,0.0
43229,4,0,0.0
44652,3,0,0.0
44796,1,0,0.0
36599,1,0,0.0
37716,8,0,0.0
38226,1,0,0.0
38362,1,0,0.0
38515,3,0,0.0
42452,1,0,0.0
43786,7,0,0.0
37558,1,0,0.0
41073,5,0,0.0
41563,2,0,0.0
41734,11,0,0.0
42239,12,0,0.0
42748,1,0,0.0
42921,1,0,0.0
43201,1,0,0.0
43528,1,0,0.0
43635,9,0,0.0
43958,1,0,0.0
44243,25,0,0.0
44310,2,0,0.0
44810,1,0,0.0
36751,2,0,0.0
37708,1,0,0.0
37741,2,0,0.0
38417,1,0,0.0
38604,4,0,0.0
39423,39,0,0.0
40192,30,0,0.0
42002,22,0,0.0
42365,1,0,0.0
42382,1,0,0.0
43972,3,0,0.0
36647,1,0,0.0
36956,1,0,0.0
38391,1,0,0.0
40358,5,0,0.0
40929,2,0,0.0
41732,1,0,0.0
41794,3,0,0.0
41815,5,0,0.0
41875,2,0,0.0
41950,8,0,0.0
41961,1,0,0.0
42216,3,0,0.0
43729,1,0,0.0
37275,1,0,0.0
38634,1,0,0.0
39187,1,0,0.0
40099,1,0,0.0
40251,1,0,0.0
40627,1,0,0.0
41113,2,0,0.0
42212,19,0,0.0
43507,3,0,0.0
44550,3,0,0.0
36868,7,0,0.0
37090,2,0,0.0
38517,4,0,0.0
40241,7,0,0.0
40381,14,0,0.0
41032,8,0,0.0
42395,1,0,0.0
44136,2,0,0.0
44586,26,0,0.0
44886,4,0,0.0
38596,1,0,0.0
40225,11,0,0.0
41717,2,0,0.0
43872,1,0,0.0
37368,1,0,0.0
38218,20,0,0.0
39428,4,0,0.0
39707,3,0,0.0
40126,1,0,0.0
41259,7,0,0.0
41799,1,0,0.0
43265,1,0,0.0
37280,1,0,0.0
37420,1,0,0.0
38933,1,0,0.0
39033,4,0,0.0
39746,4,0,0.0
40444,10,0,0.0
41962,27,0,0.0
42672,1,0,0.0
43283,35,0,0.0
43963,1,0,0.0
44341,3,0,0.0
44396,1,0,0.0
36881,1,0,0.0
37159,1,0,0.0
37461,9,0,0.0
37775,14,0,0.0
38478,1,0,0.0
42242,2,0,0.0
43556,6,0,0.0
43560,6,0,0.0
37611,12,0,0.0
37801,1,0,0.0
37842,1,0,0.0
38078,1,0,0.0
38241,9,0,0.0
38953,1,0,0.0
39340,1,0,0.0
39920,39,0,0.0
41170,1,0,0.0
42383,1,0,0.0
42505,1,0,0.0
42914,18,0,0.0
43709,13,0,0.0
44331,5,0,0.0
44482,1,0,0.0
38191,1,0,0.0
38724,1,0,0.0
38729,23,0,0.0
38755,1,0,0.0
41516,1,0,0.0
42047,6,0,0.0
42559,6,0,0.0
42586,5,0,0.0
43543,12,0,0.0
44204,1,0,0.0
44455,5,0,0.0
37109,21,0,0.0
37342,2,0,0.0
38129,1,0,0.0
39103,7,0,0.0
39499,27,0,0.0
40548,8,0,0.0
40561,6,0,0.0
41049,7,0,0.0
42618,9,0,0.0
42756,1,0,0.0
36745,1,0,0.0
37693,1,0,0.0
37991,5,0,0.0
39615,51,0,0.0
41598,1,0,0.0
42355,1,0,0.0
43940,1,0,0.0
44360,7,0,0.0
44531,2,0,0.0
38304,2,0,0.0
38839,16,0,0.0
38947,1,0,0.0
40947,1,0,0.0
41358,4,0,0.0
41504,1,0,0.0
43105,1,0,0.0
43316,1,0,0.0
43321,1,0,0.0
43415,3,0,0.0
44473,3,0,0.0
36896,2,0,0.0
37470,3,0,0.0
37959,3,0,0.0
38820,1,0,0.0
42143,2,0,0.0
43073,8,0,0.0
43571,1,0,0.0
36757,1,0,0.0
37555,1,0,0.0
37635,1,0,0.0
37914,1,0,0.0
38841,4,0,0.0
39326,21,0,0.0
40453,4,0,0.0
41308,8,0,0.0
41325,1,0,0.0
41681,3,0,0.0
42163,1,0,0.0
42766,2,0,0.0
42957,5,0,0.0
36670,5,0,0.0
37279,2,0,0.0
39560,16,0,0.0
43209,1,0,0.0
36754,3,0,0.0
37926,2,0,0.0
38209,3,0,0.0
39261,2,0,0.0
39990,6,0,0.0
40066,2,0,0.0
40533,1,0,0.0
42429,4,0,0.0
36767,27,0,0.0
37598,3,0,0.0
40593,5,0,0.0
43067,25,0,0.0
43388,1,0,0.0
44478,1,0,0.0
45040,3,0,0.0
36779,1,0,0.0
37406,1,0,0.0
39250,2,0,0.0
39603,12,0,0.0
40181,4,0,0.0
40726,2,0,0.0
42144,1,0,0.0
43348,1,0,0.0
36827,1,0,0.0
37933,1,0,0.0
39052,2,0,0.0
39850,1,0,0.0
40610,1,0,0.0
42940,1,0,0.0
45203,2,0,0.0
36989,1,0,0.0
37054,4,0,0.0
38588,2,0,0.0
38652,1,0,0.0
39909,22,0,0.0
40145,10,0,0.0
40518,2,0,0.0
41052,5,0,0.0
42193,10,0,0.0
42266,3,0,0.0
43463,1,0,0.0
45072,6,0,0.0
45132,5,0,0.0
39180,1,0,0.0
39369,5,0,0.0
40685,2,0,0.0
40958,2,0,0.0
41014,6,0,0.0
43637,1,0,0.0
45044,1,0,0.0
37242,1,0,0.0
37730,14,0,0.0
37855,1,0,0.0
39614,1,0,0.0
40098,3,0,0.0
41837,7,0,0.0
43082,2,0,0.0
43838,1,0,0.0
37051,1,0,0.0
37137,1,0,0.0
38945,1,0,0.0
40414,1,0,0.0
40511,1,0,0.0
36698,2,0,0.0
37840,1,0,0.0
37976,5,0,0.0
38412,4,0,0.0
38754,3,0,0.0
38967,4,0,0.0
39331,42,0,0.0
39921,1,0,0.0
41147,7,0,0.0
42785,5,0,0.0
43188,1,0,0.0
43253,2,0,0.0
36719,3,0,0.0
37337,1,0,0.0
37507,3,0,0.0
39455,1,0,0.0
39561,1,0,0.0
40271,15,0,0.0
42189,1,0,0.0
43666,1,0,0.0
39808,3,0,0.0
40544,1,0,0.0
41059,3,0,0.0
44981,1,0,0.0
37173,15,0,0.0
37564,2,0,0.0
37748,16,0,0.0
38771,3,0,0.0
40171,2,0,0.0
40214,3,0,0.0
41229,1,0,0.0
42175,1,0,0.0
43696,2,0,0.0
44191,1,0,0.0
44598,4,0,0.0
38025,2,0,0.0
38267,5,0,0.0
40093,1,0,0.0
40153,1,0,0.0
40705,1,0,0.0
40865,1,0,0.0
41602,1,0,0.0
41690,1,0,0.0
44762,1,0,0.0
36618,2,0,0.0
36842,4,0,0.0
37830,4,0,0.0
41435,3,0,0.0
41986,3,0,0.0
42741,1,0,0.0
37885,3,0,0.0
39376,42,0,0.0
42865,2,0,0.0
44459,1,0,0.0
36614,14,0,0.0
36782,16,0,0.0
38316,1,0,0.0
38844,1,0,0.0
40646,3,0,0.0
40778,1,0,0.0
41520,3,0,0.0
41998,1,0,0.0
42115,16,0,0.0
43367,1,0,0.0
43766,10,0,0.0
43988,2,0,0.0
44045,2,0,0.0
41021,10,0,0.0
41534,2,0,0.0
42996,9,0,0.0
43168,4,0,0.0
43724,3,0,0.0
44768,1,0,0.0
45212,1,0,0.0
45277,9,0,0.0
36826,1,0,0.0
36890,1,0,0.0
40007,3,0,0.0
40136,1,0,0.0
42887,3,0,0.0
43078,21,0,0.0
44612,3,0,0.0
45122,2,0,0.0
45216,3,0,0.0
36979,3,0,0.0
37070,4,0,0.0
38527,1,0,0.0
38977,11,0,0.0
40070,1,0,0.0
40184,1,0,0.0
40326,1,0,0.0
43015,1,0,0.0
45160,3,0,0.0
38458,9,0,0.0
39491,7,0,0.0
40588,1,0,0.0
41220,1,0,0.0
41356,8,0,0.0
42513,1,0,0.0
45157,1,0,0.0
38319,56,0,0.0
38349,3,0,0.0
39307,6,0,0.0
40427,1,0,0.0
40729,2,0,0.0
41211,3,0,0.0
44085,1,0,0.0
44096,2,0,0.0
44152,12,0,0.0
44223,1,0,0.0
44690,2,0,0.0
41276,1,0,0.0
41446,12,0,0.0
37212,2,0,0.0
38196,1,0,0.0
38852,1,0,0.0
44168,1,0,0.0
44804,1,0,0.0
38240,1,0,0.0
38837,1,0,0.0
38939,6,0,0.0
42496,20,0,0.0
42941,7,0,0.0
44645,1,0,0.0
45133,8,0,0.0
38035,2,0,0.0
38327,5,0,0.0
38360,1,0,0.0
38384,9,0,0.0
38389,1,0,0.0
38822,1,0,0.0
41364,5,0,0.0
42964,8,0,0.0
44693,1,0,0.0
37052,3,0,0.0
37403,2,0,0.0
39367,12,0,0.0
40311,2,0,0.0
40485,11,0,0.0
40651,7,0,0.0
42122,2,0,0.0
42547,1,0,0.0
45015,1,0,0.0
36838,1,0,0.0
37653,2,0,0.0
38251,5,0,0.0
38529,2,0,0.0
39948,6,0,0.0
40733,2,0,0.0
41075,1,0,0.0
41087,3,0,0.0
42372,2,0,0.0
42427,1,0,0.0
44692,1,0,0.0
45005,1,0,0.0
36921,1,0,0.0
39763,21,0,0.0
40188,1,0,0.0
40516,2,0,0.0
42055,1,0,0.0
42514,3,0,0.0
42551,1,0,0.0
43444,1,0,0.0
45073,1,0,0.0
36664,4,0,0.0
37095,9,0,0.0
40855,6,0,0.0
44535,3,0,0.0
36831,1,0,0.0
39269,1,0,0.0
40010,1,0,0.0
41521,1,0,0.0
43529,6,0,0.0
44374,2,0,0.0
44417,7,0,0.0
37202,1,0,0.0
37602,12,0,0.0
38736,21,0,0.0
39039,2,0,0.0
39567,1,0,0.0
44066,5,0,0.0
44436,2,0,0.0
45056,8,0,0.0
37336,14,0,0.0
40019,1,0,0.0
40211,2,0,0.0
40274,2,0,0.0
41143,5,0,0.0
41226,8,0,0.0
41257,2,0,0.0
41318,1,0,0.0
41528,3,0,0.0
42027,2,0,0.0
42277,1,0,0.0
42651,2,0,0.0
44442,1,0,0.0
36933,1,0,0.0
39235,5,0,0.0
40683,18,0,0.0
40878,1,0,0.0
41238,2,0,0.0
42354,3,0,0.0
43074,3,0,0.0
44187,1,0,0.0
36760,1,0,0.0
37358,21,0,0.0
39566,4,0,0.0
41744,3,0,0.0
42648,7,0,0.0
42761,5,0,0.0
43676,1,0,0.0
44011,2,0,0.0
45059,2,0,0.0
36871,1,0,0.0
39759,9,0,0.0
40013,1,0,0.0
40239,3,0,0.0
40479,2,0,0.0
44283,8,0,0.0
44465,1,0,0.0
44922,7,0,0.0
45116,1,0,0.0
37059,1,0,0.0
37108,1,0,0.0
37466,16,0,0.0
37645,1,0,0.0
37975,4,0,0.0
39280,8,0,0.0
40839,1,0,0.0
41483,9,0,0.0
43497,9,0,0.0
44318,7,0,0.0
44373,1,0,0.0
38500,2,0,0.0
39943,3,0,0.0
41514,1,0,0.0
44510,2,0,0.0
45092,2,0,0.0
38405,1,0,0.0
38610,2,0,0.0
40770,1,0,0.0
41029,1,0,0.0
42501,6,0,0.0
42882,6,0,0.0
44815,1,0,0.0
44984,1,0,0.0
36835,3,0,0.0
37568,1,0,0.0
39107,1,0,0.0
39745,6,0,0.0
41824,1,0,0.0
42036,5,0,0.0
42621,2,0,0.0
43612,5,0,0.0
36806,2,0,0.0
37999,5,0,0.0
38454,1,0,0.0
38870,7,0,0.0
38988,1,0,0.0
39354,1,0,0.0
39927,19,0,0.0
39937,1,0,0.0
40555,29,0,0.0
40714,3,0,0.0
42297,1,0,0.0
42997,8,0,0.0
37815,1,0,0.0
38301,1,0,0.0
38440,2,0,0.0
39388,1,0,0.0
39893,16,0,0.0
40869,7,0,0.0
40996,1,0,0.0
42209,13,0,0.0
43448,2,0,0.0
43771,6,0,0.0
44081,10,0,0.0
44164,7,0,0.0
44349,1,0,0.0
39629,47,0,0.0
40076,10,0,0.0
40779,17,0,0.0
42401,1,0,0.0
42578,1,0,0.0
42809,7,0,0.0
43204,7,0,0.0
43808,9,0,0.0
36994,2,0,0.0
37929,1,0,0.0
41099,3,0,0.0
41253,4,0,0.0
41655,1,0,0.0
41797,2,0,0.0
42070,11,0,0.0
43405,4,0,0.0
40562,2,0,0.0
40735,2,0,0.0
41271,2,0,0.0
43754,3,0,0.0
36642,1,0,0.0
37656,2,0,0.0
38521,1,0,0.0
38816,1,0,0.0
41077,1,0,0.0
41224,1,0,0.0
41401,2,0,0.0
42601,1,0,0.0
43429,1,0,0.0
43512,1,0,0.0
44613,3,0,0.0
44657,1,0,0.0
46266,44,0,0.0
47283,6,0,0.0
48254,1,0,0.0
48398,5,0,0.0
49308,4,0,0.0
49855,1,0,0.0
50223,1,0,0.0
51393,1,0,0.0
53565,2,0,0.0
46108,7,0,0.0
46491,9,0,0.0
46938,2,0,0.0
47268,2,0,0.0
47300,1,0,0.0
48686,1,0,0.0
48711,4,0,0.0
49197,6,0,0.0
50954,1,0,0.0
51388,1,0,0.0
52507,12,0,0.0
53299,1,0,0.0
46555,1,0,0.0
51243,18,0,0.0
45769,5,0,0.0
45895,3,0,0.0
46971,3,0,0.0
47013,2,0,0.0
47622,2,0,0.0
48308,25,0,0.0
49668,1,0,0.0
49696,6,0,0.0
51629,2,0,0.0
53896,7,0,0.0
48482,2,0,0.0
52712,1,0,0.0
53546,6,0,0.0
54404,2,0,0.0
46916,3,0,0.0
48502,1,0,0.0
49678,91,0,0.0
49767,2,0,0.0
50616,2,0,0.0
51594,12,0,0.0
51979,10,0,0.0
52060,22,0,0.0
52195,1,0,0.0
52315,7,0,0.0
53083,1,0,0.0
53890,7,0,0.0
53957,4,0,0.0
46130,1,0,0.0
46167,2,0,0.0
46693,10,0,0.0
47666,1,0,0.0
49182,2,0,0.0
50417,2,0,0.0
52080,4,0,0.0
53467,9,0,0.0
53708,6,0,0.0
54146,3,0,0.0
54361,4,0,0.0
45781,1,0,0.0
46739,4,0,0.0
47159,2,0,0.0
47233,4,0,0.0
47242,1,0,0.0
49937,1,0,0.0
51407,6,0,0.0
51959,1,0,0.0
52246,2,0,0.0
52620,3,0,0.0
53127,2,0,0.0
53344,1,0,0.0
54313,1,0,0.0
45324,14,0,0.0
46063,1,0,0.0
46420,1,0,0.0
50876,2,0,0.0
52822,2,0,0.0
45991,1,0,0.0
45999,3,0,0.0
47238,1,0,0.0
49425,1,0,0.0
49712,1,0,0.0
50685,1,0,0.0
52778,7,0,0.0
53845,3,0,0.0
54215,2,0,0.0
46929,5,0,0.0
47246,2,0,0.0
47320,1,0,0.0
48659,2,0,0.0
49251,1,0,0.0
49790,1,0,0.0
50747,1,0,0.0
51036,1,0,0.0
51418,1,0,0.0
51754,2,0,0.0
52550,3,0,0.0
53592,3,0,0.0
54272,1,0,0.0
47102,1,0,0.0
47597,1,0,0.0
48789,1,0,0.0
50349,1,0,0.0
51994,14,0,0.0
53578,1,0,0.0
47951,1,0,0.0
50359,3,0,0.0
50402,10,0,0.0
51911,2,0,0.0
52109,1,0,0.0
54321,1,0,0.0
45907,9,0,0.0
47183,1,0,0.0
47856,4,0,0.0
48426,3,0,0.0
49901,3,0,0.0
50686,1,0,0.0
52128,1,0,0.0
52772,1,0,0.0
52884,1,0,0.0
53218,5,0,0.0
54108,1,0,0.0
46314,3,0,0.0
46577,1,0,0.0
48285,5,0,0.0
48435,1,0,0.0
48438,1,0,0.0
49157,3,0,0.0
49355,10,0,0.0
51386,1,0,0.0
51854,6,0,0.0
53290,1,0,0.0
54439,4,0,0.0
46248,1,0,0.0
46523,1,0,0.0
48071,1,0,0.0
49135,28,0,0.0
50458,1,0,0.0
50661,1,0,0.0
51340,12,0,0.0
51763,9,0,0.0
53735,9,0,0.0
45440,1,0,0.0
45839,18,0,0.0
47076,4,0,0.0
49490,2,0,0.0
49545,11,0,0.0
49673,3,0,0.0
49979,1,0,0.0
50634,1,0,0.0
52599,1,0,0.0
53782,1,0,0.0
54187,1,0,0.0
45934,1,0,0.0
46590,1,0,0.0
48597,2,0,0.0
49487,3,0,0.0
50666,1,0,0.0
51182,1,0,0.0
51242,1,0,0.0
52294,1,0,0.0
53879,2,0,0.0
54242,1,0,0.0
45983,39,0,0.0
46378,1,0,0.0
46661,23,0,0.0
46775,1,0,0.0
47641,1,0,0.0
48466,3,0,0.0
48587,1,0,0.0
49447,1,0,0.0
49500,2,0,0.0
49679,8,0,0.0
49693,1,0,0.0
49834,4,0,0.0
50858,4,0,0.0
52186,7,0,0.0
52662,3,0,0.0
45641,2,0,0.0
45784,2,0,0.0
45876,16,0,0.0
47026,1,0,0.0
48175,1,0,0.0
49626,6,0,0.0
50237,1,0,0.0
51901,1,0,0.0
53046,2,0,0.0
53397,11,0,0.0
53862,4,0,0.0
46517,2,0,0.0
47421,1,0,0.0
47872,3,0,0.0
49044,8,0,0.0
50200,5,0,0.0
50749,1,0,0.0
51124,19,0,0.0
51984,10,0,0.0
52074,12,0,0.0
53548,1,0,0.0
53873,7,0,0.0
54116,1,0,0.0
46925,2,0,0.0
48214,6,0,0.0
51459,1,0,0.0
51855,4,0,0.0
53219,1,0,0.0
53465,1,0,0.0
53690,1,0,0.0
54159,2,0,0.0
45468,1,0,0.0
46666,1,0,0.0
46910,1,0,0.0
47804,1,0,0.0
50283,1,0,0.0
51029,2,0,0.0
52320,4,0,0.0
54024,2,0,0.0
46194,3,0,0.0
46402,2,0,0.0
46681,1,0,0.0
47530,2,0,0.0
47579,1,0,0.0
48951,1,0,0.0
49630,1,0,0.0
49653,13,0,0.0
51307,1,0,0.0
52188,5,0,0.0
52897,4,0,0.0
53296,4,0,0.0
53475,16,0,0.0
53726,1,0,0.0
48745,8,0,0.0
49887,1,0,0.0
50463,2,0,0.0
50692,1,0,0.0
50945,1,0,0.0
51547,1,0,0.0
52057,5,0,0.0
53212,2,0,0.0
45332,58,0,0.0
45625,1,0,0.0
46430,1,0,0.0
49484,2,0,0.0
49624,2,0,0.0
51655,16,0,0.0
52191,2,0,0.0
47228,9,0,0.0
48182,1,0,0.0
50051,1,0,0.0
50339,2,0,0.0
51240,5,0,0.0
48555,1,0,0.0
49381,2,0,0.0
49952,1,0,0.0
51642,2,0,0.0
52588,1,0,0.0
52917,3,0,0.0
45416,1,0,0.0
45419,20,0,0.0
45562,2,0,0.0
46573,25,0,0.0
49570,1,0,0.0
50279,1,0,0.0
45496,1,0,0.0
45820,1,0,0.0
47854,3,0,0.0
48350,22,0,0.0
48450,4,0,0.0
48848,1,0,0.0
49530,3,0,0.0
49714,1,0,0.0
50798,3,0,0.0
50932,1,0,0.0
51219,3,0,0.0
51467,1,0,0.0
52232,2,0,0.0
52322,7,0,0.0
54023,1,0,0.0
45339,1,0,0.0
45961,2,0,0.0
46041,3,0,0.0
46335,1,0,0.0
46367,2,0,0.0
47249,4,0,0.0
50713,1,0,0.0
51918,20,0,0.0
52775,2,0,0.0
46345,1,0,0.0
46605,1,0,0.0
48378,2,0,0.0
54101,2,0,0.0
46481,6,0,0.0
46622,10,0,0.0
47140,2,0,0.0
48475,1,0,0.0
48644,21,0,0.0
49472,17,0,0.0
51758,1,0,0.0
52933,1,0,0.0
53062,3,0,0.0
53287,1,0,0.0
54406,1,0,0.0
46109,1,0,0.0
46152,1,0,0.0
46789,1,0,0.0
47841,3,0,0.0
49465,8,0,0.0
49535,5,0,0.0
50636,1,0,0.0
50947,8,0,0.0
50974,6,0,0.0
51380,7,0,0.0
52037,1,0,0.0
52877,3,0,0.0
53622,17,0,0.0
53811,1,0,0.0
48336,2,0,0.0
49543,2,0,0.0
50836,4,0,0.0
51569,8,0,0.0
51578,1,0,0.0
52752,1,0,0.0
53318,6,0,0.0
53959,5,0,0.0
54091,1,0,0.0
45657,1,0,0.0
47306,7,0,0.0
51276,14,0,0.0
51757,4,0,0.0
52189,6,0,0.0
52806,1,0,0.0
53189,1,0,0.0
53503,3,0,0.0
45928,4,0,0.0
47667,4,0,0.0
48144,12,0,0.0
48653,3,0,0.0
48771,1,0,0.0
48964,1,0,0.0
53321,1,0,0.0
46713,13,0,0.0
51346,1,0,0.0
53025,3,0,0.0
54306,26,0,0.0
45889,3,0,0.0
45941,1,0,0.0
47950,2,0,0.0
48850,1,0,0.0
50521,2,0,0.0
50788,4,0,0.0
51322,8,0,0.0
51895,1,0,0.0
52645,1,0,0.0
49387,2,0,0.0
50647,1,0,0.0
50777,1,0,0.0
52701,26,0,0.0
53141,1,0,0.0
54173,2,0,0.0
46277,1,0,0.0
46451,2,0,0.0
47812,3,0,0.0
48058,1,0,0.0
48841,4,0,0.0
50816,1,0,0.0
51691,10,0,0.0
54218,1,0,0.0
45712,2,0,0.0
47433,2,0,0.0
48051,1,0,0.0
48886,7,0,0.0
50690,4,0,0.0
51829,1,0,0.0
52326,1,0,0.0
54163,1,0,0.0
54411,1,0,0.0
46534,1,0,0.0
46960,1,0,0.0
48785,17,0,0.0
49022,1,0,0.0
49025,2,0,0.0
50547,2,0,0.0
53157,2,0,0.0
53926,2,0,0.0
54225,1,0,0.0
47458,4,0,0.0
48986,1,0,0.0
49223,18,0,0.0
49917,7,0,0.0
51285,2,0,0.0
53368,1,0,0.0
45771,2,0,0.0
48405,1,0,0.0
49973,29,0,0.0
51480,1,0,0.0
51503,1,0,0.0
53322,26,0,0.0
46738,3,0,0.0
47218,1,0,0.0
49761,2,0,0.0
52148,2,0,0.0
53323,2,0,0.0
45520,1,0,0.0
46408,3,0,0.0
46773,5,0,0.0
46899,1,0,0.0
47059,1,0,0.0
47657,5,0,0.0
47707,1,0,0.0
47829,20,0,0.0
49420,6,0,0.0
49646,3,0,0.0
50850,23,0,0.0
51381,1,0,0.0
53302,3,0,0.0
53721,7,0,0.0
54041,1,0,0.0
46645,1,0,0.0
46732,2,0,0.0
48840,4,0,0.0
51171,43,0,0.0
51668,1,0,0.0
51995,11,0,0.0
48499,2,0,0.0
48613,4,0,0.0
49401,6,0,0.0
50301,1,0,0.0
50569,3,0,0.0
53553,4,0,0.0
45736,19,0,0.0
46756,2,0,0.0
48465,1,0,0.0
49421,3,0,0.0
49934,2,0,0.0
50300,7,0,0.0
50313,5,0,0.0
50717,40,0,0.0
53626,10,0,0.0
54365,1,0,0.0
46286,1,0,0.0
48584,2,0,0.0
49272,1,0,0.0
50736,1,0,0.0
50982,1,0,0.0
51518,14,0,0.0
53187,1,0,0.0
53402,1,0,0.0
45379,3,0,0.0
47625,31,0,0.0
49448,24,0,0.0
51673,1,0,0.0
53188,1,0,0.0
53514,1,0,0.0
50376,2,0,0.0
51325,1,0,0.0
53143,1,0,0.0
53832,1,0,0.0
45409,1,0,0.0
46193,1,0,0.0
47436,1,0,0.0
47899,1,0,0.0
48904,1,0,0.0
51952,26,0,0.0
52235,8,0,0.0
52501,9,0,0.0
53867,1,0,0.0
46923,5,0,0.0
47943,8,0,0.0
48055,2,0,0.0
49137,1,0,0.0
50541,11,0,0.0
51690,3,0,0.0
52839,4,0,0.0
53436,2,0,0.0
45655,10,0,0.0
46317,2,0,0.0
49674,1,0,0.0
50408,2,0,0.0
51823,1,0,0.0
52118,2,0,0.0
53161,3,0,0.0
54037,1,0,0.0
45994,1,0,0.0
46548,1,0,0.0
47679,7,0,0.0
50628,3,0,0.0
52277,4,0,0.0
53146,1,0,0.0
45346,7,0,0.0
47202,3,0,0.0
47254,14,0,0.0
47782,2,0,0.0
48585,1,0,0.0
48755,2,0,0.0
49909,17,0,0.0
50029,1,0,0.0
50710,2,0,0.0
46208,6,0,0.0
46787,7,0,0.0
46963,1,0,0.0
47213,1,0,0.0
47404,1,0,0.0
49571,2,0,0.0
50885,4,0,0.0
51074,1,0,0.0
51288,1,0,0.0
51485,2,0,0.0
52465,1,0,0.0
53564,23,0,0.0
54290,1,0,0.0
45948,1,0,0.0
47424,3,0,0.0
47729,27,0,0.0
50088,1,0,0.0
50337,1,0,0.0
50750,1,0,0.0
51299,7,0,0.0
51568,34,0,0.0
52208,9,0,0.0
45921,10,0,0.0
46163,2,0,0.0
46260,1,0,0.0
46392,2,0,0.0
46774,2,0,0.0
47010,6,0,0.0
47924,1,0,0.0
48905,8,0,0.0
49969,2,0,0.0
52696,3,0,0.0
46173,1,0,0.0
46385,2,0,0.0
47660,22,0,0.0
48011,38,0,0.0
49269,1,0,0.0
50536,14,0,0.0
50922,1,0,0.0
52095,8,0,0.0
53019,1,0,0.0
53362,13,0,0.0
53393,25,0,0.0
53395,6,0,0.0
46830,1,0,0.0
46838,2,0,0.0
47800,1,0,0.0
49380,2,0,0.0
49654,17,0,0.0
51324,3,0,0.0
52144,3,0,0.0
52452,23,0,0.0
53854,28,0,0.0
46191,1,0,0.0
47762,9,0,0.0
49634,1,0,0.0
50014,5,0,0.0
50746,1,0,0.0
51262,8,0,0.0
53805,1,0,0.0
54167,85,0,0.0
45508,1,0,0.0
46187,6,0,0.0
47435,2,0,0.0
48140,3,0,0.0
48916,2,0,0.0
49847,1,0,0.0
50607,1,0,0.0
51443,1,0,0.0
51472,1,0,0.0
51482,1,0,0.0
53121,1,0,0.0
53715,1,0,0.0
53748,1,0,0.0
54391,2,0,0.0
45304,7,0,0.0
45827,1,0,0.0
46687,2,0,0.0
48753,1,0,0.0
49057,1,0,0.0
50565,2,0,0.0
51078,3,0,0.0
51441,1,0,0.0
45402,5,0,0.0
46543,1,0,0.0
51137,3,0,0.0
52124,1,0,0.0
52486,5,0,0.0
53027,10,0,0.0
53982,11,0,0.0
46387,3,0,0.0
46458,11,0,0.0
47350,14,0,0.0
47688,1,0,0.0
50141,4,0,0.0
50665,1,0,0.0
50852,1,0,0.0
52687,1,0,0.0
53074,1,0,0.0
46482,1,0,0.0
47192,2,0,0.0
48991,1,0,0.0
50002,4,0,0.0
51992,5,0,0.0
52354,1,0,0.0
52679,1,0,0.0
53176,10,0,0.0
53385,2,0,0.0
53834,1,0,0.0
54307,1,0,0.0
46375,9,0,0.0
47412,1,0,0.0
47871,1,0,0.0
48132,25,0,0.0
48165,1,0,0.0
48656,5,0,0.0
50266,3,0,0.0
53309,1,0,0.0
54362,1,0,0.0
45369,4,0,0.0
45748,2,0,0.0
45957,2,0,0.0
47554,1,0,0.0
47646,2,0,0.0
48024,1,0,0.0
48821,1,0,0.0
49065,1,0,0.0
49670,1,0,0.0
50043,10,0,0.0
50097,1,0,0.0
50285,1,0,0.0
51947,32,0,0.0
53697,1,0,0.0
54207,2,0,0.0
48248,2,0,0.0
48648,4,0,0.0
49390,1,0,0.0
51519,2,0,0.0
46121,10,0,0.0
46327,1,0,0.0
49045,1,0,0.0
49291,2,0,0.0
49792,1,0,0.0
50199,3,0,0.0
51364,42,0,0.0
53355,1,0,0.0
46219,4,0,0.0
49416,1,0,0.0
49604,3,0,0.0
50668,5,0,0.0
50730,22,0,0.0
52742,1,0,0.0
46212,1,0,0.0
52229,4,0,0.0
52298,1,0,0.0
52394,2,0,0.0
53060,14,0,0.0
53558,13,0,0.0
53761,1,0,0.0
47649,13,0,0.0
48321,3,0,0.0
49245,1,0,0.0
50054,1,0,0.0
50430,1,0,0.0
50443,11,0,0.0
52177,1,0,0.0
46224,18,0,0.0
47351,2,0,0.0
48786,1,0,0.0
51121,1,0,0.0
52724,2,0,0.0
45410,2,0,0.0
47398,2,0,0.0
48218,1,0,0.0
49801,15,0,0.0
50068,1,0,0.0
51500,1,0,0.0
52524,1,0,0.0
52569,1,0,0.0
53984,21,0,0.0
45808,2,0,0.0
46434,2,0,0.0
46807,1,0,0.0
51667,1,0,0.0
52367,6,0,0.0
45668,1,0,0.0
45679,5,0,0.0
46460,15,0,0.0
49411,3,0,0.0
50000,1,0,0.0
45791,6,0,0.0
46552,1,0,0.0
48371,2,0,0.0
49573,2,0,0.0
50305,1,0,0.0
50392,8,0,0.0
51876,5,0,0.0
52192,6,0,0.0
52647,1,0,0.0
53521,1,0,0.0
53799,1,0,0.0
45792,5,0,0.0
46533,2,0,0.0
48000,3,0,0.0
48858,1,0,0.0
50925,2,0,0.0
51059,4,0,0.0
51435,1,0,0.0
51824,1,0,0.0
52807,1,0,0.0
46991,11,0,0.0
47011,2,0,0.0
48284,1,0,0.0
48581,1,0,0.0
52715,1,0,0.0
53203,14,0,0.0
53437,2,0,0.0
46161,1,0,0.0
47465,2,0,0.0
48937,1,0,0.0
49623,2,0,0.0
49910,1,0,0.0
50352,1,0,0.0
51684,2,0,0.0
52357,1,0,0.0
53792,1,0,0.0
53908,8,0,0.0
54142,22,0,0.0
45821,1,0,0.0
46075,1,0,0.0
47510,1,0,0.0
47556,1,0,0.0
50716,1,0,0.0
50822,1,0,0.0
53328,1,0,0.0
45563,3,0,0.0
46723,9,0,0.0
46770,11,0,0.0
46967,6,0,0.0
47370,4,0,0.0
47905,5,0,0.0
50921,1,0,0.0
51026,1,0,0.0
51913,65,0,0.0
53772,1,0,0.0
54094,10,0,0.0
46812,1,0,0.0
46895,1,0,0.0
49749,3,0,0.0
51008,2,0,0.0
51037,1,0,0.0
51784,7,0,0.0
52146,2,0,0.0
53149,4,0,0.0
54363,2,0,0.0
45297,1,0,0.0
45434,1,0,0.0
49772,1,0,0.0
50441,38,0,0.0
51067,1,0,0.0
51576,1,0,0.0
52052,4,0,0.0
52356,1,0,0.0
52476,8,0,0.0
54155,36,0,0.0
45366,3,0,0.0
47975,1,0,0.0
48982,1,0,0.0
50129,15,0,0.0
50143,4,0,0.0
52103,66,0,0.0
52874,1,0,0.0
46623,2,0,0.0
48025,8,0,0.0
48441,2,0,0.0
48635,27,0,0.0
49185,1,0,0.0
49209,47,0,0.0
49523,2,0,0.0
49672,1,0,0.0
49785,2,0,0.0
50258,1,0,0.0
52709,5,0,0.0
46125,2,0,0.0
47534,1,0,0.0
48322,4,0,0.0
48522,1,0,0.0
48591,2,0,0.0
48917,1,0,0.0
49210,1,0,0.0
49741,2,0,0.0
50267,1,0,0.0
50503,7,0,0.0
50583,7,0,0.0
51041,2,0,0.0
53012,2,0,0.0
50701,1,0,0.0
49037,2,0,0.0
49309,7,0,0.0
50561,12,0,0.0
50854,1,0,0.0
51606,8,0,0.0
51748,8,0,0.0
46129,2,0,0.0
46342,4,0,0.0
46486,1,0,0.0
46941,4,0,0.0
47191,1,0,0.0
47324,1,0,0.0
47488,1,0,0.0
48566,1,0,0.0
48988,2,0,0.0
50208,1,0,0.0
50740,1,0,0.0
51904,2,0,0.0
52310,1,0,0.0
52348,13,0,0.0
52387,2,0,0.0
52756,1,0,0.0
53755,3,0,0.0
53902,2,0,0.0
45944,1,0,0.0
46626,8,0,0.0
47463,11,0,0.0
48128,1,0,0.0
48851,1,0,0.0
51473,4,0,0.0
52999,2,0,0.0
45537,1,0,0.0
47578,1,0,0.0
48400,16,0,0.0
52535,5,0,0.0
53114,1,0,0.0
54150,1,0,0.0
45335,6,0,0.0
46309,1,0,0.0
46412,14,0,0.0
46571,3,0,0.0
48679,3,0,0.0
48843,4,0,0.0
49110,3,0,0.0
50078,8,0,0.0
50783,13,0,0.0
51921,10,0,0.0
53304,1,0,0.0
45371,1,0,0.0
45616,4,0,0.0
47176,1,0,0.0
48330,4,0,0.0
48647,1,0,0.0
48770,8,0,0.0
49089,1,0,0.0
49580,1,0,0.0
49684,7,0,0.0
49906,2,0,0.0
52295,1,0,0.0
54057,2,0,0.0
46007,1,0,0.0
46940,2,0,0.0
47173,2,0,0.0
48960,5,0,0.0
49232,1,0,0.0
50433,1,0,0.0
50540,5,0,0.0
50987,1,0,0.0
51009,16,0,0.0
51115,1,0,0.0
51356,1,0,0.0
52412,2,0,0.0
52826,4,0,0.0
54206,5,0,0.0
46691,5,0,0.0
47581,4,0,0.0
50414,1,0,0.0
51317,1,0,0.0
52089,1,0,0.0
53711,5,0,0.0
46008,1,0,0.0
46095,9,0,0.0
46115,1,0,0.0
46979,2,0,0.0
50179,35,0,0.0
52228,1,0,0.0
52521,2,0,0.0
54234,2,0,0.0
45782,1,0,0.0
45956,6,0,0.0
47795,3,0,0.0
47911,5,0,0.0
48480,1,0,0.0
49242,2,0,0.0
51017,1,0,0.0
45385,3,0,0.0
45882,1,0,0.0
46332,3,0,0.0
46832,1,0,0.0
50276,3,0,0.0
50363,1,0,0.0
51951,2,0,0.0
52916,1,0,0.0
53011,7,0,0.0
53842,12,0,0.0
53940,3,0,0.0
46118,1,0,0.0
46712,1,0,0.0
48207,1,0,0.0
49190,13,0,0.0
49361,10,0,0.0
49582,3,0,0.0
51863,3,0,0.0
52449,1,0,0.0
53229,1,0,0.0
53857,5,0,0.0
45590,2,0,0.0
46263,1,0,0.0
47126,1,0,0.0
47366,4,0,0.0
47445,3,0,0.0
47867,1,0,0.0
48396,4,0,0.0
49152,2,0,0.0
50025,1,0,0.0
51065,1,0,0.0
51263,2,0,0.0
51314,3,0,0.0
53794,2,0,0.0
45420,5,0,0.0
45689,2,0,0.0
46295,1,0,0.0
46680,1,0,0.0
47385,1,0,0.0
48349,1,0,0.0
48694,1,0,0.0
50941,2,0,0.0
53147,1,0,0.0
53648,2,0,0.0
45444,1,0,0.0
45504,1,0,0.0
46155,2,0,0.0
46928,2,0,0.0
47604,1,0,0.0
48826,1,0,0.0
53274,1,0,0.0
47160,5,0,0.0
48131,5,0,0.0
48764,2,0,0.0
49230,11,0,0.0
49548,1,0,0.0
49759,2,0,0.0
49779,1,0,0.0
51108,1,0,0.0
54235,4,0,0.0
50214,1,0,0.0
50225,3,0,0.0
50662,1,0,0.0
51347,13,0,0.0
51767,3,0,0.0
52092,1,0,0.0
52206,1,0,0.0
52558,7,0,0.0
47190,1,0,0.0
47619,1,0,0.0
47963,15,0,0.0
47985,3,0,0.0
48296,2,0,0.0
51417,21,0,0.0
52931,1,0,0.0
53345,1,0,0.0
45561,3,0,0.0
48089,3,0,0.0
49261,1,0,0.0
49482,1,0,0.0
49878,9,0,0.0
50100,1,0,0.0
52173,3,0,0.0
52212,10,0,0.0
52450,1,0,0.0
52592,3,0,0.0
53016,8,0,0.0
53111,4,0,0.0
45780,1,0,0.0
46889,1,0,0.0
47689,5,0,0.0
48337,3,0,0.0
49780,1,0,0.0
53602,1,0,0.0
53660,45,0,0.0
54176,1,0,0.0
45669,2,0,0.0
46333,1,0,0.0
46419,3,0,0.0
52363,1,0,0.0
52789,1,0,0.0
53802,3,0,0.0
45560,1,0,0.0
46027,1,0,0.0
46982,2,0,0.0
47136,2,0,0.0
49803,4,0,0.0
50943,1,0,0.0
52669,1,0,0.0
53817,4,0,0.0
45516,1,0,0.0
47397,16,0,0.0
47725,1,0,0.0
47852,1,0,0.0
48026,1,0,0.0
48263,4,0,0.0
48862,14,0,0.0
50146,1,0,0.0
52150,1,0,0.0
52389,1,0,0.0
45837,1,0,0.0
47811,10,0,0.0
47835,2,0,0.0
50329,1,0,0.0
50438,1,0,0.0
51143,1,0,0.0
52201,2,0,0.0
53357,6,0,0.0
54109,2,0,0.0
54147,2,0,0.0
46845,1,0,0.0
47403,1,0,0.0
48012,3,0,0.0
50444,3,0,0.0
50558,1,0,0.0
51985,2,0,0.0
52055,1,0,0.0
53653,1,0,0.0
53744,2,0,0.0
45395,2,0,0.0
46089,4,0,0.0
47060,3,0,0.0
48563,15,0,0.0
50729,6,0,0.0
45725,3,0,0.0
48672,11,0,0.0
49389,1,0,0.0
49721,1,0,0.0
50397,9,0,0.0
51432,1,0,0.0
52163,1,0,0.0
52236,4,0,0.0
53379,2,0,0.0
47638,2,0,0.0
48268,13,0,0.0
51177,1,0,0.0
45937,7,0,0.0
45940,4,0,0.0
45990,2,0,0.0
46376,4,0,0.0
49601,1,0,0.0
52684,2,0,0.0
53694,2,0,0.0
47206,1,0,0.0
47980,2,0,0.0
49729,10,0,0.0
49945,7,0,0.0
50940,36,0,0.0
48474,1,0,0.0
48810,5,0,0.0
49195,1,0,0.0
49214,1,0,0.0
49704,9,0,0.0
49750,2,0,0.0
51915,1,0,0.0
52956,1,0,0.0
54279,2,0,0.0
45317,3,0,0.0
48996,13,0,0.0
49075,2,0,0.0
49393,2,0,0.0
49518,3,0,0.0
49636,2,0,0.0
50235,1,0,0.0
54428,5,0,0.0
46625,43,0,0.0
47212,3,0,0.0
47359,13,0,0.0
48974,3,0,0.0
49179,2,0,0.0
50038,4,0,0.0
51664,3,0,0.0
52108,2,0,0.0
45867,4,0,0.0
47276,19,0,0.0
48271,1,0,0.0
51014,2,0,0.0
51130,9,0,0.0
51492,1,0,0.0
45534,1,0,0.0
45701,3,0,0.0
46382,1,0,0.0
47122,8,0,0.0
48696,4,0,0.0
50139,2,0,0.0
50427,18,0,0.0
50855,1,0,0.0
51151,1,0,0.0
51313,2,0,0.0
51586,1,0,0.0
53776,2,0,0.0
53880,1,0,0.0
45632,1,0,0.0
45753,4,0,0.0
46624,1,0,0.0
47962,5,0,0.0
50356,6,0,0.0
50972,3,0,0.0
51628,11,0,0.0
51753,1,0,0.0
51964,1,0,0.0
53206,1,0,0.0
46002,2,0,0.0
47152,2,0,0.0
47636,1,0,0.0
48459,13,0,0.0
48516,12,0,0.0
49189,4,0,0.0
49930,8,0,0.0
50642,1,0,0.0
51713,1,0,0.0
52279,10,0,0.0
52302,1,0,0.0
52398,7,0,0.0
53103,2,0,0.0
54098,2,0,0.0
45299,1,0,0.0
45600,11,0,0.0
46858,3,0,0.0
47043,1,0,0.0
49778,1,0,0.0
50620,1,0,0.0
51030,1,0,0.0
52278,2,0,0.0
52602,1,0,0.0
52812,2,0,0.0
53031,2,0,0.0
45766,2,0,0.0
45972,3,0,0.0
46139,4,0,0.0
46920,1,0,0.0
49499,2,0,0.0
49705,2,0,0.0
51791,1,0,0.0
52327,11,0,0.0
53283,1,0,0.0
46107,11,0,0.0
46934,1,0,0.0
47485,1,0,0.0
47787,1,0,0.0
48134,3,0,0.0
50259,19,0,0.0
50500,3,0,0.0
51362,1,0,0.0
51508,2,0,0.0
51601,2,0,0.0
51693,13,0,0.0
51696,1,0,0.0
53135,16,0,0.0
46097,2,0,0.0
48724,5,0,0.0
49836,7,0,0.0
50302,1,0,0.0
50508,1,0,0.0
52811,13,0,0.0
53063,4,0,0.0
53454,1,0,0.0
46754,1,0,0.0
46939,5,0,0.0
48829,1,0,0.0
49953,1,0,0.0
51383,1,0,0.0
53566,3,0,0.0
45592,1,0,0.0
45776,2,0,0.0
48274,1,0,0.0
48716,2,0,0.0
48962,1,0,0.0
49163,4,0,0.0
50192,14,0,0.0
50538,1,0,0.0
52142,1,0,0.0
52760,1,0,0.0
52941,7,0,0.0
54339,1,0,0.0
47087,3,0,0.0
49813,5,0,0.0
49831,10,0,0.0
50744,1,0,0.0
51358,1,0,0.0
53442,1,0,0.0
53952,1,0,0.0
54040,2,0,0.0
54169,2,0,0.0
54378,5,0,0.0
54385,1,0,0.0
49908,1,0,0.0
50875,1,0,0.0
51868,1,0,0.0
52617,1,0,0.0
53073,1,0,0.0
45914,2,0,0.0
47840,1,0,0.0
48528,1,0,0.0
48820,3,0,0.0
49262,4,0,0.0
50412,4,0,0.0
50870,3,0,0.0
52081,4,0,0.0
53476,1,0,0.0
53718,1,0,0.0
45488,24,0,0.0
45550,1,0,0.0
45619,1,0,0.0
46785,12,0,0.0
47594,3,0,0.0
48431,1,0,0.0
49638,5,0,0.0
49822,2,0,0.0
51945,2,0,0.0
53232,8,0,0.0
53359,17,0,0.0
47257,20,0,0.0
47407,1,0,0.0
47920,16,0,0.0
48081,1,0,0.0
49324,20,0,0.0
50072,3,0,0.0
50531,1,0,0.0
50810,2,0,0.0
51682,1,0,0.0
52418,1,0,0.0
53223,1,0,0.0
46468,2,0,0.0
47874,1,0,0.0
48162,1,0,0.0
48619,3,0,0.0
49184,1,0,0.0
49757,26,0,0.0
51619,3,0,0.0
51962,1,0,0.0
52147,4,0,0.0
45490,2,0,0.0
45673,1,0,0.0
46232,1,0,0.0
46415,2,0,0.0
46996,1,0,0.0
50182,1,0,0.0
52978,1,0,0.0
46638,1,0,0.0
48723,1,0,0.0
49116,2,0,0.0
49250,1,0,0.0
50630,1,0,0.0
51039,1,0,0.0
51401,1,0,0.0
51715,1,0,0.0
51814,1,0,0.0
52606,2,0,0.0
52958,1,0,0.0
53639,3,0,0.0
53999,9,0,0.0
54370,3,0,0.0
45831,35,0,0.0
46592,1,0,0.0
46942,3,0,0.0
47247,4,0,0.0
47375,2,0,0.0
47420,1,0,0.0
48767,1,0,0.0
49004,1,0,0.0
49615,1,0,0.0
51605,2,0,0.0
54247,9,0,0.0
45670,2,0,0.0
45853,6,0,0.0
45939,4,0,0.0
47361,1,0,0.0
47382,1,0,0.0
52084,11,0,0.0
52781,3,0,0.0
53201,8,0,0.0
54417,3,0,0.0
45778,1,0,0.0
50699,11,0,0.0
52523,2,0,0.0
53619,1,0,0.0
54224,2,0,0.0
54296,1,0,0.0
45763,1,0,0.0
46538,2,0,0.0
48978,5,0,0.0
49512,3,0,0.0
49556,2,0,0.0
49675,14,0,0.0
50027,1,0,0.0
50157,7,0,0.0
50295,17,0,0.0
50711,1,0,0.0
50739,14,0,0.0
47285,2,0,0.0
48153,1,0,0.0
48183,1,0,0.0
49565,3,0,0.0
52875,7,0,0.0
53668,2,0,0.0
47203,1,0,0.0
48353,1,0,0.0
53292,6,0,0.0
53317,1,0,0.0
45389,11,0,0.0
46150,1,0,0.0
46511,2,0,0.0
49319,1,0,0.0
49559,1,0,0.0
49904,3,0,0.0
46443,1,0,0.0
47396,23,0,0.0
47558,9,0,0.0
48578,1,0,0.0
49048,1,0,0.0
49370,2,0,0.0
52959,3,0,0.0
53719,10,0,0.0
45911,2,0,0.0
47128,1,0,0.0
48970,4,0,0.0
49299,1,0,0.0
51337,1,0,0.0
52525,1,0,0.0
53747,3,0,0.0
53783,42,0,0.0
46244,1,0,0.0
50426,1,0,0.0
50439,1,0,0.0
50496,13,0,0.0
54168,3,0,0.0
46765,1,0,0.0
46998,9,0,0.0
48283,1,0,0.0
48758,1,0,0.0
48946,2,0,0.0
49007,2,0,0.0
49186,1,0,0.0
50912,1,0,0.0
52791,3,0,0.0
52909,2,0,0.0
53922,5,0,0.0
45589,1,0,0.0
46299,1,0,0.0
46799,2,0,0.0
46983,2,0,0.0
47335,2,0,0.0
50588,1,0,0.0
51533,1,0,0.0
52596,4,0,0.0
53314,43,0,0.0
46001,1,0,0.0
46016,1,0,0.0
46428,1,0,0.0
46993,1,0,0.0
47085,1,0,0.0
48135,4,0,0.0
48718,3,0,0.0
49018,2,0,0.0
49578,1,0,0.0
50037,20,0,0.0
51354,1,0,0.0
51916,1,0,0.0
52336,2,0,0.0
53035,1,0,0.0
53398,37,0,0.0
47003,1,0,0.0
47978,2,0,0.0
49657,1,0,0.0
52611,3,0,0.0
52943,15,0,0.0
53313,10,0,0.0
53743,3,0,0.0
47904,1,0,0.0
48632,1,0,0.0
49412,35,0,0.0
49758,1,0,0.0
50807,2,0,0.0
51521,6,0,0.0
51618,1,0,0.0
53627,6,0,0.0
46497,1,0,0.0
48629,3,0,0.0
48807,1,0,0.0
50238,2,0,0.0
50578,1,0,0.0
51720,8,0,0.0
53312,1,0,0.0
53523,1,0,0.0
45682,1,0,0.0
46220,2,0,0.0
47495,1,0,0.0
47770,1,0,0.0
48198,1,0,0.0
49215,10,0,0.0
50537,8,0,0.0
51674,1,0,0.0
51729,1,0,0.0
53237,2,0,0.0
53936,1,0,0.0
54350,3,0,0.0
45770,1,0,0.0
47877,2,0,0.0
49677,1,0,0.0
49819,2,0,0.0
50092,4,0,0.0
50644,4,0,0.0
51616,1,0,0.0
52883,6,0,0.0
52985,1,0,0.0
53018,2,0,0.0
53426,1,0,0.0
46647,7,0,0.0
48022,11,0,0.0
49691,3,0,0.0
50913,1,0,0.0
51236,1,0,0.0
51948,1,0,0.0
53258,4,0,0.0
53777,1,0,0.0
45326,2,0,0.0
45674,10,0,0.0
45836,2,0,0.0
45951,1,0,0.0
47083,6,0,0.0
47146,1,0,0.0
48355,4,0,0.0
48788,2,0,0.0
50599,1,0,0.0
52155,2,0,0.0
52433,1,0,0.0
53618,3,0,0.0
45542,1,0,0.0
46258,27,0,0.0
46512,3,0,0.0
46513,4,0,0.0
47470,2,0,0.0
47517,10,0,0.0
48060,1,0,0.0
48172,2,0,0.0
49077,1,0,0.0
49551,1,0,0.0
49645,21,0,0.0
50391,1,0,0.0
51312,1,0,0.0
52646,1,0,0.0
52979,1,0,0.0
45931,3,0,0.0
48607,2,0,0.0
49220,1,0,0.0
50633,2,0,0.0
50946,1,0,0.0
50966,1,0,0.0
51579,1,0,0.0
51728,2,0,0.0
51885,5,0,0.0
53803,1,0,0.0
45976,2,0,0.0
46303,2,0,0.0
47473,1,0,0.0
48379,1,0,0.0
48828,1,0,0.0
49063,4,0,0.0
49763,1,0,0.0
50207,1,0,0.0
51213,1,0,0.0
51930,16,0,0.0
54245,12,0,0.0
45971,1,0,0.0
47304,1,0,0.0
48414,4,0,0.0
49373,1,0,0.0
49406,3,0,0.0
50142,4,0,0.0
50689,1,0,0.0
50793,12,0,0.0
50958,2,0,0.0
52254,1,0,0.0
52414,4,0,0.0
52904,1,0,0.0
53477,3,0,0.0
53953,2,0,0.0
54309,2,0,0.0
45646,6,0,0.0
46182,1,0,0.0
46803,1,0,0.0
48439,1,0,0.0
48934,1,0,0.0
49492,1,0,0.0
49838,1,0,0.0
50632,2,0,0.0
52241,5,0,0.0
53270,2,0,0.0
45503,1,0,0.0
45804,7,0,0.0
46200,2,0,0.0
47108,2,0,0.0
47170,4,0,0.0
48084,1,0,0.0
48243,4,0,0.0
48736,27,0,0.0
49497,9,0,0.0
50448,1,0,0.0
51094,1,0,0.0
51706,3,0,0.0
52673,5,0,0.0
52713,1,0,0.0
46176,1,0,0.0
47540,1,0,0.0
47629,1,0,0.0
51223,4,0,0.0
51739,2,0,0.0
52333,1,0,0.0
46178,1,0,0.0
48236,1,0,0.0
49791,1,0,0.0
50023,2,0,0.0
50271,28,0,0.0
50649,1,0,0.0
45810,1,0,0.0
48709,1,0,0.0
48849,2,0,0.0
51120,7,0,0.0
51195,8,0,0.0
51460,1,0,0.0
53464,2,0,0.0
53480,2,0,0.0
54452,3,0,0.0
46485,1,0,0.0
46614,17,0,0.0
47551,7,0,0.0
48486,4,0,0.0
48525,1,0,0.0
49198,2,0,0.0
49417,1,0,0.0
50173,6,0,0.0
50988,2,0,0.0
52997,5,0,0.0
53068,10,0,0.0
45374,15,0,0.0
45506,7,0,0.0
45614,14,0,0.0
48050,2,0,0.0
48879,2,0,0.0
49989,1,0,0.0
53567,13,0,0.0
53678,2,0,0.0
54399,1,0,0.0
46138,1,0,0.0
47650,2,0,0.0
49957,1,0,0.0
50964,1,0,0.0
51963,1,0,0.0
53277,12,0,0.0
53823,1,0,0.0
54004,14,0,0.0
46977,1,0,0.0
47430,9,0,0.0
47678,2,0,0.0
49218,2,0,0.0
49933,3,0,0.0
52831,1,0,0.0
54018,5,0,0.0
45399,1,0,0.0
47461,16,0,0.0
47624,1,0,0.0
47999,1,0,0.0
48782,2,0,0.0
48865,2,0,0.0
49837,10,0,0.0
53077,1,0,0.0
53869,2,0,0.0
45418,1,0,0.0
46565,1,0,0.0
47317,2,0,0.0
47952,4,0,0.0
49821,4,0,0.0
52334,1,0,0.0
52628,8,0,0.0
54267,1,0,0.0
54377,9,0,0.0
45352,3,0,0.0
45874,10,0,0.0
45926,1,0,0.0
46503,1,0,0.0
48377,1,0,0.0
48839,1,0,0.0
49617,3,0,0.0
50995,3,0,0.0
52998,2,0,0.0
45485,2,0,0.0
47781,2,0,0.0
48418,3,0,0.0
49049,21,0,0.0
49445,1,0,0.0
49768,24,0,0.0
51634,1,0,0.0
51957,3,0,0.0
53380,1,0,0.0
53786,1,0,0.0
54054,1,0,0.0
45582,2,0,0.0
47036,2,0,0.0
47536,1,0,0.0
50319,54,0,0.0
52284,1,0,0.0
52827,45,0,0.0
53348,2,0,0.0
53797,1,0,0.0
48208,1,0,0.0
48548,1,0,0.0
48763,1,0,0.0
50843,1,0,0.0
51066,1,0,0.0
54105,1,0,0.0
45355,1,0,0.0
46409,3,0,0.0
46432,8,0,0.0
48600,1,0,0.0
49858,8,0,0.0
50551,3,0,0.0
50838,1,0,0.0
53024,1,0,0.0
45523,2,0,0.0
45903,3,0,0.0
46341,1,0,0.0
50813,4,0,0.0
52094,2,0,0.0
52722,1,0,0.0
53315,1,0,0.0
45707,19,0,0.0
46275,2,0,0.0
46397,1,0,0.0
47094,1,0,0.0
47948,6,0,0.0
48006,1,0,0.0
50116,17,0,0.0
50135,1,0,0.0
50490,1,0,0.0
50860,42,0,0.0
51173,3,0,0.0
51712,1,0,0.0
52252,1,0,0.0
52783,19,0,0.0
45539,1,0,0.0
45549,3,0,0.0
48324,7,0,0.0
49816,2,0,0.0
51505,1,0,0.0
53319,1,0,0.0
54302,1,0,0.0
54333,2,0,0.0
45579,2,0,0.0
45687,1,0,0.0
47583,3,0,0.0
48080,3,0,0.0
48922,2,0,0.0
49033,3,0,0.0
49083,1,0,0.0
49142,3,0,0.0
49407,2,0,0.0
51202,11,0,0.0
53749,2,0,0.0
45548,1,0,0.0
50380,1,0,0.0
54104,1,0,0.0
45356,2,0,0.0
45465,1,0,0.0
46311,1,0,0.0
49464,1,0,0.0
50201,1,0,0.0
50970,26,0,0.0
51184,6,0,0.0
51893,4,0,0.0
52125,26,0,0.0
52306,1,0,0.0
52366,1,0,0.0
52548,2,0,0.0
54009,1,0,0.0
45556,1,0,0.0
46331,2,0,0.0
47182,3,0,0.0
47964,1,0,0.0
48037,2,0,0.0
49575,1,0,0.0
50769,1,0,0.0
50820,1,0,0.0
50866,1,0,0.0
51495,6,0,0.0
51614,7,0,0.0
52601,3,0,0.0
52630,7,0,0.0
45638,13,0,0.0
46117,4,0,0.0
46296,2,0,0.0
46351,1,0,0.0
46635,1,0,0.0
46881,1,0,0.0
48381,15,0,0.0
51813,7,0,0.0
51861,5,0,0.0
52027,1,0,0.0
52657,2,0,0.0
53728,1,0,0.0
54134,3,0,0.0
45320,1,0,0.0
48040,6,0,0.0
50136,3,0,0.0
50504,1,0,0.0
50983,1,0,0.0
51755,2,0,0.0
52624,1,0,0.0
53889,4,0,0.0
45605,1,0,0.0
46370,1,0,0.0
47395,1,0,0.0
48660,2,0,0.0
49746,1,0,0.0
50086,1,0,0.0
50916,1,0,0.0
51000,5,0,0.0
51004,6,0,0.0
51512,8,0,0.0
54246,1,0,0.0
46657,18,0,0.0
47333,7,0,0.0
49156,1,0,0.0
50449,1,0,0.0
52005,3,0,0.0
53009,3,0,0.0
47319,2,0,0.0
48329,1,0,0.0
49067,1,0,0.0
49103,17,0,0.0
49173,2,0,0.0
49747,3,0,0.0
50119,6,0,0.0
50494,1,0,0.0
50618,1,0,0.0
50731,1,0,0.0
51593,3,0,0.0
46876,1,0,0.0
48320,3,0,0.0
48368,5,0,0.0
51654,1,0,0.0
52073,17,0,0.0
52926,1,0,0.0
53230,1,0,0.0
53471,10,0,0.0
54210,9,0,0.0
47675,2,0,0.0
51234,1,0,0.0
53033,9,0,0.0
45412,1,0,0.0
45856,1,0,0.0
46114,5,0,0.0
46918,1,0,0.0
46933,5,0,0.0
47696,5,0,0.0
47901,1,0,0.0
48550,2,0,0.0
50619,1,0,0.0
50871,1,0,0.0
51821,1,0,0.0
55265,1,0,0.0
55283,1,0,0.0
57039,1,0,0.0
57201,1,0,0.0
61051,1,0,0.0
54844,1,0,0.0
56203,6,0,0.0
58395,5,0,0.0
58905,2,0,0.0
62526,1,0,0.0
63145,1,0,0.0
55539,1,0,0.0
56259,5,0,0.0
57306,2,0,0.0
60455,1,0,0.0
62172,8,0,0.0
62462,5,0,0.0
54980,1,0,0.0
57398,1,0,0.0
57754,1,0,0.0
59487,4,0,0.0
63197,1,0,0.0
55607,15,0,0.0
56414,1,0,0.0
57783,1,0,0.0
57885,21,0,0.0
59096,5,0,0.0
59142,3,0,0.0
54880,1,0,0.0
55647,4,0,0.0
56781,1,0,0.0
57262,2,0,0.0
57632,2,0,0.0
58366,2,0,0.0
59460,13,0,0.0
61129,24,0,0.0
61493,2,0,0.0
62387,2,0,0.0
62930,1,0,0.0
63033,4,0,0.0
56384,1,0,0.0
56933,4,0,0.0
57058,9,0,0.0
57183,3,0,0.0
57816,1,0,0.0
58913,2,0,0.0
61102,1,0,0.0
61970,3,0,0.0
62072,1,0,0.0
62673,19,0,0.0
58537,1,0,0.0
59075,11,0,0.0
59189,4,0,0.0
59647,7,0,0.0
59929,1,0,0.0
62781,2,0,0.0
54823,9,0,0.0
56466,65,0,0.0
56522,2,0,0.0
60203,1,0,0.0
62082,6,0,0.0
54642,1,0,0.0
59496,1,0,0.0
60474,1,0,0.0
61491,2,0,0.0
62564,54,0,0.0
63010,5,0,0.0
54734,1,0,0.0
56512,1,0,0.0
57851,2,0,0.0
57866,1,0,0.0
59233,3,0,0.0
60257,7,0,0.0
60627,1,0,0.0
60683,36,0,0.0
60872,2,0,0.0
54477,9,0,0.0
56417,6,0,0.0
56425,2,0,0.0
57994,15,0,0.0
59412,1,0,0.0
59454,1,0,0.0
59459,2,0,0.0
61785,4,0,0.0
62605,1,0,0.0
63074,5,0,0.0
55011,1,0,0.0
56549,1,0,0.0
58273,1,0,0.0
58442,3,0,0.0
58971,2,0,0.0
59198,3,0,0.0
59712,19,0,0.0
60557,2,0,0.0
57271,5,0,0.0
57395,1,0,0.0
58382,2,0,0.0
58687,1,0,0.0
62583,5,0,0.0
54713,1,0,0.0
54770,2,0,0.0
57284,8,0,0.0
57742,1,0,0.0
59575,1,0,0.0
55871,1,0,0.0
56308,3,0,0.0
57696,7,0,0.0
60803,5,0,0.0
60980,1,0,0.0
61609,1,0,0.0
55750,4,0,0.0
55810,1,0,0.0
56570,1,0,0.0
58961,12,0,0.0
59427,4,0,0.0
60247,1,0,0.0
60742,1,0,0.0
62004,12,0,0.0
62699,3,0,0.0
54660,2,0,0.0
58837,4,0,0.0
61283,14,0,0.0
61920,2,0,0.0
62816,2,0,0.0
55269,2,0,0.0
55642,6,0,0.0
55994,59,0,0.0
56012,1,0,0.0
56882,1,0,0.0
57725,6,0,0.0
59030,1,0,0.0
59934,1,0,0.0
60182,35,0,0.0
60402,2,0,0.0
60840,1,0,0.0
60926,6,0,0.0
61223,2,0,0.0
61865,4,0,0.0
57179,4,0,0.0
59161,2,0,0.0
60369,10,0,0.0
55230,1,0,0.0
56529,1,0,0.0
58130,1,0,0.0
58318,1,0,0.0
60859,8,0,0.0
62955,1,0,0.0
55488,1,0,0.0
56455,1,0,0.0
56528,2,0,0.0
56630,1,0,0.0
58114,1,0,0.0
58257,4,0,0.0
58804,26,0,0.0
59914,4,0,0.0
60208,8,0,0.0
60783,1,0,0.0
62106,2,0,0.0
62363,1,0,0.0
62399,4,0,0.0
54717,1,0,0.0
55247,1,0,0.0
55500,2,0,0.0
57180,1,0,0.0
58630,10,0,0.0
59504,1,0,0.0
60284,23,0,0.0
60359,1,0,0.0
62047,1,0,0.0
54541,4,0,0.0
54986,2,0,0.0
56342,12,0,0.0
58565,3,0,0.0
55867,3,0,0.0
57559,1,0,0.0
58300,6,0,0.0
58838,1,0,0.0
60304,1,0,0.0
60460,8,0,0.0
60751,1,0,0.0
61276,2,0,0.0
56165,2,0,0.0
57147,2,0,0.0
59346,5,0,0.0
59510,1,0,0.0
55264,2,0,0.0
55892,1,0,0.0
55970,2,0,0.0
56039,1,0,0.0
56301,15,0,0.0
56460,2,0,0.0
57111,6,0,0.0
59521,2,0,0.0
60217,1,0,0.0
62101,1,0,0.0
55042,5,0,0.0
55109,1,0,0.0
55659,11,0,0.0
57223,1,0,0.0
58348,1,0,0.0
59435,6,0,0.0
60749,1,0,0.0
61192,2,0,0.0
62774,3,0,0.0
63124,4,0,0.0
56641,28,0,0.0
56992,1,0,0.0
57841,3,0,0.0
59441,2,0,0.0
61011,8,0,0.0
62679,8,0,0.0
62102,1,0,0.0
54546,4,0,0.0
54817,1,0,0.0
55257,7,0,0.0
56672,1,0,0.0
57518,1,0,0.0
58192,9,0,0.0
58229,1,0,0.0
61096,1,0,0.0
61581,2,0,0.0
62103,11,0,0.0
62309,8,0,0.0
62614,2,0,0.0
62728,1,0,0.0
55595,13,0,0.0
55924,10,0,0.0
56041,22,0,0.0
56407,2,0,0.0
58148,2,0,0.0
58150,1,0,0.0
59755,2,0,0.0
60696,1,0,0.0
61220,1,0,0.0
61225,3,0,0.0
62201,1,0,0.0
56288,2,0,0.0
58987,11,0,0.0
60207,6,0,0.0
61659,1,0,0.0
62229,4,0,0.0
54822,15,0,0.0
55993,2,0,0.0
57367,7,0,0.0
59996,2,0,0.0
61254,2,0,0.0
61441,1,0,0.0
62386,1,0,0.0
63049,1,0,0.0
56249,9,0,0.0
56626,1,0,0.0
56805,17,0,0.0
57267,1,0,0.0
57980,1,0,0.0
60463,2,0,0.0
61406,7,0,0.0
54469,1,0,0.0
55234,10,0,0.0
56638,1,0,0.0
57362,3,0,0.0
57512,1,0,0.0
58144,1,0,0.0
58287,1,0,0.0
58711,1,0,0.0
59689,4,0,0.0
61517,1,0,0.0
62320,1,0,0.0
62794,1,0,0.0
54794,1,0,0.0
55164,16,0,0.0
55487,1,0,0.0
55715,2,0,0.0
56776,1,0,0.0
57238,3,0,0.0
60012,1,0,0.0
61116,5,0,0.0
62215,1,0,0.0
54544,2,0,0.0
55222,5,0,0.0
55253,1,0,0.0
59673,1,0,0.0
60332,1,0,0.0
61046,1,0,0.0
61424,1,0,0.0
62234,7,0,0.0
62991,2,0,0.0
57989,1,0,0.0
58032,1,0,0.0
58182,1,0,0.0
59818,1,0,0.0
59886,1,0,0.0
61422,2,0,0.0
62326,1,0,0.0
54993,1,0,0.0
58086,1,0,0.0
58231,2,0,0.0
60072,1,0,0.0
60731,26,0,0.0
60768,5,0,0.0
61265,4,0,0.0
62445,5,0,0.0
54559,2,0,0.0
54561,1,0,0.0
54935,3,0,0.0
55154,1,0,0.0
55664,1,0,0.0
56008,1,0,0.0
56779,16,0,0.0
57710,1,0,0.0
58912,1,0,0.0
59506,2,0,0.0
59974,1,0,0.0
62591,15,0,0.0
55162,4,0,0.0
57677,1,0,0.0
61716,1,0,0.0
62612,1,0,0.0
57534,6,0,0.0
57871,1,0,0.0
57883,3,0,0.0
60123,3,0,0.0
55079,1,0,0.0
55190,1,0,0.0
57351,2,0,0.0
60465,1,0,0.0
61760,1,0,0.0
62236,25,0,0.0
54871,1,0,0.0
55686,3,0,0.0
56093,1,0,0.0
61082,1,0,0.0
62892,4,0,0.0
63029,4,0,0.0
55121,20,0,0.0
55406,4,0,0.0
59413,8,0,0.0
59734,1,0,0.0
59960,2,0,0.0
60181,3,0,0.0
60601,4,0,0.0
61042,1,0,0.0
61948,1,0,0.0
62681,1,0,0.0
55097,7,0,0.0
55424,25,0,0.0
56047,6,0,0.0
57861,8,0,0.0
58729,5,0,0.0
62069,72,0,0.0
54789,33,0,0.0
56032,2,0,0.0
56452,1,0,0.0
56896,2,0,0.0
56940,1,0,0.0
57843,22,0,0.0
58886,6,0,0.0
60254,1,0,0.0
60830,2,0,0.0
62912,2,0,0.0
57057,7,0,0.0
59135,3,0,0.0
60199,44,0,0.0
61634,1,0,0.0
63075,1,0,0.0
63261,1,0,0.0
57606,1,0,0.0
59956,3,0,0.0
60451,2,0,0.0
60920,1,0,0.0
61739,1,0,0.0
61925,2,0,0.0
54568,6,0,0.0
54919,1,0,0.0
54943,11,0,0.0
55901,1,0,0.0
56790,2,0,0.0
56949,2,0,0.0
58010,9,0,0.0
58052,2,0,0.0
54827,1,0,0.0
56187,19,0,0.0
56861,1,0,0.0
57909,7,0,0.0
58475,2,0,0.0
58601,11,0,0.0
59511,8,0,0.0
60754,1,0,0.0
62671,5,0,0.0
57294,18,0,0.0
58146,1,0,0.0
59602,1,0,0.0
59807,1,0,0.0
60435,1,0,0.0
60819,6,0,0.0
62883,1,0,0.0
54538,1,0,0.0
55504,2,0,0.0
56118,4,0,0.0
57002,4,0,0.0
59583,1,0,0.0
60746,1,0,0.0
61538,3,0,0.0
62221,32,0,0.0
63199,1,0,0.0
54604,1,0,0.0
54972,1,0,0.0
55036,1,0,0.0
55761,1,0,0.0
56560,7,0,0.0
57886,1,0,0.0
59203,1,0,0.0
59367,5,0,0.0
60126,2,0,0.0
60133,5,0,0.0
60432,1,0,0.0
60804,14,0,0.0
60852,1,0,0.0
62338,6,0,0.0
62847,1,0,0.0
54954,1,0,0.0
56747,1,0,0.0
57164,4,0,0.0
58902,2,0,0.0
59199,2,0,0.0
59550,8,0,0.0
56058,1,0,0.0
56104,10,0,0.0
57255,1,0,0.0
58049,3,0,0.0
59044,2,0,0.0
60188,1,0,0.0
60399,1,0,0.0
60725,1,0,0.0
61008,4,0,0.0
61233,10,0,0.0
61438,10,0,0.0
62442,1,0,0.0
62856,1,0,0.0
56463,63,0,0.0
56856,2,0,0.0
57072,10,0,0.0
57320,1,0,0.0
57688,4,0,0.0
58024,1,0,0.0
58896,2,0,0.0
58900,1,0,0.0
59651,4,0,0.0
60659,5,0,0.0
61964,18,0,0.0
62487,6,0,0.0
54563,4,0,0.0
56360,8,0,0.0
56745,10,0,0.0
57967,1,0,0.0
60898,4,0,0.0
61527,1,0,0.0
61619,1,0,0.0
62980,1,0,0.0
63144,2,0,0.0
55826,1,0,0.0
56319,1,0,0.0
56437,16,0,0.0
57387,8,0,0.0
57544,1,0,0.0
57549,1,0,0.0
58473,1,0,0.0
58648,1,0,0.0
59171,2,0,0.0
59591,1,0,0.0
60361,13,0,0.0
60503,4,0,0.0
61196,14,0,0.0
61708,1,0,0.0
61868,2,0,0.0
61969,4,0,0.0
62329,11,0,0.0
63160,1,0,0.0
54622,1,0,0.0
55008,4,0,0.0
56250,4,0,0.0
56515,2,0,0.0
56633,1,0,0.0
57128,8,0,0.0
57216,3,0,0.0
57342,7,0,0.0
57636,8,0,0.0
58276,2,0,0.0
60523,2,0,0.0
57236,1,0,0.0
57485,2,0,0.0
57620,22,0,0.0
59782,29,0,0.0
55522,3,0,0.0
55981,2,0,0.0
58266,3,0,0.0
58306,1,0,0.0
58575,15,0,0.0
58790,7,0,0.0
59668,6,0,0.0
60009,1,0,0.0
60730,2,0,0.0
61400,1,0,0.0
61956,2,0,0.0
62315,15,0,0.0
62667,1,0,0.0
54968,10,0,0.0
55189,1,0,0.0
57316,1,0,0.0
59073,5,0,0.0
59214,1,0,0.0
61479,16,0,0.0
63133,15,0,0.0
55166,2,0,0.0
55818,1,0,0.0
57645,18,0,0.0
57844,20,0,0.0
58133,4,0,0.0
58583,2,0,0.0
59163,1,0,0.0
56456,6,0,0.0
56594,1,0,0.0
58399,4,0,0.0
59553,4,0,0.0
59659,1,0,0.0
60413,1,0,0.0
62481,5,0,0.0
56186,3,0,0.0
56918,2,0,0.0
56925,3,0,0.0
57085,1,0,0.0
57792,1,0,0.0
58591,3,0,0.0
58706,3,0,0.0
58743,2,0,0.0
61030,1,0,0.0
62455,11,0,0.0
62789,4,0,0.0
63115,2,0,0.0
55657,10,0,0.0
55776,9,0,0.0
56875,1,0,0.0
57361,2,0,0.0
59381,3,0,0.0
60678,3,0,0.0
61135,7,0,0.0
62066,3,0,0.0
55074,3,0,0.0
55827,4,0,0.0
56056,1,0,0.0
56477,1,0,0.0
56671,14,0,0.0
56852,57,0,0.0
58924,6,0,0.0
58953,1,0,0.0
58977,4,0,0.0
60953,4,0,0.0
61287,1,0,0.0
61326,6,0,0.0
61458,1,0,0.0
61565,42,0,0.0
61686,3,0,0.0
61740,7,0,0.0
62196,2,0,0.0
63229,1,0,0.0
58499,2,0,0.0
59500,1,0,0.0
59694,2,0,0.0
62643,7,0,0.0
62743,38,0,0.0
62944,2,0,0.0
62969,2,0,0.0
55790,5,0,0.0
57209,1,0,0.0
57295,5,0,0.0
57526,2,0,0.0
58640,3,0,0.0
58756,1,0,0.0
60796,6,0,0.0
55598,4,0,0.0
57957,1,0,0.0
58669,1,0,0.0
59333,4,0,0.0
60505,1,0,0.0
61557,4,0,0.0
63333,1,0,0.0
54637,1,0,0.0
56107,2,0,0.0
57349,6,0,0.0
57801,3,0,0.0
58103,4,0,0.0
58991,1,0,0.0
59661,3,0,0.0
60650,3,0,0.0
55034,46,0,0.0
56055,7,0,0.0
56614,3,0,0.0
57056,1,0,0.0
58005,3,0,0.0
58388,1,0,0.0
58881,1,0,0.0
59407,2,0,0.0
62497,4,0,0.0
62586,1,0,0.0
55556,1,0,0.0
55655,3,0,0.0
56694,1,0,0.0
59810,1,0,0.0
60108,2,0,0.0
60637,1,0,0.0
55531,3,0,0.0
56701,3,0,0.0
58419,8,0,0.0
58500,1,0,0.0
58656,1,0,0.0
61016,5,0,0.0
61375,5,0,0.0
61885,68,0,0.0
63298,1,0,0.0
56230,1,0,0.0
57457,18,0,0.0
58941,5,0,0.0
59022,16,0,0.0
59825,3,0,0.0
61662,5,0,0.0
61803,3,0,0.0
62149,11,0,0.0
63171,6,0,0.0
54985,9,0,0.0
57035,1,0,0.0
57491,1,0,0.0
62896,2,0,0.0
55935,3,0,0.0
62268,5,0,0.0
63183,2,0,0.0
55929,1,0,0.0
56065,6,0,0.0
57064,1,0,0.0
57825,1,0,0.0
58671,3,0,0.0
60574,3,0,0.0
61004,68,0,0.0
61534,3,0,0.0
61769,1,0,0.0
56015,4,0,0.0
56195,4,0,0.0
57588,2,0,0.0
57729,17,0,0.0
59138,2,0,0.0
59191,3,0,0.0
61130,4,0,0.0
61586,6,0,0.0
61713,1,0,0.0
61927,1,0,0.0
63083,8,0,0.0
63166,1,0,0.0
54798,2,0,0.0
55161,1,0,0.0
57964,6,0,0.0
59133,4,0,0.0
59262,7,0,0.0
61244,1,0,0.0
63304,1,0,0.0
54971,1,0,0.0
55297,1,0,0.0
56409,1,0,0.0
58213,1,0,0.0
58445,1,0,0.0
59098,1,0,0.0
59118,27,0,0.0
61585,1,0,0.0
61850,18,0,0.0
57839,3,0,0.0
60590,2,0,0.0
60764,3,0,0.0
61094,6,0,0.0
61724,1,0,0.0
54801,1,0,0.0
55248,2,0,0.0
55467,1,0,0.0
55798,1,0,0.0
57753,2,0,0.0
58571,1,0,0.0
58587,4,0,0.0
58858,18,0,0.0
59608,5,0,0.0
60180,4,0,0.0
60850,3,0,0.0
61801,1,0,0.0
61829,3,0,0.0
62431,1,0,0.0
54599,2,0,0.0
56034,1,0,0.0
56712,1,0,0.0
59176,2,0,0.0
59686,1,0,0.0
60420,17,0,0.0
61437,1,0,0.0
61845,8,0,0.0
61879,3,0,0.0
62189,4,0,0.0
54519,4,0,0.0
55681,3,0,0.0
56188,1,0,0.0
60010,11,0,0.0
60628,1,0,0.0
60949,1,0,0.0
62687,1,0,0.0
63297,20,0,0.0
55435,22,0,0.0
56484,1,0,0.0
56759,2,0,0.0
59444,13,0,0.0
59935,1,0,0.0
60775,7,0,0.0
55420,1,0,0.0
56421,2,0,0.0
56544,2,0,0.0
58906,1,0,0.0
59657,1,0,0.0
60067,1,0,0.0
60999,18,0,0.0
61910,3,0,0.0
62604,1,0,0.0
54525,1,0,0.0
55885,2,0,0.0
58156,1,0,0.0
59128,1,0,0.0
60829,3,0,0.0
56986,22,0,0.0
57396,3,0,0.0
58545,2,0,0.0
61497,1,0,0.0
62742,1,0,0.0
62965,1,0,0.0
56935,7,0,0.0
58962,1,0,0.0
60314,2,0,0.0
56038,34,0,0.0
58616,1,0,0.0
59331,3,0,0.0
60153,16,0,0.0
61186,3,0,0.0
62027,1,0,0.0
62030,2,0,0.0
54738,2,0,0.0
57734,1,0,0.0
58332,2,0,0.0
58589,1,0,0.0
60636,2,0,0.0
61048,11,0,0.0
62422,1,0,0.0
62920,1,0,0.0
54616,23,0,0.0
56154,1,0,0.0
60047,4,0,0.0
60866,2,0,0.0
61273,10,0,0.0
61545,3,0,0.0
62510,5,0,0.0
62827,3,0,0.0
63123,1,0,0.0
59424,4,0,0.0
59626,2,0,0.0
61018,2,0,0.0
61240,1,0,0.0
55146,1,0,0.0
55440,1,0,0.0
57031,2,0,0.0
58922,13,0,0.0
58984,1,0,0.0
59480,28,0,0.0
59622,1,0,0.0
59781,2,0,0.0
61164,7,0,0.0
55379,15,0,0.0
55538,3,0,0.0
55946,1,0,0.0
57087,1,0,0.0
58081,21,0,0.0
59742,5,0,0.0
59798,7,0,0.0
60118,4,0,0.0
60709,1,0,0.0
61794,1,0,0.0
56220,4,0,0.0
56448,12,0,0.0
57378,5,0,0.0
59824,3,0,0.0
59865,2,0,0.0
60693,8,0,0.0
60943,15,0,0.0
54532,1,0,0.0
56092,1,0,0.0
56385,3,0,0.0
57765,2,0,0.0
58256,1,0,0.0
58857,4,0,0.0
61232,1,0,0.0
63181,4,0,0.0
55104,1,0,0.0
55530,2,0,0.0
55662,1,0,0.0
59088,3,0,0.0
59916,1,0,0.0
61088,1,0,0.0
61725,2,0,0.0
62457,6,0,0.0
63100,27,0,0.0
63134,4,0,0.0
55780,1,0,0.0
56832,2,0,0.0
57857,3,0,0.0
58093,1,0,0.0
59747,11,0,0.0
61154,7,0,0.0
62083,1,0,0.0
63214,1,0,0.0
55427,3,0,0.0
56189,17,0,0.0
58296,2,0,0.0
58484,1,0,0.0
59378,8,0,0.0
61087,7,0,0.0
61805,4,0,0.0
63265,2,0,0.0
54639,2,0,0.0
54803,1,0,0.0
56268,4,0,0.0
57922,1,0,0.0
58174,1,0,0.0
58367,2,0,0.0
54645,1,0,0.0
54804,1,0,0.0
58956,1,0,0.0
60179,1,0,0.0
60229,1,0,0.0
60869,7,0,0.0
61104,1,0,0.0
55092,6,0,0.0
55667,7,0,0.0
55881,4,0,0.0
56355,20,0,0.0
56357,1,0,0.0
56784,2,0,0.0
57275,1,0,0.0
58019,34,0,0.0
58516,2,0,0.0
58799,1,0,0.0
59219,1,0,0.0
59737,1,0,0.0
62872,1,0,0.0
56051,1,0,0.0
56427,2,0,0.0
57584,5,0,0.0
58647,6,0,0.0
60234,14,0,0.0
62296,2,0,0.0
63113,14,0,0.0
57520,1,0,0.0
57619,2,0,0.0
58493,2,0,0.0
61439,6,0,0.0
61876,1,0,0.0
62076,1,0,0.0
55268,1,0,0.0
55404,7,0,0.0
55434,1,0,0.0
56836,7,0,0.0
58047,1,0,0.0
58678,1,0,0.0
60873,1,0,0.0
61667,2,0,0.0
61696,3,0,0.0
62255,1,0,0.0
63129,1,0,0.0
55157,3,0,0.0
56328,1,0,0.0
58020,5,0,0.0
59029,4,0,0.0
60786,2,0,0.0
61086,26,0,0.0
62914,2,0,0.0
54981,5,0,0.0
57829,1,0,0.0
57937,1,0,0.0
59605,1,0,0.0
59684,1,0,0.0
63078,6,0,0.0
63153,1,0,0.0
55627,1,0,0.0
55689,1,0,0.0
58089,1,0,0.0
58488,20,0,0.0
58738,1,0,0.0
59770,15,0,0.0
59783,16,0,0.0
62146,16,0,0.0
62248,2,0,0.0
63168,3,0,0.0
55220,8,0,0.0
56590,1,0,0.0
57635,7,0,0.0
59768,3,0,0.0
61095,9,0,0.0
62548,3,0,0.0
62838,3,0,0.0
57152,1,0,0.0
57265,2,0,0.0
57554,1,0,0.0
58003,2,0,0.0
58269,1,0,0.0
61550,2,0,0.0
62169,11,0,0.0
62463,1,0,0.0
55235,1,0,0.0
57208,13,0,0.0
58528,1,0,0.0
59706,4,0,0.0
60940,2,0,0.0
61105,7,0,0.0
62079,11,0,0.0
62942,1,0,0.0
55330,1,0,0.0
55505,5,0,0.0
55934,3,0,0.0
57083,8,0,0.0
59343,1,0,0.0
60098,1,0,0.0
60288,1,0,0.0
60691,5,0,0.0
61343,1,0,0.0
61959,3,0,0.0
55241,12,0,0.0
60240,4,0,0.0
60996,1,0,0.0
61884,1,0,0.0
62287,2,0,0.0
56810,2,0,0.0
57787,1,0,0.0
59952,2,0,0.0
60860,7,0,0.0
61119,1,0,0.0
61423,1,0,0.0
55359,1,0,0.0
55554,1,0,0.0
55589,2,0,0.0
59050,4,0,0.0
59765,2,0,0.0
60071,1,0,0.0
62226,2,0,0.0
62888,3,0,0.0
63132,1,0,0.0
55540,1,0,0.0
56311,1,0,0.0
56459,1,0,0.0
56798,4,0,0.0
59328,4,0,0.0
60070,3,0,0.0
60929,9,0,0.0
61902,1,0,0.0
57017,1,0,0.0
57154,1,0,0.0
61019,3,0,0.0
62711,1,0,0.0
62732,1,0,0.0
63026,20,0,0.0
54517,3,0,0.0
55582,1,0,0.0
58767,2,0,0.0
59919,1,0,0.0
60977,8,0,0.0
61025,1,0,0.0
63185,7,0,0.0
55276,4,0,0.0
57151,5,0,0.0
58313,1,0,0.0
58377,3,0,0.0
58855,1,0,0.0
59784,1,0,0.0
60221,3,0,0.0
60948,1,0,0.0
61310,1,0,0.0
61420,1,0,0.0
54924,28,0,0.0
55592,3,0,0.0
56763,1,0,0.0
57538,2,0,0.0
57714,33,0,0.0
58562,2,0,0.0
59261,8,0,0.0
59320,6,0,0.0
60387,2,0,0.0
62191,3,0,0.0
62834,2,0,0.0
56413,3,0,0.0
57603,1,0,0.0
57634,1,0,0.0
57756,1,0,0.0
58603,8,0,0.0
59842,1,0,0.0
60362,12,0,0.0
60466,5,0,0.0
60648,2,0,0.0
63130,5,0,0.0
55699,1,0,0.0
56843,5,0,0.0
56859,1,0,0.0
57288,1,0,0.0
58201,1,0,0.0
58753,1,0,0.0
60581,2,0,0.0
62433,3,0,0.0
54754,3,0,0.0
54774,10,0,0.0
56275,10,0,0.0
59306,1,0,0.0
62351,2,0,0.0
62716,6,0,0.0
58387,2,0,0.0
59162,1,0,0.0
59872,1,0,0.0
60066,4,0,0.0
60473,1,0,0.0
60879,1,0,0.0
54800,1,0,0.0
55561,1,0,0.0
59061,11,0,0.0
59507,3,0,0.0
59720,5,0,0.0
60470,3,0,0.0
61144,1,0,0.0
63051,3,0,0.0
54864,9,0,0.0
54874,2,0,0.0
55894,1,0,0.0
56648,6,0,0.0
61319,1,0,0.0
62753,1,0,0.0
54466,1,0,0.0
55348,5,0,0.0
57115,2,0,0.0
57194,2,0,0.0
57302,3,0,0.0
59520,1,0,0.0
60164,9,0,0.0
60215,2,0,0.0
60472,2,0,0.0
61209,11,0,0.0
62384,1,0,0.0
63044,8,0,0.0
63308,11,0,0.0
54720,3,0,0.0
54824,15,0,0.0
55106,5,0,0.0
55546,2,0,0.0
56457,2,0,0.0
57293,1,0,0.0
57853,1,0,0.0
58800,5,0,0.0
58939,14,0,0.0
61767,1,0,0.0
62917,1,0,0.0
55565,1,0,0.0
56095,9,0,0.0
56439,1,0,0.0
56848,1,0,0.0
57963,3,0,0.0
58301,3,0,0.0
61494,2,0,0.0
62414,8,0,0.0
62974,2,0,0.0
54799,1,0,0.0
55693,20,0,0.0
56726,1,0,0.0
57565,2,0,0.0
57876,3,0,0.0
57898,1,0,0.0
58915,1,0,0.0
59759,1,0,0.0
60282,2,0,0.0
60354,4,0,0.0
60676,3,0,0.0
61530,1,0,0.0
61531,1,0,0.0
62310,1,0,0.0
56473,1,0,0.0
59730,5,0,0.0
61249,1,0,0.0
63059,3,0,0.0
63311,5,0,0.0
54749,1,0,0.0
54872,1,0,0.0
55196,1,0,0.0
55462,6,0,0.0
55695,5,0,0.0
56700,2,0,0.0
59344,5,0,0.0
60006,4,0,0.0
60007,3,0,0.0
62023,9,0,0.0
62105,2,0,0.0
54951,4,0,0.0
55145,3,0,0.0
56470,1,0,0.0
57138,2,0,0.0
59080,1,0,0.0
59099,2,0,0.0
61540,1,0,0.0
56037,1,0,0.0
57081,1,0,0.0
57794,7,0,0.0
57828,5,0,0.0
58972,5,0,0.0
59273,1,0,0.0
60333,1,0,0.0
61012,13,0,0.0
61316,7,0,0.0
61331,1,0,0.0
61404,7,0,0.0
62877,1,0,0.0
55210,4,0,0.0
55895,6,0,0.0
56698,9,0,0.0
57707,1,0,0.0
58284,8,0,0.0
58319,3,0,0.0
60755,2,0,0.0
61798,1,0,0.0
61983,1,0,0.0
54571,1,0,0.0
55228,3,0,0.0
56808,4,0,0.0
57009,5,0,0.0
57480,1,0,0.0
57944,2,0,0.0
58286,4,0,0.0
58432,3,0,0.0
60569,4,0,0.0
61431,1,0,0.0
62810,1,0,0.0
63257,1,0,0.0
58183,3,0,0.0
59192,2,0,0.0
62922,1,0,0.0
54946,23,0,0.0
55123,1,0,0.0
56223,1,0,0.0
56894,2,0,0.0
57925,36,0,0.0
59174,4,0,0.0
59235,3,0,0.0
60524,9,0,0.0
61678,1,0,0.0
62001,1,0,0.0
62808,1,0,0.0
54887,1,0,0.0
55401,2,0,0.0
55960,3,0,0.0
56033,5,0,0.0
57235,4,0,0.0
58580,24,0,0.0
58749,3,0,0.0
59156,17,0,0.0
59408,1,0,0.0
54512,2,0,0.0
54886,1,0,0.0
55402,2,0,0.0
57435,1,0,0.0
59414,1,0,0.0
59571,2,0,0.0
59717,7,0,0.0
60464,2,0,0.0
62297,1,0,0.0
62748,1,0,0.0
54979,4,0,0.0
57225,1,0,0.0
57227,2,0,0.0
58304,1,0,0.0
59279,3,0,0.0
59352,1,0,0.0
59456,3,0,0.0
60112,2,0,0.0
61689,1,0,0.0
62093,1,0,0.0
55296,8,0,0.0
56446,1,0,0.0
58056,1,0,0.0
58952,26,0,0.0
59946,3,0,0.0
60311,2,0,0.0
60423,24,0,0.0
62014,1,0,0.0
63179,2,0,0.0
55115,16,0,0.0
56269,12,0,0.0
56391,18,0,0.0
56393,1,0,0.0
56559,2,0,0.0
57590,1,0,0.0
58293,8,0,0.0
59482,1,0,0.0
59780,1,0,0.0
60846,3,0,0.0
61267,1,0,0.0
62537,4,0,0.0
55089,1,0,0.0
56222,1,0,0.0
56298,2,0,0.0
56818,2,0,0.0
58172,1,0,0.0
58576,1,0,0.0
60141,1,0,0.0
60345,8,0,0.0
61062,1,0,0.0
61638,1,0,0.0
62573,2,0,0.0
55646,1,0,0.0
57407,6,0,0.0
58774,1,0,0.0
60077,2,0,0.0
61137,2,0,0.0
61522,1,0,0.0
61936,1,0,0.0
62424,1,0,0.0
54625,1,0,0.0
54716,2,0,0.0
55207,1,0,0.0
57027,1,0,0.0
57049,1,0,0.0
62378,6,0,0.0
62544,1,0,0.0
62837,2,0,0.0
63024,5,0,0.0
55136,2,0,0.0
56036,1,0,0.0
58910,8,0,0.0
60086,1,0,0.0
60969,11,0,0.0
62698,5,0,0.0
63107,1,0,0.0
63334,1,0,0.0
55208,1,0,0.0
55468,2,0,0.0
55941,6,0,0.0
56677,2,0,0.0
57001,1,0,0.0
57744,1,0,0.0
58465,1,0,0.0
58786,1,0,0.0
59968,5,0,0.0
60579,1,0,0.0
60931,7,0,0.0
61761,1,0,0.0
55249,2,0,0.0
55535,8,0,0.0
56666,1,0,0.0
56809,1,0,0.0
57054,1,0,0.0
57078,1,0,0.0
57353,9,0,0.0
57921,1,0,0.0
59904,1,0,0.0
61883,1,0,0.0
63213,3,0,0.0
58151,2,0,0.0
59102,2,0,0.0
59470,6,0,0.0
60499,1,0,0.0
61054,3,0,0.0
61558,1,0,0.0
56623,1,0,0.0
56893,1,0,0.0
58424,10,0,0.0
58481,2,0,0.0
62720,27,0,0.0
62907,1,0,0.0
63211,1,0,0.0
54550,1,0,0.0
55349,4,0,0.0
55731,12,0,0.0
56239,24,0,0.0
56952,3,0,0.0
57476,5,0,0.0
59399,2,0,0.0
59875,4,0,0.0
60298,2,0,0.0
61080,1,0,0.0
55568,1,0,0.0
55574,37,0,0.0
56200,2,0,0.0
59982,5,0,0.0
60132,1,0,0.0
61775,3,0,0.0
61843,13,0,0.0
54818,2,0,0.0
54976,2,0,0.0
56289,3,0,0.0
56669,1,0,0.0
56985,1,0,0.0
57260,2,0,0.0
57340,27,0,0.0
58139,5,0,0.0
58693,1,0,0.0
58911,1,0,0.0
59609,1,0,0.0
59835,1,0,0.0
61463,1,0,0.0
62267,3,0,0.0
54627,11,0,0.0
54833,1,0,0.0
54899,1,0,0.0
55896,1,0,0.0
56087,1,0,0.0
56953,1,0,0.0
57411,2,0,0.0
59342,2,0,0.0
60343,3,0,0.0
62286,2,0,0.0
54528,1,0,0.0
57365,1,0,0.0
57557,1,0,0.0
61194,3,0,0.0
62820,1,0,0.0
55497,2,0,0.0
55640,1,0,0.0
56349,1,0,0.0
57391,2,0,0.0
57598,11,0,0.0
58177,3,0,0.0
59188,24,0,0.0
59329,2,0,0.0
59944,2,0,0.0
60892,1,0,0.0
61763,3,0,0.0
55517,2,0,0.0
56453,1,0,0.0
56828,1,0,0.0
58044,2,0,0.0
59335,2,0,0.0
62580,7,0,0.0
55962,5,0,0.0
55974,5,0,0.0
57582,2,0,0.0
57953,1,0,0.0
58267,1,0,0.0
58719,4,0,0.0
59983,13,0,0.0
60279,2,0,0.0
60335,4,0,0.0
61203,16,0,0.0
61236,13,0,0.0
62670,1,0,0.0
63052,2,0,0.0
63154,1,0,0.0
54646,1,0,0.0
54843,1,0,0.0
55625,1,0,0.0
56030,2,0,0.0
57575,14,0,0.0
58084,1,0,0.0
58735,1,0,0.0
59042,2,0,0.0
59466,1,0,0.0
60925,1,0,0.0
61934,1,0,0.0
54730,4,0,0.0
57006,1,0,0.0
57427,1,0,0.0
57469,4,0,0.0
57687,1,0,0.0
58220,4,0,0.0
58373,1,0,0.0
60079,1,0,0.0
60278,2,0,0.0
61913,6,0,0.0
62990,7,0,0.0
63212,3,0,0.0
63289,8,0,0.0
54790,3,0,0.0
55126,2,0,0.0
55656,2,0,0.0
56627,13,0,0.0
57165,6,0,0.0
58973,1,0,0.0
59711,1,0,0.0
61318,1,0,0.0
61986,32,0,0.0
62717,2,0,0.0
55242,1,0,0.0
57242,1,0,0.0
57500,1,0,0.0
60687,1,0,0.0
61039,5,0,0.0
61473,2,0,0.0
61831,1,0,0.0
55071,1,0,0.0
55891,1,0,0.0
56655,2,0,0.0
57807,4,0,0.0
58097,29,0,0.0
59653,17,0,0.0
60013,7,0,0.0
61759,1,0,0.0
61777,3,0,0.0
61906,2,0,0.0
55453,7,0,0.0
57419,2,0,0.0
57442,1,0,0.0
57525,2,0,0.0
57669,1,0,0.0
58149,2,0,0.0
58750,1,0,0.0
59366,1,0,0.0
59629,1,0,0.0
60351,1,0,0.0
61243,7,0,0.0
62636,3,0,0.0
62648,2,0,0.0
54628,1,0,0.0
57859,1,0,0.0
58567,50,0,0.0
58638,6,0,0.0
59245,4,0,0.0
59658,1,0,0.0
60117,1,0,0.0
60500,1,0,0.0
60968,11,0,0.0
55040,9,0,0.0
56799,17,0,0.0
57817,2,0,0.0
61024,4,0,0.0
62211,2,0,0.0
56525,1,0,0.0
56651,1,0,0.0
57047,8,0,0.0
60927,1,0,0.0
61167,2,0,0.0
54961,5,0,0.0
55524,1,0,0.0
57587,13,0,0.0
63019,2,0,0.0
56793,4,0,0.0
59000,2,0,0.0
59607,3,0,0.0
61211,1,0,0.0
55464,6,0,0.0
56531,4,0,0.0
56558,8,0,0.0
57420,4,0,0.0
58068,1,0,0.0
59655,1,0,0.0
60717,2,0,0.0
61221,1,0,0.0
54582,2,0,0.0
55578,2,0,0.0
56934,54,0,0.0
58362,1,0,0.0
58489,1,0,0.0
58920,2,0,0.0
59269,8,0,0.0
59718,1,0,0.0
60111,9,0,0.0
62138,4,0,0.0
63306,1,0,0.0
55064,10,0,0.0
55764,5,0,0.0
55789,1,0,0.0
57424,3,0,0.0
59430,5,0,0.0
61919,12,0,0.0
62473,7,0,0.0
55310,4,0,0.0
56106,3,0,0.0
58836,2,0,0.0
59733,3,0,0.0
59764,8,0,0.0
60868,1,0,0.0
55175,9,0,0.0
55886,1,0,0.0
57186,1,0,0.0
60063,43,0,0.0
62600,1,0,0.0
63314,17,0,0.0
55101,1,0,0.0
55739,9,0,0.0
57074,3,0,0.0
57551,1,0,0.0
57954,1,0,0.0
59745,1,0,0.0
61909,6,0,0.0
55090,1,0,0.0
57156,1,0,0.0
57344,24,0,0.0
57751,8,0,0.0
59143,3,0,0.0
60026,2,0,0.0
60241,1,0,0.0
60580,1,0,0.0
62556,2,0,0.0
63186,1,0,0.0
56255,1,0,0.0
56347,7,0,0.0
56945,1,0,0.0
57304,4,0,0.0
57568,2,0,0.0
58211,1,0,0.0
58247,2,0,0.0
59334,9,0,0.0
59461,1,0,0.0
61962,1,0,0.0
62205,38,0,0.0
55070,1,0,0.0
55961,1,0,0.0
56908,11,0,0.0
60937,1,0,0.0
61335,4,0,0.0
61582,1,0,0.0
62018,1,0,0.0
62440,12,0,0.0
63205,2,0,0.0
63246,2,0,0.0
54707,4,0,0.0
58413,1,0,0.0
59455,2,0,0.0
59959,1,0,0.0
61411,1,0,0.0
62096,1,0,0.0
62152,1,0,0.0
63050,18,0,0.0
54670,15,0,0.0
55303,7,0,0.0
57309,2,0,0.0
58036,5,0,0.0
58830,11,0,0.0
59539,1,0,0.0
60198,4,0,0.0
60906,1,0,0.0
61097,1,0,0.0
62715,4,0,0.0
63092,3,0,0.0
54647,1,0,0.0
54873,7,0,0.0
59860,16,0,0.0
60344,2,0,0.0
61467,2,0,0.0
61488,11,0,0.0
62142,1,0,0.0
54566,2,0,0.0
55298,5,0,0.0
55930,23,0,0.0
56504,2,0,0.0
59363,1,0,0.0
60360,1,0,0.0
62549,2,0,0.0
62894,1,0,0.0
57034,1,0,0.0
57076,1,0,0.0
57995,10,0,0.0
58277,1,0,0.0
58570,3,0,0.0
61899,1,0,0.0
62056,16,0,0.0
63127,2,0,0.0
54621,1,0,0.0
55375,4,0,0.0
56927,8,0,0.0
57331,3,0,0.0
59560,2,0,0.0
60396,7,0,0.0
63222,2,0,0.0
55290,1,0,0.0
58327,2,0,0.0
60617,5,0,0.0
62909,11,0,0.0
62988,5,0,0.0
55032,2,0,0.0
55973,1,0,0.0
56469,5,0,0.0
56834,4,0,0.0
57450,1,0,0.0
58815,1,0,0.0
59857,8,0,0.0
61172,7,0,0.0
61989,1,0,0.0
55463,2,0,0.0
55887,1,0,0.0
56422,1,0,0.0
56485,1,0,0.0
56719,1,0,0.0
59423,1,0,0.0
60714,1,0,0.0
61304,7,0,0.0
61856,5,0,0.0
62210,6,0,0.0
62449,2,0,0.0
54589,2,0,0.0
56688,13,0,0.0
59906,17,0,0.0
60122,1,0,0.0
60703,2,0,0.0
62607,6,0,0.0
62869,2,0,0.0
54903,1,0,0.0
55119,1,0,0.0
57413,2,0,0.0
57913,1,0,0.0
59513,4,0,0.0
59732,1,0,0.0
60662,1,0,0.0
60670,1,0,0.0
62301,2,0,0.0
56162,2,0,0.0
56876,3,0,0.0
62468,6,0,0.0
54537,17,0,0.0
55066,1,0,0.0
55312,15,0,0.0
56212,16,0,0.0
56835,2,0,0.0
57800,1,0,0.0
58547,1,0,0.0
59232,10,0,0.0
60043,3,0,0.0
61147,2,0,0.0
62737,1,0,0.0
55596,7,0,0.0
56339,1,0,0.0
61079,18,0,0.0
55745,6,0,0.0
56405,1,0,0.0
60424,29,0,0.0
60759,1,0,0.0
62854,3,0,0.0
56060,2,0,0.0
56166,3,0,0.0
57313,1,0,0.0
57524,6,0,0.0
58199,1,0,0.0
58592,4,0,0.0
59993,2,0,0.0
60340,4,0,0.0
60729,1,0,0.0
61166,2,0,0.0
61173,4,0,0.0
61649,1,0,0.0
62145,4,0,0.0
62335,1,0,0.0
63162,5,0,0.0
55048,2,0,0.0
55153,12,0,0.0
56284,16,0,0.0
57167,3,0,0.0
58401,3,0,0.0
58814,1,0,0.0
59508,1,0,0.0
61068,5,0,0.0
63574,1,0,0.0
63645,14,0,0.0
64628,4,0,0.0
64822,1,0,0.0
66176,1,0,0.0
68098,2,0,0.0
69048,4,0,0.0
69352,7,0,0.0
69454,3,0,0.0
72820,1,0,0.0
63464,14,0,0.0
65308,8,0,0.0
65522,1,0,0.0
66400,1,0,0.0
66562,21,0,0.0
66778,5,0,0.0
67086,3,0,0.0
67388,1,0,0.0
68047,1,0,0.0
68433,2,0,0.0
69279,2,0,0.0
70476,26,0,0.0
71580,1,0,0.0
72996,2,0,0.0
63854,19,0,0.0
65353,9,0,0.0
67068,1,0,0.0
69247,2,0,0.0
69338,4,0,0.0
70844,2,0,0.0
70895,6,0,0.0
72266,2,0,0.0
72288,1,0,0.0
72912,5,0,0.0
73436,1,0,0.0
66755,7,0,0.0
69601,4,0,0.0
71571,3,0,0.0
72938,10,0,0.0
72941,1,0,0.0
63589,1,0,0.0
65174,1,0,0.0
67135,1,0,0.0
67419,18,0,0.0
67846,1,0,0.0
68392,10,0,0.0
68990,1,0,0.0
69714,2,0,0.0
70892,9,0,0.0
71151,1,0,0.0
71891,2,0,0.0
66926,1,0,0.0
67625,14,0,0.0
67734,3,0,0.0
68272,1,0,0.0
68728,3,0,0.0
69197,12,0,0.0
70850,5,0,0.0
71508,21,0,0.0
71902,2,0,0.0
73064,9,0,0.0
73086,1,0,0.0
63696,2,0,0.0
65823,1,0,0.0
65992,2,0,0.0
66193,1,0,0.0
67924,1,0,0.0
67942,41,0,0.0
69880,1,0,0.0
70659,2,0,0.0
71050,1,0,0.0
72147,1,0,0.0
72477,1,0,0.0
72655,1,0,0.0
63382,2,0,0.0
65445,3,0,0.0
66477,1,0,0.0
70049,4,0,0.0
72096,2,0,0.0
72955,2,0,0.0
73311,2,0,0.0
63835,4,0,0.0
64741,2,0,0.0
66155,5,0,0.0
66699,2,0,0.0
66797,1,0,0.0
66941,15,0,0.0
67888,1,0,0.0
68247,1,0,0.0
68475,1,0,0.0
69114,5,0,0.0
71407,1,0,0.0
63630,1,0,0.0
65766,1,0,0.0
65863,5,0,0.0
66435,1,0,0.0
68428,6,0,0.0
69395,7,0,0.0
69769,3,0,0.0
70073,2,0,0.0
72889,2,0,0.0
64622,1,0,0.0
64694,12,0,0.0
65166,1,0,0.0
65437,1,0,0.0
70906,1,0,0.0
72476,1,0,0.0
72698,1,0,0.0
73320,3,0,0.0
73410,9,0,0.0
63697,1,0,0.0
64524,1,0,0.0
64800,1,0,0.0
65653,1,0,0.0
66983,1,0,0.0
69515,1,0,0.0
70112,2,0,0.0
70199,7,0,0.0
71812,1,0,0.0
72167,1,0,0.0
72217,10,0,0.0
72337,1,0,0.0
72841,5,0,0.0
73247,3,0,0.0
64117,1,0,0.0
64365,5,0,0.0
64668,5,0,0.0
65753,3,0,0.0
65904,2,0,0.0
69708,6,0,0.0
70517,1,0,0.0
72545,1,0,0.0
72675,2,0,0.0
72729,2,0,0.0
73299,4,0,0.0
65219,22,0,0.0
65587,2,0,0.0
67208,9,0,0.0
67653,3,0,0.0
69599,3,0,0.0
72050,7,0,0.0
67870,1,0,0.0
67928,8,0,0.0
69326,1,0,0.0
69991,3,0,0.0
70992,2,0,0.0
71098,26,0,0.0
71347,1,0,0.0
72098,4,0,0.0
73141,2,0,0.0
73148,1,0,0.0
66729,8,0,0.0
67006,1,0,0.0
67475,1,0,0.0
70208,1,0,0.0
70982,1,0,0.0
73461,3,0,0.0
64015,1,0,0.0
64351,2,0,0.0
65791,2,0,0.0
66632,1,0,0.0
68128,1,0,0.0
68984,1,0,0.0
69239,1,0,0.0
71132,4,0,0.0
71336,4,0,0.0
72149,3,0,0.0
72894,3,0,0.0
73433,1,0,0.0
63778,1,0,0.0
65269,1,0,0.0
65528,14,0,0.0
65570,3,0,0.0
66136,1,0,0.0
66144,1,0,0.0
67253,1,0,0.0
68431,1,0,0.0
68738,7,0,0.0
70561,9,0,0.0
72485,2,0,0.0
72777,2,0,0.0
72906,1,0,0.0
63934,1,0,0.0
64223,2,0,0.0
64294,3,0,0.0
65767,1,0,0.0
67034,2,0,0.0
69126,7,0,0.0
69621,14,0,0.0
70471,1,0,0.0
72151,4,0,0.0
73319,1,0,0.0
63805,1,0,0.0
64447,23,0,0.0
64739,11,0,0.0
67062,2,0,0.0
70462,6,0,0.0
71064,1,0,0.0
72638,1,0,0.0
73194,3,0,0.0
73474,1,0,0.0
63441,4,0,0.0
65268,1,0,0.0
67787,7,0,0.0
70081,16,0,0.0
70713,3,0,0.0
72787,1,0,0.0
65256,2,0,0.0
66051,1,0,0.0
66091,2,0,0.0
67926,1,0,0.0
68802,1,0,0.0
69741,1,0,0.0
71348,1,0,0.0
71486,5,0,0.0
72851,1,0,0.0
63547,14,0,0.0
63724,9,0,0.0
65789,1,0,0.0
66039,4,0,0.0
67378,4,0,0.0
67629,31,0,0.0
69038,3,0,0.0
70708,4,0,0.0
72025,7,0,0.0
64212,1,0,0.0
65452,14,0,0.0
65882,6,0,0.0
66802,9,0,0.0
67027,1,0,0.0
69990,4,0,0.0
71110,1,0,0.0
72336,2,0,0.0
73045,1,0,0.0
63637,1,0,0.0
65473,2,0,0.0
65718,9,0,0.0
66282,6,0,0.0
66716,22,0,0.0
67777,1,0,0.0
67887,9,0,0.0
68060,1,0,0.0
68947,3,0,0.0
69667,1,0,0.0
71865,1,0,0.0
72784,4,0,0.0
72980,11,0,0.0
73130,18,0,0.0
63564,1,0,0.0
63668,1,0,0.0
64345,1,0,0.0
64958,2,0,0.0
65832,1,0,0.0
71426,1,0,0.0
72509,1,0,0.0
73309,2,0,0.0
73417,1,0,0.0
63975,25,0,0.0
66960,8,0,0.0
67466,2,0,0.0
69013,5,0,0.0
69796,5,0,0.0
70695,1,0,0.0
70751,4,0,0.0
72624,3,0,0.0
63436,31,0,0.0
64573,2,0,0.0
65204,1,0,0.0
65831,23,0,0.0
65844,1,0,0.0
66573,1,0,0.0
67654,4,0,0.0
68138,4,0,0.0
69198,1,0,0.0
69778,1,0,0.0
69891,13,0,0.0
64057,11,0,0.0
64585,1,0,0.0
65011,1,0,0.0
65588,1,0,0.0
65668,1,0,0.0
68075,3,0,0.0
69188,1,0,0.0
69208,1,0,0.0
70718,1,0,0.0
72435,5,0,0.0
72739,1,0,0.0
72956,11,0,0.0
68443,1,0,0.0
68460,7,0,0.0
68578,1,0,0.0
68816,18,0,0.0
70393,2,0,0.0
70644,7,0,0.0
71828,2,0,0.0
73003,6,0,0.0
63827,4,0,0.0
64483,2,0,0.0
66119,1,0,0.0
66369,13,0,0.0
66771,1,0,0.0
67293,2,0,0.0
69583,1,0,0.0
72252,1,0,0.0
72692,3,0,0.0
72766,4,0,0.0
73087,1,0,0.0
64074,2,0,0.0
64631,1,0,0.0
66528,18,0,0.0
67216,1,0,0.0
68541,1,0,0.0
69001,1,0,0.0
69271,5,0,0.0
71367,1,0,0.0
63521,13,0,0.0
63605,1,0,0.0
64274,3,0,0.0
64660,6,0,0.0
66078,5,0,0.0
66156,12,0,0.0
66896,1,0,0.0
67070,43,0,0.0
67871,3,0,0.0
69275,7,0,0.0
69514,2,0,0.0
70604,8,0,0.0
71550,1,0,0.0
73174,3,0,0.0
63832,12,0,0.0
64240,1,0,0.0
65600,2,0,0.0
66533,1,0,0.0
66752,1,0,0.0
67334,8,0,0.0
68519,12,0,0.0
70603,2,0,0.0
70684,1,0,0.0
64818,2,0,0.0
66482,1,0,0.0
66572,1,0,0.0
66763,12,0,0.0
66840,1,0,0.0
69960,1,0,0.0
70325,5,0,0.0
71612,1,0,0.0
71960,1,0,0.0
72892,18,0,0.0
73525,2,0,0.0
64012,12,0,0.0
65572,6,0,0.0
65807,2,0,0.0
66386,2,0,0.0
68151,1,0,0.0
68808,3,0,0.0
69430,2,0,0.0
70121,4,0,0.0
71955,12,0,0.0
72191,6,0,0.0
72614,6,0,0.0
72656,1,0,0.0
67295,14,0,0.0
67976,1,0,0.0
68259,1,0,0.0
68414,6,0,0.0
68729,1,0,0.0
68769,1,0,0.0
70071,3,0,0.0
70615,3,0,0.0
71650,2,0,0.0
72969,1,0,0.0
65843,2,0,0.0
66502,55,0,0.0
66829,3,0,0.0
66848,8,0,0.0
66977,1,0,0.0
67076,5,0,0.0
69399,1,0,0.0
69491,2,0,0.0
70593,2,0,0.0
71581,1,0,0.0
71944,3,0,0.0
71952,2,0,0.0
72833,8,0,0.0
73374,10,0,0.0
73396,1,0,0.0
64187,18,0,0.0
65038,4,0,0.0
65761,6,0,0.0
68616,2,0,0.0
69060,4,0,0.0
70288,2,0,0.0
71516,2,0,0.0
71703,1,0,0.0
72057,2,0,0.0
72810,4,0,0.0
72917,15,0,0.0
64325,1,0,0.0
64731,2,0,0.0
65297,1,0,0.0
67051,4,0,0.0
67138,21,0,0.0
67152,2,0,0.0
67689,2,0,0.0
68310,4,0,0.0
68424,7,0,0.0
69137,3,0,0.0
69482,10,0,0.0
71259,11,0,0.0
71332,1,0,0.0
71353,5,0,0.0
72178,1,0,0.0
63793,5,0,0.0
64736,2,0,0.0
66044,2,0,0.0
70119,6,0,0.0
70262,1,0,0.0
73068,5,0,0.0
63652,4,0,0.0
67423,6,0,0.0
69887,11,0,0.0
70809,1,0,0.0
70824,2,0,0.0
72550,1,0,0.0
72741,3,0,0.0
63841,13,0,0.0
64700,7,0,0.0
67179,5,0,0.0
70350,7,0,0.0
71218,1,0,0.0
71916,4,0,0.0
67431,2,0,0.0
67770,1,0,0.0
68085,2,0,0.0
68221,1,0,0.0
68302,2,0,0.0
68801,1,0,0.0
69576,1,0,0.0
70665,3,0,0.0
70913,2,0,0.0
71672,20,0,0.0
72323,1,0,0.0
73307,7,0,0.0
65523,18,0,0.0
65676,7,0,0.0
66384,2,0,0.0
67467,1,0,0.0
67839,1,0,0.0
69156,2,0,0.0
71981,2,0,0.0
72728,5,0,0.0
64686,1,0,0.0
65709,1,0,0.0
66654,1,0,0.0
68521,1,0,0.0
68536,1,0,0.0
72245,1,0,0.0
73134,1,0,0.0
65517,2,0,0.0
67799,5,0,0.0
68193,1,0,0.0
68388,7,0,0.0
70641,1,0,0.0
71194,3,0,0.0
71330,4,0,0.0
71465,4,0,0.0
64053,2,0,0.0
64795,25,0,0.0
65439,1,0,0.0
65460,3,0,0.0
65894,1,0,0.0
67021,2,0,0.0
67729,1,0,0.0
68693,1,0,0.0
70025,1,0,0.0
71138,1,0,0.0
72905,1,0,0.0
63787,2,0,0.0
65629,1,0,0.0
67059,2,0,0.0
67606,1,0,0.0
69650,10,0,0.0
69886,5,0,0.0
70472,19,0,0.0
72585,1,0,0.0
73360,1,0,0.0
65278,4,0,0.0
66095,7,0,0.0
66746,35,0,0.0
69087,7,0,0.0
69268,4,0,0.0
63445,4,0,0.0
64208,6,0,0.0
64440,3,0,0.0
64533,1,0,0.0
66593,1,0,0.0
67224,1,0,0.0
67409,1,0,0.0
67482,41,0,0.0
68033,2,0,0.0
69941,1,0,0.0
70114,3,0,0.0
70675,1,0,0.0
71250,1,0,0.0
72510,26,0,0.0
72768,8,0,0.0
72788,1,0,0.0
72954,27,0,0.0
73004,3,0,0.0
65209,9,0,0.0
65304,1,0,0.0
67908,5,0,0.0
69112,6,0,0.0
69895,6,0,0.0
70601,17,0,0.0
72399,3,0,0.0
66645,1,0,0.0
66822,14,0,0.0
67445,1,0,0.0
67670,1,0,0.0
68369,4,0,0.0
68664,1,0,0.0
70983,1,0,0.0
71018,1,0,0.0
71265,1,0,0.0
72511,17,0,0.0
64260,3,0,0.0
64908,1,0,0.0
66717,1,0,0.0
67245,1,0,0.0
67578,7,0,0.0
68111,3,0,0.0
69335,18,0,0.0
70776,2,0,0.0
70857,5,0,0.0
71149,1,0,0.0
71390,1,0,0.0
72828,85,0,0.0
73027,2,0,0.0
73481,5,0,0.0
63719,4,0,0.0
64702,1,0,0.0
65035,7,0,0.0
66985,1,0,0.0
68396,9,0,0.0
68887,1,0,0.0
70113,2,0,0.0
70533,4,0,0.0
71175,1,0,0.0
71388,1,0,0.0
71945,23,0,0.0
73131,1,0,0.0
63923,1,0,0.0
64907,2,0,0.0
65909,2,0,0.0
66647,1,0,0.0
67983,2,0,0.0
69962,1,0,0.0
72124,5,0,0.0
73109,1,0,0.0
64224,7,0,0.0
65346,2,0,0.0
66067,1,0,0.0
66266,1,0,0.0
67309,1,0,0.0
69387,5,0,0.0
72541,27,0,0.0
73013,1,0,0.0
73022,1,0,0.0
73486,1,0,0.0
73488,7,0,0.0
67548,9,0,0.0
67572,2,0,0.0
68776,4,0,0.0
72552,6,0,0.0
64596,1,0,0.0
65634,1,0,0.0
65725,1,0,0.0
67472,1,0,0.0
68594,4,0,0.0
69663,1,0,0.0
70267,2,0,0.0
71460,1,0,0.0
71775,3,0,0.0
65750,6,0,0.0
67441,1,0,0.0
67454,3,0,0.0
67692,2,0,0.0
68306,1,0,0.0
69504,1,0,0.0
70380,1,0,0.0
70401,4,0,0.0
71326,1,0,0.0
71526,5,0,0.0
65030,1,0,0.0
65603,2,0,0.0
65713,1,0,0.0
66022,1,0,0.0
66042,1,0,0.0
69284,3,0,0.0
70149,2,0,0.0
70357,3,0,0.0
70566,9,0,0.0
70894,3,0,0.0
70938,8,0,0.0
71566,1,0,0.0
72125,4,0,0.0
72133,6,0,0.0
72448,3,0,0.0
72836,2,0,0.0
72999,5,0,0.0
63482,2,0,0.0
63522,1,0,0.0
63940,1,0,0.0
63970,3,0,0.0
64678,3,0,0.0
65598,1,0,0.0
67476,17,0,0.0
67920,1,0,0.0
68150,1,0,0.0
69051,1,0,0.0
69067,2,0,0.0
69088,6,0,0.0
71618,6,0,0.0
64137,1,0,0.0
65595,8,0,0.0
66342,3,0,0.0
66580,3,0,0.0
67326,3,0,0.0
67393,1,0,0.0
67880,1,0,0.0
71717,18,0,0.0
71742,10,0,0.0
72112,10,0,0.0
65392,1,0,0.0
65919,2,0,0.0
66118,1,0,0.0
67519,36,0,0.0
67554,1,0,0.0
67979,3,0,0.0
68608,1,0,0.0
68844,1,0,0.0
68845,1,0,0.0
70514,1,0,0.0
71143,2,0,0.0
71379,1,0,0.0
71435,1,0,0.0
71683,1,0,0.0
63770,1,0,0.0
64960,1,0,0.0
65380,6,0,0.0
66648,8,0,0.0
67977,1,0,0.0
69014,3,0,0.0
69307,3,0,0.0
63389,6,0,0.0
64311,1,0,0.0
68088,7,0,0.0
68793,11,0,0.0
69862,1,0,0.0
70286,8,0,0.0
70507,1,0,0.0
71542,1,0,0.0
73541,1,0,0.0
69436,12,0,0.0
69933,1,0,0.0
64928,1,0,0.0
65318,1,0,0.0
65692,5,0,0.0
65871,1,0,0.0
67708,4,0,0.0
69885,4,0,0.0
72801,1,0,0.0
63984,14,0,0.0
64040,1,0,0.0
64917,1,0,0.0
65579,2,0,0.0
68767,2,0,0.0
69799,2,0,0.0
70701,1,0,0.0
71889,1,0,0.0
72048,4,0,0.0
73323,9,0,0.0
63473,1,0,0.0
63601,1,0,0.0
64454,1,0,0.0
65260,2,0,0.0
65776,27,0,0.0
66212,4,0,0.0
66313,1,0,0.0
66635,4,0,0.0
67077,7,0,0.0
67434,1,0,0.0
68389,1,0,0.0
68681,1,0,0.0
69613,1,0,0.0
70261,1,0,0.0
70683,6,0,0.0
71088,1,0,0.0
65777,5,0,0.0
65778,2,0,0.0
66421,17,0,0.0
66901,1,0,0.0
67146,1,0,0.0
68314,9,0,0.0
68557,1,0,0.0
68633,7,0,0.0
68909,1,0,0.0
69753,1,0,0.0
69839,5,0,0.0
70988,3,0,0.0
71251,2,0,0.0
72534,1,0,0.0
63695,13,0,0.0
63998,1,0,0.0
64111,17,0,0.0
66552,1,0,0.0
66747,6,0,0.0
68049,3,0,0.0
69091,5,0,0.0
70130,35,0,0.0
72005,1,0,0.0
63356,1,0,0.0
63591,2,0,0.0
64604,3,0,0.0
65067,1,0,0.0
66181,1,0,0.0
67760,3,0,0.0
67917,3,0,0.0
68350,14,0,0.0
68621,5,0,0.0
69002,10,0,0.0
69104,1,0,0.0
69989,5,0,0.0
70334,5,0,0.0
71897,1,0,0.0
72128,1,0,0.0
63398,1,0,0.0
64300,3,0,0.0
64488,3,0,0.0
64505,4,0,0.0
64530,1,0,0.0
65202,1,0,0.0
68237,2,0,0.0
68779,8,0,0.0
68839,1,0,0.0
69476,1,0,0.0
69872,8,0,0.0
71809,4,0,0.0
64183,5,0,0.0
64410,1,0,0.0
64448,2,0,0.0
68292,5,0,0.0
69860,5,0,0.0
70103,4,0,0.0
70886,2,0,0.0
71252,1,0,0.0
72890,1,0,0.0
64100,4,0,0.0
66323,1,0,0.0
67251,5,0,0.0
67274,1,0,0.0
67868,5,0,0.0
69142,1,0,0.0
69310,2,0,0.0
69718,2,0,0.0
70692,1,0,0.0
71197,6,0,0.0
71590,5,0,0.0
72472,1,0,0.0
63606,1,0,0.0
63614,1,0,0.0
63655,1,0,0.0
64062,3,0,0.0
64889,2,0,0.0
64891,2,0,0.0
66316,1,0,0.0
68601,7,0,0.0
69161,1,0,0.0
71568,2,0,0.0
72294,1,0,0.0
72413,1,0,0.0
72979,1,0,0.0
65371,3,0,0.0
66311,1,0,0.0
66406,3,0,0.0
68158,2,0,0.0
69005,11,0,0.0
69301,5,0,0.0
69620,1,0,0.0
69822,1,0,0.0
69974,2,0,0.0
70077,2,0,0.0
70303,1,0,0.0
70538,1,0,0.0
70545,1,0,0.0
70717,2,0,0.0
71028,1,0,0.0
71328,1,0,0.0
63568,19,0,0.0
65407,1,0,0.0
66268,2,0,0.0
67185,1,0,0.0
67444,1,0,0.0
67844,2,0,0.0
68966,3,0,0.0
69368,3,0,0.0
70739,8,0,0.0
70871,1,0,0.0
70883,21,0,0.0
71669,7,0,0.0
71992,2,0,0.0
71996,8,0,0.0
73014,2,0,0.0
63950,2,0,0.0
66537,1,0,0.0
68017,6,0,0.0
68100,1,0,0.0
70146,1,0,0.0
70788,1,0,0.0
70823,1,0,0.0
65535,3,0,0.0
65563,1,0,0.0
68641,1,0,0.0
70457,6,0,0.0
71109,1,0,0.0
71536,3,0,0.0
72016,4,0,0.0
64763,13,0,0.0
65205,2,0,0.0
66204,4,0,0.0
66314,2,0,0.0
66757,2,0,0.0
67026,2,0,0.0
68540,1,0,0.0
69766,1,0,0.0
70753,7,0,0.0
71186,1,0,0.0
71695,1,0,0.0
73161,1,0,0.0
73371,3,0,0.0
64473,2,0,0.0
64572,3,0,0.0
65033,8,0,0.0
66198,6,0,0.0
66691,2,0,0.0
67100,12,0,0.0
68416,2,0,0.0
68983,14,0,0.0
69527,1,0,0.0
71579,10,0,0.0
72086,12,0,0.0
73199,1,0,0.0
63338,1,0,0.0
64954,1,0,0.0
65494,1,0,0.0
69049,15,0,0.0
72559,3,0,0.0
64035,1,0,0.0
66236,1,0,0.0
68848,2,0,0.0
69085,3,0,0.0
70738,1,0,0.0
71919,1,0,0.0
72493,1,0,0.0
73416,1,0,0.0
64479,1,0,0.0
66919,2,0,0.0
68096,1,0,0.0
68467,1,0,0.0
69889,5,0,0.0
71444,3,0,0.0
73500,3,0,0.0
63587,1,0,0.0
64408,6,0,0.0
65005,1,0,0.0
66579,3,0,0.0
66639,1,0,0.0
67651,1,0,0.0
67847,4,0,0.0
68092,1,0,0.0
68532,1,0,0.0
69254,3,0,0.0
69615,8,0,0.0
69898,1,0,0.0
70424,2,0,0.0
71153,3,0,0.0
71758,4,0,0.0
72443,6,0,0.0
72525,3,0,0.0
72726,20,0,0.0
73197,4,0,0.0
73344,2,0,0.0
64056,2,0,0.0
64786,3,0,0.0
65127,2,0,0.0
65410,1,0,0.0
66327,4,0,0.0
66942,1,0,0.0
67510,2,0,0.0
68073,18,0,0.0
69297,1,0,0.0
69373,1,0,0.0
72370,6,0,0.0
64912,1,0,0.0
65687,1,0,0.0
67073,1,0,0.0
67113,1,0,0.0
68173,3,0,0.0
68307,15,0,0.0
70387,5,0,0.0
72497,11,0,0.0
72577,10,0,0.0
65539,2,0,0.0
66025,1,0,0.0
66149,1,0,0.0
67127,2,0,0.0
67522,4,0,0.0
68843,1,0,0.0
68934,29,0,0.0
69298,73,0,0.0
69852,1,0,0.0
71395,30,0,0.0
63558,14,0,0.0
65455,1,0,0.0
66515,1,0,0.0
69577,1,0,0.0
72682,1,0,0.0
64405,1,0,0.0
65098,2,0,0.0
66389,1,0,0.0
67633,1,0,0.0
67890,1,0,0.0
67996,2,0,0.0
68042,4,0,0.0
69278,5,0,0.0
70516,2,0,0.0
70905,1,0,0.0
73129,1,0,0.0
64415,1,0,0.0
65343,2,0,0.0
66294,14,0,0.0
66865,3,0,0.0
67170,14,0,0.0
67803,1,0,0.0
68447,1,0,0.0
68971,1,0,0.0
69256,1,0,0.0
70023,7,0,0.0
70246,1,0,0.0
71081,1,0,0.0
71277,2,0,0.0
64863,1,0,0.0
65440,2,0,0.0
65549,3,0,0.0
69349,1,0,0.0
69867,8,0,0.0
70741,7,0,0.0
71370,2,0,0.0
71546,3,0,0.0
72576,1,0,0.0
64247,2,0,0.0
65162,1,0,0.0
67698,1,0,0.0
67955,2,0,0.0
68684,2,0,0.0
71607,2,0,0.0
72160,2,0,0.0
73502,1,0,0.0
63946,5,0,0.0
64643,3,0,0.0
65361,1,0,0.0
66233,2,0,0.0
66489,2,0,0.0
67064,3,0,0.0
67609,3,0,0.0
69290,1,0,0.0
72315,1,0,0.0
63512,29,0,0.0
63902,6,0,0.0
67413,2,0,0.0
68995,1,0,0.0
69020,1,0,0.0
71165,1,0,0.0
72779,2,0,0.0
73016,2,0,0.0
63721,1,0,0.0
64844,1,0,0.0
65370,1,0,0.0
66408,2,0,0.0
67808,3,0,0.0
67993,17,0,0.0
68139,7,0,0.0
68262,7,0,0.0
68777,5,0,0.0
69687,5,0,0.0
69987,6,0,0.0
70805,4,0,0.0
71234,1,0,0.0
71320,1,0,0.0
72651,1,0,0.0
73392,1,0,0.0
73424,4,0,0.0
65206,2,0,0.0
66530,9,0,0.0
67165,1,0,0.0
67298,60,0,0.0
67737,1,0,0.0
67852,10,0,0.0
68105,2,0,0.0
68185,1,0,0.0
70132,1,0,0.0
70652,1,0,0.0
71188,1,0,0.0
71286,3,0,0.0
65485,2,0,0.0
69744,12,0,0.0
69812,10,0,0.0
70265,2,0,0.0
71906,3,0,0.0
72184,1,0,0.0
73215,7,0,0.0
73312,1,0,0.0
64884,1,0,0.0
65224,1,0,0.0
65366,3,0,0.0
67638,12,0,0.0
67999,13,0,0.0
68330,1,0,0.0
69393,1,0,0.0
69406,2,0,0.0
69877,1,0,0.0
63656,1,0,0.0
66448,1,0,0.0
66612,1,0,0.0
67867,30,0,0.0
68587,11,0,0.0
69428,2,0,0.0
70908,3,0,0.0
73018,9,0,0.0
63419,8,0,0.0
63448,2,0,0.0
63699,5,0,0.0
64904,4,0,0.0
66059,1,0,0.0
66356,1,0,0.0
68260,1,0,0.0
68809,14,0,0.0
69635,3,0,0.0
70774,1,0,0.0
71443,1,0,0.0
73017,6,0,0.0
68169,1,0,0.0
68735,3,0,0.0
68921,8,0,0.0
70101,52,0,0.0
70118,4,0,0.0
71777,6,0,0.0
73162,2,0,0.0
63544,1,0,0.0
64935,1,0,0.0
65349,1,0,0.0
65527,1,0,0.0
66098,8,0,0.0
66159,1,0,0.0
71564,1,0,0.0
64079,1,0,0.0
65345,1,0,0.0
66393,3,0,0.0
67115,2,0,0.0
69160,2,0,0.0
69280,1,0,0.0
69982,7,0,0.0
70453,1,0,0.0
71309,3,0,0.0
64401,4,0,0.0
64835,1,0,0.0
66011,3,0,0.0
69890,11,0,0.0
70810,3,0,0.0
72119,1,0,0.0
63693,1,0,0.0
65195,5,0,0.0
67270,2,0,0.0
67805,8,0,0.0
71886,1,0,0.0
72714,3,0,0.0
73031,2,0,0.0
63747,3,0,0.0
65376,1,0,0.0
66880,4,0,0.0
68511,1,0,0.0
72934,2,0,0.0
63640,2,0,0.0
65351,1,0,0.0
65984,12,0,0.0
66415,2,0,0.0
68305,1,0,0.0
68502,2,0,0.0
69788,2,0,0.0
70120,1,0,0.0
70235,3,0,0.0
71445,1,0,0.0
63780,5,0,0.0
67414,1,0,0.0
67568,1,0,0.0
67579,1,0,0.0
68998,1,0,0.0
63674,12,0,0.0
64195,2,0,0.0
64651,3,0,0.0
66492,2,0,0.0
66866,3,0,0.0
67403,7,0,0.0
67456,2,0,0.0
70391,5,0,0.0
70775,3,0,0.0
70902,1,0,0.0
72986,1,0,0.0
73143,3,0,0.0
73182,6,0,0.0
73217,3,0,0.0
73498,1,0,0.0
64367,1,0,0.0
65017,1,0,0.0
67946,3,0,0.0
69688,1,0,0.0
69997,1,0,0.0
71636,13,0,0.0
71671,1,0,0.0
63386,2,0,0.0
64529,1,0,0.0
68110,2,0,0.0
68142,2,0,0.0
69364,2,0,0.0
69975,7,0,0.0
70848,1,0,0.0
71113,3,0,0.0
73005,28,0,0.0
73007,1,0,0.0
63680,9,0,0.0
63957,1,0,0.0
65744,1,0,0.0
65800,1,0,0.0
66392,1,0,0.0
67384,2,0,0.0
69131,5,0,0.0
69768,3,0,0.0
70006,1,0,0.0
71492,1,0,0.0
72376,8,0,0.0
72641,1,0,0.0
64355,3,0,0.0
65594,9,0,0.0
69466,1,0,0.0
70520,2,0,0.0
70814,1,0,0.0
73120,1,0,0.0
73258,2,0,0.0
68574,5,0,0.0
70379,4,0,0.0
70628,1,0,0.0
71861,4,0,0.0
72373,14,0,0.0
73080,1,0,0.0
64767,1,0,0.0
65622,3,0,0.0
68177,1,0,0.0
68714,3,0,0.0
69641,23,0,0.0
69876,1,0,0.0
69988,1,0,0.0
71410,1,0,0.0
73338,2,0,0.0
63514,3,0,0.0
65194,3,0,0.0
65971,1,0,0.0
68996,1,0,0.0
69167,1,0,0.0
70128,2,0,0.0
70470,1,0,0.0
71089,6,0,0.0
73487,2,0,0.0
65091,1,0,0.0
65210,1,0,0.0
66075,1,0,0.0
66939,2,0,0.0
67194,6,0,0.0
67889,2,0,0.0
69610,3,0,0.0
71363,4,0,0.0
72353,4,0,0.0
72823,1,0,0.0
63754,5,0,0.0
64151,11,0,0.0
66788,1,0,0.0
67235,56,0,0.0
67426,1,0,0.0
67453,1,0,0.0
68194,5,0,0.0
68359,16,0,0.0
70336,2,0,0.0
70623,4,0,0.0
63859,1,0,0.0
66576,2,0,0.0
66940,1,0,0.0
67507,1,0,0.0
67711,1,0,0.0
68513,3,0,0.0
69499,5,0,0.0
69940,1,0,0.0
70301,3,0,0.0
70919,1,0,0.0
71306,1,0,0.0
73224,1,0,0.0
67959,3,0,0.0
68900,1,0,0.0
69701,2,0,0.0
70482,1,0,0.0
71882,2,0,0.0
72183,1,0,0.0
72939,2,0,0.0
66427,1,0,0.0
67008,1,0,0.0
69900,4,0,0.0
69912,1,0,0.0
70853,1,0,0.0
71484,2,0,0.0
71924,2,0,0.0
63914,2,0,0.0
64704,2,0,0.0
64805,2,0,0.0
65255,14,0,0.0
67325,1,0,0.0
67337,1,0,0.0
67599,1,0,0.0
68112,9,0,0.0
70178,4,0,0.0
70254,2,0,0.0
70536,4,0,0.0
71216,21,0,0.0
71521,1,0,0.0
71862,1,0,0.0
72101,1,0,0.0
72760,1,0,0.0
72943,3,0,0.0
73186,7,0,0.0
64209,2,0,0.0
64446,2,0,0.0
64558,12,0,0.0
65325,6,0,0.0
65601,3,0,0.0
65866,2,0,0.0
67970,7,0,0.0
69026,2,0,0.0
69674,1,0,0.0
70679,1,0,0.0
70845,3,0,0.0
71753,7,0,0.0
72070,4,0,0.0
72947,4,0,0.0
64104,1,0,0.0
66968,1,0,0.0
68707,4,0,0.0
69063,2,0,0.0
70191,3,0,0.0
71253,7,0,0.0
71304,7,0,0.0
72457,1,0,0.0
73207,2,0,0.0
63555,5,0,0.0
65467,4,0,0.0
69072,2,0,0.0
69343,8,0,0.0
70222,17,0,0.0
70369,4,0,0.0
72325,20,0,0.0
73490,1,0,0.0
68815,1,0,0.0
70880,12,0,0.0
71422,4,0,0.0
64439,6,0,0.0
64670,13,0,0.0
66410,1,0,0.0
68576,14,0,0.0
69036,1,0,0.0
69094,2,0,0.0
69793,11,0,0.0
69795,1,0,0.0
69819,4,0,0.0
70144,1,0,0.0
73176,1,0,0.0
63457,3,0,0.0
63889,2,0,0.0
63938,1,0,0.0
64625,10,0,0.0
66237,1,0,0.0
67435,1,0,0.0
68225,3,0,0.0
68765,2,0,0.0
71738,1,0,0.0
63862,1,0,0.0
64790,6,0,0.0
64892,1,0,0.0
65273,4,0,0.0
65681,2,0,0.0
67141,4,0,0.0
67394,1,0,0.0
68897,1,0,0.0
69843,2,0,0.0
71415,1,0,0.0
73073,11,0,0.0
63872,15,0,0.0
65050,10,0,0.0
65615,2,0,0.0
65943,4,0,0.0
66301,7,0,0.0
67406,1,0,0.0
68670,1,0,0.0
69407,1,0,0.0
69966,1,0,0.0
70872,1,0,0.0
71658,1,0,0.0
72539,3,0,0.0
73310,10,0,0.0
65449,2,0,0.0
65998,1,0,0.0
67650,1,0,0.0
68364,4,0,0.0
71473,13,0,0.0
71962,1,0,0.0
72090,1,0,0.0
63553,2,0,0.0
63995,24,0,0.0
66064,1,0,0.0
69676,1,0,0.0
72718,1,0,0.0
63980,20,0,0.0
65696,3,0,0.0
65908,1,0,0.0
68510,1,0,0.0
69012,1,0,0.0
69152,1,0,0.0
70541,3,0,0.0
70571,1,0,0.0
72459,1,0,0.0
72611,1,0,0.0
63518,18,0,0.0
63666,8,0,0.0
65272,1,0,0.0
68082,1,0,0.0
70337,5,0,0.0
72597,2,0,0.0
73025,1,0,0.0
63476,4,0,0.0
63762,1,0,0.0
65069,1,0,0.0
65178,1,0,0.0
65383,4,0,0.0
65559,6,0,0.0
68136,1,0,0.0
68835,3,0,0.0
69003,12,0,0.0
69440,1,0,0.0
70768,2,0,0.0
71873,1,0,0.0
72117,7,0,0.0
72384,6,0,0.0
72446,1,0,0.0
72653,2,0,0.0
66043,1,0,0.0
67145,8,0,0.0
67669,1,0,0.0
68930,2,0,0.0
69289,2,0,0.0
70000,2,0,0.0
70306,3,0,0.0
72742,6,0,0.0
73395,1,0,0.0
73531,2,0,0.0
63416,28,0,0.0
64432,1,0,0.0
64756,8,0,0.0
67356,1,0,0.0
68404,1,0,0.0
69624,3,0,0.0
70559,8,0,0.0
70979,6,0,0.0
71991,1,0,0.0
72589,7,0,0.0
63385,1,0,0.0
63892,4,0,0.0
65090,1,0,0.0
66019,2,0,0.0
68464,1,0,0.0
68810,15,0,0.0
71961,1,0,0.0
72130,2,0,0.0
73154,3,0,0.0
64096,14,0,0.0
65079,3,0,0.0
66404,3,0,0.0
67512,1,0,0.0
67958,1,0,0.0
70464,1,0,0.0
71125,16,0,0.0
71563,2,0,0.0
72437,1,0,0.0
64371,2,0,0.0
66701,2,0,0.0
66732,3,0,0.0
69477,4,0,0.0
70386,3,0,0.0
70691,3,0,0.0
71043,3,0,0.0
71339,2,0,0.0
64116,2,0,0.0
64809,1,0,0.0
66001,3,0,0.0
66803,1,0,0.0
67627,21,0,0.0
68504,23,0,0.0
69728,3,0,0.0
70639,1,0,0.0
71145,5,0,0.0
71476,1,0,0.0
73196,9,0,0.0
65331,5,0,0.0
65987,2,0,0.0
67303,1,0,0.0
67714,6,0,0.0
68562,1,0,0.0
71229,1,0,0.0
72400,3,0,0.0
72776,1,0,0.0
73104,1,0,0.0
63909,16,0,0.0
64238,1,0,0.0
64417,4,0,0.0
65275,4,0,0.0
66660,2,0,0.0
67969,2,0,0.0
68357,1,0,0.0
68749,8,0,0.0
69121,1,0,0.0
69983,1,0,0.0
70931,3,0,0.0
72382,1,0,0.0
63397,4,0,0.0
64851,10,0,0.0
66309,1,0,0.0
66413,3,0,0.0
67662,1,0,0.0
68199,1,0,0.0
68888,1,0,0.0
69017,2,0,0.0
70682,6,0,0.0
71398,4,0,0.0
71553,3,0,0.0
72600,1,0,0.0
63365,2,0,0.0
64150,2,0,0.0
64819,1,0,0.0
65362,2,0,0.0
66318,2,0,0.0
69534,1,0,0.0
63873,3,0,0.0
64745,2,0,0.0
67509,11,0,0.0
67907,26,0,0.0
68287,1,0,0.0
68861,13,0,0.0
70404,1,0,0.0
70537,1,0,0.0
71614,3,0,0.0
63742,1,0,0.0
63745,1,0,0.0
63974,1,0,0.0
64041,4,0,0.0
65953,8,0,0.0
69792,1,0,0.0
70214,9,0,0.0
70237,4,0,0.0
70324,1,0,0.0
70885,2,0,0.0
71015,1,0,0.0
71488,1,0,0.0
72721,6,0,0.0
63678,3,0,0.0
65521,2,0,0.0
65995,8,0,0.0
66688,4,0,0.0
68062,1,0,0.0
69096,1,0,0.0
72608,7,0,0.0
72770,21,0,0.0
72838,1,0,0.0
63803,6,0,0.0
63919,5,0,0.0
64109,1,0,0.0
64862,5,0,0.0
66295,32,0,0.0
66731,1,0,0.0
68665,1,0,0.0
69528,15,0,0.0
69968,1,0,0.0
70512,1,0,0.0
70900,1,0,0.0
71970,1,0,0.0
73137,1,0,0.0
73225,1,0,0.0
73441,3,0,0.0
64373,1,0,0.0
65208,1,0,0.0
65772,4,0,0.0
66110,2,0,0.0
66855,1,0,0.0
67362,12,0,0.0
68881,11,0,0.0
71913,1,0,0.0
73248,3,0,0.0
65462,6,0,0.0
70728,1,0,0.0
71447,14,0,0.0
71464,1,0,0.0
72043,1,0,0.0
72909,2,0,0.0
63548,3,0,0.0
64271,7,0,0.0
66172,1,0,0.0
67705,4,0,0.0
67804,1,0,0.0
68182,1,0,0.0
68542,18,0,0.0
69259,50,0,0.0
70236,1,0,0.0
70622,10,0,0.0
64163,5,0,0.0
65384,5,0,0.0
65757,1,0,0.0
66299,5,0,0.0
66581,17,0,0.0
67405,1,0,0.0
68474,2,0,0.0
69285,26,0,0.0
69906,3,0,0.0
70238,2,0,0.0
70821,2,0,0.0
71067,20,0,0.0
71515,1,0,0.0
72260,10,0,0.0
72496,3,0,0.0
72864,1,0,0.0
63405,6,0,0.0
64566,2,0,0.0
64629,1,0,0.0
65403,1,0,0.0
65852,1,0,0.0
67948,2,0,0.0
69858,21,0,0.0
70572,4,0,0.0
64977,5,0,0.0
67815,2,0,0.0
70032,4,0,0.0
70345,1,0,0.0
71430,1,0,0.0
73142,4,0,0.0
67262,1,0,0.0
68223,2,0,0.0
68695,19,0,0.0
68806,1,0,0.0
68986,11,0,0.0
69164,1,0,0.0
73074,1,0,0.0
64600,1,0,0.0
65582,9,0,0.0
65652,5,0,0.0
65739,1,0,0.0
67430,2,0,0.0
69961,1,0,0.0
70171,39,0,0.0
71297,1,0,0.0
72481,2,0,0.0
72660,4,0,0.0
65141,6,0,0.0
65143,4,0,0.0
65515,2,0,0.0
66321,1,0,0.0
66545,3,0,0.0
66549,1,0,0.0
66684,8,0,0.0
67332,1,0,0.0
68055,1,0,0.0
68251,1,0,0.0
68583,2,0,0.0
68677,1,0,0.0
71294,1,0,0.0
71943,8,0,0.0
64060,4,0,0.0
64680,1,0,0.0
65176,1,0,0.0
65759,1,0,0.0
65799,2,0,0.0
66655,21,0,0.0
67724,1,0,0.0
69709,1,0,0.0
70367,4,0,0.0
70972,1,0,0.0
71133,1,0,0.0
72759,1,0,0.0
64582,1,0,0.0
65619,1,0,0.0
65723,1,0,0.0
66736,8,0,0.0
67446,1,0,0.0
68675,70,0,0.0
68743,5,0,0.0
68745,1,0,0.0
68904,1,0,0.0
70712,11,0,0.0
72219,1,0,0.0
73118,1,0,0.0
73446,2,0,0.0
64289,2,0,0.0
64621,1,0,0.0
64762,1,0,0.0
68444,9,0,0.0
68783,7,0,0.0
72089,1,0,0.0
72669,3,0,0.0
65697,1,0,0.0
67035,10,0,0.0
67331,6,0,0.0
67686,7,0,0.0
68501,3,0,0.0
68865,2,0,0.0
69592,1,0,0.0
71418,1,0,0.0
71835,1,0,0.0
64292,1,0,0.0
64305,1,0,0.0
65727,10,0,0.0
65859,6,0,0.0
65889,1,0,0.0
66334,5,0,0.0
66683,9,0,0.0
67172,1,0,0.0
67677,5,0,0.0
69244,1,0,0.0
69516,3,0,0.0
70799,3,0,0.0
63600,2,0,0.0
65585,1,0,0.0
68000,3,0,0.0
68469,1,0,0.0
68615,1,0,0.0
69190,12,0,0.0
70045,3,0,0.0
73138,2,0,0.0
63484,3,0,0.0
64587,2,0,0.0
65671,1,0,0.0
67320,3,0,0.0
68452,3,0,0.0
68722,11,0,0.0
68891,1,0,0.0
69831,1,0,0.0
64416,5,0,0.0
64634,1,0,0.0
65029,12,0,0.0
65873,26,0,0.0
68669,1,0,0.0
68985,1,0,0.0
69253,5,0,0.0
69509,3,0,0.0
70269,9,0,0.0
72880,2,0,0.0
64952,1,0,0.0
65223,1,0,0.0
67918,47,0,0.0
69802,1,0,0.0
70657,1,0,0.0
71180,4,0,0.0
72411,3,0,0.0
73391,6,0,0.0
73504,2,0,0.0
66399,4,0,0.0
69047,3,0,0.0
71523,2,0,0.0
72398,1,0,0.0
63590,14,0,0.0
63654,10,0,0.0
65259,3,0,0.0
65733,1,0,0.0
65838,1,0,0.0
66101,1,0,0.0
66174,7,0,0.0
66228,1,0,0.0
66324,7,0,0.0
67505,13,0,0.0
68667,1,0,0.0
68935,1,0,0.0
70483,3,0,0.0
71823,4,0,0.0
63341,1,0,0.0
65137,12,0,0.0
66203,4,0,0.0
66270,32,0,0.0
68289,4,0,0.0
68309,10,0,0.0
68822,2,0,0.0
69062,2,0,0.0
69502,8,0,0.0
72767,6,0,0.0
65730,1,0,0.0
66303,1,0,0.0
68455,11,0,0.0
68854,2,0,0.0
69498,5,0,0.0
70548,1,0,0.0
71355,7,0,0.0
72264,1,0,0.0
72998,4,0,0.0
73267,1,0,0.0
63537,1,0,0.0
64710,3,0,0.0
68577,7,0,0.0
68630,8,0,0.0
69240,6,0,0.0
69345,17,0,0.0
69468,3,0,0.0
69549,11,0,0.0
69652,6,0,0.0
70066,1,0,0.0
71556,10,0,0.0
63478,12,0,0.0
64687,3,0,0.0
65833,1,0,0.0
66111,4,0,0.0
67402,1,0,0.0
68420,1,0,0.0
69354,2,0,0.0
69680,1,0,0.0
69980,1,0,0.0
70614,3,0,0.0
73054,3,0,0.0
64899,1,0,0.0
67328,1,0,0.0
68027,3,0,0.0
68629,2,0,0.0
69598,2,0,0.0
72226,1,0,0.0
72677,2,0,0.0
64664,1,0,0.0
69266,1,0,0.0
69944,1,0,0.0
70088,8,0,0.0
73202,1,0,0.0
63936,2,0,0.0
64207,6,0,0.0
65002,1,0,0.0
66047,1,0,0.0
67283,6,0,0.0
69025,14,0,0.0
69471,1,0,0.0
70004,44,0,0.0
72925,1,0,0.0
73512,1,0,0.0
63651,5,0,0.0
66165,1,0,0.0
67181,1,0,0.0
67520,1,0,0.0
67697,8,0,0.0
67834,1,0,0.0
68286,1,0,0.0
68547,4,0,0.0
72068,2,0,0.0
72506,1,0,0.0
63731,1,0,0.0
65145,1,0,0.0
65682,26,0,0.0
67042,1,0,0.0
67112,1,0,0.0
68020,1,0,0.0
68492,1,0,0.0
68543,21,0,0.0
69037,2,0,0.0
69213,2,0,0.0
69400,1,0,0.0
69976,7,0,0.0
70975,22,0,0.0
72358,2,0,0.0
72395,8,0,0.0
73245,4,0,0.0
63739,1,0,0.0
63834,32,0,0.0
67104,4,0,0.0
67266,1,0,0.0
70328,5,0,0.0
70846,6,0,0.0
71279,2,0,0.0
72924,20,0,0.0
73529,1,0,0.0
63502,9,0,0.0
63565,11,0,0.0
63740,1,0,0.0
63985,2,0,0.0
64091,4,0,0.0
64457,14,0,0.0
67563,7,0,0.0
68385,4,0,0.0
69006,5,0,0.0
70851,6,0,0.0
72872,23,0,0.0
73096,1,0,0.0
64633,1,0,0.0
65947,3,0,0.0
67280,4,0,0.0
67491,5,0,0.0
67553,1,0,0.0
67858,1,0,0.0
67954,5,0,0.0
69084,2,0,0.0
69675,3,0,0.0
71001,2,0,0.0
71224,1,0,0.0
72700,2,0,0.0
73006,1,0,0.0
73226,1,0,0.0
73272,26,0,0.0
64199,1,0,0.0
64419,1,0,0.0
64463,1,0,0.0
66253,3,0,0.0
67974,3,0,0.0
68825,13,0,0.0
71402,4,0,0.0
71573,1,0,0.0
72456,5,0,0.0
63783,1,0,0.0
63853,7,0,0.0
64070,6,0,0.0
64747,8,0,0.0
66103,1,0,0.0
66219,2,0,0.0
67202,1,0,0.0
68680,1,0,0.0
68864,3,0,0.0
72970,1,0,0.0
73180,2,0,0.0
63393,6,0,0.0
64202,4,0,0.0
65537,5,0,0.0
65939,12,0,0.0
66178,25,0,0.0
68448,1,0,0.0
69702,1,0,0.0
71575,16,0,0.0
72973,1,0,0.0
63352,1,0,0.0
65085,12,0,0.0
69140,2,0,0.0
70161,1,0,0.0
71802,3,0,0.0
72359,1,0,0.0
63430,1,0,0.0
63527,2,0,0.0
63856,4,0,0.0
64703,3,0,0.0
65144,16,0,0.0
66630,8,0,0.0
67851,9,0,0.0
67900,7,0,0.0
67952,1,0,0.0
67963,1,0,0.0
68780,2,0,0.0
69209,1,0,0.0
72172,2,0,0.0
72536,1,0,0.0
73428,2,0,0.0
64103,1,0,0.0
64991,1,0,0.0
65453,2,0,0.0
66925,1,0,0.0
67879,1,0,0.0
69673,3,0,0.0
70371,1,0,0.0
73163,1,0,0.0
63844,1,0,0.0
64282,10,0,0.0
65236,7,0,0.0
65829,1,0,0.0
66462,1,0,0.0
67048,1,0,0.0
67369,1,0,0.0
67763,1,0,0.0
69543,1,0,0.0
69981,1,0,0.0
72458,1,0,0.0
64782,5,0,0.0
67098,1,0,0.0
71101,1,0,0.0
71327,1,0,0.0
72453,3,0,0.0
72882,1,0,0.0
64168,3,0,0.0
64485,4,0,0.0
67176,6,0,0.0
67377,6,0,0.0
68851,1,0,0.0
69833,1,0,0.0
70523,23,0,0.0
71890,2,0,0.0
72658,12,0,0.0
72754,2,0,0.0
65214,2,0,0.0
65496,1,0,0.0
66254,1,0,0.0
70655,13,0,0.0
71059,1,0,0.0
71417,8,0,0.0
73030,41,0,0.0
64679,4,0,0.0
64867,1,0,0.0
65121,10,0,0.0
67380,1,0,0.0
67956,2,0,0.0
68607,2,0,0.0
69362,2,0,0.0
69686,3,0,0.0
70195,1,0,0.0
71245,10,0,0.0
71797,1,0,0.0
72099,6,0,0.0
73322,12,0,0.0
63704,2,0,0.0
64119,5,0,0.0
65022,4,0,0.0
65245,11,0,0.0
65302,1,0,0.0
68882,3,0,0.0
69070,7,0,0.0
69616,4,0,0.0
70526,1,0,0.0
71010,6,0,0.0
71383,1,0,0.0
71655,3,0,0.0
72121,3,0,0.0
63583,1,0,0.0
63855,1,0,0.0
64901,10,0,0.0
68127,2,0,0.0
70529,3,0,0.0
70926,32,0,0.0
71040,6,0,0.0
71232,11,0,0.0
72303,2,0,0.0
72362,2,0,0.0
73200,2,0,0.0
63554,11,0,0.0
63887,30,0,0.0
65292,7,0,0.0
72927,14,0,0.0
66005,1,0,0.0
66015,1,0,0.0
70070,7,0,0.0
65706,4,0,0.0
67307,1,0,0.0
67688,1,0,0.0
69043,4,0,0.0
69730,3,0,0.0
70915,2,0,0.0
71024,3,0,0.0
72494,4,0,0.0
74058,1,0,0.0
74166,4,0,0.0
74251,1,0,0.0
76493,1,0,0.0
79220,10,0,0.0
79361,4,0,0.0
82672,1,0,0.0
82730,1,0,0.0
83242,5,0,0.0
83861,1,0,0.0
75070,5,0,0.0
75620,1,0,0.0
79758,1,0,0.0
81284,1,0,0.0
82164,4,0,0.0
82385,3,0,0.0
82872,4,0,0.0
83702,1,0,0.0
83769,2,0,0.0
74097,1,0,0.0
74948,2,0,0.0
77939,1,0,0.0
79791,1,0,0.0
80315,4,0,0.0
81050,1,0,0.0
81137,1,0,0.0
81475,1,0,0.0
82459,1,0,0.0
74912,1,0,0.0
75541,2,0,0.0
76293,1,0,0.0
76739,22,0,0.0
77064,2,0,0.0
78269,5,0,0.0
78603,11,0,0.0
78645,8,0,0.0
78776,3,0,0.0
82835,6,0,0.0
82901,14,0,0.0
73571,5,0,0.0
75808,1,0,0.0
76310,2,0,0.0
77582,1,0,0.0
77999,1,0,0.0
78336,3,0,0.0
78622,1,0,0.0
79049,14,0,0.0
79248,5,0,0.0
79378,1,0,0.0
80122,9,0,0.0
80718,1,0,0.0
82681,6,0,0.0
76689,4,0,0.0
77032,1,0,0.0
77417,3,0,0.0
77706,1,0,0.0
80587,3,0,0.0
81761,1,0,0.0
83843,5,0,0.0
74556,1,0,0.0
74858,2,0,0.0
76095,3,0,0.0
76430,1,0,0.0
76636,1,0,0.0
77028,1,0,0.0
80378,2,0,0.0
80923,1,0,0.0
81023,1,0,0.0
83192,2,0,0.0
75722,1,0,0.0
75842,1,0,0.0
77225,1,0,0.0
78538,6,0,0.0
79419,1,0,0.0
79889,14,0,0.0
79915,1,0,0.0
80799,1,0,0.0
81215,1,0,0.0
74898,2,0,0.0
75523,6,0,0.0
76587,9,0,0.0
77210,1,0,0.0
78301,1,0,0.0
80355,1,0,0.0
82790,11,0,0.0
82969,2,0,0.0
83487,6,0,0.0
73788,2,0,0.0
74589,6,0,0.0
74592,1,0,0.0
79730,25,0,0.0
79843,1,0,0.0
83082,2,0,0.0
83298,3,0,0.0
83761,1,0,0.0
74312,1,0,0.0
75308,1,0,0.0
77383,1,0,0.0
77408,1,0,0.0
77737,1,0,0.0
77903,1,0,0.0
78105,2,0,0.0
78924,13,0,0.0
80179,35,0,0.0
82860,16,0,0.0
74714,18,0,0.0
75027,1,0,0.0
76403,1,0,0.0
77588,6,0,0.0
78364,1,0,0.0
81013,2,0,0.0
82026,3,0,0.0
83858,1,0,0.0
73600,1,0,0.0
73862,2,0,0.0
75304,1,0,0.0
75617,1,0,0.0
77167,4,0,0.0
78157,1,0,0.0
78492,2,0,0.0
78659,9,0,0.0
82116,1,0,0.0
74271,3,0,0.0
75367,28,0,0.0
76451,1,0,0.0
78298,1,0,0.0
78706,7,0,0.0
78753,5,0,0.0
80616,2,0,0.0
82749,1,0,0.0
78686,6,0,0.0
79863,6,0,0.0
81270,5,0,0.0
82392,2,0,0.0
82398,13,0,0.0
83385,11,0,0.0
83939,2,0,0.0
74131,3,0,0.0
75700,1,0,0.0
77639,4,0,0.0
77744,5,0,0.0
79389,20,0,0.0
80623,17,0,0.0
81370,1,0,0.0
83656,1,0,0.0
83854,1,0,0.0
83923,1,0,0.0
74701,26,0,0.0
74833,1,0,0.0
75639,1,0,0.0
76475,2,0,0.0
78664,1,0,0.0
79301,15,0,0.0
79711,3,0,0.0
79994,1,0,0.0
80168,1,0,0.0
80657,1,0,0.0
73815,1,0,0.0
73817,1,0,0.0
73952,2,0,0.0
74413,3,0,0.0
76367,21,0,0.0
77130,1,0,0.0
78089,7,0,0.0
78289,1,0,0.0
78556,8,0,0.0
80817,5,0,0.0
82543,6,0,0.0
83742,1,0,0.0
73972,4,0,0.0
75331,8,0,0.0
76114,6,0,0.0
77233,1,0,0.0
77315,4,0,0.0
77719,14,0,0.0
78141,1,0,0.0
81449,1,0,0.0
82572,16,0,0.0
82631,24,0,0.0
83354,2,0,0.0
74643,1,0,0.0
74660,4,0,0.0
74916,35,0,0.0
75061,28,0,0.0
75606,2,0,0.0
76029,1,0,0.0
77407,2,0,0.0
80672,1,0,0.0
81140,1,0,0.0
81400,4,0,0.0
81834,6,0,0.0
81839,26,0,0.0
83669,1,0,0.0
83695,1,0,0.0
77808,11,0,0.0
78188,15,0,0.0
78567,1,0,0.0
80639,2,0,0.0
80703,1,0,0.0
81011,2,0,0.0
82290,1,0,0.0
82977,2,0,0.0
74940,2,0,0.0
77434,4,0,0.0
80746,2,0,0.0
82161,1,0,0.0
83878,7,0,0.0
75315,1,0,0.0
77555,1,0,0.0
78239,11,0,0.0
79035,1,0,0.0
79882,1,0,0.0
80222,3,0,0.0
80625,1,0,0.0
82347,1,0,0.0
82349,2,0,0.0
82704,3,0,0.0
83867,3,0,0.0
84009,1,0,0.0
74124,2,0,0.0
78727,1,0,0.0
79239,2,0,0.0
79253,3,0,0.0
79847,1,0,0.0
82415,1,0,0.0
82583,4,0,0.0
82618,1,0,0.0
74119,1,0,0.0
75484,2,0,0.0
76222,1,0,0.0
76833,2,0,0.0
77548,1,0,0.0
78193,2,0,0.0
79415,2,0,0.0
80320,8,0,0.0
80632,1,0,0.0
81288,1,0,0.0
81384,11,0,0.0
81977,1,0,0.0
82162,10,0,0.0
82592,2,0,0.0
82612,4,0,0.0
83127,2,0,0.0
83827,3,0,0.0
75266,1,0,0.0
75669,1,0,0.0
75781,1,0,0.0
77165,2,0,0.0
77693,1,0,0.0
79376,1,0,0.0
79965,3,0,0.0
80083,23,0,0.0
80117,2,0,0.0
82104,25,0,0.0
83626,1,0,0.0
83665,2,0,0.0
74258,1,0,0.0
74365,4,0,0.0
74426,1,0,0.0
74517,1,0,0.0
75629,4,0,0.0
76896,2,0,0.0
79752,3,0,0.0
82665,1,0,0.0
74196,1,0,0.0
74282,5,0,0.0
75223,9,0,0.0
76504,1,0,0.0
77647,14,0,0.0
77993,4,0,0.0
78743,2,0,0.0
78834,24,0,0.0
83477,3,0,0.0
83993,2,0,0.0
74772,1,0,0.0
74990,1,0,0.0
76869,3,0,0.0
76928,4,0,0.0
79102,1,0,0.0
80046,6,0,0.0
81854,1,0,0.0
82304,1,0,0.0
77875,14,0,0.0
78531,2,0,0.0
78732,16,0,0.0
79690,21,0,0.0
79789,1,0,0.0
80693,1,0,0.0
80894,2,0,0.0
82421,4,0,0.0
82602,2,0,0.0
82839,10,0,0.0
73581,1,0,0.0
73642,5,0,0.0
74031,13,0,0.0
74769,1,0,0.0
76908,1,0,0.0
76999,4,0,0.0
77947,5,0,0.0
81157,1,0,0.0
82657,9,0,0.0
83158,3,0,0.0
73786,1,0,0.0
77120,4,0,0.0
77182,2,0,0.0
78173,1,0,0.0
78350,2,0,0.0
80053,1,0,0.0
81313,2,0,0.0
81791,2,0,0.0
83092,1,0,0.0
74738,7,0,0.0
75850,1,0,0.0
77907,2,0,0.0
79357,11,0,0.0
80592,14,0,0.0
81599,1,0,0.0
82825,2,0,0.0
82854,1,0,0.0
83026,1,0,0.0
83440,1,0,0.0
73994,20,0,0.0
75502,1,0,0.0
76414,1,0,0.0
77019,2,0,0.0
78194,2,0,0.0
78962,10,0,0.0
82166,7,0,0.0
75724,3,0,0.0
78414,1,0,0.0
80580,1,0,0.0
80960,2,0,0.0
83247,7,0,0.0
83919,27,0,0.0
73746,6,0,0.0
74392,2,0,0.0
74725,1,0,0.0
74778,1,0,0.0
74810,6,0,0.0
75490,4,0,0.0
76502,1,0,0.0
76594,5,0,0.0
77267,38,0,0.0
77341,4,0,0.0
77789,7,0,0.0
77995,1,0,0.0
79237,1,0,0.0
79287,1,0,0.0
79986,1,0,0.0
80214,6,0,0.0
83106,1,0,0.0
83258,6,0,0.0
83510,1,0,0.0
75185,15,0,0.0
75823,1,0,0.0
76622,1,0,0.0
77155,2,0,0.0
77804,2,0,0.0
77991,6,0,0.0
78460,1,0,0.0
78746,2,0,0.0
79083,1,0,0.0
79527,3,0,0.0
79867,14,0,0.0
80475,6,0,0.0
81592,3,0,0.0
81693,4,0,0.0
83239,1,0,0.0
83694,1,0,0.0
74085,2,0,0.0
75103,34,0,0.0
76792,20,0,0.0
78266,1,0,0.0
82030,1,0,0.0
82520,1,0,0.0
83067,2,0,0.0
83680,1,0,0.0
74949,1,0,0.0
75516,1,0,0.0
76307,2,0,0.0
76325,2,0,0.0
76380,4,0,0.0
76629,2,0,0.0
79032,1,0,0.0
79515,1,0,0.0
79876,1,0,0.0
80904,8,0,0.0
80915,7,0,0.0
81616,5,0,0.0
82856,1,0,0.0
83449,1,0,0.0
74109,1,0,0.0
75626,1,0,0.0
75988,1,0,0.0
76273,3,0,0.0
76443,1,0,0.0
78941,2,0,0.0
80252,1,0,0.0
83273,14,0,0.0
83464,1,0,0.0
74860,4,0,0.0
76061,2,0,0.0
77520,1,0,0.0
78355,4,0,0.0
79453,1,0,0.0
80574,1,0,0.0
80824,1,0,0.0
82034,8,0,0.0
83711,3,0,0.0
74886,1,0,0.0
76995,5,0,0.0
79735,1,0,0.0
80584,1,0,0.0
82577,1,0,0.0
83048,3,0,0.0
83833,3,0,0.0
74057,2,0,0.0
74479,6,0,0.0
75592,1,0,0.0
75695,2,0,0.0
76115,14,0,0.0
76141,4,0,0.0
77772,1,0,0.0
78065,2,0,0.0
78591,45,0,0.0
78985,3,0,0.0
80340,2,0,0.0
81609,4,0,0.0
81668,3,0,0.0
81745,1,0,0.0
82714,1,0,0.0
83047,6,0,0.0
83241,5,0,0.0
83254,1,0,0.0
73734,1,0,0.0
73833,1,0,0.0
74974,1,0,0.0
76244,4,0,0.0
79948,1,0,0.0
81148,6,0,0.0
81756,1,0,0.0
82136,2,0,0.0
82218,3,0,0.0
75438,11,0,0.0
77062,1,0,0.0
77884,1,0,0.0
78843,1,0,0.0
81246,2,0,0.0
81265,1,0,0.0
81488,15,0,0.0
75744,1,0,0.0
77604,3,0,0.0
78067,3,0,0.0
80542,2,0,0.0
81051,1,0,0.0
81824,9,0,0.0
81860,1,0,0.0
82079,1,0,0.0
82638,1,0,0.0
83610,1,0,0.0
76419,3,0,0.0
76564,24,0,0.0
76933,6,0,0.0
78160,1,0,0.0
78517,1,0,0.0
78761,3,0,0.0
79675,21,0,0.0
79718,1,0,0.0
80129,3,0,0.0
81361,1,0,0.0
73678,1,0,0.0
73861,1,0,0.0
74537,2,0,0.0
76561,1,0,0.0
77195,14,0,0.0
77345,1,0,0.0
78111,4,0,0.0
78935,1,0,0.0
79380,5,0,0.0
81189,2,0,0.0
83592,7,0,0.0
75552,1,0,0.0
75678,3,0,0.0
76835,1,0,0.0
76992,1,0,0.0
77919,1,0,0.0
79348,1,0,0.0
79509,1,0,0.0
80272,1,0,0.0
83712,3,0,0.0
74526,47,0,0.0
74694,24,0,0.0
76274,3,0,0.0
76542,1,0,0.0
80349,10,0,0.0
81566,1,0,0.0
82272,7,0,0.0
83252,22,0,0.0
83324,2,0,0.0
83379,4,0,0.0
74624,2,0,0.0
75454,1,0,0.0
75703,1,0,0.0
76057,15,0,0.0
76534,3,0,0.0
76558,1,0,0.0
76799,1,0,0.0
78477,5,0,0.0
83759,1,0,0.0
73564,20,0,0.0
74548,9,0,0.0
75353,2,0,0.0
76693,1,0,0.0
78521,17,0,0.0
79042,10,0,0.0
81822,5,0,0.0
83093,17,0,0.0
83788,2,0,0.0
74783,18,0,0.0
74908,1,0,0.0
75723,13,0,0.0
75775,1,0,0.0
75825,2,0,0.0
75893,1,0,0.0
76426,1,0,0.0
78852,3,0,0.0
79696,1,0,0.0
81027,8,0,0.0
81154,1,0,0.0
81570,1,0,0.0
83662,8,0,0.0
83934,2,0,0.0
75340,1,0,0.0
76281,1,0,0.0
77883,1,0,0.0
79732,51,0,0.0
81852,14,0,0.0
81994,1,0,0.0
82384,4,0,0.0
76429,7,0,0.0
78346,1,0,0.0
79001,1,0,0.0
81183,1,0,0.0
81348,9,0,0.0
81403,4,0,0.0
81889,15,0,0.0
74231,1,0,0.0
75101,2,0,0.0
75518,13,0,0.0
76052,10,0,0.0
76122,13,0,0.0
76936,1,0,0.0
77615,2,0,0.0
78264,1,0,0.0
78367,2,0,0.0
79501,3,0,0.0
79587,6,0,0.0
80064,3,0,0.0
80530,1,0,0.0
80706,2,0,0.0
81033,36,0,0.0
81494,2,0,0.0
83227,1,0,0.0
83885,3,0,0.0
83889,3,0,0.0
73881,1,0,0.0
73936,2,0,0.0
76711,3,0,0.0
77984,4,0,0.0
79681,1,0,0.0
81557,1,0,0.0
82249,12,0,0.0
82552,6,0,0.0
82876,2,0,0.0
83131,3,0,0.0
75230,1,0,0.0
75654,14,0,0.0
75947,1,0,0.0
76797,1,0,0.0
77200,1,0,0.0
78463,2,0,0.0
78961,5,0,0.0
79142,1,0,0.0
81084,1,0,0.0
83058,4,0,0.0
83908,1,0,0.0
74317,1,0,0.0
74361,1,0,0.0
74491,2,0,0.0
74917,2,0,0.0
75199,1,0,0.0
77127,5,0,0.0
77276,1,0,0.0
78887,2,0,0.0
79278,9,0,0.0
79305,29,0,0.0
80716,1,0,0.0
81620,1,0,0.0
82223,3,0,0.0
74246,15,0,0.0
75123,1,0,0.0
75694,2,0,0.0
76263,1,0,0.0
76699,2,0,0.0
78253,3,0,0.0
80030,20,0,0.0
82413,21,0,0.0
82440,4,0,0.0
83945,46,0,0.0
74039,1,0,0.0
74218,1,0,0.0
75045,1,0,0.0
75566,3,0,0.0
78069,1,0,0.0
79193,4,0,0.0
79475,3,0,0.0
81064,12,0,0.0
82979,1,0,0.0
83998,2,0,0.0
74458,1,0,0.0
74884,4,0,0.0
76196,3,0,0.0
76619,3,0,0.0
77537,1,0,0.0
78182,2,0,0.0
81081,6,0,0.0
82012,2,0,0.0
83625,1,0,0.0
74314,11,0,0.0
75273,1,0,0.0
76420,4,0,0.0
76645,1,0,0.0
80383,1,0,0.0
80603,6,0,0.0
81684,7,0,0.0
82083,8,0,0.0
83008,1,0,0.0
83990,2,0,0.0
74206,2,0,0.0
74523,1,0,0.0
74653,12,0,0.0
74669,1,0,0.0
77335,5,0,0.0
77852,5,0,0.0
77964,39,0,0.0
79452,1,0,0.0
80220,52,0,0.0
80336,1,0,0.0
80829,8,0,0.0
81829,6,0,0.0
82376,1,0,0.0
82484,4,0,0.0
82541,13,0,0.0
83581,1,0,0.0
73953,2,0,0.0
74199,1,0,0.0
74230,10,0,0.0
74591,4,0,0.0
74869,8,0,0.0
76402,6,0,0.0
76582,4,0,0.0
78627,2,0,0.0
79541,1,0,0.0
79963,2,0,0.0
81304,20,0,0.0
82954,1,0,0.0
83275,1,0,0.0
73948,10,0,0.0
74137,3,0,0.0
74350,4,0,0.0
77869,1,0,0.0
78221,2,0,0.0
80517,1,0,0.0
81127,1,0,0.0
81368,40,0,0.0
81884,5,0,0.0
82128,1,0,0.0
82680,1,0,0.0
83233,1,0,0.0
73691,2,0,0.0
74480,1,0,0.0
75450,32,0,0.0
77018,1,0,0.0
77203,1,0,0.0
77676,3,0,0.0
79213,1,0,0.0
79664,5,0,0.0
80887,1,0,0.0
82289,18,0,0.0
83419,2,0,0.0
83575,3,0,0.0
83585,8,0,0.0
83655,6,0,0.0
73775,1,0,0.0
75671,1,0,0.0
75711,1,0,0.0
76025,2,0,0.0
77054,1,0,0.0
77326,4,0,0.0
77381,3,0,0.0
77625,1,0,0.0
77799,2,0,0.0
79395,2,0,0.0
79959,17,0,0.0
80045,3,0,0.0
80467,1,0,0.0
81367,6,0,0.0
82475,6,0,0.0
82607,4,0,0.0
82615,5,0,0.0
83329,3,0,0.0
84015,8,0,0.0
73697,2,0,0.0
75048,2,0,0.0
76801,7,0,0.0
77213,3,0,0.0
80195,4,0,0.0
81380,1,0,0.0
83485,3,0,0.0
74229,1,0,0.0
74734,4,0,0.0
75646,1,0,0.0
76098,1,0,0.0
76413,1,0,0.0
77061,1,0,0.0
77126,3,0,0.0
77154,3,0,0.0
77480,7,0,0.0
77621,2,0,0.0
77974,1,0,0.0
80292,1,0,0.0
81456,2,0,0.0
82142,3,0,0.0
82501,5,0,0.0
82525,2,0,0.0
84022,20,0,0.0
73835,4,0,0.0
73909,2,0,0.0
74905,2,0,0.0
76705,8,0,0.0
77111,1,0,0.0
77372,3,0,0.0
78177,18,0,0.0
78934,3,0,0.0
80774,2,0,0.0
81876,37,0,0.0
83454,6,0,0.0
73988,8,0,0.0
74050,1,0,0.0
75204,5,0,0.0
78251,1,0,0.0
81280,4,0,0.0
81378,4,0,0.0
81514,2,0,0.0
81622,1,0,0.0
81682,1,0,0.0
81813,3,0,0.0
82004,1,0,0.0
82535,4,0,0.0
83133,1,0,0.0
73863,2,0,0.0
73873,10,0,0.0
75225,1,0,0.0
78169,2,0,0.0
78528,1,0,0.0
82506,82,0,0.0
83767,3,0,0.0
73664,6,0,0.0
74299,1,0,0.0
74503,2,0,0.0
74748,5,0,0.0
75379,5,0,0.0
76135,4,0,0.0
77332,5,0,0.0
77769,1,0,0.0
78413,5,0,0.0
79110,5,0,0.0
81550,6,0,0.0
82197,6,0,0.0
83739,1,0,0.0
84003,2,0,0.0
73657,1,0,0.0
73864,4,0,0.0
75726,4,0,0.0
79418,1,0,0.0
79437,3,0,0.0
82278,2,0,0.0
82356,2,0,0.0
82990,5,0,0.0
74564,15,0,0.0
75706,1,0,0.0
75801,26,0,0.0
75953,3,0,0.0
76220,1,0,0.0
76780,4,0,0.0
77148,3,0,0.0
77635,2,0,0.0
78333,2,0,0.0
79070,4,0,0.0
79249,2,0,0.0
80893,1,0,0.0
81257,1,0,0.0
82243,24,0,0.0
82264,8,0,0.0
82283,4,0,0.0
82402,7,0,0.0
82748,4,0,0.0
83212,1,0,0.0
83780,3,0,0.0
83983,1,0,0.0
74891,3,0,0.0
76669,1,0,0.0
76959,6,0,0.0
77140,2,0,0.0
78813,2,0,0.0
78872,13,0,0.0
80860,1,0,0.0
81338,1,0,0.0
81901,21,0,0.0
74065,1,0,0.0
76319,3,0,0.0
77301,1,0,0.0
77802,3,0,0.0
78568,2,0,0.0
79000,5,0,0.0
80319,29,0,0.0
81470,12,0,0.0
82225,1,0,0.0
82445,1,0,0.0
83314,4,0,0.0
83791,1,0,0.0
74616,1,0,0.0
75811,1,0,0.0
75829,1,0,0.0
75958,7,0,0.0
77626,1,0,0.0
77982,1,0,0.0
74248,1,0,0.0
74293,1,0,0.0
75818,1,0,0.0
76162,15,0,0.0
76309,3,0,0.0
76853,5,0,0.0
77379,5,0,0.0
78781,1,0,0.0
78966,1,0,0.0
79551,1,0,0.0
79999,8,0,0.0
80174,1,0,0.0
81360,7,0,0.0
83342,4,0,0.0
73736,1,0,0.0
76112,1,0,0.0
76757,1,0,0.0
77610,3,0,0.0
80560,2,0,0.0
82111,6,0,0.0
82558,2,0,0.0
82931,1,0,0.0
74000,12,0,0.0
74069,1,0,0.0
74647,1,0,0.0
80756,5,0,0.0
82504,1,0,0.0
73820,1,0,0.0
74029,2,0,0.0
74847,1,0,0.0
75428,1,0,0.0
75547,1,0,0.0
76179,1,0,0.0
77466,2,0,0.0
77702,1,0,0.0
81625,25,0,0.0
83422,1,0,0.0
74369,6,0,0.0
74976,8,0,0.0
75787,1,0,0.0
75846,1,0,0.0
76370,1,0,0.0
76902,3,0,0.0
79261,3,0,0.0
79627,1,0,0.0
79724,3,0,0.0
81150,3,0,0.0
83296,1,0,0.0
83318,3,0,0.0
74762,1,0,0.0
75233,1,0,0.0
75855,2,0,0.0
76149,1,0,0.0
78192,8,0,0.0
78207,14,0,0.0
78684,1,0,0.0
79242,1,0,0.0
81383,6,0,0.0
81970,1,0,0.0
83717,1,0,0.0
73761,1,0,0.0
74549,2,0,0.0
74899,2,0,0.0
76621,1,0,0.0
77187,1,0,0.0
79842,2,0,0.0
83443,4,0,0.0
83899,2,0,0.0
74856,1,0,0.0
76213,3,0,0.0
76329,14,0,0.0
77730,1,0,0.0
78942,2,0,0.0
79704,4,0,0.0
79716,1,0,0.0
79792,4,0,0.0
80128,1,0,0.0
80377,1,0,0.0
80389,1,0,0.0
81455,39,0,0.0
82062,1,0,0.0
82526,1,0,0.0
83679,1,0,0.0
73728,5,0,0.0
73871,1,0,0.0
73975,2,0,0.0
75545,4,0,0.0
76905,1,0,0.0
78325,6,0,0.0
78653,1,0,0.0
79112,6,0,0.0
76089,2,0,0.0
76601,2,0,0.0
77418,1,0,0.0
78475,2,0,0.0
79181,2,0,0.0
79738,2,0,0.0
81203,2,0,0.0
81724,1,0,0.0
82261,1,0,0.0
82559,1,0,0.0
82589,1,0,0.0
83428,9,0,0.0
83567,3,0,0.0
73883,2,0,0.0
74501,1,0,0.0
76208,2,0,0.0
76491,1,0,0.0
78602,1,0,0.0
79676,6,0,0.0
79678,1,0,0.0
80857,2,0,0.0
81234,1,0,0.0
82660,1,0,0.0
82831,1,0,0.0
77581,1,0,0.0
77601,9,0,0.0
78250,6,0,0.0
80427,1,0,0.0
81117,7,0,0.0
81941,6,0,0.0
82796,1,0,0.0
83676,3,0,0.0
75819,10,0,0.0
75836,2,0,0.0
75974,3,0,0.0
76242,4,0,0.0
77236,5,0,0.0
77871,52,0,0.0
78140,2,0,0.0
79255,17,0,0.0
80113,1,0,0.0
80767,3,0,0.0
81272,6,0,0.0
81478,3,0,0.0
81932,14,0,0.0
82293,3,0,0.0
74090,23,0,0.0
74656,1,0,0.0
76326,2,0,0.0
77435,2,0,0.0
77717,1,0,0.0
77806,1,0,0.0
77895,1,0,0.0
78147,1,0,0.0
78679,1,0,0.0
82181,6,0,0.0
73641,1,0,0.0
75079,2,0,0.0
75460,9,0,0.0
76180,1,0,0.0
79113,6,0,0.0
79534,1,0,0.0
80013,5,0,0.0
81385,9,0,0.0
82915,3,0,0.0
74416,1,0,0.0
75578,1,0,0.0
79297,10,0,0.0
79714,30,0,0.0
80360,16,0,0.0
82427,1,0,0.0
83590,2,0,0.0
78163,4,0,0.0
78800,4,0,0.0
78991,17,0,0.0
79496,1,0,0.0
80797,7,0,0.0
81009,1,0,0.0
82202,1,0,0.0
82509,4,0,0.0
74002,3,0,0.0
77052,3,0,0.0
77254,1,0,0.0
78145,3,0,0.0
78595,1,0,0.0
82016,2,0,0.0
82499,1,0,0.0
82611,1,0,0.0
83834,1,0,0.0
74530,5,0,0.0
75085,2,0,0.0
75165,17,0,0.0
76500,5,0,0.0
76547,1,0,0.0
76836,5,0,0.0
80569,1,0,0.0
82051,7,0,0.0
82219,6,0,0.0
74439,9,0,0.0
75474,43,0,0.0
75841,4,0,0.0
76183,1,0,0.0
78362,1,0,0.0
81363,14,0,0.0
82372,2,0,0.0
74396,2,0,0.0
75043,1,0,0.0
75380,1,0,0.0
75414,2,0,0.0
78304,2,0,0.0
78710,1,0,0.0
78900,5,0,0.0
78950,7,0,0.0
79076,1,0,0.0
79840,1,0,0.0
80235,20,0,0.0
81362,1,0,0.0
82208,1,0,0.0
83201,1,0,0.0
76843,7,0,0.0
77166,10,0,0.0
77867,4,0,0.0
78773,3,0,0.0
79290,2,0,0.0
79648,3,0,0.0
80210,1,0,0.0
80352,4,0,0.0
81722,2,0,0.0
82280,3,0,0.0
82623,2,0,0.0
82711,1,0,0.0
83814,3,0,0.0
75790,1,0,0.0
76915,1,0,0.0
76955,6,0,0.0
77172,1,0,0.0
78220,3,0,0.0
79140,4,0,0.0
79936,1,0,0.0
80452,1,0,0.0
80559,1,0,0.0
82227,6,0,0.0
83319,1,0,0.0
73631,4,0,0.0
74793,2,0,0.0
76047,4,0,0.0
76076,3,0,0.0
76620,3,0,0.0
77242,18,0,0.0
77755,2,0,0.0
79807,3,0,0.0
80035,7,0,0.0
80504,2,0,0.0
81076,3,0,0.0
81086,3,0,0.0
82007,7,0,0.0
83228,1,0,0.0
73768,1,0,0.0
73832,1,0,0.0
73849,50,0,0.0
73918,2,0,0.0
74012,6,0,0.0
74027,10,0,0.0
74878,4,0,0.0
74992,5,0,0.0
76308,1,0,0.0
77045,4,0,0.0
79723,1,0,0.0
80782,2,0,0.0
81412,1,0,0.0
81666,1,0,0.0
82296,4,0,0.0
73874,14,0,0.0
73932,1,0,0.0
74574,3,0,0.0
75867,1,0,0.0
75919,2,0,0.0
76845,1,0,0.0
77077,2,0,0.0
77110,1,0,0.0
79006,4,0,0.0
80048,1,0,0.0
80849,8,0,0.0
80996,2,0,0.0
81146,1,0,0.0
81212,1,0,0.0
81469,4,0,0.0
82397,2,0,0.0
82635,7,0,0.0
73906,5,0,0.0
74872,1,0,0.0
75593,3,0,0.0
75632,2,0,0.0
75664,4,0,0.0
75890,1,0,0.0
76880,4,0,0.0
77631,6,0,0.0
78404,3,0,0.0
78491,4,0,0.0
80131,1,0,0.0
82342,1,0,0.0
83548,8,0,0.0
73675,1,0,0.0
74385,22,0,0.0
74719,1,0,0.0
74752,13,0,0.0
76565,1,0,0.0
77211,2,0,0.0
78054,8,0,0.0
78704,1,0,0.0
78771,2,0,0.0
80069,7,0,0.0
80388,2,0,0.0
80742,1,0,0.0
80796,4,0,0.0
81457,3,0,0.0
82282,5,0,0.0
82571,5,0,0.0
82620,2,0,0.0
83243,1,0,0.0
83883,1,0,0.0
74512,2,0,0.0
78575,3,0,0.0
79166,2,0,0.0
81430,1,0,0.0
81933,17,0,0.0
73974,1,0,0.0
74132,1,0,0.0
75519,4,0,0.0
75712,2,0,0.0
76723,4,0,0.0
79224,21,0,0.0
81803,3,0,0.0
81907,1,0,0.0
81984,1,0,0.0
73796,1,0,0.0
74188,1,0,0.0
74340,2,0,0.0
75422,2,0,0.0
75525,1,0,0.0
76741,3,0,0.0
80964,9,0,0.0
75201,1,0,0.0
76032,2,0,0.0
78307,3,0,0.0
80812,3,0,0.0
81237,27,0,0.0
81661,7,0,0.0
82479,1,0,0.0
74195,2,0,0.0
74418,3,0,0.0
75040,8,0,0.0
75175,1,0,0.0
77098,1,0,0.0
77426,1,0,0.0
78219,8,0,0.0
79041,1,0,0.0
82880,1,0,0.0
83760,6,0,0.0
73578,2,0,0.0
73751,9,0,0.0
77665,3,0,0.0
78557,13,0,0.0
80132,1,0,0.0
80896,21,0,0.0
82792,12,0,0.0
83175,1,0,0.0
83412,2,0,0.0
83653,2,0,0.0
83961,3,0,0.0
74329,1,0,0.0
74708,3,0,0.0
76941,1,0,0.0
81908,6,0,0.0
82150,5,0,0.0
83538,1,0,0.0
73800,3,0,0.0
74529,3,0,0.0
74612,50,0,0.0
75637,1,0,0.0
76415,2,0,0.0
76804,1,0,0.0
79605,1,0,0.0
79896,4,0,0.0
80820,9,0,0.0
81327,1,0,0.0
83279,34,0,0.0
73598,1,0,0.0
74809,1,0,0.0
78851,8,0,0.0
79289,1,0,0.0
81547,1,0,0.0
82422,9,0,0.0
82435,1,0,0.0
83066,1,0,0.0
83111,2,0,0.0
83432,3,0,0.0
74262,1,0,0.0
74450,1,0,0.0
76344,1,0,0.0
77469,3,0,0.0
77534,1,0,0.0
78493,1,0,0.0
79719,3,0,0.0
81282,5,0,0.0
83624,1,0,0.0
83831,5,0,0.0
75548,1,0,0.0
77562,1,0,0.0
78577,2,0,0.0
80140,5,0,0.0
80175,5,0,0.0
83914,1,0,0.0
76733,3,0,0.0
78204,1,0,0.0
78337,3,0,0.0
80134,2,0,0.0
82352,1,0,0.0
82985,2,0,0.0
74959,4,0,0.0
76341,4,0,0.0
78051,1,0,0.0
78842,1,0,0.0
79953,3,0,0.0
83263,8,0,0.0
83359,1,0,0.0
73609,3,0,0.0
73733,39,0,0.0
75391,71,0,0.0
75769,1,0,0.0
77095,1,0,0.0
77655,7,0,0.0
79667,1,0,0.0
82284,1,0,0.0
82449,4,0,0.0
83779,1,0,0.0
75462,2,0,0.0
78255,16,0,0.0
80348,7,0,0.0
80505,3,0,0.0
80683,10,0,0.0
82630,2,0,0.0
82751,24,0,0.0
73602,2,0,0.0
74208,1,0,0.0
74670,1,0,0.0
75071,13,0,0.0
75989,70,0,0.0
76217,10,0,0.0
80119,15,0,0.0
80598,1,0,0.0
81039,17,0,0.0
81396,17,0,0.0
83095,1,0,0.0
83974,1,0,0.0
73562,3,0,0.0
74367,2,0,0.0
74711,3,0,0.0
76710,1,0,0.0
76820,1,0,0.0
77239,1,0,0.0
77560,4,0,0.0
79445,1,0,0.0
79925,1,0,0.0
82378,3,0,0.0
82911,1,0,0.0
83888,4,0,0.0
76251,4,0,0.0
77731,1,0,0.0
82183,1,0,0.0
82295,3,0,0.0
83163,2,0,0.0
83287,6,0,0.0
83294,2,0,0.0
83334,2,0,0.0
83513,2,0,0.0
83577,1,0,0.0
75530,1,0,0.0
76138,1,0,0.0
76727,4,0,0.0
77038,7,0,0.0
77277,1,0,0.0
77453,1,0,0.0
78047,3,0,0.0
79233,1,0,0.0
80385,5,0,0.0
81423,20,0,0.0
74010,2,0,0.0
74735,6,0,0.0
74934,4,0,0.0
75032,1,0,0.0
75396,1,0,0.0
75998,5,0,0.0
79523,3,0,0.0
80149,1,0,0.0
80182,1,0,0.0
80953,5,0,0.0
81344,7,0,0.0
82550,1,0,0.0
83810,1,0,0.0
74962,2,0,0.0
75206,1,0,0.0
76394,5,0,0.0
76433,1,0,0.0
77567,1,0,0.0
81990,1,0,0.0
82434,2,0,0.0
82562,3,0,0.0
82616,1,0,0.0
82759,2,0,0.0
76104,2,0,0.0
76641,10,0,0.0
78332,1,0,0.0
80809,1,0,0.0
83129,1,0,0.0
74736,6,0,0.0
74882,1,0,0.0
75499,1,0,0.0
78062,2,0,0.0
78254,4,0,0.0
78726,20,0,0.0
79892,1,0,0.0
80323,1,0,0.0
83632,3,0,0.0
76392,1,0,0.0
74695,2,0,0.0
76275,1,0,0.0
76412,1,0,0.0
80258,1,0,0.0
80678,12,0,0.0
81770,1,0,0.0
82152,2,0,0.0
83200,3,0,0.0
83924,2,0,0.0
73568,1,0,0.0
73816,1,0,0.0
73877,7,0,0.0
75480,2,0,0.0
78739,4,0,0.0
78873,4,0,0.0
79834,1,0,0.0
80263,3,0,0.0
80275,1,0,0.0
80770,10,0,0.0
81775,10,0,0.0
81922,2,0,0.0
81964,1,0,0.0
82951,1,0,0.0
84017,1,0,0.0
74675,1,0,0.0
75345,2,0,0.0
76405,2,0,0.0
76868,29,0,0.0
77245,1,0,0.0
78791,6,0,0.0
80811,1,0,0.0
82067,4,0,0.0
82494,1,0,0.0
74017,5,0,0.0
74509,1,0,0.0
75783,3,0,0.0
76448,28,0,0.0
77351,4,0,0.0
77425,2,0,0.0
80760,3,0,0.0
80803,13,0,0.0
81812,1,0,0.0
82024,1,0,0.0
82531,1,0,0.0
75834,12,0,0.0
78518,1,0,0.0
79510,28,0,0.0
79602,55,0,0.0
79846,1,0,0.0
81896,1,0,0.0
83965,3,0,0.0
73749,1,0,0.0
74511,1,0,0.0
74733,1,0,0.0
76023,1,0,0.0
76084,6,0,0.0
77987,2,0,0.0
79585,1,0,0.0
83185,3,0,0.0
74777,2,0,0.0
76130,1,0,0.0
76972,23,0,0.0
77440,1,0,0.0
77691,3,0,0.0
77905,3,0,0.0
78081,2,0,0.0
79606,5,0,0.0
83932,34,0,0.0
73767,3,0,0.0
74334,1,0,0.0
74371,1,0,0.0
74968,1,0,0.0
77112,1,0,0.0
78029,1,0,0.0
79269,8,0,0.0
81736,4,0,0.0
82916,2,0,0.0
83060,6,0,0.0
83276,2,0,0.0
83398,25,0,0.0
75141,44,0,0.0
75832,6,0,0.0
76884,16,0,0.0
77123,1,0,0.0
78048,8,0,0.0
79970,1,0,0.0
79998,1,0,0.0
80100,28,0,0.0
80104,1,0,0.0
80384,13,0,0.0
81105,1,0,0.0
81402,1,0,0.0
81671,4,0,0.0
81677,2,0,0.0
73890,1,0,0.0
74447,21,0,0.0
76548,1,0,0.0
81515,4,0,0.0
81782,48,0,0.0
82268,1,0,0.0
82713,1,0,0.0
83257,1,0,0.0
83734,2,0,0.0
75424,12,0,0.0
75967,3,0,0.0
76750,11,0,0.0
77751,10,0,0.0
78292,1,0,0.0
79516,1,0,0.0
80155,7,0,0.0
80474,1,0,0.0
73672,6,0,0.0
73737,5,0,0.0
74341,2,0,0.0
74421,2,0,0.0
78117,1,0,0.0
79488,1,0,0.0
79533,1,0,0.0
80729,5,0,0.0
80986,1,0,0.0
81573,36,0,0.0
82656,5,0,0.0
82962,3,0,0.0
83450,1,0,0.0
74060,1,0,0.0
76389,3,0,0.0
77244,1,0,0.0
81805,1,0,0.0
82009,8,0,0.0
82557,5,0,0.0
83647,2,0,0.0
74718,3,0,0.0
76218,1,0,0.0
76569,1,0,0.0
78295,5,0,0.0
78514,1,0,0.0
80167,1,0,0.0
80183,1,0,0.0
81263,1,0,0.0
76627,1,0,0.0
76784,1,0,0.0
77566,28,0,0.0
80709,1,0,0.0
80890,5,0,0.0
81130,1,0,0.0
81993,27,0,0.0
82137,2,0,0.0
83210,2,0,0.0
83894,3,0,0.0
83963,8,0,0.0
74773,2,0,0.0
75182,1,0,0.0
75786,1,0,0.0
76643,1,0,0.0
76881,5,0,0.0
77552,1,0,0.0
77692,4,0,0.0
80087,1,0,0.0
80329,1,0,0.0
81232,2,0,0.0
81372,1,0,0.0
81751,2,0,0.0
75517,12,0,0.0
75798,1,0,0.0
76082,2,0,0.0
76900,11,0,0.0
78020,1,0,0.0
78049,1,0,0.0
80507,80,0,0.0
81310,10,0,0.0
81556,2,0,0.0
82972,1,0,0.0
83064,3,0,0.0
83480,7,0,0.0
74763,1,0,0.0
80833,2,0,0.0
81808,38,0,0.0
82593,1,0,0.0
82640,1,0,0.0
83879,4,0,0.0
74531,1,0,0.0
75215,3,0,0.0
75865,2,0,0.0
76087,10,0,0.0
77026,4,0,0.0
79018,7,0,0.0
80626,2,0,0.0
81826,1,0,0.0
81863,3,0,0.0
83328,2,0,0.0
83713,2,0,0.0
83748,6,0,0.0
74466,9,0,0.0
74901,3,0,0.0
75160,1,0,0.0
76453,5,0,0.0
76782,3,0,0.0
77074,1,0,0.0
77429,9,0,0.0
77687,1,0,0.0
78284,1,0,0.0
79554,2,0,0.0
79695,4,0,0.0
80961,1,0,0.0
82063,1,0,0.0
82292,10,0,0.0
83196,1,0,0.0
73765,7,0,0.0
75839,5,0,0.0
78779,1,0,0.0
78880,1,0,0.0
81818,2,0,0.0
82053,1,0,0.0
82697,8,0,0.0
82879,1,0,0.0
73599,1,0,0.0
74024,5,0,0.0
74339,2,0,0.0
75840,1,0,0.0
78126,3,0,0.0
81008,10,0,0.0
81833,2,0,0.0
82934,2,0,0.0
73700,3,0,0.0
75143,1,0,0.0
77476,6,0,0.0
80205,3,0,0.0
80828,2,0,0.0
81092,2,0,0.0
74103,8,0,0.0
75814,1,0,0.0
77324,1,0,0.0
77849,2,0,0.0
79571,1,0,0.0
79943,16,0,0.0
80536,1,0,0.0
80930,1,0,0.0
82545,1,0,0.0
83068,1,0,0.0
73649,1,0,0.0
74192,1,0,0.0
76444,2,0,0.0
77238,2,0,0.0
77279,12,0,0.0
78523,1,0,0.0
79469,2,0,0.0
80597,1,0,0.0
81623,1,0,0.0
81645,1,0,0.0
83021,1,0,0.0
83431,4,0,0.0
74326,5,0,0.0
74478,1,0,0.0
74513,1,0,0.0
75033,3,0,0.0
75198,2,0,0.0
75573,1,0,0.0
76798,1,0,0.0
77050,4,0,0.0
77297,16,0,0.0
77733,4,0,0.0
77933,1,0,0.0
77936,1,0,0.0
78246,6,0,0.0
79092,1,0,0.0
80154,17,0,0.0
80499,11,0,0.0
80514,1,0,0.0
80771,1,0,0.0
80934,1,0,0.0
81004,1,0,0.0
82407,2,0,0.0
82874,1,0,0.0
82983,15,0,0.0
74677,1,0,0.0
75402,1,0,0.0
76697,1,0,0.0
79583,4,0,0.0
82989,1,0,0.0
75429,1,0,0.0
75826,7,0,0.0
76004,2,0,0.0
76017,1,0,0.0
76320,1,0,0.0
76878,12,0,0.0
76910,15,0,0.0
77781,1,0,0.0
79448,3,0,0.0
83471,1,0,0.0
83729,2,0,0.0
74571,1,0,0.0
77544,1,0,0.0
79359,1,0,0.0
79494,4,0,0.0
80785,3,0,0.0
82782,1,0,0.0
75689,1,0,0.0
75704,1,0,0.0
75941,6,0,0.0
76618,1,0,0.0
76731,4,0,0.0
76768,2,0,0.0
78027,17,0,0.0
78576,3,0,0.0
79518,8,0,0.0
80819,1,0,0.0
82852,1,0,0.0
83099,1,0,0.0
83521,1,0,0.0
83976,5,0,0.0
73574,1,0,0.0
73924,1,0,0.0
74023,1,0,0.0
74121,7,0,0.0
75253,6,0,0.0
75794,2,0,0.0
76497,1,0,0.0
76837,1,0,0.0
77251,8,0,0.0
78826,4,0,0.0
81024,6,0,0.0
81162,3,0,0.0
74062,1,0,0.0
74187,1,0,0.0
74720,6,0,0.0
74802,1,0,0.0
74977,1,0,0.0
75659,7,0,0.0
77160,1,0,0.0
77402,1,0,0.0
78995,8,0,0.0
80239,1,0,0.0
81538,1,0,0.0
82910,3,0,0.0
74177,5,0,0.0
74207,10,0,0.0
75643,3,0,0.0
76970,4,0,0.0
81290,1,0,0.0
75778,1,0,0.0
75835,1,0,0.0
77726,4,0,0.0
79030,3,0,0.0
79160,1,0,0.0
79209,1,0,0.0
80204,1,0,0.0
81121,1,0,0.0
82497,19,0,0.0
83358,1,0,0.0
83848,2,0,0.0
75333,1,0,0.0
77318,25,0,0.0
78330,1,0,0.0
78757,2,0,0.0
79187,1,0,0.0
82065,4,0,0.0
83198,2,0,0.0
75005,19,0,0.0
75569,2,0,0.0
76277,1,0,0.0
76914,8,0,0.0
79672,1,0,0.0
79805,1,0,0.0
80650,2,0,0.0
81220,1,0,0.0
81374,1,0,0.0
75820,4,0,0.0
76019,1,0,0.0
77023,6,0,0.0
79264,3,0,0.0
79276,1,0,0.0
79424,2,0,0.0
80566,2,0,0.0
82056,39,0,0.0
82547,1,0,0.0
83240,2,0,0.0
83493,1,0,0.0
73802,2,0,0.0
74596,11,0,0.0
75349,1,0,0.0
76688,3,0,0.0
77309,2,0,0.0
78167,1,0,0.0
79073,2,0,0.0
80398,1,0,0.0
83980,6,0,0.0
77641,4,0,0.0
80509,7,0,0.0
81188,21,0,0.0
81283,1,0,0.0
81851,2,0,0.0
81981,1,0,0.0
83596,4,0,0.0
74020,4,0,0.0
74801,1,0,0.0
75361,2,0,0.0
77030,9,0,0.0
77205,3,0,0.0
79320,2,0,0.0
79731,2,0,0.0
80250,8,0,0.0
81678,2,0,0.0
82281,1,0,0.0
82507,16,0,0.0
82646,2,0,0.0
78655,11,0,0.0
80463,1,0,0.0
81421,4,0,0.0
81516,2,0,0.0
81963,2,0,0.0
82608,3,0,0.0
83670,2,0,0.0
77085,1,0,0.0
77949,2,0,0.0
80471,9,0,0.0
83556,1,0,0.0
84010,9,0,0.0
74442,1,0,0.0
76742,1,0,0.0
77788,1,0,0.0
78436,1,0,0.0
78533,13,0,0.0
81002,1,0,0.0
81168,2,0,0.0
82045,17,0,0.0
82312,5,0,0.0
74729,1,0,0.0
75238,1,0,0.0
75948,2,0,0.0
77006,1,0,0.0
77944,1,0,0.0
78708,1,0,0.0
78949,1,0,0.0
79068,2,0,0.0
79604,1,0,0.0
81103,2,0,0.0
81575,3,0,0.0
81657,1,0,0.0
82710,1,0,0.0
83181,5,0,0.0
83560,1,0,0.0
84008,3,0,0.0
73979,5,0,0.0
76266,10,0,0.0
78174,1,0,0.0
79342,9,0,0.0
80540,1,0,0.0
81638,1,0,0.0
82867,1,0,0.0
75096,3,0,0.0
76544,1,0,0.0
78819,1,0,0.0
79772,1,0,0.0
80617,2,0,0.0
82679,2,0,0.0
73885,3,0,0.0
75030,1,0,0.0
78203,2,0,0.0
78308,9,0,0.0
78361,1,0,0.0
79216,6,0,0.0
80734,3,0,0.0
81281,5,0,0.0
81771,1,0,0.0
81943,4,0,0.0
74403,2,0,0.0
74551,6,0,0.0
74850,8,0,0.0
76237,2,0,0.0
76873,1,0,0.0
79096,1,0,0.0
79336,6,0,0.0
79435,1,0,0.0
79926,3,0,0.0
81796,5,0,0.0
82048,4,0,0.0
82694,10,0,0.0
74468,1,0,0.0
74932,1,0,0.0
75299,1,0,0.0
77033,5,0,0.0
77613,1,0,0.0
77887,1,0,0.0
78256,1,0,0.0
78441,1,0,0.0
78647,1,0,0.0
79172,5,0,0.0
80019,2,0,0.0
80912,1,0,0.0
82273,1,0,0.0
83716,16,0,0.0
74803,20,0,0.0
77600,1,0,0.0
77870,1,0,0.0
78431,2,0,0.0
83946,1,0,0.0
73903,1,0,0.0
75926,12,0,0.0
75935,1,0,0.0
77632,1,0,0.0
78448,19,0,0.0
79490,8,0,0.0
81700,1,0,0.0
83966,7,0,0.0
75317,2,0,0.0
75553,3,0,0.0
75889,1,0,0.0
76347,4,0,0.0
77125,1,0,0.0
78116,5,0,0.0
78224,8,0,0.0
78507,2,0,0.0
78883,1,0,0.0
80438,2,0,0.0
82461,1,0,0.0
73986,1,0,0.0
74721,38,0,0.0
75111,1,0,0.0
76167,1,0,0.0
77296,11,0,0.0
78649,1,0,0.0
80998,2,0,0.0
73709,1,0,0.0
75058,2,0,0.0
79170,30,0,0.0
79883,7,0,0.0
80298,11,0,0.0
80962,6,0,0.0
81586,1,0,0.0
83157,2,0,0.0
83497,21,0,0.0
74059,1,0,0.0
75268,2,0,0.0
75680,3,0,0.0
78131,1,0,0.0
78536,1,0,0.0
78802,1,0,0.0
78947,1,0,0.0
79912,2,0,0.0
80261,1,0,0.0
82309,2,0,0.0
82662,16,0,0.0
74921,1,0,0.0
75249,1,0,0.0
78676,4,0,0.0
78923,1,0,0.0
79393,5,0,0.0
79621,4,0,0.0
80583,1,0,0.0
80784,4,0,0.0
82994,5,0,0.0
75226,6,0,0.0
75288,6,0,0.0
76939,1,0,0.0
79849,1,0,0.0
79961,3,0,0.0
81679,2,0,0.0
82315,1,0,0.0
82708,52,0,0.0
73955,2,0,0.0
75309,1,0,0.0
76737,2,0,0.0
77115,1,0,0.0
78123,2,0,0.0
79928,8,0,0.0
81760,3,0,0.0
73708,2,0,0.0
73780,2,0,0.0
75708,11,0,0.0
76212,1,0,0.0
77298,1,0,0.0
77729,1,0,0.0
78209,1,0,0.0
79774,3,0,0.0
80498,1,0,0.0
82815,2,0,0.0
83134,1,0,0.0
83305,1,0,0.0
74637,5,0,0.0
75886,1,0,0.0
78547,1,0,0.0
79093,3,0,0.0
79291,13,0,0.0
79339,1,0,0.0
80628,1,0,0.0
80983,1,0,0.0
83056,1,0,0.0
76808,9,0,0.0
78714,1,0,0.0
80545,8,0,0.0
81847,1,0,0.0
82556,2,0,0.0
83756,1,0,0.0
74084,1,0,0.0
75310,1,0,0.0
75732,1,0,0.0
77104,1,0,0.0
78019,15,0,0.0
78363,1,0,0.0
80885,1,0,0.0
82081,1,0,0.0
82600,1,0,0.0
74033,3,0,0.0
75188,14,0,0.0
77780,1,0,0.0
79118,1,0,0.0
79722,1,0,0.0
79838,3,0,0.0
80273,1,0,0.0
80296,1,0,0.0
80725,4,0,0.0
80880,2,0,0.0
81867,4,0,0.0
81917,1,0,0.0
82172,1,0,0.0
73841,1,0,0.0
74046,4,0,0.0
75770,1,0,0.0
76438,5,0,0.0
76675,2,0,0.0
76692,1,0,0.0
76844,2,0,0.0
79027,4,0,0.0
79219,3,0,0.0
79252,3,0,0.0
80062,7,0,0.0
80916,8,0,0.0
83161,1,0,0.0
83323,1,0,0.0
74013,1,0,0.0
74978,56,0,0.0
75280,2,0,0.0
77455,4,0,0.0
77580,1,0,0.0
78003,2,0,0.0
78810,3,0,0.0
79082,1,0,0.0
81040,9,0,0.0
81439,1,0,0.0
73618,1,0,0.0
75277,4,0,0.0
75635,5,0,0.0
75940,1,0,0.0
76041,1,0,0.0
76375,19,0,0.0
76538,1,0,0.0
76879,1,0,0.0
77058,6,0,0.0
77343,1,0,0.0
77805,2,0,0.0
77823,5,0,0.0
78278,1,0,0.0
79642,18,0,0.0
80581,4,0,0.0
81331,6,0,0.0
83988,1,0,0.0
73676,1,0,0.0
74378,20,0,0.0
74490,1,0,0.0
74502,3,0,0.0
74641,1,0,0.0
74771,1,0,0.0
75667,2,0,0.0
76194,1,0,0.0
77314,1,0,0.0
77428,10,0,0.0
78520,2,0,0.0
79122,4,0,0.0
80740,1,0,0.0
81134,2,0,0.0
82155,4,0,0.0
82169,2,0,0.0
82510,7,0,0.0
74089,2,0,0.0
74311,1,0,0.0
75076,1,0,0.0
75594,3,0,0.0
76613,1,0,0.0
80190,6,0,0.0
80477,1,0,0.0
87120,2,0,0.0
87656,16,0,0.0
89574,1,0,0.0
89844,39,0,0.0
91141,1,0,0.0
92080,1,0,0.0
92317,2,0,0.0
84654,10,0,0.0
85119,1,0,0.0
89506,1,0,0.0
91088,2,0,0.0
84247,3,0,0.0
85351,1,0,0.0
86443,3,0,0.0
89165,1,0,0.0
89428,2,0,0.0
89882,7,0,0.0
90450,4,0,0.0
91084,1,0,0.0
91516,4,0,0.0
84288,1,0,0.0
84602,4,0,0.0
85840,4,0,0.0
85873,1,0,0.0
86775,1,0,0.0
91919,1,0,0.0
91990,9,0,0.0
87573,1,0,0.0
88146,2,0,0.0
89296,3,0,0.0
89349,1,0,0.0
89710,10,0,0.0
92353,1,0,0.0
92428,1,0,0.0
84420,10,0,0.0
84882,1,0,0.0
86239,3,0,0.0
86785,1,0,0.0
87281,1,0,0.0
88457,1,0,0.0
88684,1,0,0.0
88862,1,0,0.0
90048,2,0,0.0
90073,1,0,0.0
92828,2,0,0.0
84867,1,0,0.0
85439,5,0,0.0
86023,1,0,0.0
86997,1,0,0.0
87199,1,0,0.0
88076,15,0,0.0
88161,3,0,0.0
88638,1,0,0.0
89295,1,0,0.0
89373,1,0,0.0
84110,1,0,0.0
85185,1,0,0.0
85273,2,0,0.0
85521,2,0,0.0
86956,1,0,0.0
92710,2,0,0.0
86385,11,0,0.0
87705,1,0,0.0
87788,6,0,0.0
88787,3,0,0.0
91023,3,0,0.0
91281,3,0,0.0
92295,17,0,0.0
92717,10,0,0.0
85651,2,0,0.0
87251,4,0,0.0
89891,3,0,0.0
91187,2,0,0.0
92699,2,0,0.0
84403,1,0,0.0
84491,1,0,0.0
85914,1,0,0.0
86022,12,0,0.0
87313,3,0,0.0
87960,2,0,0.0
87962,3,0,0.0
88265,1,0,0.0
90703,2,0,0.0
92209,1,0,0.0
84230,5,0,0.0
84785,4,0,0.0
85726,2,0,0.0
86536,1,0,0.0
87540,2,0,0.0
90563,1,0,0.0
92066,4,0,0.0
84425,1,0,0.0
84604,1,0,0.0
87017,2,0,0.0
87135,7,0,0.0
89442,2,0,0.0
90025,18,0,0.0
91127,4,0,0.0
92083,2,0,0.0
84477,8,0,0.0
84878,1,0,0.0
85468,2,0,0.0
86084,4,0,0.0
86520,8,0,0.0
86833,11,0,0.0
88608,1,0,0.0
90416,1,0,0.0
91107,1,0,0.0
84196,1,0,0.0
86999,50,0,0.0
87073,1,0,0.0
88522,3,0,0.0
88554,28,0,0.0
89009,3,0,0.0
89837,3,0,0.0
90482,4,0,0.0
92603,1,0,0.0
92780,1,0,0.0
92802,1,0,0.0
84203,2,0,0.0
85088,1,0,0.0
85643,2,0,0.0
86130,2,0,0.0
87383,3,0,0.0
87663,11,0,0.0
88712,3,0,0.0
89561,1,0,0.0
90254,14,0,0.0
90454,12,0,0.0
90659,1,0,0.0
91348,4,0,0.0
85138,1,0,0.0
86083,4,0,0.0
86434,1,0,0.0
87647,9,0,0.0
91833,1,0,0.0
84599,1,0,0.0
87539,1,0,0.0
88037,1,0,0.0
88386,1,0,0.0
89334,1,0,0.0
84217,22,0,0.0
86597,4,0,0.0
87354,5,0,0.0
87412,2,0,0.0
87885,2,0,0.0
91618,6,0,0.0
91670,2,0,0.0
84751,7,0,0.0
86221,2,0,0.0
86399,3,0,0.0
86472,3,0,0.0
86781,1,0,0.0
86983,1,0,0.0
87925,1,0,0.0
88843,3,0,0.0
89332,4,0,0.0
89628,4,0,0.0
92585,1,0,0.0
92814,1,0,0.0
85093,2,0,0.0
85303,8,0,0.0
85705,2,0,0.0
86761,1,0,0.0
89313,10,0,0.0
89552,2,0,0.0
90046,2,0,0.0
91753,6,0,0.0
92857,1,0,0.0
84381,2,0,0.0
84886,1,0,0.0
85260,35,0,0.0
85271,3,0,0.0
86210,3,0,0.0
86933,2,0,0.0
87345,1,0,0.0
89788,20,0,0.0
90360,6,0,0.0
90524,9,0,0.0
86279,2,0,0.0
87250,23,0,0.0
87633,11,0,0.0
89727,2,0,0.0
86287,1,0,0.0
86587,1,0,0.0
88407,2,0,0.0
88593,6,0,0.0
89036,1,0,0.0
89067,1,0,0.0
89252,1,0,0.0
89998,1,0,0.0
90559,1,0,0.0
91330,9,0,0.0
85126,3,0,0.0
86282,1,0,0.0
90415,1,0,0.0
86946,1,0,0.0
87369,1,0,0.0
89776,3,0,0.0
90003,6,0,0.0
90549,3,0,0.0
90890,2,0,0.0
90974,5,0,0.0
91647,1,0,0.0
84666,1,0,0.0
84937,3,0,0.0
87969,1,0,0.0
89072,2,0,0.0
89100,22,0,0.0
90352,2,0,0.0
91036,43,0,0.0
91052,2,0,0.0
91257,5,0,0.0
91296,2,0,0.0
92027,1,0,0.0
92253,3,0,0.0
86099,1,0,0.0
86570,1,0,0.0
86623,11,0,0.0
87229,2,0,0.0
87528,11,0,0.0
88059,9,0,0.0
89541,1,0,0.0
90433,5,0,0.0
92388,1,0,0.0
85717,1,0,0.0
86553,1,0,0.0
86939,1,0,0.0
87331,1,0,0.0
89122,1,0,0.0
92863,2,0,0.0
84141,1,0,0.0
85641,2,0,0.0
86539,12,0,0.0
87167,1,0,0.0
87501,5,0,0.0
88253,1,0,0.0
88710,1,0,0.0
89690,9,0,0.0
89915,17,0,0.0
90727,2,0,0.0
85371,1,0,0.0
85513,1,0,0.0
86220,2,0,0.0
86306,1,0,0.0
86712,1,0,0.0
88368,1,0,0.0
89927,3,0,0.0
90763,12,0,0.0
90865,1,0,0.0
91056,2,0,0.0
84780,4,0,0.0
85353,2,0,0.0
86039,1,0,0.0
86857,1,0,0.0
88103,2,0,0.0
88827,10,0,0.0
89256,14,0,0.0
92375,14,0,0.0
92487,1,0,0.0
84068,2,0,0.0
84264,6,0,0.0
84565,1,0,0.0
85377,27,0,0.0
88435,6,0,0.0
90481,2,0,0.0
91924,5,0,0.0
84596,1,0,0.0
89251,1,0,0.0
89873,1,0,0.0
90177,2,0,0.0
90624,3,0,0.0
90858,2,0,0.0
91603,4,0,0.0
91715,3,0,0.0
84598,1,0,0.0
84661,1,0,0.0
84767,2,0,0.0
85309,5,0,0.0
86018,2,0,0.0
86336,19,0,0.0
89269,11,0,0.0
89571,1,0,0.0
89922,50,0,0.0
90205,30,0,0.0
91365,4,0,0.0
91750,7,0,0.0
92004,1,0,0.0
92255,2,0,0.0
92662,3,0,0.0
84797,1,0,0.0
84952,1,0,0.0
85025,1,0,0.0
86323,1,0,0.0
86578,1,0,0.0
88077,13,0,0.0
88600,2,0,0.0
89283,7,0,0.0
90456,2,0,0.0
90824,9,0,0.0
91241,1,0,0.0
92050,1,0,0.0
92056,2,0,0.0
85578,1,0,0.0
89926,49,0,0.0
90276,12,0,0.0
91541,1,0,0.0
91759,8,0,0.0
92363,1,0,0.0
85217,3,0,0.0
85387,1,0,0.0
86384,1,0,0.0
86527,10,0,0.0
88201,14,0,0.0
89748,2,0,0.0
90773,20,0,0.0
92203,10,0,0.0
92555,13,0,0.0
85307,2,0,0.0
85763,1,0,0.0
86298,5,0,0.0
87089,1,0,0.0
88207,28,0,0.0
88394,2,0,0.0
88739,1,0,0.0
89054,1,0,0.0
90862,3,0,0.0
91344,2,0,0.0
84392,3,0,0.0
87818,1,0,0.0
88369,12,0,0.0
89670,1,0,0.0
91565,1,0,0.0
91646,3,0,0.0
92274,1,0,0.0
92838,12,0,0.0
84600,2,0,0.0
86508,1,0,0.0
86962,14,0,0.0
87228,2,0,0.0
87435,1,0,0.0
88444,1,0,0.0
88960,3,0,0.0
89565,13,0,0.0
90293,1,0,0.0
91560,1,0,0.0
85886,2,0,0.0
86683,1,0,0.0
87441,1,0,0.0
87507,4,0,0.0
88410,1,0,0.0
89529,2,0,0.0
90029,2,0,0.0
90123,1,0,0.0
91685,1,0,0.0
92037,1,0,0.0
92329,1,0,0.0
92337,1,0,0.0
92623,2,0,0.0
84389,1,0,0.0
86154,1,0,0.0
86255,3,0,0.0
88972,1,0,0.0
89661,6,0,0.0
90236,2,0,0.0
84282,1,0,0.0
86273,2,0,0.0
87870,11,0,0.0
88958,10,0,0.0
89185,1,0,0.0
89242,13,0,0.0
91131,3,0,0.0
91195,1,0,0.0
84138,2,0,0.0
84147,1,0,0.0
86891,7,0,0.0
86918,1,0,0.0
88361,2,0,0.0
88655,1,0,0.0
90162,1,0,0.0
86637,14,0,0.0
87840,12,0,0.0
88574,3,0,0.0
88741,1,0,0.0
88855,7,0,0.0
90368,4,0,0.0
90404,23,0,0.0
86056,1,0,0.0
86307,24,0,0.0
87020,1,0,0.0
87320,1,0,0.0
91846,1,0,0.0
91972,6,0,0.0
92390,1,0,0.0
84518,14,0,0.0
85428,4,0,0.0
85920,6,0,0.0
87996,3,0,0.0
88493,4,0,0.0
89604,7,0,0.0
90676,3,0,0.0
91334,2,0,0.0
88343,1,0,0.0
88591,1,0,0.0
89974,25,0,0.0
91513,3,0,0.0
91515,2,0,0.0
84578,1,0,0.0
85801,2,0,0.0
85967,1,0,0.0
86324,1,0,0.0
86387,1,0,0.0
84058,1,0,0.0
84161,34,0,0.0
84653,1,0,0.0
85495,8,0,0.0
86183,1,0,0.0
86184,2,0,0.0
86308,2,0,0.0
86615,1,0,0.0
87249,4,0,0.0
88764,1,0,0.0
88995,9,0,0.0
89167,4,0,0.0
84662,1,0,0.0
86013,1,0,0.0
88537,1,0,0.0
89043,2,0,0.0
89439,5,0,0.0
89518,1,0,0.0
91962,10,0,0.0
92770,1,0,0.0
85710,1,0,0.0
86080,4,0,0.0
86295,4,0,0.0
86669,1,0,0.0
86760,24,0,0.0
87835,1,0,0.0
90340,1,0,0.0
90534,2,0,0.0
92174,3,0,0.0
84294,1,0,0.0
85402,2,0,0.0
86783,1,0,0.0
86856,1,0,0.0
87230,1,0,0.0
88104,1,0,0.0
88199,7,0,0.0
90544,1,0,0.0
90689,30,0,0.0
91918,1,0,0.0
92275,3,0,0.0
84091,2,0,0.0
84523,1,0,0.0
85766,6,0,0.0
86333,2,0,0.0
86563,3,0,0.0
87024,3,0,0.0
87494,1,0,0.0
88327,5,0,0.0
88870,16,0,0.0
91773,13,0,0.0
92061,1,0,0.0
85026,3,0,0.0
86598,3,0,0.0
87128,8,0,0.0
87189,1,0,0.0
87709,2,0,0.0
89106,3,0,0.0
89319,1,0,0.0
91089,1,0,0.0
91976,18,0,0.0
92469,23,0,0.0
86204,2,0,0.0
86211,2,0,0.0
87521,1,0,0.0
90389,2,0,0.0
92179,1,0,0.0
92339,4,0,0.0
84933,1,0,0.0
86131,14,0,0.0
87103,3,0,0.0
88108,1,0,0.0
88867,1,0,0.0
88942,1,0,0.0
89374,1,0,0.0
90155,1,0,0.0
90853,1,0,0.0
91989,32,0,0.0
92322,3,0,0.0
84043,2,0,0.0
84144,3,0,0.0
86931,3,0,0.0
87918,1,0,0.0
88187,1,0,0.0
88558,30,0,0.0
89344,8,0,0.0
89510,1,0,0.0
92264,10,0,0.0
92349,1,0,0.0
92592,1,0,0.0
85003,1,0,0.0
88700,5,0,0.0
84404,3,0,0.0
84772,12,0,0.0
85018,2,0,0.0
86079,4,0,0.0
86463,1,0,0.0
87431,2,0,0.0
87601,1,0,0.0
88646,1,0,0.0
88716,1,0,0.0
89774,24,0,0.0
90603,3,0,0.0
91218,1,0,0.0
91402,3,0,0.0
91437,1,0,0.0
91543,2,0,0.0
85203,1,0,0.0
92033,6,0,0.0
92143,1,0,0.0
92286,1,0,0.0
92641,12,0,0.0
84391,1,0,0.0
85032,1,0,0.0
86632,1,0,0.0
86934,1,0,0.0
87294,11,0,0.0
87364,2,0,0.0
90348,1,0,0.0
90724,26,0,0.0
91039,5,0,0.0
92202,13,0,0.0
84181,1,0,0.0
84430,1,0,0.0
84642,1,0,0.0
86512,2,0,0.0
87671,3,0,0.0
89492,5,0,0.0
90758,20,0,0.0
91270,6,0,0.0
91570,2,0,0.0
92166,15,0,0.0
87480,1,0,0.0
88391,15,0,0.0
88602,7,0,0.0
90740,1,0,0.0
90941,3,0,0.0
91467,2,0,0.0
91713,1,0,0.0
91923,6,0,0.0
86128,26,0,0.0
86725,4,0,0.0
87657,3,0,0.0
87729,6,0,0.0
88714,3,0,0.0
85021,2,0,0.0
87621,6,0,0.0
88105,2,0,0.0
88142,4,0,0.0
88424,2,0,0.0
88785,1,0,0.0
88981,4,0,0.0
89097,2,0,0.0
90070,1,0,0.0
90715,1,0,0.0
91460,5,0,0.0
92529,1,0,0.0
84382,5,0,0.0
85555,2,0,0.0
89131,1,0,0.0
89525,1,0,0.0
90099,1,0,0.0
91071,11,0,0.0
84983,1,0,0.0
85959,1,0,0.0
86392,2,0,0.0
86479,1,0,0.0
86773,1,0,0.0
87109,1,0,0.0
88708,2,0,0.0
92092,1,0,0.0
92898,1,0,0.0
84130,1,0,0.0
84402,1,0,0.0
85793,3,0,0.0
85916,1,0,0.0
87587,2,0,0.0
89325,1,0,0.0
91171,1,0,0.0
91324,2,0,0.0
92100,1,0,0.0
84316,22,0,0.0
85274,1,0,0.0
86412,5,0,0.0
87211,6,0,0.0
87381,3,0,0.0
89115,7,0,0.0
90031,13,0,0.0
90470,5,0,0.0
92514,2,0,0.0
92758,26,0,0.0
84556,3,0,0.0
86149,1,0,0.0
86636,1,0,0.0
87956,1,0,0.0
90283,2,0,0.0
91864,1,0,0.0
91975,2,0,0.0
85961,3,0,0.0
86035,8,0,0.0
86259,1,0,0.0
86495,1,0,0.0
87100,24,0,0.0
87862,1,0,0.0
89014,1,0,0.0
90500,3,0,0.0
91400,2,0,0.0
91872,1,0,0.0
91978,6,0,0.0
91999,11,0,0.0
92745,8,0,0.0
84376,2,0,0.0
85411,1,0,0.0
88303,1,0,0.0
89289,1,0,0.0
89433,1,0,0.0
89712,2,0,0.0
91359,7,0,0.0
85520,1,0,0.0
86912,2,0,0.0
89019,1,0,0.0
89249,3,0,0.0
89531,1,0,0.0
89887,4,0,0.0
90054,3,0,0.0
91595,1,0,0.0
84826,4,0,0.0
86291,9,0,0.0
86566,3,0,0.0
86812,2,0,0.0
89806,1,0,0.0
90610,1,0,0.0
92078,1,0,0.0
84429,6,0,0.0
84513,1,0,0.0
85649,2,0,0.0
85686,2,0,0.0
86735,13,0,0.0
89243,1,0,0.0
89285,1,0,0.0
89643,16,0,0.0
85037,7,0,0.0
87973,12,0,0.0
88089,1,0,0.0
88474,1,0,0.0
89380,2,0,0.0
91057,1,0,0.0
92434,1,0,0.0
85560,3,0,0.0
88625,3,0,0.0
89811,10,0,0.0
89822,3,0,0.0
91148,2,0,0.0
91230,4,0,0.0
92510,40,0,0.0
92609,2,0,0.0
84884,6,0,0.0
85704,1,0,0.0
86053,4,0,0.0
87589,1,0,0.0
92059,7,0,0.0
92531,1,0,0.0
84801,1,0,0.0
85990,1,0,0.0
86222,1,0,0.0
88614,8,0,0.0
89488,2,0,0.0
90334,1,0,0.0
91370,3,0,0.0
92835,2,0,0.0
86066,5,0,0.0
92194,1,0,0.0
92807,10,0,0.0
85136,1,0,0.0
85584,12,0,0.0
85949,2,0,0.0
86370,1,0,0.0
87019,3,0,0.0
87363,1,0,0.0
88900,1,0,0.0
89297,4,0,0.0
89981,5,0,0.0
85928,2,0,0.0
86072,2,0,0.0
87080,1,0,0.0
88478,1,0,0.0
88586,2,0,0.0
88721,3,0,0.0
88732,4,0,0.0
88733,2,0,0.0
89357,5,0,0.0
90338,4,0,0.0
91860,2,0,0.0
92305,4,0,0.0
85329,2,0,0.0
85852,11,0,0.0
88525,9,0,0.0
89627,19,0,0.0
90940,4,0,0.0
91542,3,0,0.0
92211,2,0,0.0
85201,1,0,0.0
85308,3,0,0.0
88165,1,0,0.0
91068,1,0,0.0
91095,1,0,0.0
91845,1,0,0.0
92539,1,0,0.0
92586,3,0,0.0
84249,2,0,0.0
87934,1,0,0.0
88783,2,0,0.0
89092,6,0,0.0
84224,3,0,0.0
84522,2,0,0.0
86176,1,0,0.0
87848,2,0,0.0
89633,1,0,0.0
89876,1,0,0.0
90194,6,0,0.0
91276,3,0,0.0
84438,2,0,0.0
84481,23,0,0.0
86192,4,0,0.0
86372,7,0,0.0
86492,2,0,0.0
87275,2,0,0.0
89890,74,0,0.0
92693,1,0,0.0
85330,2,0,0.0
86403,3,0,0.0
88379,3,0,0.0
89424,1,0,0.0
89818,11,0,0.0
90904,1,0,0.0
91587,1,0,0.0
91955,19,0,0.0
85233,1,0,0.0
85512,1,0,0.0
85667,1,0,0.0
86250,1,0,0.0
87269,1,0,0.0
88311,34,0,0.0
89004,1,0,0.0
89248,4,0,0.0
89479,1,0,0.0
90145,1,0,0.0
91405,6,0,0.0
91487,28,0,0.0
91738,6,0,0.0
92067,21,0,0.0
92579,6,0,0.0
92663,1,0,0.0
85849,11,0,0.0
86320,1,0,0.0
87679,4,0,0.0
89060,2,0,0.0
89634,3,0,0.0
91320,1,0,0.0
92907,2,0,0.0
85890,1,0,0.0
86321,2,0,0.0
86848,39,0,0.0
87347,2,0,0.0
87493,3,0,0.0
89752,15,0,0.0
84356,1,0,0.0
85847,2,0,0.0
87673,2,0,0.0
90628,17,0,0.0
90765,4,0,0.0
91350,1,0,0.0
91796,1,0,0.0
84588,1,0,0.0
84796,3,0,0.0
85508,2,0,0.0
87065,1,0,0.0
87986,5,0,0.0
89592,1,0,0.0
91338,1,0,0.0
91494,2,0,0.0
92756,7,0,0.0
92869,8,0,0.0
84630,2,0,0.0
85644,2,0,0.0
86675,2,0,0.0
86900,1,0,0.0
87773,1,0,0.0
89575,1,0,0.0
90850,1,0,0.0
92763,1,0,0.0
86303,1,0,0.0
86971,16,0,0.0
89932,11,0,0.0
90653,2,0,0.0
91006,6,0,0.0
92536,1,0,0.0
92918,1,0,0.0
84735,5,0,0.0
87285,1,0,0.0
88812,1,0,0.0
89163,1,0,0.0
89645,1,0,0.0
91269,6,0,0.0
91611,1,0,0.0
84990,3,0,0.0
85422,2,0,0.0
86116,2,0,0.0
86816,1,0,0.0
86964,35,0,0.0
87583,1,0,0.0
88100,1,0,0.0
89906,2,0,0.0
90987,42,0,0.0
91661,11,0,0.0
92411,1,0,0.0
92475,2,0,0.0
92653,9,0,0.0
84237,10,0,0.0
85092,1,0,0.0
85622,1,0,0.0
86620,4,0,0.0
86957,37,0,0.0
87276,1,0,0.0
87533,1,0,0.0
88057,1,0,0.0
88983,1,0,0.0
91415,1,0,0.0
91952,1,0,0.0
92472,2,0,0.0
84536,1,0,0.0
84589,8,0,0.0
87314,2,0,0.0
87964,11,0,0.0
88345,8,0,0.0
88759,14,0,0.0
89382,5,0,0.0
90259,14,0,0.0
90752,3,0,0.0
91061,1,0,0.0
91407,1,0,0.0
92488,22,0,0.0
92783,1,0,0.0
84180,1,0,0.0
84262,2,0,0.0
84405,2,0,0.0
85023,5,0,0.0
85220,3,0,0.0
86232,3,0,0.0
87271,40,0,0.0
85657,1,0,0.0
87612,2,0,0.0
88411,6,0,0.0
90024,1,0,0.0
90318,2,0,0.0
87928,1,0,0.0
88180,2,0,0.0
88392,9,0,0.0
88580,1,0,0.0
89988,5,0,0.0
90148,2,0,0.0
90617,14,0,0.0
91731,18,0,0.0
91900,3,0,0.0
84044,1,0,0.0
84245,1,0,0.0
84289,2,0,0.0
84320,2,0,0.0
85173,7,0,0.0
85406,2,0,0.0
86921,5,0,0.0
87748,1,0,0.0
87909,9,0,0.0
88233,1,0,0.0
88831,1,0,0.0
90002,1,0,0.0
91816,35,0,0.0
92217,2,0,0.0
92620,1,0,0.0
85754,1,0,0.0
86402,1,0,0.0
86758,1,0,0.0
87155,2,0,0.0
88153,1,0,0.0
90016,2,0,0.0
90386,17,0,0.0
90732,10,0,0.0
91190,8,0,0.0
91933,2,0,0.0
92398,1,0,0.0
86245,2,0,0.0
86329,6,0,0.0
88261,12,0,0.0
88789,1,0,0.0
90090,26,0,0.0
90707,1,0,0.0
90874,2,0,0.0
91728,3,0,0.0
91804,1,0,0.0
92896,3,0,0.0
85189,1,0,0.0
89425,3,0,0.0
89460,6,0,0.0
89619,20,0,0.0
89832,3,0,0.0
89996,1,0,0.0
90868,1,0,0.0
84047,1,0,0.0
90240,1,0,0.0
90699,2,0,0.0
91219,1,0,0.0
92017,10,0,0.0
84218,1,0,0.0
84408,2,0,0.0
85374,13,0,0.0
86198,2,0,0.0
87081,1,0,0.0
87532,2,0,0.0
87702,2,0,0.0
88918,4,0,0.0
89714,6,0,0.0
90998,4,0,0.0
92856,7,0,0.0
85178,1,0,0.0
85299,1,0,0.0
88387,1,0,0.0
89173,2,0,0.0
91530,3,0,0.0
91609,13,0,0.0
91725,2,0,0.0
92818,1,0,0.0
86055,2,0,0.0
87305,1,0,0.0
87834,7,0,0.0
89302,1,0,0.0
91119,1,0,0.0
91684,1,0,0.0
91699,6,0,0.0
92297,3,0,0.0
85328,9,0,0.0
85490,1,0,0.0
86027,17,0,0.0
88055,3,0,0.0
88246,1,0,0.0
88383,1,0,0.0
88768,1,0,0.0
90353,1,0,0.0
91928,1,0,0.0
86047,5,0,0.0
87058,1,0,0.0
87161,2,0,0.0
87483,23,0,0.0
87839,6,0,0.0
89168,1,0,0.0
89833,1,0,0.0
92892,6,0,0.0
84142,1,0,0.0
84510,1,0,0.0
85128,1,0,0.0
85934,1,0,0.0
86815,27,0,0.0
87150,14,0,0.0
87706,3,0,0.0
88622,1,0,0.0
88746,2,0,0.0
91418,1,0,0.0
91881,12,0,0.0
84591,1,0,0.0
86641,1,0,0.0
86786,24,0,0.0
87799,38,0,0.0
89128,1,0,0.0
91968,3,0,0.0
92212,13,0,0.0
92266,2,0,0.0
92747,2,0,0.0
84617,2,0,0.0
84668,3,0,0.0
85265,9,0,0.0
86005,1,0,0.0
87907,1,0,0.0
87957,2,0,0.0
87985,1,0,0.0
88366,3,0,0.0
88806,4,0,0.0
90753,1,0,0.0
90915,1,0,0.0
92405,2,0,0.0
84099,2,0,0.0
84727,1,0,0.0
85829,2,0,0.0
90607,1,0,0.0
90694,2,0,0.0
91635,1,0,0.0
91873,2,0,0.0
92470,1,0,0.0
92545,11,0,0.0
92880,2,0,0.0
85396,6,0,0.0
85627,1,0,0.0
86304,1,0,0.0
89041,2,0,0.0
89587,2,0,0.0
90425,1,0,0.0
91778,1,0,0.0
92022,1,0,0.0
86318,1,0,0.0
86571,1,0,0.0
86705,10,0,0.0
86802,2,0,0.0
88295,1,0,0.0
89293,1,0,0.0
89791,2,0,0.0
92625,1,0,0.0
84168,2,0,0.0
84440,2,0,0.0
86510,3,0,0.0
86604,1,0,0.0
87649,7,0,0.0
87767,20,0,0.0
88531,11,0,0.0
90946,8,0,0.0
91321,9,0,0.0
84968,1,0,0.0
85064,2,0,0.0
85831,1,0,0.0
85945,3,0,0.0
86126,7,0,0.0
88133,1,0,0.0
88321,1,0,0.0
88935,3,0,0.0
89232,2,0,0.0
89503,4,0,0.0
91935,1,0,0.0
84427,5,0,0.0
85266,1,0,0.0
86543,1,0,0.0
86893,1,0,0.0
87579,13,0,0.0
87704,3,0,0.0
88702,5,0,0.0
91339,4,0,0.0
91345,1,0,0.0
92927,1,0,0.0
84768,1,0,0.0
85805,1,0,0.0
86356,1,0,0.0
87895,1,0,0.0
87999,1,0,0.0
89199,7,0,0.0
89599,1,0,0.0
90599,2,0,0.0
92199,4,0,0.0
84434,2,0,0.0
85202,9,0,0.0
87550,2,0,0.0
89055,3,0,0.0
89848,1,0,0.0
90323,3,0,0.0
91454,2,0,0.0
85160,1,0,0.0
85404,1,0,0.0
85483,1,0,0.0
85850,1,0,0.0
86225,4,0,0.0
86794,10,0,0.0
87760,7,0,0.0
88381,1,0,0.0
91876,3,0,0.0
92760,1,0,0.0
85482,1,0,0.0
85702,10,0,0.0
86414,37,0,0.0
86744,1,0,0.0
87336,7,0,0.0
87567,4,0,0.0
88080,1,0,0.0
89111,1,0,0.0
89557,1,0,0.0
90263,1,0,0.0
92094,1,0,0.0
84286,5,0,0.0
86452,4,0,0.0
88086,7,0,0.0
88192,1,0,0.0
89508,1,0,0.0
91122,1,0,0.0
91824,1,0,0.0
85711,1,0,0.0
86407,1,0,0.0
86556,25,0,0.0
86863,8,0,0.0
87016,1,0,0.0
87652,1,0,0.0
88656,3,0,0.0
89838,2,0,0.0
90079,1,0,0.0
92175,1,0,0.0
92768,3,0,0.0
85470,1,0,0.0
86404,22,0,0.0
86630,1,0,0.0
87356,1,0,0.0
88500,1,0,0.0
89449,1,0,0.0
90110,1,0,0.0
91601,2,0,0.0
92025,1,0,0.0
92481,2,0,0.0
84447,2,0,0.0
87685,1,0,0.0
84254,2,0,0.0
84712,21,0,0.0
89662,2,0,0.0
89698,1,0,0.0
90078,2,0,0.0
90182,1,0,0.0
90346,9,0,0.0
85279,16,0,0.0
87332,2,0,0.0
88280,1,0,0.0
88529,6,0,0.0
88661,1,0,0.0
90329,3,0,0.0
90441,2,0,0.0
90600,16,0,0.0
85577,1,0,0.0
88164,4,0,0.0
88882,23,0,0.0
89193,1,0,0.0
89288,1,0,0.0
90408,1,0,0.0
91041,1,0,0.0
86963,1,0,0.0
87674,17,0,0.0
88219,4,0,0.0
88406,2,0,0.0
90387,14,0,0.0
90830,2,0,0.0
90892,19,0,0.0
91308,8,0,0.0
92271,1,0,0.0
92743,1,0,0.0
92923,2,0,0.0
84189,1,0,0.0
85394,1,0,0.0
85617,12,0,0.0
85996,1,0,0.0
86284,29,0,0.0
86709,4,0,0.0
88885,13,0,0.0
89391,2,0,0.0
91140,1,0,0.0
84097,5,0,0.0
85753,2,0,0.0
89398,2,0,0.0
89713,4,0,0.0
91112,9,0,0.0
91147,4,0,0.0
92674,4,0,0.0
85075,1,0,0.0
86040,2,0,0.0
86844,2,0,0.0
87687,1,0,0.0
89137,1,0,0.0
90013,7,0,0.0
90198,4,0,0.0
90675,3,0,0.0
92196,3,0,0.0
92696,1,0,0.0
84686,2,0,0.0
85208,10,0,0.0
86363,6,0,0.0
86565,10,0,0.0
87386,1,0,0.0
90492,1,0,0.0
91744,2,0,0.0
91914,26,0,0.0
84931,1,0,0.0
85591,1,0,0.0
85596,1,0,0.0
85724,17,0,0.0
86286,1,0,0.0
87213,2,0,0.0
87542,1,0,0.0
89170,6,0,0.0
90077,18,0,0.0
91387,1,0,0.0
91654,1,0,0.0
92716,1,0,0.0
84423,1,0,0.0
88003,1,0,0.0
89244,1,0,0.0
90673,11,0,0.0
91475,12,0,0.0
92440,5,0,0.0
92711,13,0,0.0
87140,5,0,0.0
88257,1,0,0.0
89415,6,0,0.0
90062,2,0,0.0
90256,2,0,0.0
90546,2,0,0.0
90837,1,0,0.0
92501,1,0,0.0
92870,1,0,0.0
84312,1,0,0.0
84387,4,0,0.0
85637,8,0,0.0
85660,1,0,0.0
86376,2,0,0.0
86519,2,0,0.0
86919,1,0,0.0
87030,1,0,0.0
87526,4,0,0.0
87764,5,0,0.0
87884,6,0,0.0
89977,1,0,0.0
91852,2,0,0.0
92151,1,0,0.0
92432,1,0,0.0
84495,2,0,0.0
88071,1,0,0.0
88671,114,0,0.0
89360,14,0,0.0
89755,51,0,0.0
90909,21,0,0.0
91823,9,0,0.0
84104,1,0,0.0
84133,1,0,0.0
84443,7,0,0.0
86545,1,0,0.0
86584,1,0,0.0
87113,1,0,0.0
87127,12,0,0.0
88121,1,0,0.0
88929,3,0,0.0
89171,2,0,0.0
91705,9,0,0.0
92588,43,0,0.0
85725,1,0,0.0
87476,8,0,0.0
90065,1,0,0.0
92372,1,0,0.0
92676,2,0,0.0
84077,2,0,0.0
84252,8,0,0.0
85692,2,0,0.0
85885,3,0,0.0
86021,8,0,0.0
86858,6,0,0.0
89169,7,0,0.0
91849,4,0,0.0
85410,2,0,0.0
86889,3,0,0.0
87449,2,0,0.0
87529,1,0,0.0
88633,1,0,0.0
88659,2,0,0.0
89371,1,0,0.0
90730,1,0,0.0
91115,26,0,0.0
92474,3,0,0.0
84845,1,0,0.0
86118,1,0,0.0
86269,5,0,0.0
87829,1,0,0.0
88403,1,0,0.0
89063,25,0,0.0
89458,5,0,0.0
89869,3,0,0.0
91072,35,0,0.0
91280,5,0,0.0
91929,2,0,0.0
85143,1,0,0.0
85984,1,0,0.0
88323,3,0,0.0
91234,7,0,0.0
91376,1,0,0.0
91470,4,0,0.0
91608,10,0,0.0
92462,1,0,0.0
84117,3,0,0.0
84166,1,0,0.0
85716,2,0,0.0
85913,2,0,0.0
85979,1,0,0.0
88528,1,0,0.0
90983,1,0,0.0
92878,1,0,0.0
84607,1,0,0.0
84762,2,0,0.0
85035,1,0,0.0
85854,2,0,0.0
86634,1,0,0.0
87804,5,0,0.0
87992,22,0,0.0
88095,2,0,0.0
88301,1,0,0.0
88325,5,0,0.0
88584,8,0,0.0
90831,2,0,0.0
92277,1,0,0.0
92280,1,0,0.0
85556,3,0,0.0
86469,1,0,0.0
87459,2,0,0.0
87635,1,0,0.0
88526,7,0,0.0
90539,1,0,0.0
92122,1,0,0.0
84697,4,0,0.0
85135,32,0,0.0
86824,1,0,0.0
87322,2,0,0.0
87938,6,0,0.0
88038,1,0,0.0
90468,1,0,0.0
85757,6,0,0.0
86025,2,0,0.0
86280,1,0,0.0
86633,1,0,0.0
87677,1,0,0.0
88456,1,0,0.0
88925,3,0,0.0
89766,8,0,0.0
90137,12,0,0.0
84076,2,0,0.0
84465,7,0,0.0
85499,4,0,0.0
87838,1,0,0.0
88416,1,0,0.0
89802,20,0,0.0
90888,7,0,0.0
92750,1,0,0.0
84347,10,0,0.0
87076,1,0,0.0
88669,15,0,0.0
89303,1,0,0.0
90246,1,0,0.0
91117,1,0,0.0
92732,7,0,0.0
84410,19,0,0.0
84546,18,0,0.0
84804,2,0,0.0
86247,1,0,0.0
86346,1,0,0.0
86535,14,0,0.0
86611,4,0,0.0
86689,5,0,0.0
87289,23,0,0.0
87524,1,0,0.0
87615,1,0,0.0
89338,1,0,0.0
89590,25,0,0.0
90956,1,0,0.0
92006,10,0,0.0
84111,2,0,0.0
86177,5,0,0.0
86361,2,0,0.0
86861,3,0,0.0
88461,1,0,0.0
89290,12,0,0.0
89785,10,0,0.0
90286,12,0,0.0
91943,3,0,0.0
92384,3,0,0.0
92426,1,0,0.0
84729,3,0,0.0
84749,2,0,0.0
87486,2,0,0.0
89183,1,0,0.0
91101,2,0,0.0
91751,1,0,0.0
92515,1,0,0.0
84962,2,0,0.0
85883,1,0,0.0
87466,1,0,0.0
87735,18,0,0.0
89740,1,0,0.0
90530,1,0,0.0
91719,4,0,0.0
85780,1,0,0.0
87001,1,0,0.0
88570,9,0,0.0
88777,1,0,0.0
88854,2,0,0.0
89598,5,0,0.0
90260,6,0,0.0
92825,4,0,0.0
84092,1,0,0.0
84997,1,0,0.0
86601,2,0,0.0
86777,3,0,0.0
87318,1,0,0.0
88023,27,0,0.0
88354,32,0,0.0
88454,1,0,0.0
89126,5,0,0.0
91960,13,0,0.0
92138,1,0,0.0
92421,12,0,0.0
92523,1,0,0.0
85302,10,0,0.0
86205,2,0,0.0
86719,2,0,0.0
87273,1,0,0.0
88559,3,0,0.0
88641,4,0,0.0
89286,2,0,0.0
90041,3,0,0.0
92702,1,0,0.0
84725,3,0,0.0
85158,1,0,0.0
85593,1,0,0.0
87174,6,0,0.0
89917,2,0,0.0
91210,1,0,0.0
92262,3,0,0.0
85248,4,0,0.0
85541,1,0,0.0
85855,1,0,0.0
86002,1,0,0.0
87523,1,0,0.0
89815,1,0,0.0
89879,1,0,0.0
90505,5,0,0.0
91035,1,0,0.0
91106,1,0,0.0
91909,1,0,0.0
92003,8,0,0.0
86610,1,0,0.0
86942,1,0,0.0
87047,1,0,0.0
88322,23,0,0.0
88913,1,0,0.0
89029,1,0,0.0
90702,2,0,0.0
91472,1,0,0.0
91631,1,0,0.0
84169,1,0,0.0
88552,4,0,0.0
90160,2,0,0.0
90917,4,0,0.0
92464,2,0,0.0
92766,1,0,0.0
85076,7,0,0.0
85259,3,0,0.0
91463,2,0,0.0
91892,1,0,0.0
92504,8,0,0.0
92787,4,0,0.0
92851,2,0,0.0
84358,11,0,0.0
84779,3,0,0.0
86417,2,0,0.0
87552,3,0,0.0
87787,1,0,0.0
89501,19,0,0.0
90351,2,0,0.0
91444,2,0,0.0
87554,1,0,0.0
88462,1,0,0.0
89084,5,0,0.0
92762,1,0,0.0
85140,1,0,0.0
86139,1,0,0.0
86435,1,0,0.0
86784,1,0,0.0
87362,1,0,0.0
89300,3,0,0.0
92884,9,0,0.0
92926,1,0,0.0
85825,1,0,0.0
85964,2,0,0.0
85002,1,0,0.0
87939,1,0,0.0
88147,7,0,0.0
88677,5,0,0.0
89042,3,0,0.0
90086,1,0,0.0
90582,1,0,0.0
92020,1,0,0.0
84500,5,0,0.0
85966,3,0,0.0
86522,3,0,0.0
86542,13,0,0.0
86655,1,0,0.0
86787,1,0,0.0
86981,1,0,0.0
89936,1,0,0.0
90735,5,0,0.0
90935,3,0,0.0
91120,6,0,0.0
85814,3,0,0.0
86212,2,0,0.0
89498,5,0,0.0
89770,1,0,0.0
90877,1,0,0.0
91369,9,0,0.0
91676,1,0,0.0
92541,3,0,0.0
92559,1,0,0.0
85174,2,0,0.0
86413,8,0,0.0
87975,1,0,0.0
88400,4,0,0.0
88430,1,0,0.0
88822,7,0,0.0
89800,1,0,0.0
90132,3,0,0.0
91532,2,0,0.0
92573,10,0,0.0
84101,1,0,0.0
84879,1,0,0.0
86616,1,0,0.0
87094,4,0,0.0
87546,3,0,0.0
89053,7,0,0.0
84291,1,0,0.0
84339,11,0,0.0
84428,8,0,0.0
86790,3,0,0.0
87472,1,0,0.0
87933,3,0,0.0
88468,1,0,0.0
89819,6,0,0.0
90364,1,0,0.0
90852,6,0,0.0
91870,2,0,0.0
91944,3,0,0.0
92002,3,0,0.0
92311,1,0,0.0
92777,1,0,0.0
84451,7,0,0.0
85779,1,0,0.0
85882,2,0,0.0
87732,2,0,0.0
88326,19,0,0.0
90632,1,0,0.0
92091,1,0,0.0
92626,1,0,0.0
85732,3,0,0.0
86085,1,0,0.0
86137,6,0,0.0
87392,1,0,0.0
87954,4,0,0.0
90375,1,0,0.0
86589,1,0,0.0
86726,1,0,0.0
87367,10,0,0.0
88004,2,0,0.0
88270,1,0,0.0
88507,9,0,0.0
88735,2,0,0.0
91201,1,0,0.0
91801,4,0,0.0
92569,3,0,0.0
84114,16,0,0.0
84373,5,0,0.0
84854,1,0,0.0
86456,6,0,0.0
88332,3,0,0.0
89790,1,0,0.0
91799,2,0,0.0
91980,3,0,0.0
84188,3,0,0.0
85891,10,0,0.0
87022,1,0,0.0
87153,10,0,0.0
87860,5,0,0.0
87903,11,0,0.0
89307,1,0,0.0
89346,1,0,0.0
90183,1,0,0.0
91640,1,0,0.0
85084,3,0,0.0
85333,2,0,0.0
86440,2,0,0.0
88060,1,0,0.0
89462,1,0,0.0
90970,1,0,0.0
84703,2,0,0.0
85441,11,0,0.0
87490,13,0,0.0
87913,20,0,0.0
88916,1,0,0.0
89436,1,0,0.0
90472,13,0,0.0
84337,2,0,0.0
85127,4,0,0.0
85240,5,0,0.0
84088,30,0,0.0
84658,1,0,0.0
86133,1,0,0.0
86945,5,0,0.0
89667,1,0,0.0
89793,57,0,0.0
89945,1,0,0.0
90171,2,0,0.0
86467,10,0,0.0
86943,1,0,0.0
88825,2,0,0.0
90169,1,0,0.0
91562,1,0,0.0
91857,1,0,0.0
85118,2,0,0.0
85673,3,0,0.0
86266,3,0,0.0
86607,1,0,0.0
87813,1,0,0.0
88254,1,0,0.0
89045,1,0,0.0
89330,1,0,0.0
89769,1,0,0.0
90279,3,0,0.0
92312,1,0,0.0
92500,1,0,0.0
92942,14,0,0.0
85674,1,0,0.0
85678,1,0,0.0
85941,1,0,0.0
89276,1,0,0.0
90146,9,0,0.0
90775,30,0,0.0
91374,3,0,0.0
91891,1,0,0.0
92335,1,0,0.0
92393,2,0,0.0
84232,4,0,0.0
85156,11,0,0.0
85366,1,0,0.0
86148,3,0,0.0
88562,2,0,0.0
89445,1,0,0.0
89916,1,0,0.0
89985,3,0,0.0
90167,2,0,0.0
91353,38,0,0.0
92298,1,0,0.0
92723,2,0,0.0
84843,2,0,0.0
85284,1,0,0.0
85830,1,0,0.0
88134,4,0,0.0
90075,2,0,0.0
90245,2,0,0.0
90635,18,0,0.0
90640,3,0,0.0
91827,1,0,0.0
92587,3,0,0.0
85465,15,0,0.0
85834,1,0,0.0
86562,1,0,0.0
87252,2,0,0.0
88231,15,0,0.0
88573,4,0,0.0
89340,22,0,0.0
89437,2,0,0.0
90650,4,0,0.0
90889,5,0,0.0
90929,2,0,0.0
92446,3,0,0.0
84028,1,0,0.0
84287,1,0,0.0
84412,6,0,0.0
84524,15,0,0.0
85455,3,0,0.0
86265,10,0,0.0
89367,2,0,0.0
89735,1,0,0.0
91093,3,0,0.0
91438,14,0,0.0
91451,1,0,0.0
84823,3,0,0.0
87183,4,0,0.0
87387,1,0,0.0
89001,2,0,0.0
90092,1,0,0.0
90244,3,0,0.0
91126,1,0,0.0
92116,2,0,0.0
84799,1,0,0.0
87471,1,0,0.0
88141,1,0,0.0
88267,2,0,0.0
88660,15,0,0.0
89117,1,0,0.0
89618,1,0,0.0
91524,2,0,0.0
92321,4,0,0.0
92806,1,0,0.0
92940,1,0,0.0
84137,1,0,0.0
85597,1,0,0.0
85721,47,0,0.0
87326,1,0,0.0
88377,1,0,0.0
88547,1,0,0.0
89601,1,0,0.0
89669,2,0,0.0
90973,3,0,0.0
84251,1,0,0.0
84371,6,0,0.0
86559,7,0,0.0
86617,4,0,0.0
86819,1,0,0.0
87393,3,0,0.0
87509,4,0,0.0
89689,2,0,0.0
91797,2,0,0.0
84349,1,0,0.0
86004,2,0,0.0
86125,1,0,0.0
86439,1,0,0.0
86552,2,0,0.0
88878,1,0,0.0
89065,2,0,0.0
90068,2,0,0.0
94851,1,0,0.0
95080,1,0,0.0
95476,1,0,0.0
96224,1,0,0.0
96469,2,0,0.0
99786,3,0,0.0
99861,3,0,0.0
93633,14,0,0.0
96290,1,0,0.0
96415,2,0,0.0
98464,1,0,0.0
100068,4,0,0.0
93431,3,0,0.0
94283,1,0,0.0
94284,1,0,0.0
94792,2,0,0.0
96382,1,0,0.0
97180,3,0,0.0
97435,1,0,0.0
98521,3,0,0.0
99630,1,0,0.0
100102,10,0,0.0
97181,1,0,0.0
93556,1,0,0.0
94846,1,0,0.0
94918,2,0,0.0
95334,2,0,0.0
96098,3,0,0.0
96369,1,0,0.0
94078,3,0,0.0
96212,2,0,0.0
97358,1,0,0.0
99616,1,0,0.0
93391,1,0,0.0
94729,3,0,0.0
97956,1,0,0.0
98896,10,0,0.0
99547,6,0,0.0
100074,1,0,0.0
93065,2,0,0.0
94306,1,0,0.0
94576,1,0,0.0
95970,1,0,0.0
99546,3,0,0.0
93100,1,0,0.0
94257,3,0,0.0
96770,2,0,0.0
97417,4,0,0.0
97686,1,0,0.0
99721,1,0,0.0
94575,8,0,0.0
95561,1,0,0.0
96839,1,0,0.0
97017,2,0,0.0
97665,5,0,0.0
97685,1,0,0.0
98578,2,0,0.0
99383,38,0,0.0
93018,1,0,0.0
95768,6,0,0.0
96676,1,0,0.0
98524,1,0,0.0
98738,1,0,0.0
99519,1,0,0.0
93041,1,0,0.0
95810,1,0,0.0
96731,5,0,0.0
97036,2,0,0.0
93762,7,0,0.0
95254,3,0,0.0
97853,1,0,0.0
99958,1,0,0.0
93568,4,0,0.0
93950,10,0,0.0
94099,3,0,0.0
95202,1,0,0.0
95457,1,0,0.0
96134,2,0,0.0
98089,1,0,0.0
94028,3,0,0.0
95313,3,0,0.0
96334,1,0,0.0
97541,1,0,0.0
98094,11,0,0.0
98432,1,0,0.0
93570,3,0,0.0
94159,2,0,0.0
94292,2,0,0.0
94455,2,0,0.0
95788,1,0,0.0
96926,3,0,0.0
97043,1,0,0.0
97620,1,0,0.0
99684,1,0,0.0
99834,2,0,0.0
93702,10,0,0.0
95853,31,0,0.0
97319,8,0,0.0
98437,5,0,0.0
99796,8,0,0.0
93863,2,0,0.0
94405,2,0,0.0
95575,1,0,0.0
97583,5,0,0.0
93565,1,0,0.0
98111,2,0,0.0
100098,1,0,0.0
93733,1,0,0.0
95621,4,0,0.0
93413,1,0,0.0
94013,1,0,0.0
94502,2,0,0.0
95097,6,0,0.0
98642,81,0,0.0
98993,11,0,0.0
99260,2,0,0.0
93017,2,0,0.0
93680,48,0,0.0
93759,1,0,0.0
93855,4,0,0.0
94003,2,0,0.0
94442,5,0,0.0
94469,23,0,0.0
95081,2,0,0.0
95130,6,0,0.0
97606,9,0,0.0
98115,11,0,0.0
98711,4,0,0.0
98921,10,0,0.0
99752,3,0,0.0
99806,1,0,0.0
93666,6,0,0.0
94341,10,0,0.0
95079,3,0,0.0
98967,1,0,0.0
99056,1,0,0.0
93547,1,0,0.0
94535,13,0,0.0
94863,1,0,0.0
94971,1,0,0.0
95045,2,0,0.0
95287,1,0,0.0
95300,1,0,0.0
95677,1,0,0.0
96962,33,0,0.0
97107,14,0,0.0
98672,1,0,0.0
94447,3,0,0.0
95311,4,0,0.0
98190,1,0,0.0
98215,2,0,0.0
99319,1,0,0.0
95365,6,0,0.0
96125,1,0,0.0
96188,1,0,0.0
98475,6,0,0.0
98767,4,0,0.0
100054,14,0,0.0
98961,1,0,0.0
93126,49,0,0.0
94372,1,0,0.0
96291,3,0,0.0
97487,1,0,0.0
98983,4,0,0.0
99787,2,0,0.0
93824,1,0,0.0
95459,9,0,0.0
95939,1,0,0.0
96683,7,0,0.0
99746,21,0,0.0
94242,1,0,0.0
95212,2,0,0.0
96321,2,0,0.0
93542,1,0,0.0
94899,8,0,0.0
94933,1,0,0.0
97293,2,0,0.0
97455,3,0,0.0
98293,1,0,0.0
93747,5,0,0.0
95876,4,0,0.0
96249,2,0,0.0
96597,12,0,0.0
98062,3,0,0.0
93847,2,0,0.0
94297,2,0,0.0
94964,5,0,0.0
96234,16,0,0.0
97359,3,0,0.0
98778,33,0,0.0
99386,1,0,0.0
99426,1,0,0.0
93903,20,0,0.0
94999,1,0,0.0
96281,1,0,0.0
97976,22,0,0.0
99326,2,0,0.0
93263,2,0,0.0
93353,1,0,0.0
93358,1,0,0.0
94105,1,0,0.0
99097,1,0,0.0
99149,1,0,0.0
99665,4,0,0.0
92994,2,0,0.0
95026,10,0,0.0
97466,1,0,0.0
97533,1,0,0.0
98250,13,0,0.0
98827,1,0,0.0
99091,1,0,0.0
99867,1,0,0.0
100060,1,0,0.0
95829,1,0,0.0
96288,5,0,0.0
96994,1,0,0.0
97926,4,0,0.0
99812,4,0,0.0
100050,1,0,0.0
93199,5,0,0.0
93591,1,0,0.0
93760,5,0,0.0
95227,1,0,0.0
95386,20,0,0.0
97431,1,0,0.0
98658,18,0,0.0
95172,2,0,0.0
95250,16,0,0.0
95719,2,0,0.0
99147,2,0,0.0
99772,1,0,0.0
93382,1,0,0.0
93475,1,0,0.0
93584,3,0,0.0
96912,1,0,0.0
96966,1,0,0.0
97149,1,0,0.0
97608,3,0,0.0
98757,1,0,0.0
99863,11,0,0.0
93560,1,0,0.0
93861,1,0,0.0
94693,10,0,0.0
96891,1,0,0.0
93201,13,0,0.0
94446,1,0,0.0
94458,4,0,0.0
96552,1,0,0.0
97076,6,0,0.0
97251,2,0,0.0
98591,9,0,0.0
98763,1,0,0.0
99882,4,0,0.0
99707,1,0,0.0
99922,5,0,0.0
93273,1,0,0.0
94097,1,0,0.0
94298,1,0,0.0
94993,1,0,0.0
95705,21,0,0.0
96858,2,0,0.0
97481,7,0,0.0
97553,7,0,0.0
99190,17,0,0.0
93878,7,0,0.0
94182,1,0,0.0
94834,13,0,0.0
98874,3,0,0.0
96646,1,0,0.0
96721,3,0,0.0
96732,3,0,0.0
97445,12,0,0.0
97793,10,0,0.0
98758,26,0,0.0
99110,2,0,0.0
93298,2,0,0.0
94131,2,0,0.0
94972,3,0,0.0
95159,31,0,0.0
96115,11,0,0.0
96877,1,0,0.0
97696,14,0,0.0
97839,40,0,0.0
98328,1,0,0.0
93313,1,0,0.0
95226,1,0,0.0
96258,1,0,0.0
97616,2,0,0.0
98415,3,0,0.0
94052,1,0,0.0
98830,1,0,0.0
99106,33,0,0.0
99415,1,0,0.0
100078,9,0,0.0
93799,1,0,0.0
94730,1,0,0.0
95207,5,0,0.0
96082,2,0,0.0
97957,1,0,0.0
98722,1,0,0.0
99240,2,0,0.0
93919,1,0,0.0
93928,1,0,0.0
95534,6,0,0.0
96232,25,0,0.0
96244,1,0,0.0
96959,2,0,0.0
94035,1,0,0.0
94125,2,0,0.0
94631,3,0,0.0
96175,10,0,0.0
97288,1,0,0.0
98058,7,0,0.0
99749,5,0,0.0
93994,1,0,0.0
94325,1,0,0.0
97196,10,0,0.0
97946,1,0,0.0
99742,1,0,0.0
99919,24,0,0.0
96429,1,0,0.0
98088,1,0,0.0
98445,3,0,0.0
99798,12,0,0.0
99804,1,0,0.0
94997,1,0,0.0
95327,5,0,0.0
95475,4,0,0.0
95593,1,0,0.0
95620,6,0,0.0
96798,1,0,0.0
97254,3,0,0.0
97648,1,0,0.0
99403,1,0,0.0
99828,4,0,0.0
99909,9,0,0.0
97563,14,0,0.0
99482,7,0,0.0
99783,1,0,0.0
94515,38,0,0.0
94935,1,0,0.0
95194,1,0,0.0
95969,11,0,0.0
96009,18,0,0.0
96576,1,0,0.0
97083,1,0,0.0
97164,1,0,0.0
98336,15,0,0.0
99146,7,0,0.0
93508,5,0,0.0
97883,1,0,0.0
99299,4,0,0.0
99740,4,0,0.0
94365,1,0,0.0
95625,1,0,0.0
95161,2,0,0.0
96589,1,0,0.0
98570,1,0,0.0
98774,1,0,0.0
93185,6,0,0.0
94406,2,0,0.0
94412,2,0,0.0
98343,5,0,0.0
93582,1,0,0.0
93637,1,0,0.0
94483,4,0,0.0
95001,3,0,0.0
95863,1,0,0.0
96306,1,0,0.0
99961,1,0,0.0
93780,8,0,0.0
94616,2,0,0.0
94970,1,0,0.0
95007,2,0,0.0
95094,6,0,0.0
97078,1,0,0.0
98506,13,0,0.0
98590,2,0,0.0
99164,2,0,0.0
93381,1,0,0.0
94344,3,0,0.0
95006,3,0,0.0
95071,2,0,0.0
95555,3,0,0.0
95904,9,0,0.0
97156,1,0,0.0
97405,4,0,0.0
97748,1,0,0.0
98972,7,0,0.0
96902,1,0,0.0
98200,7,0,0.0
93405,12,0,0.0
96702,5,0,0.0
97490,1,0,0.0
98471,12,0,0.0
98805,2,0,0.0
93228,1,0,0.0
93959,6,0,0.0
93989,2,0,0.0
94398,4,0,0.0
94956,1,0,0.0
96323,22,0,0.0
96657,30,0,0.0
94087,8,0,0.0
95191,51,0,0.0
96310,7,0,0.0
96755,2,0,0.0
96940,18,0,0.0
97507,2,0,0.0
99255,17,0,0.0
99584,3,0,0.0
99802,2,0,0.0
95361,5,0,0.0
95601,2,0,0.0
96525,6,0,0.0
96532,7,0,0.0
98156,20,0,0.0
98846,1,0,0.0
99345,45,0,0.0
94361,1,0,0.0
94527,2,0,0.0
96502,2,0,0.0
96782,2,0,0.0
97944,2,0,0.0
98834,1,0,0.0
99381,1,0,0.0
99859,1,0,0.0
93252,1,0,0.0
97727,1,0,0.0
99874,1,0,0.0
99883,1,0,0.0
93748,1,0,0.0
93870,15,0,0.0
94739,2,0,0.0
96274,2,0,0.0
99432,6,0,0.0
94090,3,0,0.0
94438,1,0,0.0
96592,26,0,0.0
97798,8,0,0.0
99998,1,0,0.0
94462,1,0,0.0
94499,3,0,0.0
94685,2,0,0.0
94711,1,0,0.0
95047,2,0,0.0
93745,1,0,0.0
94529,2,0,0.0
94766,3,0,0.0
94786,1,0,0.0
98042,3,0,0.0
99248,2,0,0.0
99258,1,0,0.0
99695,5,0,0.0
93305,18,0,0.0
93628,2,0,0.0
94048,2,0,0.0
94544,1,0,0.0
98084,2,0,0.0
92973,1,0,0.0
95111,4,0,0.0
95610,2,0,0.0
95962,13,0,0.0
97979,1,0,0.0
98131,2,0,0.0
99150,2,0,0.0
99523,1,0,0.0
99634,5,0,0.0
99723,1,0,0.0
93960,3,0,0.0
94583,2,0,0.0
94818,2,0,0.0
95498,9,0,0.0
96679,1,0,0.0
99155,1,0,0.0
93811,2,0,0.0
94580,1,0,0.0
96465,1,0,0.0
98226,2,0,0.0
94644,1,0,0.0
96528,2,0,0.0
97526,5,0,0.0
97943,16,0,0.0
98747,1,0,0.0
98790,3,0,0.0
93472,2,0,0.0
93515,3,0,0.0
94179,1,0,0.0
94253,5,0,0.0
95987,8,0,0.0
96191,4,0,0.0
98151,2,0,0.0
98484,5,0,0.0
98755,5,0,0.0
98883,33,0,0.0
99353,6,0,0.0
99915,10,0,0.0
95547,3,0,0.0
96298,1,0,0.0
96686,2,0,0.0
92965,1,0,0.0
93659,44,0,0.0
94075,1,0,0.0
95046,2,0,0.0
95160,2,0,0.0
99277,4,0,0.0
93540,1,0,0.0
94394,1,0,0.0
94673,1,0,0.0
96102,1,0,0.0
96822,1,0,0.0
99199,1,0,0.0
93277,4,0,0.0
93665,1,0,0.0
94167,11,0,0.0
94618,1,0,0.0
97373,1,0,0.0
97517,1,0,0.0
97520,5,0,0.0
98043,1,0,0.0
98941,1,0,0.0
100071,1,0,0.0
93700,4,0,0.0
93866,1,0,0.0
93922,8,0,0.0
94333,5,0,0.0
98236,1,0,0.0
99162,1,0,0.0
96849,13,0,0.0
97287,1,0,0.0
98409,1,0,0.0
99714,1,0,0.0
93651,2,0,0.0
94270,6,0,0.0
95442,8,0,0.0
97522,6,0,0.0
98427,1,0,0.0
98808,1,0,0.0
99926,1,0,0.0
94436,3,0,0.0
94659,6,0,0.0
95499,1,0,0.0
98517,16,0,0.0
99441,27,0,0.0
93603,4,0,0.0
94705,4,0,0.0
95703,12,0,0.0
96008,1,0,0.0
93395,2,0,0.0
93576,8,0,0.0
95263,5,0,0.0
95825,2,0,0.0
95989,1,0,0.0
97243,6,0,0.0
97663,4,0,0.0
98189,2,0,0.0
98302,1,0,0.0
98775,48,0,0.0
99484,25,0,0.0
93258,2,0,0.0
94289,2,0,0.0
94955,4,0,0.0
95924,1,0,0.0
95981,2,0,0.0
97924,1,0,0.0
98149,43,0,0.0
98857,10,0,0.0
93350,1,0,0.0
93947,1,0,0.0
94943,8,0,0.0
95135,6,0,0.0
95320,1,0,0.0
96010,12,0,0.0
96566,3,0,0.0
97339,2,0,0.0
98796,2,0,0.0
98934,1,0,0.0
99687,6,0,0.0
93003,4,0,0.0
93170,8,0,0.0
94682,4,0,0.0
95930,2,0,0.0
96065,1,0,0.0
97388,6,0,0.0
99473,5,0,0.0
99582,1,0,0.0
93906,25,0,0.0
94884,9,0,0.0
98732,1,0,0.0
99891,1,0,0.0
93280,1,0,0.0
95985,2,0,0.0
96548,18,0,0.0
97638,1,0,0.0
93230,4,0,0.0
94154,3,0,0.0
95167,5,0,0.0
98231,2,0,0.0
99997,6,0,0.0
95892,2,0,0.0
97245,1,0,0.0
97694,2,0,0.0
97871,6,0,0.0
99358,2,0,0.0
92989,3,0,0.0
94082,1,0,0.0
94836,3,0,0.0
95109,3,0,0.0
95473,4,0,0.0
95977,8,0,0.0
97125,1,0,0.0
97446,3,0,0.0
97604,7,0,0.0
98228,1,0,0.0
98668,1,0,0.0
99503,4,0,0.0
94998,1,0,0.0
95743,1,0,0.0
97082,9,0,0.0
97712,2,0,0.0
97967,1,0,0.0
99166,2,0,0.0
99916,2,0,0.0
100046,1,0,0.0
93328,1,0,0.0
94758,1,0,0.0
95704,1,0,0.0
96203,10,0,0.0
96210,1,0,0.0
93268,2,0,0.0
96227,6,0,0.0
99180,1,0,0.0
99847,1,0,0.0
93479,5,0,0.0
93681,1,0,0.0
94171,6,0,0.0
95399,2,0,0.0
95441,1,0,0.0
98235,9,0,0.0
98707,1,0,0.0
93657,2,0,0.0
96680,1,0,0.0
96906,16,0,0.0
97021,29,0,0.0
97399,1,0,0.0
98416,2,0,0.0
99411,2,0,0.0
99472,1,0,0.0
93779,8,0,0.0
94318,6,0,0.0
94670,1,0,0.0
96623,28,0,0.0
98310,1,0,0.0
99885,1,0,0.0
96307,1,0,0.0
97866,4,0,0.0
99253,1,0,0.0
99629,1,0,0.0
99820,2,0,0.0
95078,2,0,0.0
97006,8,0,0.0
93011,1,0,0.0
93147,1,0,0.0
93735,1,0,0.0
96146,3,0,0.0
99946,8,0,0.0
95223,6,0,0.0
95722,19,0,0.0
96030,8,0,0.0
99209,2,0,0.0
93327,1,0,0.0
94317,2,0,0.0
94511,2,0,0.0
94991,1,0,0.0
97147,1,0,0.0
98849,1,0,0.0
98982,1,0,0.0
99365,5,0,0.0
99939,2,0,0.0
93223,1,0,0.0
95147,5,0,0.0
95607,10,0,0.0
96394,3,0,0.0
96396,3,0,0.0
98585,2,0,0.0
93007,1,0,0.0
93153,2,0,0.0
93545,1,0,0.0
93829,17,0,0.0
94426,4,0,0.0
94770,3,0,0.0
94881,5,0,0.0
95658,3,0,0.0
96564,1,0,0.0
97272,1,0,0.0
97283,23,0,0.0
97788,1,0,0.0
98855,1,0,0.0
99831,1,0,0.0
94335,5,0,0.0
94456,18,0,0.0
94697,1,0,0.0
95141,1,0,0.0
95591,5,0,0.0
95980,3,0,0.0
97026,3,0,0.0
97306,5,0,0.0
98516,1,0,0.0
98626,7,0,0.0
99014,16,0,0.0
99978,2,0,0.0
99986,4,0,0.0
93249,2,0,0.0
94172,7,0,0.0
95512,1,0,0.0
95734,5,0,0.0
99105,1,0,0.0
93034,2,0,0.0
95103,1,0,0.0
95567,1,0,0.0
98534,3,0,0.0
98676,4,0,0.0
99398,8,0,0.0
93332,1,0,0.0
93976,3,0,0.0
99049,1,0,0.0
93205,9,0,0.0
93450,1,0,0.0
93564,13,0,0.0
93983,3,0,0.0
95190,12,0,0.0
95286,1,0,0.0
97518,2,0,0.0
97739,5,0,0.0
98655,1,0,0.0
98696,3,0,0.0
99646,8,0,0.0
99857,8,0,0.0
92988,12,0,0.0
97013,1,0,0.0
98539,2,0,0.0
99565,11,0,0.0
95941,1,0,0.0
97528,1,0,0.0
97734,3,0,0.0
97958,1,0,0.0
99271,1,0,0.0
99290,15,0,0.0
94142,40,0,0.0
94470,35,0,0.0
94984,4,0,0.0
96211,12,0,0.0
96735,1,0,0.0
96856,9,0,0.0
97226,4,0,0.0
97597,2,0,0.0
97948,1,0,0.0
98029,7,0,0.0
98044,2,0,0.0
98640,1,0,0.0
97458,12,0,0.0
99090,15,0,0.0
100139,1,0,0.0
93559,5,0,0.0
93621,4,0,0.0
94704,4,0,0.0
96412,17,0,0.0
98197,2,0,0.0
98375,1,0,0.0
98737,1,0,0.0
99291,2,0,0.0
99925,1,0,0.0
93765,3,0,0.0
95082,3,0,0.0
95538,27,0,0.0
96137,9,0,0.0
97495,11,0,0.0
93040,40,0,0.0
93410,30,0,0.0
93867,2,0,0.0
95289,2,0,0.0
97055,1,0,0.0
94005,1,0,0.0
97611,1,0,0.0
98405,8,0,0.0
93253,2,0,0.0
93337,2,0,0.0
93753,2,0,0.0
94460,13,0,0.0
95391,1,0,0.0
95909,20,0,0.0
95944,2,0,0.0
96889,2,0,0.0
97589,6,0,0.0
98613,1,0,0.0
98693,1,0,0.0
99457,1,0,0.0
93227,1,0,0.0
93355,1,0,0.0
94736,1,0,0.0
96832,9,0,0.0
99476,3,0,0.0
99614,1,0,0.0
94811,18,0,0.0
95308,3,0,0.0
95544,4,0,0.0
95692,1,0,0.0
95836,13,0,0.0
96012,17,0,0.0
96957,10,0,0.0
98387,1,0,0.0
98490,4,0,0.0
92992,1,0,0.0
94149,10,0,0.0
95670,18,0,0.0
96233,7,0,0.0
96473,2,0,0.0
97117,5,0,0.0
93668,1,0,0.0
93955,14,0,0.0
93956,6,0,0.0
96116,1,0,0.0
98548,19,0,0.0
95025,16,0,0.0
96876,8,0,0.0
97384,6,0,0.0
95273,3,0,0.0
96609,1,0,0.0
94062,6,0,0.0
94334,1,0,0.0
94666,9,0,0.0
95166,8,0,0.0
95256,1,0,0.0
95372,1,0,0.0
96401,1,0,0.0
98803,3,0,0.0
99113,1,0,0.0
100089,1,0,0.0
93933,2,0,0.0
94034,1,0,0.0
94098,1,0,0.0
94476,1,0,0.0
95258,1,0,0.0
96365,2,0,0.0
99688,1,0,0.0
99756,2,0,0.0
93509,6,0,0.0
93854,1,0,0.0
94601,1,0,0.0
94700,1,0,0.0
94749,1,0,0.0
94917,1,0,0.0
96536,2,0,0.0
97115,1,0,0.0
97195,2,0,0.0
98289,40,0,0.0
98507,12,0,0.0
99285,11,0,0.0
93923,6,0,0.0
94519,2,0,0.0
94617,11,0,0.0
95890,2,0,0.0
97106,8,0,0.0
97220,1,0,0.0
97787,2,0,0.0
98502,4,0,0.0
98606,3,0,0.0
98933,54,0,0.0
99423,2,0,0.0
99551,12,0,0.0
100056,1,0,0.0
100137,17,0,0.0
93063,1,0,0.0
93490,6,0,0.0
95243,1,0,0.0
97111,2,0,0.0
97880,1,0,0.0
98358,24,0,0.0
98462,2,0,0.0
99643,1,0,0.0
99836,3,0,0.0
99850,1,0,0.0
93363,1,0,0.0
94421,1,0,0.0
95010,31,0,0.0
97881,16,0,0.0
99078,4,0,0.0
93541,3,0,0.0
94574,3,0,0.0
94629,4,0,0.0
94742,2,0,0.0
94896,11,0,0.0
95525,2,0,0.0
96461,1,0,0.0
97311,4,0,0.0
99045,5,0,0.0
93730,3,0,0.0
95249,1,0,0.0
95983,2,0,0.0
96208,5,0,0.0
97761,8,0,0.0
99791,1,0,0.0
93312,8,0,0.0
95714,25,0,0.0
96117,2,0,0.0
97531,1,0,0.0
99042,4,0,0.0
99318,5,0,0.0
94008,1,0,0.0
94250,1,0,0.0
94850,10,0,0.0
95833,1,0,0.0
96773,10,0,0.0
96942,1,0,0.0
98179,1,0,0.0
98681,6,0,0.0
94158,1,0,0.0
97121,8,0,0.0
97317,5,0,0.0
97593,2,0,0.0
98929,1,0,0.0
99897,2,0,0.0
93650,6,0,0.0
94024,1,0,0.0
94475,13,0,0.0
94518,6,0,0.0
94701,18,0,0.0
95234,3,0,0.0
95727,5,0,0.0
96499,1,0,0.0
97209,1,0,0.0
97396,5,0,0.0
97693,2,0,0.0
99559,6,0,0.0
93060,13,0,0.0
93688,1,0,0.0
93992,16,0,0.0
94299,1,0,0.0
94981,1,0,0.0
95064,1,0,0.0
95600,7,0,0.0
97519,1,0,0.0
99197,34,0,0.0
99283,1,0,0.0
93909,1,0,0.0
98740,2,0,0.0
98928,1,0,0.0
99858,5,0,0.0
93595,2,0,0.0
93699,10,0,0.0
93786,1,0,0.0
94315,3,0,0.0
94895,12,0,0.0
95276,4,0,0.0
95752,2,0,0.0
96032,4,0,0.0
96332,10,0,0.0
97667,6,0,0.0
97877,1,0,0.0
98537,2,0,0.0
93045,8,0,0.0
93972,1,0,0.0
95665,1,0,0.0
96123,3,0,0.0
97337,1,0,0.0
97930,6,0,0.0
98420,3,0,0.0
98807,1,0,0.0
99132,12,0,0.0
99840,29,0,0.0
93140,4,0,0.0
93857,5,0,0.0
96788,5,0,0.0
97582,8,0,0.0
99075,2,0,0.0
99264,2,0,0.0
99884,1,0,0.0
93817,4,0,0.0
94095,3,0,0.0
96480,1,0,0.0
96797,2,0,0.0
98968,25,0,0.0
95998,1,0,0.0
97130,1,0,0.0
97852,1,0,0.0
98717,2,0,0.0
99380,2,0,0.0
93773,3,0,0.0
94431,3,0,0.0
96714,1,0,0.0
98466,7,0,0.0
93660,18,0,0.0
94018,1,0,0.0
94094,10,0,0.0
95736,1,0,0.0
96335,5,0,0.0
96925,1,0,0.0
98605,1,0,0.0
99437,1,0,0.0
93652,1,0,0.0
97110,2,0,0.0
97331,1,0,0.0
93167,1,0,0.0
94975,2,0,0.0
95762,8,0,0.0
96414,4,0,0.0
96881,3,0,0.0
99683,1,0,0.0
92999,2,0,0.0
95483,1,0,0.0
96645,10,0,0.0
96715,2,0,0.0
98899,4,0,0.0
93844,2,0,0.0
94498,3,0,0.0
97351,12,0,0.0
97482,2,0,0.0
97637,15,0,0.0
99716,16,0,0.0
99889,1,0,0.0
93329,1,0,0.0
95782,1,0,0.0
97612,7,0,0.0
98714,1,0,0.0
98733,1,0,0.0
98847,1,0,0.0
99181,2,0,0.0
99377,4,0,0.0
92983,4,0,0.0
93021,3,0,0.0
93069,1,0,0.0
93178,1,0,0.0
93522,5,0,0.0
95246,21,0,0.0
96406,1,0,0.0
96742,2,0,0.0
97165,2,0,0.0
98034,1,0,0.0
98095,25,0,0.0
98930,1,0,0.0
99243,1,0,0.0
95511,9,0,0.0
96470,1,0,0.0
97545,1,0,0.0
99011,2,0,0.0
99844,2,0,0.0
93225,3,0,0.0
94953,9,0,0.0
95378,2,0,0.0
97140,2,0,0.0
97674,3,0,0.0
98801,1,0,0.0
98910,1,0,0.0
99880,9,0,0.0
99910,4,0,0.0
96255,1,0,0.0
96349,1,0,0.0
99246,4,0,0.0
99469,1,0,0.0
100147,14,0,0.0
94218,1,0,0.0
94761,2,0,0.0
96485,5,0,0.0
97378,1,0,0.0
97779,1,0,0.0
98319,3,0,0.0
94360,3,0,0.0
94410,9,0,0.0
97516,1,0,0.0
97532,1,0,0.0
98604,1,0,0.0
93671,1,0,0.0
94046,1,0,0.0
94906,2,0,0.0
95373,1,0,0.0
95530,1,0,0.0
97000,1,0,0.0
98842,1,0,0.0
99809,2,0,0.0
93412,3,0,0.0
94264,2,0,0.0
96068,1,0,0.0
98086,6,0,0.0
98493,4,0,0.0
100030,4,0,0.0
97350,1,0,0.0
98262,6,0,0.0
99410,1,0,0.0
93050,2,0,0.0
93807,1,0,0.0
94622,27,0,0.0
95885,15,0,0.0
98428,1,0,0.0
94437,2,0,0.0
98822,1,0,0.0
93372,8,0,0.0
93586,3,0,0.0
94354,2,0,0.0
95029,4,0,0.0
95213,1,0,0.0
96250,27,0,0.0
96687,1,0,0.0
98682,7,0,0.0
99312,11,0,0.0
93281,1,0,0.0
93679,10,0,0.0
93971,1,0,0.0
95324,15,0,0.0
95463,2,0,0.0
98054,1,0,0.0
98779,3,0,0.0
98944,9,0,0.0
99115,11,0,0.0
99964,6,0,0.0
92955,1,0,0.0
93525,1,0,0.0
94093,1,0,0.0
95408,1,0,0.0
96179,3,0,0.0
96743,1,0,0.0
96993,1,0,0.0
97053,4,0,0.0
98792,6,0,0.0
98799,2,0,0.0
99720,1,0,0.0
100012,5,0,0.0
93248,1,0,0.0
94189,1,0,0.0
94783,1,0,0.0
97896,4,0,0.0
98121,1,0,0.0
98183,1,0,0.0
98301,1,0,0.0
94073,1,0,0.0
94904,2,0,0.0
95576,1,0,0.0
96627,2,0,0.0
97903,2,0,0.0
99109,8,0,0.0
96148,4,0,0.0
96444,2,0,0.0
99004,3,0,0.0
99032,2,0,0.0
99278,2,0,0.0
96741,2,0,0.0
97277,1,0,0.0
97654,1,0,0.0
97728,10,0,0.0
98140,7,0,0.0
98488,1,0,0.0
95605,15,0,0.0
96859,1,0,0.0
97136,1,0,0.0
98214,1,0,0.0
98913,1,0,0.0
99805,1,0,0.0
100143,6,0,0.0
94214,1,0,0.0
95317,8,0,0.0
96091,1,0,0.0
96938,1,0,0.0
96613,17,0,0.0
96615,16,0,0.0
97441,1,0,0.0
98436,2,0,0.0
99652,1,0,0.0
93709,3,0,0.0
96174,1,0,0.0
96718,1,0,0.0
97716,1,0,0.0
98105,1,0,0.0
98254,3,0,0.0
99196,1,0,0.0
99628,1,0,0.0
93558,1,0,0.0
93610,1,0,0.0
96385,1,0,0.0
96505,15,0,0.0
97097,1,0,0.0
97104,1,0,0.0
99087,1,0,0.0
99400,8,0,0.0
95037,1,0,0.0
97753,1,0,0.0
98873,5,0,0.0
99669,52,0,0.0
96608,10,0,0.0
97282,1,0,0.0
95015,1,0,0.0
95215,1,0,0.0
96040,3,0,0.0
96336,1,0,0.0
96690,2,0,0.0
99583,13,0,0.0
99736,4,0,0.0
93232,4,0,0.0
95252,9,0,0.0
96340,5,0,0.0
97920,1,0,0.0
99927,1,0,0.0
93690,1,0,0.0
94516,1,0,0.0
96283,1,0,0.0
96762,2,0,0.0
97207,5,0,0.0
100015,2,0,0.0
93373,6,0,0.0
94897,1,0,0.0
95307,3,0,0.0
95887,10,0,0.0
96681,6,0,0.0
98193,3,0,0.0
94174,1,0,0.0
94301,6,0,0.0
96275,2,0,0.0
97187,2,0,0.0
97477,5,0,0.0
98549,15,0,0.0
94531,4,0,0.0
94690,4,0,0.0
95178,2,0,0.0
99751,8,0,0.0
93320,4,0,0.0
98695,19,0,0.0
99140,1,0,0.0
99154,6,0,0.0
94603,1,0,0.0
96467,5,0,0.0
96535,4,0,0.0
97313,1,0,0.0
98723,17,0,0.0
98802,4,0,0.0
99315,4,0,0.0
93629,11,0,0.0
95032,3,0,0.0
96944,32,0,0.0
97529,4,0,0.0
99308,7,0,0.0
99664,1,0,0.0
99675,30,0,0.0
93827,31,0,0.0
93849,1,0,0.0
94757,2,0,0.0
94817,7,0,0.0
98100,3,0,0.0
94487,1,0,0.0
95502,1,0,0.0
96754,8,0,0.0
97025,1,0,0.0
97730,29,0,0.0
99531,2,0,0.0
94497,4,0,0.0
94983,7,0,0.0
95098,4,0,0.0
95387,4,0,0.0
95806,53,0,0.0
98666,1,0,0.0
98952,5,0,0.0
99533,4,0,0.0
99655,31,0,0.0
100037,2,0,0.0
93483,3,0,0.0
93497,1,0,0.0
94362,9,0,0.0
93732,4,0,0.0
93793,1,0,0.0
95346,22,0,0.0
96774,2,0,0.0
97269,4,0,0.0
98407,1,0,0.0
93068,11,0,0.0
94119,1,0,0.0
94187,7,0,0.0
94375,1,0,0.0
94804,2,0,0.0
96095,9,0,0.0
96238,3,0,0.0
96325,1,0,0.0
96379,15,0,0.0
96746,54,0,0.0
97535,4,0,0.0
97972,1,0,0.0
101094,2,0,0.0
101475,9,0,0.0
103747,1,0,0.0
104053,39,0,0.0
100220,10,0,0.0
100570,2,0,0.0
101362,2,0,0.0
101781,1,0,0.0
102982,1,0,0.0
101872,2,0,0.0
102430,2,0,0.0
102816,4,0,0.0
103638,1,0,0.0
103918,2,0,0.0
104187,2,0,0.0
100936,1,0,0.0
102391,2,0,0.0
103880,8,0,0.0
104244,2,0,0.0
100600,1,0,0.0
100646,1,0,0.0
100773,1,0,0.0
103648,7,0,0.0
104394,7,0,0.0
100279,1,0,0.0
104042,1,0,0.0
101595,23,0,0.0
103139,6,0,0.0
103876,35,0,0.0
104242,70,0,0.0
101478,1,0,0.0
101994,1,0,0.0
104295,12,0,0.0
100788,5,0,0.0
101090,3,0,0.0
102109,1,0,0.0
100442,1,0,0.0
100711,1,0,0.0
101141,2,0,0.0
101871,12,0,0.0
103007,1,0,0.0
103221,3,0,0.0
103804,1,0,0.0
104075,12,0,0.0
102257,1,0,0.0
103090,22,0,0.0
100425,1,0,0.0
100486,2,0,0.0
100822,2,0,0.0
101018,17,0,0.0
101370,2,0,0.0
103435,1,0,0.0
103652,16,0,0.0
100480,1,0,0.0
101438,1,0,0.0
102680,2,0,0.0
101009,1,0,0.0
102371,2,0,0.0
102584,7,0,0.0
103084,3,0,0.0
102514,2,0,0.0
103710,1,0,0.0
100437,1,0,0.0
101597,1,0,0.0
101878,7,0,0.0
102687,4,0,0.0
101965,1,0,0.0
101087,1,0,0.0
101283,1,0,0.0
102404,2,0,0.0
102418,15,0,0.0
103623,6,0,0.0
100955,1,0,0.0
104089,2,0,0.0
104153,1,0,0.0
104298,2,0,0.0
102935,29,0,0.0
103147,1,0,0.0
103182,6,0,0.0
103685,1,0,0.0
102177,5,0,0.0
103908,1,0,0.0
100291,19,0,0.0
102431,1,0,0.0
102597,1,0,0.0
102624,3,0,0.0
104206,1,0,0.0
101129,1,0,0.0
102599,1,0,0.0
102779,2,0,0.0
102993,3,0,0.0
102843,48,0,0.0
103431,21,0,0.0
104128,1,0,0.0
100459,4,0,0.0
101984,18,0,0.0
102023,6,0,0.0
103705,3,0,0.0
100865,1,0,0.0
101284,12,0,0.0
102759,23,0,0.0
100185,11,0,0.0
100564,6,0,0.0
101553,1,0,0.0
104194,1,0,0.0
101163,1,0,0.0
101927,2,0,0.0
100587,3,0,0.0
100838,11,0,0.0
101445,4,0,0.0
102126,5,0,0.0
103576,1,0,0.0
102069,1,0,0.0
102537,10,0,0.0
103399,1,0,0.0
104339,1,0,0.0
103192,1,0,0.0
103879,1,0,0.0
100181,1,0,0.0
102419,6,0,0.0
103664,1,0,0.0
103715,1,0,0.0
101007,31,0,0.0
102074,11,0,0.0
102585,1,0,0.0
103561,1,0,0.0
103626,2,0,0.0
104271,5,0,0.0
101050,1,0,0.0
101202,2,0,0.0
102255,5,0,0.0
102743,9,0,0.0
103273,1,0,0.0
100150,12,0,0.0
100288,1,0,0.0
101547,1,0,0.0
102682,1,0,0.0
103385,14,0,0.0
103839,1,0,0.0
100424,2,0,0.0
100729,1,0,0.0
101624,3,0,0.0
103122,9,0,0.0
104253,12,0,0.0
102724,1,0,0.0
104094,4,0,0.0
100341,1,0,0.0
102920,5,0,0.0
103085,1,0,0.0
103260,3,0,0.0
100566,1,0,0.0
101004,4,0,0.0
101355,5,0,0.0
102301,1,0,0.0
103563,1,0,0.0
100559,12,0,0.0
101605,2,0,0.0
102510,1,0,0.0
102526,1,0,0.0
102792,1,0,0.0
104086,1,0,0.0
104156,4,0,0.0
104212,3,0,0.0
101526,4,0,0.0
102620,4,0,0.0
103727,9,0,0.0
103827,1,0,0.0
104173,6,0,0.0
101665,6,0,0.0
102913,1,0,0.0
103594,1,0,0.0
101309,5,0,0.0
101748,7,0,0.0
102083,11,0,0.0
102396,2,0,0.0
103667,1,0,0.0
102721,2,0,0.0
102737,5,0,0.0
104123,1,0,0.0
100157,1,0,0.0
102251,5,0,0.0
102384,1,0,0.0
103401,1,0,0.0
103596,1,0,0.0
103815,10,0,0.0
103325,1,0,0.0
103868,1,0,0.0
100747,1,0,0.0
104009,4,0,0.0
104118,1,0,0.0
100445,4,0,0.0
100762,2,0,0.0
100949,1,0,0.0
102088,4,0,0.0
100222,38,0,0.0
100255,2,0,0.0
100913,5,0,0.0
104254,1,0,0.0
101720,7,0,0.0
102926,1,0,0.0
103403,1,0,0.0
104008,4,0,0.0
104321,5,0,0.0
100599,1,0,0.0
103086,1,0,0.0
101404,4,0,0.0
102031,1,0,0.0
103003,1,0,0.0
103150,6,0,0.0
103553,1,0,0.0
103858,5,0,0.0
101769,1,0,0.0
103575,6,0,0.0
103865,1,0,0.0
100373,3,0,0.0
100863,1,0,0.0
101079,4,0,0.0
102169,12,0,0.0
102789,1,0,0.0
103704,1,0,0.0
104010,5,0,0.0
100319,1,0,0.0
102197,1,0,0.0
104068,12,0,0.0
104366,1,0,0.0
101024,8,0,0.0
102574,13,0,0.0
103507,4,0,0.0
103928,19,0,0.0
101030,3,0,0.0
101305,5,0,0.0
102342,1,0,0.0
100297,3,0,0.0
101890,1,0,0.0
103211,8,0,0.0
103658,1,0,0.0
104261,1,0,0.0
101377,8,0,0.0
101941,1,0,0.0
101472,8,0,0.0
101636,3,0,0.0
101723,1,0,0.0
103398,1,0,0.0
103429,5,0,0.0
104025,2,0,0.0
101530,1,0,0.0
102536,1,0,0.0
104232,3,0,0.0
102278,2,0,0.0
100322,5,0,0.0
100832,1,0,0.0
104233,2,0,0.0
102392,3,0,0.0
101196,2,0,0.0
101981,1,0,0.0
103010,3,0,0.0
103776,7,0,0.0
103031,20,0,0.0
100548,1,0,0.0
102054,3,0,0.0
102756,15,0,0.0
104021,8,0,0.0
101783,3,0,0.0
102495,3,0,0.0
103892,1,0,0.0
104208,1,0,0.0
100200,1,0,0.0
100816,3,0,0.0
100940,3,0,0.0
102507,5,0,0.0
102694,6,0,0.0
102881,1,0,0.0
103363,7,0,0.0
104272,17,0,0.0
100577,1,0,0.0
101392,2,0,0.0
101657,3,0,0.0
103944,1,0,0.0
100429,6,0,0.0
103590,6,0,0.0
104180,1,0,0.0
100954,1,0,0.0
102673,1,0,0.0
103226,1,0,0.0
103443,11,0,0.0
103718,3,0,0.0
103832,11,0,0.0
103866,1,0,0.0
100449,6,0,0.0
101633,1,0,0.0
102246,1,0,0.0
103777,3,0,0.0
101988,3,0,0.0
102305,5,0,0.0
102559,5,0,0.0
100233,1,0,0.0
100620,1,0,0.0
101038,1,0,0.0
101585,8,0,0.0
102539,9,0,0.0
102824,22,0,0.0
101175,14,0,0.0
102628,4,0,0.0
104130,1,0,0.0
104384,4,0,0.0
103322,1,0,0.0
103605,1,0,0.0
101469,3,0,0.0
102810,21,0,0.0
103241,13,0,0.0
100398,1,0,0.0
100419,2,0,0.0
100847,1,0,0.0
103499,1,0,0.0
100350,11,0,0.0
100990,2,0,0.0
102467,1,0,0.0
103432,1,0,0.0
103684,8,0,0.0
103954,3,0,0.0
101588,3,0,0.0
102136,15,0,0.0
103184,78,0,0.0
103697,4,0,0.0
104164,2,0,0.0
100533,1,0,0.0
103266,4,0,0.0
100597,8,0,0.0
101612,24,0,0.0
102397,1,0,0.0
104108,7,0,0.0
100422,3,0,0.0
101300,1,0,0.0
101555,2,0,0.0
101159,1,0,0.0
101853,4,0,0.0
102382,1,0,0.0
100744,1,0,0.0
103941,9,0,0.0
100622,3,0,0.0
102566,2,0,0.0
100823,1,0,0.0
101360,6,0,0.0
101499,1,0,0.0
102343,1,0,0.0
102983,2,0,0.0
102381,2,0,0.0
103378,1,0,0.0
103737,1,0,0.0
100501,11,0,0.0
101658,1,0,0.0
102446,2,0,0.0
103993,6,0,0.0
100961,1,0,0.0
101330,2,0,0.0
102187,3,0,0.0
103015,1,0,0.0
103579,4,0,0.0
103662,4,0,0.0
103910,2,0,0.0
101127,2,0,0.0
101815,2,0,0.0
102048,1,0,0.0
102207,1,0,0.0
102273,2,0,0.0
102575,1,0,0.0
103310,2,0,0.0
103479,2,0,0.0
103586,1,0,0.0
104084,1,0,0.0
102263,1,0,0.0
103538,2,0,0.0
102129,5,0,0.0
104047,3,0,0.0
100383,2,0,0.0
100568,2,0,0.0
101796,1,0,0.0
102159,1,0,0.0
103100,1,0,0.0
100648,1,0,0.0
101768,1,0,0.0
102885,13,0,0.0
103375,2,0,0.0
101203,13,0,0.0
101329,5,0,0.0
103039,1,0,0.0
103301,1,0,0.0
103899,1,0,0.0
103963,53,0,0.0
100510,1,0,0.0
100843,1,0,0.0
101471,9,0,0.0
102424,11,0,0.0
102578,1,0,0.0
102975,1,0,0.0
104356,8,0,0.0
100294,4,0,0.0
100316,1,0,0.0
100812,1,0,0.0
102634,12,0,0.0
100313,1,0,0.0
101072,1,0,0.0
101318,2,0,0.0
101690,1,0,0.0
102134,1,0,0.0
102191,2,0,0.0
103344,3,0,0.0
103780,13,0,0.0
100635,1,0,0.0
101240,3,0,0.0
103326,1,0,0.0
103700,2,0,0.0
100245,1,0,0.0
100841,4,0,0.0
101118,1,0,0.0
101165,1,0,0.0
102011,6,0,0.0
103968,2,0,0.0
100340,17,0,0.0
100415,4,0,0.0
102049,1,0,0.0
103215,4,0,0.0
104114,3,0,0.0
104311,1,0,0.0
104333,2,0,0.0
100779,3,0,0.0
102785,1,0,0.0
103157,2,0,0.0
103544,1,0,0.0
104126,2,0,0.0
104379,10,0,0.0
101439,5,0,0.0
102788,2,0,0.0
103534,1,0,0.0
103610,13,0,0.0
104165,4,0,0.0
100751,1,0,0.0
102244,1,0,0.0
102287,4,0,0.0
103546,43,0,0.0
103872,1,0,0.0
100276,1,0,0.0
103292,1,0,0.0
103741,3,0,0.0
100906,11,0,0.0
101545,1,0,0.0
101821,1,0,0.0
102949,1,0,0.0
103526,1,0,0.0
101021,1,0,0.0
104090,1,0,0.0
101402,1,0,0.0
101679,1,0,0.0
101707,1,0,0.0
101791,4,0,0.0
104296,2,0,0.0
101307,1,0,0.0
101562,1,0,0.0
101745,1,0,0.0
102219,4,0,0.0
102303,1,0,0.0
103045,1,0,0.0
101138,1,0,0.0
101928,1,0,0.0
102254,6,0,0.0
102344,1,0,0.0
104072,33,0,0.0
100344,2,0,0.0
100405,2,0,0.0
100627,5,0,0.0
100653,1,0,0.0
100952,5,0,0.0
102984,1,0,0.0
104174,34,0,0.0
104214,1,0,0.0
100352,4,0,0.0
100567,1,0,0.0
100278,3,0,0.0
100525,1,0,0.0
100752,1,0,0.0
103886,1,0,0.0
104184,18,0,0.0
100721,1,0,0.0
103089,1,0,0.0
103239,2,0,0.0
100472,1,0,0.0
101274,1,0,0.0
101626,15,0,0.0
102138,3,0,0.0
103393,2,0,0.0
102266,8,0,0.0
102434,3,0,0.0
103703,1,0,0.0
103283,1,0,0.0
103513,10,0,0.0
103518,1,0,0.0
102967,1,0,0.0
101414,4,0,0.0
101822,2,0,0.0
103170,5,0,0.0
103464,11,0,0.0
104002,1,0,0.0
100966,3,0,0.0
101674,1,0,0.0
102567,12,0,0.0
102886,11,0,0.0
103146,1,0,0.0
104169,3,0,0.0
101117,4,0,0.0
102158,4,0,0.0
102241,1,0,0.0
101285,1,0,0.0
101390,1,0,0.0
102712,3,0,0.0
102720,2,0,0.0
102745,1,0,0.0
103119,1,0,0.0
103173,1,0,0.0
100177,1,0,0.0
101026,7,0,0.0
101157,1,0,0.0
101397,1,0,0.0
101877,11,0,0.0
100521,1,0,0.0
100718,1,0,0.0
101367,1,0,0.0
101880,2,0,0.0
102938,1,0,0.0
103924,1,0,0.0
104158,2,0,0.0
100248,2,0,0.0
100579,1,0,0.0
102676,1,0,0.0
103539,1,0,0.0
104324,2,0,0.0
100683,2,0,0.0
101067,1,0,0.0
102715,1,0,0.0
104006,1,0,0.0
102473,1,0,0.0
103484,1,0,0.0
103723,1,0,0.0
101063,11,0,0.0
101113,2,0,0.0
101211,1,0,0.0
102315,34,0,0.0
102259,49,0,0.0
103115,2,0,0.0
103335,9,0,0.0
103360,11,0,0.0
103724,2,0,0.0
102685,14,0,0.0
103959,2,0,0.0
100834,1,0,0.0
101528,1,0,0.0
101737,5,0,0.0
104361,1,0,0.0
102124,6,0,0.0
103354,22,0,0.0
103812,2,0,0.0
100701,1,0,0.0
100995,3,0,0.0
101170,1,0,0.0
101287,1,0,0.0
102029,1,0,0.0
103141,21,0,0.0
103295,1,0,0.0
101917,1,0,0.0
102037,4,0,0.0
102139,1,0,0.0
102403,42,0,0.0
100574,2,0,0.0
101249,9,0,0.0
101591,1,0,0.0
103179,1,0,0.0
100333,1,0,0.0
100479,4,0,0.0
101218,3,0,0.0
102050,6,0,0.0
104181,7,0,0.0
101011,1,0,0.0
100893,5,0,0.0
102643,8,0,0.0
103644,15,0,0.0
101388,1,0,0.0
101492,13,0,0.0
103338,1,0,0.0
103686,4,0,0.0
102549,2,0,0.0
100709,1,0,0.0
102807,1,0,0.0
104378,1,0,0.0
100827,25,0,0.0
101212,1,0,0.0
101345,6,0,0.0
102663,24,0,0.0
101819,1,0,0.0
102087,1,0,0.0
103749,17,0,0.0
103757,3,0,0.0
101296,4,0,0.0
103076,1,0,0.0
103298,1,0,0.0
103400,1,0,0.0
100522,1,0,0.0
101180,1,0,0.0
102640,1,0,0.0
104216,3,0,0.0
100621,1,0,0.0
100862,4,0,0.0
101115,9,0,0.0
102327,1,0,0.0
102947,1,0,0.0
103611,3,0,0.0
103819,2,0,0.0
104026,18,0,0.0
100660,1,0,0.0
102248,1,0,0.0
103136,8,0,0.0
103402,8,0,0.0
103711,6,0,0.0
100304,1,0,0.0
102199,13,0,0.0
102470,1,0,0.0
102582,4,0,0.0
102644,5,0,0.0
102974,1,0,0.0
103452,2,0,0.0
103639,1,0,0.0
101062,1,0,0.0
101126,3,0,0.0
103178,1,0,0.0
103551,4,0,0.0
103657,1,0,0.0
100685,1,0,0.0
101401,1,0,0.0
103112,1,0,0.0
103481,41,0,0.0
103600,1,0,0.0
101102,3,0,0.0
101315,56,0,0.0
100188,1,0,0.0
101226,1,0,0.0
102324,1,0,0.0
104119,3,0,0.0
103501,1,0,0.0
100310,1,0,0.0
100414,12,0,0.0
102280,5,0,0.0
102889,5,0,0.0
103206,11,0,0.0
103358,1,0,0.0
103438,21,0,0.0
101008,1,0,0.0
101022,1,0,0.0
102864,1,0,0.0
101967,2,0,0.0
102452,1,0,0.0
103081,6,0,0.0
103228,1,0,0.0
101041,2,0,0.0
101167,1,0,0.0
103488,2,0,0.0
104020,1,0,0.0
101139,1,0,0.0
103069,1,0,0.0
103070,1,0,0.0
103888,1,0,0.0
103989,3,0,0.0
100890,18,0,0.0
102224,3,0,0.0
102337,1,0,0.0
103107,1,0,0.0
103774,6,0,0.0
102598,10,0,0.0
102990,1,0,0.0
103103,1,0,0.0
101168,3,0,0.0
101641,2,0,0.0
102060,4,0,0.0
100312,9,0,0.0
103209,16,0,0.0
103674,1,0,0.0
101458,5,0,0.0
101493,1,0,0.0
102296,2,0,0.0
102627,5,0,0.0
102713,1,0,0.0
102992,1,0,0.0
100460,1,0,0.0
101575,9,0,0.0
103456,1,0,0.0
103497,3,0,0.0
104334,2,0,0.0
100748,1,0,0.0
100665,3,0,0.0
101158,1,0,0.0
101257,12,0,0.0
102347,2,0,0.0
102451,1,0,0.0
103457,4,0,0.0
104115,9,0,0.0
104369,1,0,0.0
101097,2,0,0.0
104028,1,0,0.0
100215,2,0,0.0
101533,29,0,0.0
103118,3,0,0.0
100376,1,0,0.0
100401,1,0,0.0
100989,13,0,0.0
101405,1,0,0.0
100897,4,0,0.0
101534,1,0,0.0
101635,2,0,0.0
103364,4,0,0.0
101969,1,0,0.0
102182,3,0,0.0
102310,1,0,0.0
100684,1,0,0.0
102338,5,0,0.0
103005,3,0,0.0
101366,3,0,0.0
102613,55,0,0.0
103447,18,0,0.0
101506,1,0,0.0
101952,1,0,0.0
103404,2,0,0.0
103748,5,0,0.0
103818,3,0,0.0
103920,13,0,0.0
103984,1,0,0.0
102080,4,0,0.0
100734,2,0,0.0
101265,1,0,0.0
102163,2,0,0.0
101205,2,0,0.0
101800,1,0,0.0
103329,11,0,0.0
103397,31,0,0.0
103573,2,0,0.0
101181,6,0,0.0
104031,4,0,0.0
100661,3,0,0.0
100758,3,0,0.0
102531,14,0,0.0
102760,1,0,0.0
103424,2,0,0.0
103554,12,0,0.0
100229,1,0,0.0
100361,33,0,0.0
100418,2,0,0.0
100503,1,0,0.0
101839,1,0,0.0
104085,9,0,0.0
102184,3,0,0.0
102645,11,0,0.0
103001,3,0,0.0
103913,6,0,0.0
100759,5,0,0.0
100775,2,0,0.0
101204,2,0,0.0
101682,1,0,0.0
101683,1,0,0.0
102410,1,0,0.0
104081,2,0,0.0
104267,7,0,0.0
