adgroup_id,buy,cart,fav,pv,总行为数,购买转化率,加购率,收藏率
21700,0,3,0,31,34,0.0,0.0968,0.0
46266,1,1,1,38,41,0.0263,0.0263,0.0263
80033,0,1,2,26,29,0.0,0.0385,0.0769
14832,2,8,1,143,154,0.014,0.0559,0.007
101475,0,0,0,3,3,0.0,0.0,0.0
41409,0,1,0,61,62,0.0,0.0164,0.0
68135,0,0,0,37,37,0.0,0.0,0.0
36538,0,0,0,2,2,0.0,0.0,0.0
23364,0,1,0,6,7,0.0,0.1667,0.0
87905,2,0,1,26,29,0.0769,0.0,0.0385
88666,1,6,0,114,121,0.0088,0.0526,0.0
83861,0,0,0,1,1,0.0,0.0,0.0
63645,0,0,0,7,7,0.0,0.0,0.0
19530,0,1,1,17,19,0.0,0.0588,0.0588
74166,0,0,0,12,12,0.0,0.0,0.0
21220,0,0,0,6,6,0.0,0.0,0.0
87120,1,0,0,4,5,0.25,0.0,0.0
83242,0,1,0,2,3,0.0,0.5,0.0
32855,0,1,0,9,10,0.0,0.1111,0.0
79220,0,0,0,1,1,0.0,0.0,0.0
104053,0,0,2,18,20,0.0,0.0,0.1111
94265,4,0,0,64,68,0.0625,0.0,0.0
26708,1,1,0,41,43,0.0244,0.0244,0.0
57201,0,0,1,7,8,0.0,0.0,0.1429
18024,0,1,1,22,24,0.0,0.0455,0.0455
35820,0,0,0,7,7,0.0,0.0,0.0
65478,0,0,0,7,7,0.0,0.0,0.0
25462,0,0,0,12,12,0.0,0.0,0.0
99168,0,1,0,34,35,0.0,0.0294,0.0
74775,0,0,0,20,20,0.0,0.0,0.0
22346,0,0,0,9,9,0.0,0.0,0.0
148,0,1,0,37,38,0.0,0.027,0.0
74058,0,0,0,2,2,0.0,0.0,0.0
33717,0,0,0,7,7,0.0,0.0,0.0
42834,0,1,0,3,4,0.0,0.3333,0.0
22097,0,0,0,89,89,0.0,0.0,0.0
89844,0,0,0,11,11,0.0,0.0,0.0
74904,0,3,0,31,34,0.0,0.0968,0.0
92317,0,0,0,5,5,0.0,0.0,0.0
94950,0,0,0,10,10,0.0,0.0,0.0
6357,1,1,0,88,90,0.0114,0.0114,0.0
89874,0,1,0,11,12,0.0,0.0909,0.0
7340,0,0,1,2,3,0.0,0.0,0.5
16861,0,0,0,5,5,0.0,0.0,0.0
95080,2,0,0,41,43,0.0488,0.0,0.0
14570,0,0,0,2,2,0.0,0.0,0.0
65408,0,0,0,8,8,0.0,0.0,0.0
35982,0,2,0,4,6,0.0,0.5,0.0
42635,0,0,0,8,8,0.0,0.0,0.0
1580,1,0,0,29,30,0.0345,0.0,0.0
20735,0,0,0,2,2,0.0,0.0,0.0
43688,0,0,0,1,1,0.0,0.0,0.0
82730,0,0,0,2,2,0.0,0.0,0.0
101094,0,0,0,2,2,0.0,0.0,0.0
64628,0,0,0,4,4,0.0,0.0,0.0
45307,0,0,0,3,3,0.0,0.0,0.0
56987,0,0,0,4,4,0.0,0.0,0.0
22223,0,0,0,9,9,0.0,0.0,0.0
59990,0,0,0,1,1,0.0,0.0,0.0
97413,0,1,0,6,7,0.0,0.1667,0.0
41890,0,0,0,2,2,0.0,0.0,0.0
96224,0,0,0,1,1,0.0,0.0,0.0
19204,0,0,0,1,1,0.0,0.0,0.0
41946,0,0,0,1,1,0.0,0.0,0.0
20924,0,0,0,12,12,0.0,0.0,0.0
91141,0,0,0,1,1,0.0,0.0,0.0
69352,0,0,0,1,1,0.0,0.0,0.0
87656,0,0,0,1,1,0.0,0.0,0.0
81410,0,0,0,1,1,0.0,0.0,0.0
61330,2,5,4,333,344,0.006,0.015,0.012
38562,0,2,0,73,75,0.0,0.0274,0.0
26544,0,0,0,1,1,0.0,0.0,0.0
66562,0,1,0,17,18,0.0,0.0588,0.0
623,0,1,0,20,21,0.0,0.05,0.0
68485,0,0,0,4,4,0.0,0.0,0.0
14465,0,0,0,1,1,0.0,0.0,0.0
57513,0,0,1,10,11,0.0,0.0,0.1
100220,0,0,0,31,31,0.0,0.0,0.0
66277,0,0,0,10,10,0.0,0.0,0.0
97872,0,1,1,81,83,0.0,0.0123,0.0123
96565,2,0,0,59,61,0.0339,0.0,0.0
34103,0,0,0,3,3,0.0,0.0,0.0
63557,0,0,1,20,21,0.0,0.0,0.05
78766,0,0,0,7,7,0.0,0.0,0.0
93633,0,0,1,8,9,0.0,0.0,0.125
61682,0,0,0,5,5,0.0,0.0,0.0
4158,0,0,0,7,7,0.0,0.0,0.0
40332,0,2,0,33,35,0.0,0.0606,0.0
1522,0,0,0,1,1,0.0,0.0,0.0
46209,1,0,2,44,47,0.0227,0.0,0.0455
52507,0,0,0,3,3,0.0,0.0,0.0
101740,0,0,0,11,11,0.0,0.0,0.0
101362,0,0,1,17,18,0.0,0.0,0.0588
100068,2,1,0,27,30,0.0741,0.037,0.0
51142,0,0,0,12,12,0.0,0.0,0.0
2811,0,0,2,13,15,0.0,0.0,0.1538
11500,0,0,0,2,2,0.0,0.0,0.0
71984,0,0,0,28,28,0.0,0.0,0.0
16916,0,0,0,33,33,0.0,0.0,0.0
63464,0,0,0,19,19,0.0,0.0,0.0
10081,0,0,0,1,1,0.0,0.0,0.0
26767,0,0,1,17,18,0.0,0.0,0.0588
40687,0,0,0,2,2,0.0,0.0,0.0
2387,0,0,0,3,3,0.0,0.0,0.0
48711,0,0,0,1,1,0.0,0.0,0.0
31928,0,0,0,1,1,0.0,0.0,0.0
44141,0,0,0,8,8,0.0,0.0,0.0
31352,0,2,0,12,14,0.0,0.1667,0.0
79758,0,0,0,1,1,0.0,0.0,0.0
14148,0,0,0,6,6,0.0,0.0,0.0
63145,0,0,0,1,1,0.0,0.0,0.0
11710,0,4,0,10,14,0.0,0.4,0.0
29058,0,0,0,10,10,0.0,0.0,0.0
65522,0,0,0,1,1,0.0,0.0,0.0
82385,0,0,0,4,4,0.0,0.0,0.0
58905,0,0,0,2,2,0.0,0.0,0.0
10703,0,0,0,3,3,0.0,0.0,0.0
75070,0,0,0,6,6,0.0,0.0,0.0
46938,0,0,0,1,1,0.0,0.0,0.0
91088,0,0,0,1,1,0.0,0.0,0.0
6773,0,1,0,11,12,0.0,0.0909,0.0
62458,0,0,0,1,1,0.0,0.0,0.0
65308,0,0,0,4,4,0.0,0.0,0.0
66400,0,0,0,2,2,0.0,0.0,0.0
56203,0,0,0,2,2,0.0,0.0,0.0
43690,0,1,0,7,8,0.0,0.1429,0.0
46491,0,0,0,6,6,0.0,0.0,0.0
35868,0,0,0,5,5,0.0,0.0,0.0
49197,0,0,1,8,9,0.0,0.0,0.125
70476,0,0,0,2,2,0.0,0.0,0.0
67086,0,0,0,2,2,0.0,0.0,0.0
22021,0,0,0,2,2,0.0,0.0,0.0
93240,0,3,0,42,45,0.0,0.0714,0.0
62462,0,0,1,10,11,0.0,0.0,0.1
76236,1,1,0,31,33,0.0323,0.0323,0.0
8257,1,0,4,34,39,0.0294,0.0,0.1176
63854,0,0,0,24,24,0.0,0.0,0.0
87295,8,4,0,211,223,0.0379,0.019,0.0
42102,0,0,0,6,6,0.0,0.0,0.0
87675,4,2,5,158,169,0.0253,0.0127,0.0316
37409,0,0,2,28,30,0.0,0.0,0.0714
47753,0,2,0,22,24,0.0,0.0909,0.0
84247,0,0,0,8,8,0.0,0.0,0.0
102561,0,0,0,5,5,0.0,0.0,0.0
74948,0,0,0,3,3,0.0,0.0,0.0
39151,1,2,0,35,38,0.0286,0.0571,0.0
34569,0,0,0,25,25,0.0,0.0,0.0
13875,0,5,0,31,36,0.0,0.1613,0.0
89194,0,0,0,18,18,0.0,0.0,0.0
90450,0,0,0,6,6,0.0,0.0,0.0
37006,0,0,0,14,14,0.0,0.0,0.0
75102,2,0,2,71,75,0.0282,0.0,0.0282
81465,0,0,0,9,9,0.0,0.0,0.0
36347,0,0,0,4,4,0.0,0.0,0.0
92895,1,1,0,91,93,0.011,0.011,0.0
104187,0,0,0,9,9,0.0,0.0,0.0
12393,0,0,0,7,7,0.0,0.0,0.0
50792,0,0,1,17,18,0.0,0.0,0.0588
102816,0,0,0,3,3,0.0,0.0,0.0
39977,1,0,0,10,11,0.1,0.0,0.0
42926,0,0,0,32,32,0.0,0.0,0.0
85351,0,0,0,2,2,0.0,0.0,0.0
1903,0,0,0,2,2,0.0,0.0,0.0
86206,0,0,1,30,31,0.0,0.0,0.0333
26646,0,0,0,9,9,0.0,0.0,0.0
66738,2,0,1,43,46,0.0465,0.0,0.0233
65353,1,1,0,16,18,0.0625,0.0625,0.0
27471,0,0,1,7,8,0.0,0.0,0.1429
5287,0,0,0,30,30,0.0,0.0,0.0
13483,1,0,0,96,97,0.0104,0.0,0.0
91473,0,0,0,8,8,0.0,0.0,0.0
50090,0,3,0,19,22,0.0,0.1579,0.0
62172,0,0,0,3,3,0.0,0.0,0.0
16283,0,0,0,1,1,0.0,0.0,0.0
100102,0,0,0,14,14,0.0,0.0,0.0
93432,0,0,0,35,35,0.0,0.0,0.0
39433,0,1,0,3,4,0.0,0.3333,0.0
44553,0,0,0,8,8,0.0,0.0,0.0
79791,1,0,0,0,1,0.0,0.0,0.0
17028,0,0,0,3,3,0.0,0.0,0.0
99630,0,0,0,2,2,0.0,0.0,0.0
3213,0,0,0,3,3,0.0,0.0,0.0
25638,0,0,0,1,1,0.0,0.0,0.0
50343,0,0,0,11,11,0.0,0.0,0.0
69247,0,0,0,1,1,0.0,0.0,0.0
52288,0,1,0,27,28,0.0,0.037,0.0
39867,0,1,0,10,11,0.0,0.1,0.0
89165,0,0,0,1,1,0.0,0.0,0.0
103918,0,0,0,1,1,0.0,0.0,0.0
29942,0,0,0,3,3,0.0,0.0,0.0
52100,0,0,0,1,1,0.0,0.0,0.0
29022,0,0,0,1,1,0.0,0.0,0.0
51243,0,0,0,5,5,0.0,0.0,0.0
67068,0,0,0,1,1,0.0,0.0,0.0
78925,0,0,0,1,1,0.0,0.0,0.0
103638,0,0,1,2,3,0.0,0.0,0.5
72912,0,0,0,5,5,0.0,0.0,0.0
34488,0,0,0,1,1,0.0,0.0,0.0
102430,0,0,0,27,27,0.0,0.0,0.0
70895,0,0,0,8,8,0.0,0.0,0.0
69338,0,0,0,1,1,0.0,0.0,0.0
46818,0,0,0,5,5,0.0,0.0,0.0
89882,0,0,0,3,3,0.0,0.0,0.0
21121,0,0,0,20,20,0.0,0.0,0.0
84445,0,0,0,11,11,0.0,0.0,0.0
80315,0,0,0,1,1,0.0,0.0,0.0
16680,0,0,0,1,1,0.0,0.0,0.0
37657,0,0,0,2,2,0.0,0.0,0.0
77352,0,1,0,1,2,0.0,1.0,0.0
44884,0,0,0,1,1,0.0,0.0,0.0
15173,0,0,0,34,34,0.0,0.0,0.0
8407,0,0,0,1,1,0.0,0.0,0.0
14714,0,0,0,4,4,0.0,0.0,0.0
38910,0,0,0,10,10,0.0,0.0,0.0
95896,0,0,1,13,14,0.0,0.0,0.0769
68064,0,0,0,15,15,0.0,0.0,0.0
56465,1,3,0,24,28,0.0417,0.125,0.0
87849,0,0,0,28,28,0.0,0.0,0.0
87224,1,2,0,38,41,0.0263,0.0526,0.0
66755,0,0,0,2,2,0.0,0.0,0.0
91990,0,0,0,4,4,0.0,0.0,0.0
45027,0,0,0,3,3,0.0,0.0,0.0
34489,0,0,1,6,7,0.0,0.0,0.1667
80669,0,0,1,22,23,0.0,0.0,0.0455
82049,0,0,0,1,1,0.0,0.0,0.0
27602,0,0,1,9,10,0.0,0.0,0.1111
17223,1,0,0,41,42,0.0244,0.0,0.0
14315,0,1,0,20,21,0.0,0.05,0.0
41141,0,0,0,1,1,0.0,0.0,0.0
70803,0,0,0,31,31,0.0,0.0,0.0
23123,0,0,0,4,4,0.0,0.0,0.0
45769,0,0,0,1,1,0.0,0.0,0.0
23193,0,0,0,21,21,0.0,0.0,0.0
72938,0,0,0,35,35,0.0,0.0,0.0
31290,0,0,0,12,12,0.0,0.0,0.0
83325,0,0,0,6,6,0.0,0.0,0.0
11146,0,1,0,12,13,0.0,0.0833,0.0
5308,0,0,0,9,9,0.0,0.0,0.0
22225,0,0,0,2,2,0.0,0.0,0.0
27977,0,1,0,9,10,0.0,0.1111,0.0
88726,0,1,0,16,17,0.0,0.0625,0.0
51455,0,0,0,7,7,0.0,0.0,0.0
78603,0,0,0,14,14,0.0,0.0,0.0
43307,0,0,0,4,4,0.0,0.0,0.0
85456,0,0,0,39,39,0.0,0.0,0.0
27194,0,0,0,8,8,0.0,0.0,0.0
38150,1,1,0,33,35,0.0303,0.0303,0.0
7530,0,1,2,28,31,0.0,0.0357,0.0714
22965,0,0,1,26,27,0.0,0.0,0.0385
25639,0,0,0,6,6,0.0,0.0,0.0
48308,0,0,1,7,8,0.0,0.0,0.1429
44691,0,0,0,3,3,0.0,0.0,0.0
71571,0,0,0,1,1,0.0,0.0,0.0
23439,0,0,0,34,34,0.0,0.0,0.0
77064,0,0,1,2,3,0.0,0.0,0.5
76739,0,0,1,13,14,0.0,0.0,0.0769
35094,0,1,0,13,14,0.0,0.0769,0.0
63197,0,0,0,1,1,0.0,0.0,0.0
48623,0,1,0,25,26,0.0,0.04,0.0
53896,0,0,0,6,6,0.0,0.0,0.0
20425,0,0,0,3,3,0.0,0.0,0.0
42397,0,0,0,3,3,0.0,0.0,0.0
82901,0,0,0,10,10,0.0,0.0,0.0
45151,0,0,0,2,2,0.0,0.0,0.0
46971,0,0,0,1,1,0.0,0.0,0.0
12292,0,0,0,5,5,0.0,0.0,0.0
101505,0,0,0,2,2,0.0,0.0,0.0
4684,0,0,0,4,4,0.0,0.0,0.0
69601,0,0,0,5,5,0.0,0.0,0.0
18043,0,0,0,13,13,0.0,0.0,0.0
82835,0,0,0,5,5,0.0,0.0,0.0
10745,0,0,0,3,3,0.0,0.0,0.0
51629,0,0,0,1,1,0.0,0.0,0.0
78776,0,0,0,1,1,0.0,0.0,0.0
49668,0,0,0,2,2,0.0,0.0,0.0
31380,0,0,0,2,2,0.0,0.0,0.0
137,0,0,0,2,2,0.0,0.0,0.0
85112,0,2,0,19,21,0.0,0.1053,0.0
79049,0,0,0,15,15,0.0,0.0,0.0
17154,2,4,3,416,425,0.0048,0.0096,0.0072
92748,5,7,8,443,463,0.0113,0.0158,0.0181
103880,0,0,0,3,3,0.0,0.0,0.0
39696,0,0,0,41,41,0.0,0.0,0.0
60540,0,1,0,27,28,0.0,0.037,0.0
49241,0,1,0,8,9,0.0,0.125,0.0
94109,0,0,1,5,6,0.0,0.0,0.2
93556,0,0,0,6,6,0.0,0.0,0.0
32094,0,0,0,18,18,0.0,0.0,0.0
38728,0,0,0,6,6,0.0,0.0,0.0
72406,0,0,1,35,36,0.0,0.0,0.0286
26015,0,1,0,84,85,0.0,0.0119,0.0
18614,0,1,2,57,60,0.0,0.0175,0.0351
38946,5,4,6,314,329,0.0159,0.0127,0.0191
31381,0,0,0,16,16,0.0,0.0,0.0
29061,0,0,0,1,1,0.0,0.0,0.0
65243,0,0,0,8,8,0.0,0.0,0.0
72132,0,0,1,13,14,0.0,0.0,0.0769
104244,0,0,2,25,27,0.0,0.0,0.08
96704,3,3,0,87,93,0.0345,0.0345,0.0
103541,0,1,0,36,37,0.0,0.0278,0.0
48482,0,0,2,7,9,0.0,0.0,0.2857
7576,1,0,0,11,12,0.0909,0.0,0.0
13398,0,1,0,13,14,0.0,0.0769,0.0
47744,0,0,0,56,56,0.0,0.0,0.0
49692,0,0,0,11,11,0.0,0.0,0.0
63589,0,0,0,1,1,0.0,0.0,0.0
59194,0,0,1,8,9,0.0,0.0,0.125
20485,0,0,0,9,9,0.0,0.0,0.0
33854,0,0,0,7,7,0.0,0.0,0.0
33197,0,0,0,3,3,0.0,0.0,0.0
57885,0,1,0,14,15,0.0,0.0714,0.0
54404,0,0,0,7,7,0.0,0.0,0.0
42609,0,0,0,19,19,0.0,0.0,0.0
38138,0,0,0,23,23,0.0,0.0,0.0
85784,0,0,0,13,13,0.0,0.0,0.0
70892,0,0,0,8,8,0.0,0.0,0.0
6962,0,0,1,33,34,0.0,0.0,0.0303
95586,0,0,0,2,2,0.0,0.0,0.0
13765,0,0,0,3,3,0.0,0.0,0.0
33484,0,0,0,18,18,0.0,0.0,0.0
7152,0,0,0,2,2,0.0,0.0,0.0
36533,0,0,0,6,6,0.0,0.0,0.0
104226,0,0,0,15,15,0.0,0.0,0.0
31646,0,0,0,6,6,0.0,0.0,0.0
79248,0,0,0,3,3,0.0,0.0,0.0
40799,0,0,0,1,1,0.0,0.0,0.0
100972,0,0,0,5,5,0.0,0.0,0.0
55607,0,0,0,5,5,0.0,0.0,0.0
23286,0,0,0,45,45,0.0,0.0,0.0
82681,0,1,0,12,13,0.0,0.0833,0.0
9153,0,0,0,1,1,0.0,0.0,0.0
68392,0,0,0,9,9,0.0,0.0,0.0
53546,0,0,0,1,1,0.0,0.0,0.0
10527,0,0,0,4,4,0.0,0.0,0.0
82151,0,0,0,2,2,0.0,0.0,0.0
71891,0,0,0,7,7,0.0,0.0,0.0
97509,0,0,0,8,8,0.0,0.0,0.0
59142,0,0,0,1,1,0.0,0.0,0.0
102391,0,0,0,1,1,0.0,0.0,0.0
40912,0,2,0,3,5,0.0,0.6667,0.0
67419,0,0,0,3,3,0.0,0.0,0.0
78336,0,0,0,1,1,0.0,0.0,0.0
15535,0,0,0,1,1,0.0,0.0,0.0
27583,0,0,0,6,6,0.0,0.0,0.0
14944,0,0,0,6,6,0.0,0.0,0.0
10567,0,0,0,4,4,0.0,0.0,0.0
2833,0,0,0,6,6,0.0,0.0,0.0
8501,0,0,0,1,1,0.0,0.0,0.0
73571,0,0,0,2,2,0.0,0.0,0.0
25862,0,0,1,8,9,0.0,0.0,0.125
65174,0,0,0,2,2,0.0,0.0,0.0
5695,0,1,1,11,13,0.0,0.0909,0.0909
1223,0,0,0,1,1,0.0,0.0,0.0
94918,0,0,0,1,1,0.0,0.0,0.0
65321,0,0,0,1,1,0.0,0.0,0.0
38176,0,0,0,1,1,0.0,0.0,0.0
17836,0,0,0,1,1,0.0,0.0,0.0
15594,0,0,0,3,3,0.0,0.0,0.0
53890,0,0,1,4,5,0.0,0.0,0.25
71508,0,0,0,8,8,0.0,0.0,0.0
32473,0,2,0,31,33,0.0,0.0645,0.0
104205,0,0,0,27,27,0.0,0.0,0.0
5847,0,0,0,2,2,0.0,0.0,0.0
36822,3,9,4,394,410,0.0076,0.0228,0.0102
80981,10,13,10,384,417,0.026,0.0339,0.026
75354,0,4,1,90,95,0.0,0.0444,0.0111
61477,0,0,0,2,2,0.0,0.0,0.0
92852,0,0,0,2,2,0.0,0.0,0.0
41827,0,0,0,8,8,0.0,0.0,0.0
100600,0,0,0,1,1,0.0,0.0,0.0
30589,0,1,8,167,176,0.0,0.006,0.0479
53957,0,0,0,3,3,0.0,0.0,0.0
67625,0,0,0,18,18,0.0,0.0,0.0
17438,2,2,0,12,16,0.1667,0.1667,0.0
96111,0,0,0,11,11,0.0,0.0,0.0
31309,0,0,0,5,5,0.0,0.0,0.0
49678,2,0,0,48,50,0.0417,0.0,0.0
10786,0,0,0,7,7,0.0,0.0,0.0
51979,0,0,0,4,4,0.0,0.0,0.0
25908,0,1,0,67,68,0.0,0.0149,0.0
33012,0,1,1,66,68,0.0,0.0152,0.0152
53642,0,2,1,35,38,0.0,0.0571,0.0286
6832,0,0,0,13,13,0.0,0.0,0.0
104040,0,0,0,2,2,0.0,0.0,0.0
73064,0,0,0,6,6,0.0,0.0,0.0
17346,0,0,2,43,45,0.0,0.0,0.0465
58878,0,0,0,5,5,0.0,0.0,0.0
80587,0,0,1,9,10,0.0,0.0,0.1111
84420,0,0,0,6,6,0.0,0.0,0.0
57262,0,0,0,1,1,0.0,0.0,0.0
20124,0,0,0,14,14,0.0,0.0,0.0
51594,0,0,0,1,1,0.0,0.0,0.0
77706,0,0,0,1,1,0.0,0.0,0.0
82039,1,17,10,388,416,0.0026,0.0438,0.0258
48530,0,1,0,17,18,0.0,0.0588,0.0
61129,0,0,0,15,15,0.0,0.0,0.0
99616,0,0,0,1,1,0.0,0.0,0.0
26921,2,0,0,109,111,0.0183,0.0,0.0
68272,0,1,0,2,3,0.0,0.5,0.0
43675,1,1,0,6,8,0.1667,0.1667,0.0
35348,0,0,0,3,3,0.0,0.0,0.0
70850,0,1,0,1,2,0.0,1.0,0.0
90048,0,0,0,1,1,0.0,0.0,0.0
10257,0,0,0,1,1,0.0,0.0,0.0
86239,0,0,0,8,8,0.0,0.0,0.0
8701,0,0,0,3,3,0.0,0.0,0.0
63033,1,0,0,6,7,0.1667,0.0,0.0
52195,0,0,1,3,4,0.0,0.0,0.3333
25259,0,0,0,7,7,0.0,0.0,0.0
26729,0,0,0,1,1,0.0,0.0,0.0
32290,1,0,0,7,8,0.1429,0.0,0.0
34098,0,0,0,3,3,0.0,0.0,0.0
54125,0,0,0,4,4,0.0,0.0,0.0
37209,0,0,0,1,1,0.0,0.0,0.0
37308,0,0,0,6,6,0.0,0.0,0.0
69197,0,0,0,6,6,0.0,0.0,0.0
76689,0,0,0,2,2,0.0,0.0,0.0
24482,0,0,0,2,2,0.0,0.0,0.0
62387,2,0,0,21,23,0.0952,0.0,0.0
82935,0,0,0,3,3,0.0,0.0,0.0
52060,0,0,0,6,6,0.0,0.0,0.0
20789,0,0,0,3,3,0.0,0.0,0.0
103648,0,0,0,7,7,0.0,0.0,0.0
17036,0,0,0,3,3,0.0,0.0,0.0
67734,0,0,0,1,1,0.0,0.0,0.0
59460,0,0,0,1,1,0.0,0.0,0.0
16510,0,0,0,14,14,0.0,0.0,0.0
14458,0,0,0,3,3,0.0,0.0,0.0
47116,2,0,1,36,39,0.0556,0.0,0.0278
29282,0,0,0,1,1,0.0,0.0,0.0
74799,0,2,0,10,12,0.0,0.2,0.0
4583,0,0,0,7,7,0.0,0.0,0.0
7206,0,0,2,32,34,0.0,0.0,0.0625
6010,0,1,1,82,84,0.0,0.0122,0.0122
40032,1,0,0,19,20,0.0526,0.0,0.0
67489,0,0,0,15,15,0.0,0.0,0.0
94729,0,0,0,3,3,0.0,0.0,0.0
58985,0,6,0,107,113,0.0,0.0561,0.0
53467,1,2,0,60,63,0.0167,0.0333,0.0
15781,0,0,0,5,5,0.0,0.0,0.0
58913,0,0,0,1,1,0.0,0.0,0.0
31498,0,0,0,4,4,0.0,0.0,0.0
88161,0,0,0,3,3,0.0,0.0,0.0
42735,0,0,0,36,36,0.0,0.0,0.0
103014,0,0,0,22,22,0.0,0.0,0.0
18405,0,2,0,53,55,0.0,0.0377,0.0
21710,0,0,0,9,9,0.0,0.0,0.0
14030,0,0,1,15,16,0.0,0.0,0.0667
99034,0,0,1,24,25,0.0,0.0,0.0417
3062,0,0,0,13,13,0.0,0.0,0.0
41817,0,0,1,22,23,0.0,0.0,0.0455
46693,1,0,0,17,18,0.0588,0.0,0.0
8534,0,0,0,60,60,0.0,0.0,0.0
34247,0,3,1,104,108,0.0,0.0288,0.0096
2542,0,0,0,10,10,0.0,0.0,0.0
62673,0,0,3,15,18,0.0,0.0,0.2
90069,0,1,0,13,14,0.0,0.0769,0.0
20631,0,0,0,9,9,0.0,0.0,0.0
11487,0,1,0,11,12,0.0,0.0909,0.0
35191,0,0,0,12,12,0.0,0.0,0.0
20982,0,0,0,8,8,0.0,0.0,0.0
88076,0,0,0,3,3,0.0,0.0,0.0
67169,0,2,0,15,17,0.0,0.1333,0.0
67942,0,0,0,22,22,0.0,0.0,0.0
98896,0,0,0,2,2,0.0,0.0,0.0
66193,0,0,0,11,11,0.0,0.0,0.0
72147,0,0,0,1,1,0.0,0.0,0.0
86023,0,1,0,2,3,0.0,0.5,0.0
100074,2,0,0,13,15,0.1538,0.0,0.0
36580,0,2,0,7,9,0.0,0.2857,0.0
52080,0,0,0,2,2,0.0,0.0,0.0
65992,0,1,0,4,5,0.0,0.25,0.0
57058,0,0,1,13,14,0.0,0.0,0.0769
14812,0,0,0,2,2,0.0,0.0,0.0
74858,0,0,0,3,3,0.0,0.0,0.0
54146,0,0,0,2,2,0.0,0.0,0.0
84867,0,0,0,3,3,0.0,0.0,0.0
11014,0,0,1,5,6,0.0,0.0,0.2
34167,0,0,0,1,1,0.0,0.0,0.0
69564,0,0,0,5,5,0.0,0.0,0.0
85439,0,0,0,3,3,0.0,0.0,0.0
42545,0,0,0,3,3,0.0,0.0,0.0
8640,0,0,0,2,2,0.0,0.0,0.0
42430,0,0,0,4,4,0.0,0.0,0.0
22003,0,1,0,3,4,0.0,0.3333,0.0
15558,0,0,0,1,1,0.0,0.0,0.0
58869,0,0,0,3,3,0.0,0.0,0.0
16255,0,0,0,1,1,0.0,0.0,0.0
72477,0,0,0,1,1,0.0,0.0,0.0
84833,0,0,0,1,1,0.0,0.0,0.0
63696,0,0,1,2,3,0.0,0.0,0.5
9338,0,0,0,3,3,0.0,0.0,0.0
30219,0,0,0,2,2,0.0,0.0,0.0
35571,1,0,1,12,14,0.0833,0.0,0.0833
10558,0,0,1,11,12,0.0,0.0,0.0909
34179,0,8,3,263,274,0.0,0.0304,0.0114
75842,0,0,0,3,3,0.0,0.0,0.0
10530,0,1,0,5,6,0.0,0.2,0.0
27538,0,0,1,11,12,0.0,0.0,0.0909
43801,0,0,1,2,3,0.0,0.0,0.5
96954,1,0,0,15,16,0.0667,0.0,0.0
53344,0,0,0,2,2,0.0,0.0,0.0
6911,0,0,0,14,14,0.0,0.0,0.0
47233,0,0,0,1,1,0.0,0.0,0.0
104242,1,1,0,38,40,0.0263,0.0263,0.0
96419,0,0,2,20,22,0.0,0.0,0.1
76648,2,2,0,111,115,0.018,0.018,0.0
59075,0,0,0,8,8,0.0,0.0,0.0
102642,2,0,0,13,15,0.1538,0.0,0.0
91389,0,0,0,12,12,0.0,0.0,0.0
26713,0,0,0,7,7,0.0,0.0,0.0
24168,0,0,0,2,2,0.0,0.0,0.0
85185,0,0,0,6,6,0.0,0.0,0.0
20409,0,0,0,1,1,0.0,0.0,0.0
59778,4,6,3,137,150,0.0292,0.0438,0.0219
97503,1,1,0,59,61,0.0169,0.0169,0.0
34690,0,0,0,6,6,0.0,0.0,0.0
16800,1,0,0,17,18,0.0588,0.0,0.0
22695,0,0,0,2,2,0.0,0.0,0.0
103876,0,0,0,30,30,0.0,0.0,0.0
99538,0,0,0,35,35,0.0,0.0,0.0
23609,0,0,0,4,4,0.0,0.0,0.0
30650,0,0,0,2,2,0.0,0.0,0.0
5920,0,0,0,1,1,0.0,0.0,0.0
9470,0,0,0,16,16,0.0,0.0,0.0
46739,0,0,0,5,5,0.0,0.0,0.0
85521,1,0,0,20,21,0.05,0.0,0.0
92710,0,0,0,1,1,0.0,0.0,0.0
72096,0,0,1,2,3,0.0,0.0,0.5
71374,0,0,0,17,17,0.0,0.0,0.0
99546,0,1,0,13,14,0.0,0.0769,0.0
15348,0,0,0,8,8,0.0,0.0,0.0
52246,0,0,0,12,12,0.0,0.0,0.0
103139,0,0,0,3,3,0.0,0.0,0.0
29583,0,0,0,7,7,0.0,0.0,0.0
79889,0,0,0,1,1,0.0,0.0,0.0
11024,0,0,0,1,1,0.0,0.0,0.0
43409,0,0,0,3,3,0.0,0.0,0.0
78538,0,0,0,4,4,0.0,0.0,0.0
101595,0,0,0,11,11,0.0,0.0,0.0
6142,0,0,0,11,11,0.0,0.0,0.0
16954,0,0,0,4,4,0.0,0.0,0.0
22857,0,0,0,1,1,0.0,0.0,0.0
8845,0,1,0,3,4,0.0,0.3333,0.0
59189,0,0,0,1,1,0.0,0.0,0.0
94306,0,0,0,1,1,0.0,0.0,0.0
96620,0,0,0,2,2,0.0,0.0,0.0
10443,0,0,0,1,1,0.0,0.0,0.0
3657,0,0,0,2,2,0.0,0.0,0.0
31829,0,0,0,1,1,0.0,0.0,0.0
79915,0,0,0,1,1,0.0,0.0,0.0
46076,0,0,1,7,8,0.0,0.0,0.1429
62781,0,0,0,2,2,0.0,0.0,0.0
47159,0,0,0,1,1,0.0,0.0,0.0
95970,0,0,0,1,1,0.0,0.0,0.0
45781,0,0,0,4,4,0.0,0.0,0.0
8231,0,0,0,1,1,0.0,0.0,0.0
51407,0,0,0,1,1,0.0,0.0,0.0
87705,0,0,0,9,9,0.0,0.0,0.0
36523,0,0,0,11,11,0.0,0.0,0.0
92717,0,0,1,18,19,0.0,0.0,0.0556
81641,0,2,1,20,23,0.0,0.1,0.05
51071,0,0,0,21,21,0.0,0.0,0.0
36946,0,0,0,15,15,0.0,0.0,0.0
673,0,0,0,13,13,0.0,0.0,0.0
82790,0,0,0,13,13,0.0,0.0,0.0
25146,0,0,0,21,21,0.0,0.0,0.0
54823,0,0,0,4,4,0.0,0.0,0.0
82969,0,0,0,6,6,0.0,0.0,0.0
61224,0,0,1,17,18,0.0,0.0,0.0588
43419,5,4,1,102,112,0.049,0.0392,0.0098
88719,0,0,0,10,10,0.0,0.0,0.0
58436,0,3,3,151,157,0.0,0.0199,0.0199
40343,0,3,1,60,64,0.0,0.05,0.0167
91591,6,8,7,650,671,0.0092,0.0123,0.0108
44913,0,1,0,29,30,0.0,0.0345,0.0
94257,0,0,0,50,50,0.0,0.0,0.0
90968,2,0,1,23,26,0.087,0.0,0.0435
96496,0,0,0,20,20,0.0,0.0,0.0
102176,1,0,0,32,33,0.0313,0.0,0.0
56466,0,0,1,49,50,0.0,0.0,0.0204
38119,0,0,0,1,1,0.0,0.0,0.0
83487,0,0,1,3,4,0.0,0.0,0.3333
52143,2,0,1,53,56,0.0377,0.0,0.0189
19284,0,4,3,88,95,0.0,0.0455,0.0341
12315,0,0,0,2,2,0.0,0.0,0.0
69073,0,2,0,52,54,0.0,0.0385,0.0
39621,0,0,0,16,16,0.0,0.0,0.0
30626,0,0,0,1,1,0.0,0.0,0.0
77695,0,0,0,4,4,0.0,0.0,0.0
72052,0,0,0,6,6,0.0,0.0,0.0
2564,0,0,0,6,6,0.0,0.0,0.0
85910,0,0,0,5,5,0.0,0.0,0.0
64741,0,0,0,18,18,0.0,0.0,0.0
34817,0,0,0,2,2,0.0,0.0,0.0
97686,0,0,0,9,9,0.0,0.0,0.0
48549,2,0,0,25,27,0.08,0.0,0.0
61924,0,0,0,7,7,0.0,0.0,0.0
90611,0,0,0,12,12,0.0,0.0,0.0
63835,0,0,0,11,11,0.0,0.0,0.0
39951,0,0,0,5,5,0.0,0.0,0.0
30972,0,0,0,6,6,0.0,0.0,0.0
35408,0,0,1,24,25,0.0,0.0,0.0417
75523,0,0,0,2,2,0.0,0.0,0.0
10195,0,0,0,6,6,0.0,0.0,0.0
52822,0,0,0,1,1,0.0,0.0,0.0
41185,0,0,0,5,5,0.0,0.0,0.0
81639,0,0,0,4,4,0.0,0.0,0.0
88787,0,0,1,10,11,0.0,0.0,0.1
86385,0,0,0,18,18,0.0,0.0,0.0
45324,0,0,0,6,6,0.0,0.0,0.0
74898,0,1,0,6,7,0.0,0.1667,0.0
85953,0,0,0,6,6,0.0,0.0,0.0
62082,0,0,0,4,4,0.0,0.0,0.0
55049,0,0,0,1,1,0.0,0.0,0.0
30202,0,0,0,1,1,0.0,0.0,0.0
6237,0,1,0,5,6,0.0,0.2,0.0
91281,0,0,0,6,6,0.0,0.0,0.0
60203,0,0,0,1,1,0.0,0.0,0.0
7169,0,0,0,1,1,0.0,0.0,0.0
15270,0,0,0,1,1,0.0,0.0,0.0
18908,0,0,0,4,4,0.0,0.0,0.0
87788,0,0,0,1,1,0.0,0.0,0.0
8085,0,0,0,2,2,0.0,0.0,0.0
41615,0,0,0,1,1,0.0,0.0,0.0
7131,0,0,0,6,6,0.0,0.0,0.0
92295,0,0,0,3,3,0.0,0.0,0.0
50876,0,0,0,1,1,0.0,0.0,0.0
76587,0,0,0,2,2,0.0,0.0,0.0
36103,0,0,0,1,1,0.0,0.0,0.0
43140,0,0,0,1,1,0.0,0.0,0.0
93471,0,1,2,31,34,0.0,0.0323,0.0645
72075,2,3,1,72,78,0.0278,0.0417,0.0139
17430,0,0,0,20,20,0.0,0.0,0.0
6732,0,0,0,5,5,0.0,0.0,0.0
4713,0,1,0,20,21,0.0,0.05,0.0
83082,0,0,1,17,18,0.0,0.0,0.0588
876,2,0,0,12,14,0.1667,0.0,0.0
78993,0,1,0,13,14,0.0,0.0769,0.0
47238,0,0,0,7,7,0.0,0.0,0.0
1743,0,0,0,10,10,0.0,0.0,0.0
21200,0,1,1,27,29,0.0,0.037,0.037
79730,0,0,1,8,9,0.0,0.0,0.125
84352,1,1,1,48,51,0.0208,0.0208,0.0208
66568,1,1,1,119,122,0.0084,0.0084,0.0084
48805,0,0,0,4,4,0.0,0.0,0.0
75848,0,2,0,50,52,0.0,0.04,0.0
85888,0,0,0,9,9,0.0,0.0,0.0
4474,0,0,0,3,3,0.0,0.0,0.0
62718,1,1,0,35,37,0.0286,0.0286,0.0
93639,0,1,7,45,53,0.0,0.0222,0.1556
43946,0,0,2,12,14,0.0,0.0,0.1667
25081,0,0,0,1,1,0.0,0.0,0.0
54642,0,0,0,1,1,0.0,0.0,0.0
62564,0,1,2,47,50,0.0,0.0213,0.0426
21073,0,0,0,5,5,0.0,0.0,0.0
99873,0,1,1,121,123,0.0,0.0083,0.0083
94575,1,1,0,17,19,0.0588,0.0588,0.0
92953,0,0,0,18,18,0.0,0.0,0.0
18652,0,0,0,5,5,0.0,0.0,0.0
30781,0,0,0,8,8,0.0,0.0,0.0
38257,0,1,0,23,24,0.0,0.0435,0.0
20125,0,0,0,5,5,0.0,0.0,0.0
50624,0,0,0,9,9,0.0,0.0,0.0
32856,0,0,0,10,10,0.0,0.0,0.0
65863,0,0,0,27,27,0.0,0.0,0.0
74592,0,0,0,2,2,0.0,0.0,0.0
75251,0,1,0,76,77,0.0,0.0132,0.0
99383,0,0,0,28,28,0.0,0.0,0.0
26820,2,2,1,176,181,0.0114,0.0114,0.0057
51501,0,0,0,5,5,0.0,0.0,0.0
30960,0,0,0,19,19,0.0,0.0,0.0
61491,0,0,0,2,2,0.0,0.0,0.0
66297,0,0,0,34,34,0.0,0.0,0.0
31047,0,0,0,1,1,0.0,0.0,0.0
19532,0,0,0,6,6,0.0,0.0,0.0
69395,0,0,0,8,8,0.0,0.0,0.0
30120,0,0,0,4,4,0.0,0.0,0.0
2797,0,0,0,8,8,0.0,0.0,0.0
50685,0,0,0,1,1,0.0,0.0,0.0
83298,0,0,0,6,6,0.0,0.0,0.0
19862,0,0,0,1,1,0.0,0.0,0.0
85651,0,0,0,5,5,0.0,0.0,0.0
24994,0,0,0,1,1,0.0,0.0,0.0
7726,0,0,0,2,2,0.0,0.0,0.0
68428,0,0,0,3,3,0.0,0.0,0.0
97665,0,0,0,3,3,0.0,0.0,0.0
27456,0,0,0,3,3,0.0,0.0,0.0
32736,0,0,0,1,1,0.0,0.0,0.0
104295,1,0,0,7,8,0.1429,0.0,0.0
96839,0,0,0,1,1,0.0,0.0,0.0
63010,0,1,0,6,7,0.0,0.1667,0.0
45991,0,0,1,2,3,0.0,0.0,0.5
52778,0,0,0,2,2,0.0,0.0,0.0
59233,0,0,0,3,3,0.0,0.0,0.0
24939,0,0,0,3,3,0.0,0.0,0.0
20298,0,0,0,19,19,0.0,0.0,0.0
38049,0,0,0,5,5,0.0,0.0,0.0
43474,0,0,0,12,12,0.0,0.0,0.0
43953,0,1,1,46,48,0.0,0.0217,0.0217
88860,0,1,0,37,38,0.0,0.027,0.0
7202,0,1,0,26,27,0.0,0.0385,0.0
33804,0,0,0,14,14,0.0,0.0,0.0
81443,0,0,0,8,8,0.0,0.0,0.0
56264,2,0,0,6,8,0.3333,0.0,0.0
93999,2,2,1,46,51,0.0435,0.0435,0.0217
40736,0,0,0,14,14,0.0,0.0,0.0
22158,1,0,0,4,5,0.25,0.0,0.0
4418,0,1,0,8,9,0.0,0.125,0.0
82860,0,0,0,12,12,0.0,0.0,0.0
60683,0,1,1,31,33,0.0,0.0323,0.0323
36074,0,0,0,6,6,0.0,0.0,0.0
84456,0,0,0,5,5,0.0,0.0,0.0
44995,1,0,0,26,27,0.0385,0.0,0.0
96952,0,2,0,28,30,0.0,0.0714,0.0
1525,0,0,0,14,14,0.0,0.0,0.0
78924,0,0,0,1,1,0.0,0.0,0.0
79662,0,0,0,22,22,0.0,0.0,0.0
14589,0,1,0,41,42,0.0,0.0244,0.0
83423,0,0,0,8,8,0.0,0.0,0.0
40946,0,0,0,36,36,0.0,0.0,0.0
80179,0,0,0,20,20,0.0,0.0,0.0
31694,0,0,0,2,2,0.0,0.0,0.0
71480,0,1,1,35,37,0.0,0.0286,0.0286
25292,0,0,0,7,7,0.0,0.0,0.0
30136,0,1,1,62,64,0.0,0.0161,0.0161
77737,0,0,0,2,2,0.0,0.0,0.0
46833,0,1,0,25,26,0.0,0.04,0.0
36165,0,0,0,3,3,0.0,0.0,0.0
53592,0,0,0,6,6,0.0,0.0,0.0
17388,0,0,0,12,12,0.0,0.0,0.0
103336,0,1,1,59,61,0.0,0.0169,0.0169
35507,0,0,0,5,5,0.0,0.0,0.0
46886,0,0,0,13,13,0.0,0.0,0.0
77408,0,0,0,5,5,0.0,0.0,0.0
79776,0,1,2,48,51,0.0,0.0208,0.0417
64694,2,1,0,23,26,0.087,0.0435,0.0
34729,0,0,1,2,3,0.0,0.0,0.5
90703,0,0,0,1,1,0.0,0.0,0.0
95768,0,0,0,5,5,0.0,0.0,0.0
51418,0,0,0,1,1,0.0,0.0,0.0
65166,0,0,0,2,2,0.0,0.0,0.0
64768,0,0,0,1,1,0.0,0.0,0.0
46929,0,0,0,2,2,0.0,0.0,0.0
28968,0,0,0,2,2,0.0,0.0,0.0
23994,0,0,0,4,4,0.0,0.0,0.0
7218,0,0,0,2,2,0.0,0.0,0.0
14801,0,0,0,1,1,0.0,0.0,0.0
100788,0,0,0,2,2,0.0,0.0,0.0
86022,0,0,0,3,3,0.0,0.0,0.0
51036,0,0,0,2,2,0.0,0.0,0.0
87313,0,0,0,6,6,0.0,0.0,0.0
32794,0,0,0,7,7,0.0,0.0,0.0
73410,0,0,0,9,9,0.0,0.0,0.0
39525,0,1,0,1,2,0.0,1.0,0.0
72698,0,0,0,1,1,0.0,0.0,0.0
60257,0,0,0,1,1,0.0,0.0,0.0
49790,0,0,0,1,1,0.0,0.0,0.0
87962,0,0,0,3,3,0.0,0.0,0.0
7497,0,0,0,2,2,0.0,0.0,0.0
744,0,0,0,1,1,0.0,0.0,0.0
57866,0,0,0,1,1,0.0,0.0,0.0
75308,0,0,0,4,4,0.0,0.0,0.0
57919,0,0,0,2,2,0.0,0.0,0.0
14064,0,0,0,1,1,0.0,0.0,0.0
683,0,0,0,1,1,0.0,0.0,0.0
47320,0,0,0,1,1,0.0,0.0,0.0
19996,0,0,0,1,1,0.0,0.0,0.0
44570,0,0,0,6,6,0.0,0.0,0.0
58752,2,0,0,43,45,0.0465,0.0,0.0
48789,0,0,0,7,7,0.0,0.0,0.0
44316,0,0,0,19,19,0.0,0.0,0.0
30218,2,4,2,143,151,0.014,0.028,0.014
104075,0,1,0,9,10,0.0,0.1111,0.0
44142,1,0,1,14,16,0.0714,0.0,0.0714
37026,4,15,10,577,606,0.0069,0.026,0.0173
57994,0,0,0,9,9,0.0,0.0,0.0
44941,1,0,0,21,22,0.0476,0.0,0.0
72217,0,2,0,5,7,0.0,0.4,0.0
82408,2,4,4,109,119,0.0183,0.0367,0.0367
42520,0,1,8,105,114,0.0,0.0095,0.0762
9641,0,0,0,13,13,0.0,0.0,0.0
56211,0,2,1,41,44,0.0,0.0488,0.0244
79257,1,0,0,4,5,0.25,0.0,0.0
95810,0,0,0,2,2,0.0,0.0,0.0
42824,4,4,2,74,84,0.0541,0.0541,0.027
47597,0,0,0,2,2,0.0,0.0,0.0
74714,0,0,0,7,7,0.0,0.0,0.0
15902,0,0,0,3,3,0.0,0.0,0.0
77714,3,6,1,157,167,0.0191,0.0382,0.0064
6204,0,1,0,13,14,0.0,0.0769,0.0
12080,0,1,0,7,8,0.0,0.1429,0.0
46238,0,0,0,27,27,0.0,0.0,0.0
8354,0,0,0,2,2,0.0,0.0,0.0
7499,1,1,0,46,48,0.0217,0.0217,0.0
9562,0,2,1,107,110,0.0,0.0187,0.0093
101141,0,0,1,6,7,0.0,0.0,0.1667
56813,0,0,0,9,9,0.0,0.0,0.0
93041,0,0,0,1,1,0.0,0.0,0.0
5367,0,0,0,3,3,0.0,0.0,0.0
51994,0,0,0,6,6,0.0,0.0,0.0
84785,0,0,0,2,2,0.0,0.0,0.0
54477,0,0,0,1,1,0.0,0.0,0.0
103389,0,0,0,4,4,0.0,0.0,0.0
67994,0,0,1,8,9,0.0,0.0,0.125
31846,0,0,0,7,7,0.0,0.0,0.0
12796,0,3,0,23,26,0.0,0.1304,0.0
12494,0,0,0,2,2,0.0,0.0,0.0
11578,0,0,0,4,4,0.0,0.0,0.0
18105,0,0,1,55,56,0.0,0.0,0.0182
84858,0,0,0,1,1,0.0,0.0,0.0
72167,0,0,0,2,2,0.0,0.0,0.0
27745,0,0,0,1,1,0.0,0.0,0.0
38124,0,0,0,1,1,0.0,0.0,0.0
42317,0,0,0,7,7,0.0,0.0,0.0
56425,0,0,0,3,3,0.0,0.0,0.0
11876,0,0,0,5,5,0.0,0.0,0.0
71812,0,0,0,1,1,0.0,0.0,0.0
81672,1,0,0,6,7,0.1667,0.0,0.0
78364,0,0,0,2,2,0.0,0.0,0.0
35214,0,0,0,1,1,0.0,0.0,0.0
3152,0,0,0,1,1,0.0,0.0,0.0
70199,0,0,0,3,3,0.0,0.0,0.0
72841,0,0,0,4,4,0.0,0.0,0.0
73247,0,0,0,1,1,0.0,0.0,0.0
8464,0,0,0,3,3,0.0,0.0,0.0
42017,0,2,1,16,19,0.0,0.125,0.0625
95254,0,0,0,2,2,0.0,0.0,0.0
74110,0,0,0,3,3,0.0,0.0,0.0
72793,0,0,0,15,15,0.0,0.0,0.0
6737,0,0,0,1,1,0.0,0.0,0.0
103090,0,1,1,24,26,0.0,0.0417,0.0417
86809,0,1,2,43,46,0.0,0.0233,0.0465
52719,1,1,1,52,55,0.0192,0.0192,0.0192
26630,1,0,1,59,61,0.0169,0.0,0.0169
50402,0,0,1,19,20,0.0,0.0,0.0526
40423,0,0,2,5,7,0.0,0.0,0.4
60557,0,0,0,1,1,0.0,0.0,0.0
38727,0,0,0,21,21,0.0,0.0,0.0
89442,0,0,0,6,6,0.0,0.0,0.0
8887,0,0,0,1,1,0.0,0.0,0.0
62836,0,0,0,7,7,0.0,0.0,0.0
72675,0,1,0,8,9,0.0,0.125,0.0
44669,0,3,2,83,88,0.0,0.0361,0.0241
36547,1,8,1,305,315,0.0033,0.0262,0.0033
27396,0,0,0,1,1,0.0,0.0,0.0
39400,0,0,1,33,34,0.0,0.0,0.0303
69439,0,0,2,53,55,0.0,0.0,0.0377
39476,0,1,0,42,43,0.0,0.0238,0.0
52275,0,2,0,42,44,0.0,0.0476,0.0
20804,1,0,0,15,16,0.0667,0.0,0.0
44620,0,0,0,9,9,0.0,0.0,0.0
59712,0,0,0,9,9,0.0,0.0,0.0
82463,0,0,0,11,11,0.0,0.0,0.0
10180,0,0,0,2,2,0.0,0.0,0.0
53479,0,0,0,5,5,0.0,0.0,0.0
37472,0,1,0,12,13,0.0,0.0833,0.0
80715,1,2,0,27,30,0.037,0.0741,0.0
53449,2,1,1,61,65,0.0328,0.0164,0.0164
6933,0,1,0,14,15,0.0,0.0714,0.0
40276,0,0,0,2,2,0.0,0.0,0.0
44102,0,1,1,20,22,0.0,0.05,0.05
34989,0,0,0,15,15,0.0,0.0,0.0
83918,1,8,0,80,89,0.0125,0.1,0.0
78659,0,2,0,46,48,0.0,0.0435,0.0
40528,0,0,0,1,1,0.0,0.0,0.0
77496,0,0,0,7,7,0.0,0.0,0.0
55011,0,0,0,1,1,0.0,0.0,0.0
91127,0,0,0,2,2,0.0,0.0,0.0
58273,0,1,0,5,6,0.0,0.2,0.0
58971,0,0,0,2,2,0.0,0.0,0.0
87017,0,0,0,2,2,0.0,0.0,0.0
65753,0,0,0,1,1,0.0,0.0,0.0
85734,0,0,1,12,13,0.0,0.0,0.0833
16002,3,0,0,32,35,0.0938,0.0,0.0
40110,0,0,0,11,11,0.0,0.0,0.0
38128,0,1,0,17,18,0.0,0.0588,0.0
19113,0,0,0,1,1,0.0,0.0,0.0
5597,0,0,0,4,4,0.0,0.0,0.0
72729,0,0,0,2,2,0.0,0.0,0.0
59198,0,0,0,1,1,0.0,0.0,0.0
55465,0,0,0,5,5,0.0,0.0,0.0
44370,0,0,0,5,5,0.0,0.0,0.0
90025,0,0,0,1,1,0.0,0.0,0.0
15479,0,0,1,2,3,0.0,0.0,0.5
30006,0,0,0,2,2,0.0,0.0,0.0
87135,0,0,0,25,25,0.0,0.0,0.0
50359,0,0,0,1,1,0.0,0.0,0.0
2907,0,0,0,2,2,0.0,0.0,0.0
5447,1,5,0,143,149,0.007,0.035,0.0
25602,0,0,0,1,1,0.0,0.0,0.0
43239,0,0,0,6,6,0.0,0.0,0.0
16244,0,1,2,65,68,0.0,0.0154,0.0308
92341,0,2,0,33,35,0.0,0.0606,0.0
98718,1,2,1,63,67,0.0159,0.0317,0.0159
35866,0,0,0,5,5,0.0,0.0,0.0
15060,0,1,0,11,12,0.0,0.0909,0.0
34925,1,2,1,34,38,0.0294,0.0588,0.0294
65219,0,0,2,12,14,0.0,0.0,0.1667
72050,0,0,0,5,5,0.0,0.0,0.0
36854,0,1,0,9,10,0.0,0.1111,0.0
830,0,0,0,1,1,0.0,0.0,0.0
101018,0,0,0,25,25,0.0,0.0,0.0
78706,0,0,0,29,29,0.0,0.0,0.0
102576,1,3,2,357,363,0.0028,0.0084,0.0056
27636,0,0,0,8,8,0.0,0.0,0.0
55550,1,1,5,159,166,0.0063,0.0063,0.0314
14554,0,0,0,26,26,0.0,0.0,0.0
53242,2,2,1,44,49,0.0455,0.0455,0.0227
85468,0,0,0,1,1,0.0,0.0,0.0
74588,0,0,0,5,5,0.0,0.0,0.0
42671,0,1,1,37,39,0.0,0.027,0.027
19939,0,3,0,64,67,0.0,0.0469,0.0
75367,0,0,0,8,8,0.0,0.0,0.0
49901,0,0,0,6,6,0.0,0.0,0.0
62791,0,0,0,10,10,0.0,0.0,0.0
53218,0,0,0,4,4,0.0,0.0,0.0
21884,0,0,0,4,4,0.0,0.0,0.0
57271,0,0,0,38,38,0.0,0.0,0.0
84477,0,0,0,8,8,0.0,0.0,0.0
36236,0,0,0,3,3,0.0,0.0,0.0
9217,0,0,0,12,12,0.0,0.0,0.0
15398,0,0,0,1,1,0.0,0.0,0.0
9293,0,0,0,2,2,0.0,0.0,0.0
90794,0,0,0,47,47,0.0,0.0,0.0
20069,0,0,0,12,12,0.0,0.0,0.0
48426,0,0,0,12,12,0.0,0.0,0.0
2007,0,0,0,2,2,0.0,0.0,0.0
47856,0,1,0,4,5,0.0,0.25,0.0
93663,0,0,0,5,5,0.0,0.0,0.0
94115,0,4,1,13,18,0.0,0.3077,0.0769
93950,0,0,0,23,23,0.0,0.0,0.0
57395,0,0,0,18,18,0.0,0.0,0.0
93568,0,0,0,3,3,0.0,0.0,0.0
69599,0,0,1,3,4,0.0,0.0,0.3333
45907,0,0,0,6,6,0.0,0.0,0.0
90416,0,0,0,1,1,0.0,0.0,0.0
103652,0,0,1,10,11,0.0,0.0,0.1
52772,0,0,0,12,12,0.0,0.0,0.0
62583,0,0,0,1,1,0.0,0.0,0.0
14525,0,0,0,1,1,0.0,0.0,0.0
62328,0,0,0,1,1,0.0,0.0,0.0
78753,0,0,0,2,2,0.0,0.0,0.0
51075,0,0,0,1,1,0.0,0.0,0.0
37092,0,0,0,9,9,0.0,0.0,0.0
67208,0,0,0,7,7,0.0,0.0,0.0
33784,0,2,0,55,57,0.0,0.0364,0.0
45053,2,0,0,21,23,0.0952,0.0,0.0
23120,0,1,0,1,2,0.0,1.0,0.0
3026,0,0,0,2,2,0.0,0.0,0.0
58382,0,0,0,18,18,0.0,0.0,0.0
17647,0,0,0,3,3,0.0,0.0,0.0
21130,0,0,0,2,2,0.0,0.0,0.0
37372,0,0,0,3,3,0.0,0.0,0.0
58687,0,0,0,1,1,0.0,0.0,0.0
33278,0,1,0,3,4,0.0,0.3333,0.0
96134,0,0,0,6,6,0.0,0.0,0.0
100149,0,0,0,1,1,0.0,0.0,0.0
86833,0,0,0,11,11,0.0,0.0,0.0
98706,0,0,0,1,1,0.0,0.0,0.0
85719,0,0,0,3,3,0.0,0.0,0.0
94099,0,0,0,1,1,0.0,0.0,0.0
84540,2,0,0,138,140,0.0145,0.0,0.0
9450,0,0,0,35,35,0.0,0.0,0.0
83385,0,0,0,6,6,0.0,0.0,0.0
95748,0,0,0,23,23,0.0,0.0,0.0
49157,0,0,0,1,1,0.0,0.0,0.0
82303,0,0,0,10,10,0.0,0.0,0.0
32482,0,1,0,13,14,0.0,0.0769,0.0
75278,0,1,0,18,19,0.0,0.0556,0.0
36430,1,0,0,8,9,0.125,0.0,0.0
2052,0,0,0,3,3,0.0,0.0,0.0
86999,0,0,1,34,35,0.0,0.0,0.0294
60244,2,0,0,39,41,0.0513,0.0,0.0
69456,2,1,0,94,97,0.0213,0.0106,0.0
8827,0,0,1,18,19,0.0,0.0,0.0556
71098,0,0,0,15,15,0.0,0.0,0.0
83939,0,0,0,1,1,0.0,0.0,0.0
78686,1,0,0,3,4,0.3333,0.0,0.0
73141,0,0,0,4,4,0.0,0.0,0.0
85582,2,0,1,40,43,0.05,0.0,0.025
88554,0,0,0,12,12,0.0,0.0,0.0
62741,1,0,1,41,43,0.0244,0.0,0.0244
10254,0,0,0,3,3,0.0,0.0,0.0
79205,0,2,0,30,32,0.0,0.0667,0.0
72098,0,0,0,7,7,0.0,0.0,0.0
23137,1,0,0,5,6,0.2,0.0,0.0
26937,0,2,0,3,5,0.0,0.6667,0.0
39879,0,0,0,16,16,0.0,0.0,0.0
4958,0,0,0,2,2,0.0,0.0,0.0
38341,0,0,0,21,21,0.0,0.0,0.0
48438,0,0,0,3,3,0.0,0.0,0.0
4918,0,0,1,2,3,0.0,0.0,0.5
96945,0,0,4,54,58,0.0,0.0,0.0741
10979,0,0,0,12,12,0.0,0.0,0.0
89632,0,1,0,18,19,0.0,0.0556,0.0
20917,0,0,0,4,4,0.0,0.0,0.0
97541,0,0,0,1,1,0.0,0.0,0.0
48285,0,0,0,8,8,0.0,0.0,0.0
33922,0,0,0,1,1,0.0,0.0,0.0
30041,0,0,0,19,19,0.0,0.0,0.0
79206,0,1,0,6,7,0.0,0.1667,0.0
2209,0,0,0,3,3,0.0,0.0,0.0
98094,0,0,0,1,1,0.0,0.0,0.0
12077,0,0,1,12,13,0.0,0.0,0.0833
14367,2,0,0,30,32,0.0667,0.0,0.0
46797,0,0,0,9,9,0.0,0.0,0.0
17890,0,0,0,8,8,0.0,0.0,0.0
8976,1,0,0,8,9,0.125,0.0,0.0
8116,0,0,0,1,1,0.0,0.0,0.0
69991,0,0,0,3,3,0.0,0.0,0.0
21164,0,0,0,1,1,0.0,0.0,0.0
67928,0,0,0,4,4,0.0,0.0,0.0
55509,0,0,0,6,6,0.0,0.0,0.0
45068,0,0,0,1,1,0.0,0.0,0.0
46314,0,0,0,3,3,0.0,0.0,0.0
10502,0,0,0,1,1,0.0,0.0,0.0
95313,0,0,0,2,2,0.0,0.0,0.0
38976,0,0,0,1,1,0.0,0.0,0.0
14733,0,0,0,5,5,0.0,0.0,0.0
54713,0,0,0,1,1,0.0,0.0,0.0
84460,0,1,1,3,5,0.0,0.3333,0.3333
10414,0,0,0,10,10,0.0,0.0,0.0
79863,0,0,0,1,1,0.0,0.0,0.0
70992,0,0,0,2,2,0.0,0.0,0.0
32621,0,0,0,6,6,0.0,0.0,0.0
14814,0,0,0,52,52,0.0,0.0,0.0
89009,0,0,0,16,16,0.0,0.0,0.0
94028,0,0,1,2,3,0.0,0.0,0.5
21531,0,0,0,1,1,0.0,0.0,0.0
36439,0,1,0,1,2,0.0,1.0,0.0
56678,0,0,0,1,1,0.0,0.0,0.0
24584,0,0,0,2,2,0.0,0.0,0.0
81270,0,0,0,3,3,0.0,0.0,0.0
60231,0,0,0,3,3,0.0,0.0,0.0
6319,0,0,0,1,1,0.0,0.0,0.0
21935,0,0,0,7,7,0.0,0.0,0.0
51386,0,0,0,1,1,0.0,0.0,0.0
33165,0,0,0,2,2,0.0,0.0,0.0
16366,0,0,0,2,2,0.0,0.0,0.0
67870,0,0,0,4,4,0.0,0.0,0.0
8622,0,0,0,3,3,0.0,0.0,0.0
103517,0,1,0,9,10,0.0,0.1111,0.0
31899,0,0,0,4,4,0.0,0.0,0.0
46591,0,0,1,58,59,0.0,0.0,0.0172
26083,1,0,0,17,18,0.0588,0.0,0.0
48494,0,8,6,352,366,0.0,0.0227,0.017
54357,3,1,1,90,95,0.0333,0.0111,0.0111
89561,0,0,1,5,6,0.0,0.0,0.2
21053,0,0,0,23,23,0.0,0.0,0.0
51340,0,0,1,5,6,0.0,0.0,0.2
71626,0,0,0,5,5,0.0,0.0,0.0
57664,0,0,1,74,75,0.0,0.0,0.0135
101895,0,0,0,25,25,0.0,0.0,0.0
2842,0,0,1,13,14,0.0,0.0,0.0769
84203,0,0,0,2,2,0.0,0.0,0.0
23464,0,0,0,11,11,0.0,0.0,0.0
94159,0,0,1,6,7,0.0,0.0,0.1667
19752,1,0,0,7,8,0.1429,0.0,0.0
70218,0,2,0,19,21,0.0,0.1053,0.0
82216,0,0,0,11,11,0.0,0.0,0.0
96937,0,0,0,30,30,0.0,0.0,0.0
80623,0,0,0,4,4,0.0,0.0,0.0
43025,0,0,0,2,2,0.0,0.0,0.0
87663,0,1,0,2,3,0.0,0.5,0.0
33862,0,0,0,1,1,0.0,0.0,0.0
46629,2,2,0,41,45,0.0488,0.0488,0.0
20776,0,1,0,27,28,0.0,0.037,0.0
84472,0,0,0,4,4,0.0,0.0,0.0
38673,0,1,0,12,13,0.0,0.0833,0.0
51763,0,0,0,5,5,0.0,0.0,0.0
49135,0,0,0,23,23,0.0,0.0,0.0
48460,0,0,1,25,26,0.0,0.0,0.04
79389,0,1,0,13,14,0.0,0.0769,0.0
34263,0,0,0,15,15,0.0,0.0,0.0
46310,0,0,0,4,4,0.0,0.0,0.0
75408,0,0,4,16,20,0.0,0.0,0.25
33917,0,0,0,9,9,0.0,0.0,0.0
71524,1,3,1,27,32,0.037,0.1111,0.037
101990,0,3,11,257,271,0.0,0.0117,0.0428
60803,1,1,0,6,8,0.1667,0.1667,0.0
77744,0,0,0,1,1,0.0,0.0,0.0
91963,0,0,1,37,38,0.0,0.0,0.027
73461,0,0,0,5,5,0.0,0.0,0.0
90072,0,0,0,2,2,0.0,0.0,0.0
18406,0,0,1,3,4,0.0,0.0,0.3333
50661,0,0,0,1,1,0.0,0.0,0.0
88712,0,0,0,3,3,0.0,0.0,0.0
90454,0,0,0,6,6,0.0,0.0,0.0
21276,0,0,0,5,5,0.0,0.0,0.0
103274,0,0,0,19,19,0.0,0.0,0.0
86130,0,0,0,2,2,0.0,0.0,0.0
53735,0,0,0,4,4,0.0,0.0,0.0
60980,0,0,0,8,8,0.0,0.0,0.0
36924,0,0,0,1,1,0.0,0.0,0.0
93570,0,0,0,1,1,0.0,0.0,0.0
66854,0,0,0,3,3,0.0,0.0,0.0
71469,0,0,0,5,5,0.0,0.0,0.0
90254,0,1,0,2,3,0.0,0.5,0.0
87383,0,0,0,3,3,0.0,0.0,0.0
102680,0,0,0,3,3,0.0,0.0,0.0
94292,0,0,0,1,1,0.0,0.0,0.0
47179,0,0,0,4,4,0.0,0.0,0.0
78403,0,0,0,8,8,0.0,0.0,0.0
70982,0,1,0,1,2,0.0,1.0,0.0
100122,0,0,0,1,1,0.0,0.0,0.0
13873,0,0,0,1,1,0.0,0.0,0.0
77639,0,0,0,1,1,0.0,0.0,0.0
23447,0,0,0,5,5,0.0,0.0,0.0
37918,0,1,0,7,8,0.0,0.1429,0.0
18821,0,0,0,3,3,0.0,0.0,0.0
75700,0,0,0,1,1,0.0,0.0,0.0
102253,0,1,0,3,4,0.0,0.3333,0.0
39333,0,0,0,1,1,0.0,0.0,0.0
50911,2,8,2,360,372,0.0056,0.0222,0.0056
44477,0,0,0,3,3,0.0,0.0,0.0
74995,0,4,0,42,46,0.0,0.0952,0.0
20946,0,0,1,2,3,0.0,0.0,0.5
71336,0,0,0,3,3,0.0,0.0,0.0
22142,0,0,0,49,49,0.0,0.0,0.0
41789,0,0,1,14,15,0.0,0.0,0.0714
1064,0,0,1,12,13,0.0,0.0,0.0833
14496,1,1,1,51,54,0.0196,0.0196,0.0196
94756,0,4,0,22,26,0.0,0.1818,0.0
101273,0,0,0,4,4,0.0,0.0,0.0
80657,0,0,0,9,9,0.0,0.0,0.0
97299,0,0,0,8,8,0.0,0.0,0.0
97319,0,0,0,7,7,0.0,0.0,0.0
102584,0,0,0,6,6,0.0,0.0,0.0
99796,0,5,0,126,131,0.0,0.0397,0.0
45839,0,0,0,4,4,0.0,0.0,0.0
95853,0,1,1,41,43,0.0,0.0244,0.0244
20666,0,0,0,23,23,0.0,0.0,0.0
8126,0,0,0,11,11,0.0,0.0,0.0
61354,0,0,0,13,13,0.0,0.0,0.0
41525,0,0,1,35,36,0.0,0.0,0.0286
71404,0,0,1,61,62,0.0,0.0,0.0164
79003,0,2,0,13,15,0.0,0.1538,0.0
12102,0,0,0,5,5,0.0,0.0,0.0
58961,0,0,0,23,23,0.0,0.0,0.0
94724,1,2,0,47,50,0.0213,0.0426,0.0
93702,0,0,0,3,3,0.0,0.0,0.0
18113,0,0,0,5,5,0.0,0.0,0.0
100112,1,0,1,41,43,0.0244,0.0,0.0244
2682,0,0,0,1,1,0.0,0.0,0.0
47076,0,0,0,19,19,0.0,0.0,0.0
27645,0,0,0,1,1,0.0,0.0,0.0
47452,0,0,0,1,1,0.0,0.0,0.0
44075,0,0,1,22,23,0.0,0.0,0.0455
81755,1,15,6,526,548,0.0019,0.0285,0.0114
27979,0,0,0,7,7,0.0,0.0,0.0
15332,0,0,0,11,11,0.0,0.0,0.0
69239,0,0,0,5,5,0.0,0.0,0.0
59351,0,0,0,2,2,0.0,0.0,0.0
36024,1,1,0,16,18,0.0625,0.0625,0.0
49545,0,0,0,3,3,0.0,0.0,0.0
15138,0,0,0,11,11,0.0,0.0,0.0
35067,0,0,0,38,38,0.0,0.0,0.0
53544,0,1,0,77,78,0.0,0.013,0.0
21629,1,0,0,16,17,0.0625,0.0,0.0
102371,0,0,0,1,1,0.0,0.0,0.0
87647,0,0,0,1,1,0.0,0.0,0.0
103084,0,0,0,3,3,0.0,0.0,0.0
52599,0,0,0,9,9,0.0,0.0,0.0
62699,0,0,0,1,1,0.0,0.0,0.0
11125,0,0,0,2,2,0.0,0.0,0.0
44232,1,0,0,14,15,0.0714,0.0,0.0
95022,0,0,0,1,1,0.0,0.0,0.0
44049,0,0,0,2,2,0.0,0.0,0.0
15062,0,0,0,1,1,0.0,0.0,0.0
30761,0,0,0,1,1,0.0,0.0,0.0
5552,0,0,0,2,2,0.0,0.0,0.0
64351,0,0,0,1,1,0.0,0.0,0.0
62004,0,0,0,12,12,0.0,0.0,0.0
72894,0,0,0,1,1,0.0,0.0,0.0
25941,0,0,0,4,4,0.0,0.0,0.0
50229,0,0,0,2,2,0.0,0.0,0.0
65791,0,0,0,3,3,0.0,0.0,0.0
49490,0,0,0,1,1,0.0,0.0,0.0
55750,0,0,0,1,1,0.0,0.0,0.0
47414,0,0,0,1,1,0.0,0.0,0.0
74701,0,0,0,2,2,0.0,0.0,0.0
6695,0,0,0,1,1,0.0,0.0,0.0
71531,0,0,0,1,1,0.0,0.0,0.0
1156,0,0,0,1,1,0.0,0.0,0.0
19509,0,0,0,1,1,0.0,0.0,0.0
37434,0,0,0,1,1,0.0,0.0,0.0
32267,0,2,0,28,30,0.0,0.0714,0.0
38121,1,0,1,13,15,0.0769,0.0,0.0769
62555,1,6,6,225,238,0.0044,0.0267,0.0267
67639,0,0,0,14,14,0.0,0.0,0.0
100379,1,10,0,68,79,0.0147,0.1471,0.0
32893,7,4,2,386,399,0.0181,0.0104,0.0052
6300,0,0,0,5,5,0.0,0.0,0.0
25793,0,3,0,13,16,0.0,0.2308,0.0
66121,0,0,1,115,116,0.0,0.0,0.0087
27646,0,0,0,20,20,0.0,0.0,0.0
16326,0,0,0,2,2,0.0,0.0,0.0
23053,0,0,0,5,5,0.0,0.0,0.0
27356,0,0,0,39,39,0.0,0.0,0.0
96463,0,0,0,1,1,0.0,0.0,0.0
41963,0,0,0,11,11,0.0,0.0,0.0
8036,0,0,0,2,2,0.0,0.0,0.0
82206,0,0,0,20,20,0.0,0.0,0.0
100337,0,0,1,18,19,0.0,0.0,0.0556
92947,0,0,0,15,15,0.0,0.0,0.0
53458,0,1,2,56,59,0.0,0.0179,0.0357
81830,3,7,0,136,146,0.0221,0.0515,0.0
4858,0,0,0,6,6,0.0,0.0,0.0
68431,0,0,0,5,5,0.0,0.0,0.0
96110,0,2,0,20,22,0.0,0.1,0.0
40820,0,0,1,23,24,0.0,0.0,0.0435
27253,0,0,0,4,4,0.0,0.0,0.0
34248,2,0,0,4,6,0.5,0.0,0.0
61272,0,4,0,42,46,0.0,0.0952,0.0
39925,0,0,0,2,2,0.0,0.0,0.0
71692,2,0,3,139,144,0.0144,0.0,0.0216
31200,1,5,0,69,75,0.0145,0.0725,0.0
80817,0,0,0,10,10,0.0,0.0,0.0
78089,0,0,0,4,4,0.0,0.0,0.0
84590,0,0,0,22,22,0.0,0.0,0.0
61800,0,0,0,23,23,0.0,0.0,0.0
12865,0,0,0,2,2,0.0,0.0,0.0
34009,0,0,1,9,10,0.0,0.0,0.1111
62813,0,0,0,1,1,0.0,0.0,0.0
66331,0,0,0,8,8,0.0,0.0,0.0
102514,0,0,0,1,1,0.0,0.0,0.0
65630,0,4,3,155,162,0.0,0.0258,0.0194
21853,0,0,0,39,39,0.0,0.0,0.0
36573,0,0,0,9,9,0.0,0.0,0.0
101846,0,1,0,18,19,0.0,0.0556,0.0
65570,0,0,0,8,8,0.0,0.0,0.0
44511,0,0,0,5,5,0.0,0.0,0.0
37517,0,0,0,36,36,0.0,0.0,0.0
68738,0,0,1,1,2,0.0,0.0,1.0
89937,0,0,0,6,6,0.0,0.0,0.0
16885,0,1,0,1,2,0.0,1.0,0.0
70561,0,0,0,1,1,0.0,0.0,0.0
11841,0,0,0,4,4,0.0,0.0,0.0
76367,0,0,0,3,3,0.0,0.0,0.0
36399,0,0,0,11,11,0.0,0.0,0.0
35969,0,0,0,1,1,0.0,0.0,0.0
22173,0,0,0,4,4,0.0,0.0,0.0
45934,0,0,0,3,3,0.0,0.0,0.0
37599,0,0,0,1,1,0.0,0.0,0.0
73815,0,0,0,6,6,0.0,0.0,0.0
33264,0,0,0,1,1,0.0,0.0,0.0
42204,0,0,0,2,2,0.0,0.0,0.0
97583,0,0,1,23,24,0.0,0.0,0.0435
50666,0,0,0,11,11,0.0,0.0,0.0
11494,0,0,0,4,4,0.0,0.0,0.0
74413,0,1,0,3,4,0.0,0.3333,0.0
72777,0,0,0,13,13,0.0,0.0,0.0
93863,0,0,0,9,9,0.0,0.0,0.0
41642,0,0,0,1,1,0.0,0.0,0.0
39407,0,0,0,2,2,0.0,0.0,0.0
1307,0,0,0,3,3,0.0,0.0,0.0
46590,0,0,0,3,3,0.0,0.0,0.0
61283,0,0,0,3,3,0.0,0.0,0.0
36171,0,0,0,3,3,0.0,0.0,0.0
39574,0,0,0,4,4,0.0,0.0,0.0
78556,0,0,0,4,4,0.0,0.0,0.0
40696,0,0,0,3,3,0.0,0.0,0.0
38339,0,0,0,2,2,0.0,0.0,0.0
19119,0,0,0,1,1,0.0,0.0,0.0
14192,0,0,0,1,1,0.0,0.0,0.0
61920,0,0,0,1,1,0.0,0.0,0.0
51181,2,0,0,13,15,0.1538,0.0,0.0
41300,5,5,2,239,251,0.0209,0.0209,0.0084
31330,0,1,1,11,13,0.0,0.0909,0.0909
86597,0,0,1,4,5,0.0,0.0,0.25
46637,0,0,0,9,9,0.0,0.0,0.0
40601,2,1,0,100,103,0.02,0.01,0.0
24458,0,0,0,3,3,0.0,0.0,0.0
90680,0,0,0,44,44,0.0,0.0,0.0
60182,2,2,1,77,82,0.026,0.026,0.013
3166,0,0,0,8,8,0.0,0.0,0.0
5965,0,0,0,25,25,0.0,0.0,0.0
75331,0,0,0,7,7,0.0,0.0,0.0
20378,0,0,0,3,3,0.0,0.0,0.0
41544,0,2,7,117,126,0.0,0.0171,0.0598
66744,1,1,6,119,127,0.0084,0.0084,0.0504
77315,0,0,0,1,1,0.0,0.0,0.0
3725,1,1,0,49,51,0.0204,0.0204,0.0
33239,0,0,3,97,100,0.0,0.0,0.0309
23669,0,1,0,24,25,0.0,0.0417,0.0
53417,0,0,0,27,27,0.0,0.0,0.0
94112,0,1,0,13,14,0.0,0.0769,0.0
47641,0,0,0,3,3,0.0,0.0,0.0
72422,0,3,0,37,40,0.0,0.0811,0.0
81449,0,0,0,1,1,0.0,0.0,0.0
61865,0,0,0,2,2,0.0,0.0,0.0
48466,0,0,0,1,1,0.0,0.0,0.0
70182,1,3,1,146,151,0.0068,0.0205,0.0068
63509,1,1,0,32,34,0.0313,0.0313,0.0
84217,0,1,1,15,17,0.0,0.0667,0.0667
61212,1,2,1,63,67,0.0159,0.0317,0.0159
39635,0,0,0,4,4,0.0,0.0,0.0
22301,0,0,0,4,4,0.0,0.0,0.0
39835,0,1,0,13,14,0.0,0.0769,0.0
64294,0,0,0,5,5,0.0,0.0,0.0
100641,0,2,0,52,54,0.0,0.0385,0.0
45983,0,0,0,33,33,0.0,0.0,0.0
55994,2,0,0,35,37,0.0571,0.0,0.0
76549,0,0,0,10,10,0.0,0.0,0.0
82631,0,1,2,11,14,0.0,0.0909,0.1818
39208,0,0,0,8,8,0.0,0.0,0.0
51590,0,0,0,4,4,0.0,0.0,0.0
70078,0,0,0,43,43,0.0,0.0,0.0
50858,0,0,0,1,1,0.0,0.0,0.0
9771,0,0,0,2,2,0.0,0.0,0.0
29618,0,0,0,1,1,0.0,0.0,0.0
29139,0,0,0,5,5,0.0,0.0,0.0
72516,0,0,1,26,27,0.0,0.0,0.0385
17053,0,1,0,23,24,0.0,0.0435,0.0
49834,0,0,0,7,7,0.0,0.0,0.0
72151,0,0,0,6,6,0.0,0.0,0.0
69621,0,0,0,4,4,0.0,0.0,0.0
20381,0,0,0,4,4,0.0,0.0,0.0
3252,0,0,0,2,2,0.0,0.0,0.0
39821,0,0,0,3,3,0.0,0.0,0.0
48587,0,0,0,19,19,0.0,0.0,0.0
101878,0,0,0,4,4,0.0,0.0,0.0
8247,0,0,0,1,1,0.0,0.0,0.0
36255,0,0,0,2,2,0.0,0.0,0.0
45635,0,0,0,101,101,0.0,0.0,0.0
23877,0,0,0,5,5,0.0,0.0,0.0
77719,0,0,0,6,6,0.0,0.0,0.0
82572,0,0,0,1,1,0.0,0.0,0.0
52662,0,0,0,10,10,0.0,0.0,0.0
11406,0,0,0,2,2,0.0,0.0,0.0
73972,0,0,0,12,12,0.0,0.0,0.0
25973,0,0,0,2,2,0.0,0.0,0.0
91688,1,0,0,15,16,0.0667,0.0,0.0
21034,0,0,0,7,7,0.0,0.0,0.0
1372,0,0,0,4,4,0.0,0.0,0.0
87225,0,0,0,4,4,0.0,0.0,0.0
56012,0,0,0,2,2,0.0,0.0,0.0
98111,0,0,0,2,2,0.0,0.0,0.0
2526,0,0,0,5,5,0.0,0.0,0.0
688,1,0,0,1,2,1.0,0.0,0.0
91670,0,0,1,3,4,0.0,0.0,0.3333
16352,0,0,0,3,3,0.0,0.0,0.0
12187,0,0,0,2,2,0.0,0.0,0.0
91618,0,0,0,1,1,0.0,0.0,0.0
59030,0,0,0,2,2,0.0,0.0,0.0
12575,0,0,0,1,1,0.0,0.0,0.0
28412,0,0,0,2,2,0.0,0.0,0.0
46661,0,0,0,6,6,0.0,0.0,0.0
67034,0,0,0,1,1,0.0,0.0,0.0
87885,1,0,0,3,4,0.3333,0.0,0.0
39965,0,0,0,1,1,0.0,0.0,0.0
60926,0,0,0,2,2,0.0,0.0,0.0
35457,0,0,0,3,3,0.0,0.0,0.0
21191,0,1,0,8,9,0.0,0.125,0.0
43156,2,0,0,39,41,0.0513,0.0,0.0
32501,0,2,13,114,129,0.0,0.0175,0.114
63602,1,1,0,54,56,0.0185,0.0185,0.0
59084,0,0,0,8,8,0.0,0.0,0.0
86399,0,0,0,1,1,0.0,0.0,0.0
89628,0,0,0,6,6,0.0,0.0,0.0
97145,3,6,4,286,299,0.0105,0.021,0.014
49944,1,3,0,49,53,0.0204,0.0612,0.0
86472,0,0,2,4,6,0.0,0.0,0.5
67212,0,0,0,26,26,0.0,0.0,0.0
86221,0,0,0,1,1,0.0,0.0,0.0
61112,0,0,0,22,22,0.0,0.0,0.0
34461,0,2,0,57,59,0.0,0.0351,0.0
40123,0,0,0,4,4,0.0,0.0,0.0
24792,0,0,0,2,2,0.0,0.0,0.0
16571,0,0,1,25,26,0.0,0.0,0.04
5212,0,0,0,16,16,0.0,0.0,0.0
71208,3,2,0,58,63,0.0517,0.0345,0.0
38916,0,0,0,6,6,0.0,0.0,0.0
4777,0,0,0,1,1,0.0,0.0,0.0
32509,0,0,0,9,9,0.0,0.0,0.0
25494,0,0,0,6,6,0.0,0.0,0.0
37200,0,0,0,4,4,0.0,0.0,0.0
64447,0,0,0,12,12,0.0,0.0,0.0
81834,0,0,0,5,5,0.0,0.0,0.0
45876,1,0,0,13,14,0.0769,0.0,0.0
8656,0,0,1,7,8,0.0,0.0,0.1429
7116,0,0,0,9,9,0.0,0.0,0.0
29842,0,0,0,8,8,0.0,0.0,0.0
75061,0,0,0,14,14,0.0,0.0,0.0
81400,0,0,0,7,7,0.0,0.0,0.0
81839,0,2,0,26,28,0.0,0.0769,0.0
53397,0,0,1,17,18,0.0,0.0,0.0588
29089,0,0,0,6,6,0.0,0.0,0.0
60369,0,0,0,6,6,0.0,0.0,0.0
86983,0,0,0,9,9,0.0,0.0,0.0
32518,0,0,0,7,7,0.0,0.0,0.0
74916,1,2,0,77,80,0.013,0.026,0.0
98167,0,0,0,7,7,0.0,0.0,0.0
13038,0,1,0,1,2,0.0,1.0,0.0
70462,2,0,0,0,2,0.0,0.0,0.0
70797,0,0,0,1,1,0.0,0.0,0.0
88843,0,0,0,1,1,0.0,0.0,0.0
332,0,0,0,1,1,0.0,0.0,0.0
22844,0,0,0,3,3,0.0,0.0,0.0
95621,0,0,0,1,1,0.0,0.0,0.0
43748,0,0,0,7,7,0.0,0.0,0.0
57179,0,0,0,3,3,0.0,0.0,0.0
26683,0,0,0,1,1,0.0,0.0,0.0
88611,0,0,0,3,3,0.0,0.0,0.0
70522,0,0,0,25,25,0.0,0.0,0.0
14375,0,1,1,34,36,0.0,0.0294,0.0294
14808,0,0,2,66,68,0.0,0.0,0.0303
98642,0,0,0,33,33,0.0,0.0,0.0
19724,0,0,0,22,22,0.0,0.0,0.0
33547,0,0,1,6,7,0.0,0.0,0.1667
2189,0,1,0,17,18,0.0,0.0588,0.0
47186,1,0,1,20,22,0.05,0.0,0.05
52074,0,0,0,2,2,0.0,0.0,0.0
60859,0,0,2,39,41,0.0,0.0,0.0513
70081,0,1,0,17,18,0.0,0.0588,0.0
37857,0,0,0,8,8,0.0,0.0,0.0
30769,4,7,5,421,437,0.0095,0.0166,0.0119
78188,0,2,0,19,21,0.0,0.1053,0.0
101207,0,0,0,10,10,0.0,0.0,0.0
67382,0,1,0,16,17,0.0,0.0625,0.0
80695,0,0,0,17,17,0.0,0.0,0.0
51984,0,0,0,5,5,0.0,0.0,0.0
51124,0,0,0,12,12,0.0,0.0,0.0
44611,0,0,1,26,27,0.0,0.0,0.0385
60935,2,0,1,21,24,0.0952,0.0,0.0476
101087,0,0,0,3,3,0.0,0.0,0.0
61305,1,1,0,62,64,0.0161,0.0161,0.0
98993,0,1,0,2,3,0.0,0.5,0.0
67787,0,0,0,1,1,0.0,0.0,0.0
77808,0,0,0,4,4,0.0,0.0,0.0
102418,0,0,0,2,2,0.0,0.0,0.0
59193,0,0,0,27,27,0.0,0.0,0.0
94013,0,0,0,15,15,0.0,0.0,0.0
85303,0,0,1,24,25,0.0,0.0,0.0417
18392,0,1,0,13,14,0.0,0.0769,0.0
4830,0,0,0,12,12,0.0,0.0,0.0
78847,0,1,3,98,102,0.0,0.0102,0.0306
103230,0,1,0,13,14,0.0,0.0769,0.0
15920,0,0,0,28,28,0.0,0.0,0.0
53873,0,1,0,7,8,0.0,0.1429,0.0
44074,0,1,0,1,2,0.0,1.0,0.0
33256,0,0,0,2,2,0.0,0.0,0.0
47421,0,0,0,2,2,0.0,0.0,0.0
14888,0,0,0,3,3,0.0,0.0,0.0
103945,0,0,0,24,24,0.0,0.0,0.0
50749,0,0,0,1,1,0.0,0.0,0.0
89313,0,0,0,3,3,0.0,0.0,0.0
41723,0,0,0,2,2,0.0,0.0,0.0
29160,0,0,0,1,1,0.0,0.0,0.0
25381,0,0,0,1,1,0.0,0.0,0.0
42916,0,0,0,1,1,0.0,0.0,0.0
86761,0,0,0,3,3,0.0,0.0,0.0
82977,0,0,0,3,3,0.0,0.0,0.0
40991,2,0,0,21,23,0.0952,0.0,0.0
11677,0,0,0,17,17,0.0,0.0,0.0
56529,0,0,0,3,3,0.0,0.0,0.0
49044,0,0,0,7,7,0.0,0.0,0.0
39396,0,0,0,1,1,0.0,0.0,0.0
10881,0,0,0,5,5,0.0,0.0,0.0
28775,0,0,0,4,4,0.0,0.0,0.0
28597,0,0,0,10,10,0.0,0.0,0.0
103623,0,0,0,1,1,0.0,0.0,0.0
15440,0,0,0,1,1,0.0,0.0,0.0
39137,0,0,0,1,1,0.0,0.0,0.0
17097,0,0,0,31,31,0.0,0.0,0.0
30942,0,0,0,1,1,0.0,0.0,0.0
48262,0,0,0,50,50,0.0,0.0,0.0
82467,0,2,3,62,67,0.0,0.0323,0.0484
54898,0,1,0,4,5,0.0,0.25,0.0
98921,0,0,0,5,5,0.0,0.0,0.0
5764,5,1,0,46,52,0.1087,0.0217,0.0
49201,0,3,0,27,30,0.0,0.1111,0.0
62106,0,0,0,4,4,0.0,0.0,0.0
62354,0,2,1,35,38,0.0,0.0571,0.0286
85260,0,1,1,41,43,0.0,0.0244,0.0244
2134,1,0,0,96,97,0.0104,0.0,0.0
2322,0,1,0,27,28,0.0,0.037,0.0
62826,0,2,0,177,179,0.0,0.0113,0.0
98711,0,0,0,1,1,0.0,0.0,0.0
78450,1,0,0,4,5,0.25,0.0,0.0
94469,0,0,0,3,3,0.0,0.0,0.0
82161,0,0,0,2,2,0.0,0.0,0.0
93680,1,0,0,22,23,0.0455,0.0,0.0
7225,0,0,0,3,3,0.0,0.0,0.0
97606,0,2,0,10,12,0.0,0.2,0.0
81287,0,5,1,56,62,0.0,0.0893,0.0179
76778,0,1,3,43,47,0.0,0.0233,0.0698
89788,0,0,0,1,1,0.0,0.0,0.0
23739,0,0,0,5,5,0.0,0.0,0.0
18088,0,0,0,11,11,0.0,0.0,0.0
58804,0,0,0,6,6,0.0,0.0,0.0
2738,0,0,0,2,2,0.0,0.0,0.0
41083,0,0,0,2,2,0.0,0.0,0.0
99752,0,0,0,1,1,0.0,0.0,0.0
86210,0,0,0,37,37,0.0,0.0,0.0
68802,0,0,0,1,1,0.0,0.0,0.0
3669,1,0,0,0,1,0.0,0.0,0.0
77434,0,0,2,8,10,0.0,0.0,0.25
83878,1,0,0,3,4,0.3333,0.0,0.0
22135,0,0,0,1,1,0.0,0.0,0.0
5606,2,0,0,22,24,0.0909,0.0,0.0
76509,0,0,0,5,5,0.0,0.0,0.0
85271,0,0,0,1,1,0.0,0.0,0.0
86933,0,0,0,4,4,0.0,0.0,0.0
28671,0,0,0,4,4,0.0,0.0,0.0
6391,0,0,0,7,7,0.0,0.0,0.0
53209,0,1,0,16,17,0.0,0.0625,0.0
53177,0,0,0,8,8,0.0,0.0,0.0
844,0,0,0,1,1,0.0,0.0,0.0
3287,0,2,0,3,5,0.0,0.6667,0.0
67926,0,0,0,4,4,0.0,0.0,0.0
60208,0,0,0,4,4,0.0,0.0,0.0
17811,0,0,0,2,2,0.0,0.0,0.0
98115,0,0,0,3,3,0.0,0.0,0.0
10116,0,0,0,1,1,0.0,0.0,0.0
36489,0,0,0,1,1,0.0,0.0,0.0
56455,0,0,0,14,14,0.0,0.0,0.0
44499,0,0,0,2,2,0.0,0.0,0.0
33821,0,0,0,3,3,0.0,0.0,0.0
23323,0,0,1,2,3,0.0,0.0,0.5
5219,0,0,0,1,1,0.0,0.0,0.0
59914,0,0,0,4,4,0.0,0.0,0.0
72851,0,0,0,1,1,0.0,0.0,0.0
33943,0,0,0,26,26,0.0,0.0,0.0
84027,0,0,0,2,2,0.0,0.0,0.0
5708,3,1,2,146,152,0.0205,0.0068,0.0137
97666,0,0,0,39,39,0.0,0.0,0.0
40124,0,2,0,29,31,0.0,0.069,0.0
97423,0,0,0,34,34,0.0,0.0,0.0
55500,0,0,2,4,6,0.0,0.0,0.5
25837,0,1,0,7,8,0.0,0.1429,0.0
30293,0,0,0,2,2,0.0,0.0,0.0
11367,0,0,0,33,33,0.0,0.0,0.0
16698,3,4,6,211,224,0.0142,0.019,0.0284
76967,0,0,1,33,34,0.0,0.0,0.0303
36802,2,3,0,34,39,0.0588,0.0882,0.0
21260,0,3,1,117,121,0.0,0.0256,0.0085
60284,0,0,2,14,16,0.0,0.0,0.1429
67629,0,0,0,17,17,0.0,0.0,0.0
63724,0,0,0,15,15,0.0,0.0,0.0
70281,0,0,1,2,3,0.0,0.0,0.5
48136,1,3,4,107,115,0.0093,0.028,0.0374
59862,0,0,0,18,18,0.0,0.0,0.0
82347,0,0,0,5,5,0.0,0.0,0.0
27449,0,0,0,7,7,0.0,0.0,0.0
87912,0,1,0,18,19,0.0,0.0556,0.0
103182,0,0,0,1,1,0.0,0.0,0.0
16138,0,1,0,3,4,0.0,0.3333,0.0
88750,6,12,10,537,565,0.0112,0.0223,0.0186
48592,1,0,0,45,46,0.0222,0.0,0.0
14128,0,5,1,75,81,0.0,0.0667,0.0133
37998,0,0,0,10,10,0.0,0.0,0.0
92800,1,4,5,219,229,0.0046,0.0183,0.0228
75315,0,0,0,3,3,0.0,0.0,0.0
103147,0,0,0,1,1,0.0,0.0,0.0
85992,0,1,0,34,35,0.0,0.0294,0.0
13422,1,0,0,14,15,0.0714,0.0,0.0
35009,0,0,0,3,3,0.0,0.0,0.0
1280,0,0,0,38,38,0.0,0.0,0.0
103030,4,2,1,157,164,0.0255,0.0127,0.0064
98202,0,0,2,14,16,0.0,0.0,0.1429
61297,0,0,0,6,6,0.0,0.0,0.0
46582,0,0,2,17,19,0.0,0.0,0.1176
74422,0,0,0,6,6,0.0,0.0,0.0
28493,0,3,0,73,76,0.0,0.0411,0.0
19148,0,0,0,2,2,0.0,0.0,0.0
58721,0,2,0,35,37,0.0,0.0571,0.0
1210,2,0,0,8,10,0.25,0.0,0.0
6949,0,0,0,6,6,0.0,0.0,0.0
103685,0,0,0,5,5,0.0,0.0,0.0
102935,0,1,0,13,14,0.0,0.0769,0.0
43834,0,1,0,8,9,0.0,0.125,0.0
93666,2,0,0,7,9,0.2857,0.0,0.0
2804,0,0,0,2,2,0.0,0.0,0.0
21580,0,0,0,1,1,0.0,0.0,0.0
46925,0,0,0,1,1,0.0,0.0,0.0
79944,0,0,0,5,5,0.0,0.0,0.0
69038,0,0,0,7,7,0.0,0.0,0.0
61683,0,0,0,2,2,0.0,0.0,0.0
72637,0,0,1,3,4,0.0,0.0,0.3333
49461,1,0,0,27,28,0.037,0.0,0.0
82704,0,0,0,21,21,0.0,0.0,0.0
53465,0,0,0,18,18,0.0,0.0,0.0
15938,0,0,0,1,1,0.0,0.0,0.0
78239,0,3,0,7,10,0.0,0.4286,0.0
83867,0,0,0,1,1,0.0,0.0,0.0
86860,1,1,0,35,37,0.0286,0.0286,0.0
63547,0,0,0,3,3,0.0,0.0,0.0
15636,0,0,0,9,9,0.0,0.0,0.0
72025,0,0,0,11,11,0.0,0.0,0.0
82349,0,0,0,22,22,0.0,0.0,0.0
101514,0,0,0,9,9,0.0,0.0,0.0
15905,0,0,0,8,8,0.0,0.0,0.0
94341,0,0,0,1,1,0.0,0.0,0.0
51855,0,0,0,2,2,0.0,0.0,0.0
50101,0,0,0,9,9,0.0,0.0,0.0
36975,0,0,0,2,2,0.0,0.0,0.0
70708,0,0,0,3,3,0.0,0.0,0.0
16114,0,0,0,2,2,0.0,0.0,0.0
40100,2,0,0,21,23,0.0952,0.0,0.0
44948,0,2,0,3,5,0.0,0.6667,0.0
80222,0,0,0,1,1,0.0,0.0,0.0
9126,0,0,0,2,2,0.0,0.0,0.0
54159,0,0,0,7,7,0.0,0.0,0.0
9205,0,0,0,1,1,0.0,0.0,0.0
87633,0,0,0,2,2,0.0,0.0,0.0
87250,0,0,0,3,3,0.0,0.0,0.0
77634,0,0,0,11,11,0.0,0.0,0.0
87221,0,0,0,7,7,0.0,0.0,0.0
102606,0,1,0,38,39,0.0,0.0263,0.0
24546,0,0,0,1,1,0.0,0.0,0.0
18050,0,0,0,18,18,0.0,0.0,0.0
4240,0,0,0,1,1,0.0,0.0,0.0
66359,1,0,1,63,65,0.0159,0.0,0.0159
5142,0,2,0,12,14,0.0,0.1667,0.0
11598,0,0,0,7,7,0.0,0.0,0.0
6128,1,0,0,2,3,0.5,0.0,0.0
39605,1,0,0,60,61,0.0167,0.0,0.0
97107,0,0,0,5,5,0.0,0.0,0.0
26933,0,0,0,4,4,0.0,0.0,0.0
48707,0,0,0,35,35,0.0,0.0,0.0
4104,0,0,0,1,1,0.0,0.0,0.0
47848,1,0,0,47,48,0.0213,0.0,0.0
67027,0,0,0,7,7,0.0,0.0,0.0
56342,0,0,0,14,14,0.0,0.0,0.0
57259,0,0,0,9,9,0.0,0.0,0.0
42005,0,0,0,17,17,0.0,0.0,0.0
1056,0,0,0,2,2,0.0,0.0,0.0
60528,1,0,1,188,190,0.0053,0.0,0.0053
82707,0,1,0,12,13,0.0,0.0833,0.0
79253,0,0,0,10,10,0.0,0.0,0.0
94535,0,0,0,5,5,0.0,0.0,0.0
8899,0,0,0,57,57,0.0,0.0,0.0
103696,0,0,0,13,13,0.0,0.0,0.0
96962,0,0,0,69,69,0.0,0.0,0.0
38022,3,0,0,5,8,0.6,0.0,0.0
66262,0,0,0,8,8,0.0,0.0,0.0
92917,0,0,1,10,11,0.0,0.0,0.1
32189,0,0,1,1,2,0.0,0.0,1.0
71110,1,0,0,9,10,0.1111,0.0,0.0
37491,0,0,0,1,1,0.0,0.0,0.0
3972,0,0,0,2,2,0.0,0.0,0.0
45112,0,0,0,1,1,0.0,0.0,0.0
54024,0,0,0,3,3,0.0,0.0,0.0
2629,0,2,0,5,7,0.0,0.4,0.0
65452,0,0,0,2,2,0.0,0.0,0.0
88593,0,0,0,6,6,0.0,0.0,0.0
95287,0,0,0,6,6,0.0,0.0,0.0
51029,0,0,0,2,2,0.0,0.0,0.0
6904,0,0,0,4,4,0.0,0.0,0.0
30118,0,0,0,1,1,0.0,0.0,0.0
36716,0,0,0,2,2,0.0,0.0,0.0
7244,0,0,0,12,12,0.0,0.0,0.0
94863,0,0,0,2,2,0.0,0.0,0.0
79239,0,0,0,1,1,0.0,0.0,0.0
38353,0,0,0,4,4,0.0,0.0,0.0
69990,0,0,0,1,1,0.0,0.0,0.0
52320,0,0,0,1,1,0.0,0.0,0.0
91330,0,0,0,1,1,0.0,0.0,0.0
14462,0,0,0,3,3,0.0,0.0,0.0
54986,0,0,0,1,1,0.0,0.0,0.0
46666,0,0,0,43,43,0.0,0.0,0.0
76840,0,0,0,1,1,0.0,0.0,0.0
102177,0,0,0,1,1,0.0,0.0,0.0
78937,0,0,0,46,46,0.0,0.0,0.0
73130,0,0,0,3,3,0.0,0.0,0.0
99175,0,1,3,24,28,0.0,0.0417,0.125
54455,7,7,6,432,452,0.0162,0.0162,0.0139
35975,0,0,0,39,39,0.0,0.0,0.0
59337,0,0,0,20,20,0.0,0.0,0.0
69779,0,0,0,7,7,0.0,0.0,0.0
82162,0,0,0,3,3,0.0,0.0,0.0
39360,0,0,2,34,36,0.0,0.0,0.0588
4305,0,2,0,25,27,0.0,0.08,0.0
71881,0,3,0,68,71,0.0,0.0441,0.0
24841,0,0,0,8,8,0.0,0.0,0.0
100291,0,2,0,13,15,0.0,0.1538,0.0
79415,0,0,0,2,2,0.0,0.0,0.0
13694,0,0,0,27,27,0.0,0.0,0.0
66716,0,0,0,5,5,0.0,0.0,0.0
68947,0,0,0,2,2,0.0,0.0,0.0
93364,0,0,0,20,20,0.0,0.0,0.0
47340,1,2,2,53,58,0.0189,0.0377,0.0377
31969,0,0,0,12,12,0.0,0.0,0.0
50908,0,4,2,106,112,0.0,0.0377,0.0189
66282,0,0,0,7,7,0.0,0.0,0.0
3207,0,1,2,75,78,0.0,0.0133,0.0267
21612,0,0,0,10,10,0.0,0.0,0.0
49777,1,0,0,6,7,0.1667,0.0,0.0
78719,0,0,0,14,14,0.0,0.0,0.0
65718,0,0,0,7,7,0.0,0.0,0.0
84080,0,0,1,89,90,0.0,0.0,0.0112
49653,0,0,0,4,4,0.0,0.0,0.0
91368,0,0,0,52,52,0.0,0.0,0.0
49630,0,0,0,2,2,0.0,0.0,0.0
20042,0,0,0,8,8,0.0,0.0,0.0
53475,0,0,0,3,3,0.0,0.0,0.0
87432,0,0,0,8,8,0.0,0.0,0.0
41894,0,1,0,66,67,0.0,0.0152,0.0
42318,0,1,0,38,39,0.0,0.0263,0.0
30930,0,0,0,3,3,0.0,0.0,0.0
85126,0,0,0,1,1,0.0,0.0,0.0
81384,0,0,0,6,6,0.0,0.0,0.0
100065,0,0,0,1,1,0.0,0.0,0.0
38157,0,0,0,1,1,0.0,0.0,0.0
51907,0,2,0,27,29,0.0,0.0741,0.0
24889,0,0,0,3,3,0.0,0.0,0.0
26614,0,0,0,5,5,0.0,0.0,0.0
103520,0,0,0,1,1,0.0,0.0,0.0
54434,2,1,0,64,67,0.0313,0.0156,0.0
7005,0,0,0,1,1,0.0,0.0,0.0
92045,0,0,0,2,2,0.0,0.0,0.0
29191,0,0,0,6,6,0.0,0.0,0.0
40389,0,0,0,20,20,0.0,0.0,0.0
15696,0,0,1,1,2,0.0,0.0,1.0
81288,0,0,0,11,11,0.0,0.0,0.0
65473,0,0,0,1,1,0.0,0.0,0.0
102624,0,0,0,12,12,0.0,0.0,0.0
7945,0,0,0,1,1,0.0,0.0,0.0
72980,1,0,0,8,9,0.125,0.0,0.0
9103,0,0,0,6,6,0.0,0.0,0.0
82612,0,0,0,1,1,0.0,0.0,0.0
58838,0,0,0,1,1,0.0,0.0,0.0
29190,0,0,0,2,2,0.0,0.0,0.0
67340,0,0,0,4,4,0.0,0.0,0.0
24900,0,0,0,3,3,0.0,0.0,0.0
72282,0,0,0,4,4,0.0,0.0,0.0
71865,0,0,0,1,1,0.0,0.0,0.0
22864,0,0,0,1,1,0.0,0.0,0.0
29936,0,0,0,1,1,0.0,0.0,0.0
52188,0,0,0,1,1,0.0,0.0,0.0
16515,0,0,0,7,7,0.0,0.0,0.0
61276,0,4,0,2,6,0.0,2.0,0.0
83127,0,0,0,3,3,0.0,0.0,0.0
80320,0,0,0,3,3,0.0,0.0,0.0
36016,0,0,0,1,1,0.0,0.0,0.0
29927,0,0,0,1,1,0.0,0.0,0.0
60751,0,0,0,2,2,0.0,0.0,0.0
67777,0,0,0,3,3,0.0,0.0,0.0
35801,0,0,0,14,14,0.0,0.0,0.0
1046,0,0,0,1,1,0.0,0.0,0.0
86282,0,0,0,1,1,0.0,0.0,0.0
24962,0,0,0,1,1,0.0,0.0,0.0
8693,1,3,1,154,159,0.0065,0.0195,0.0065
28023,0,1,0,16,17,0.0,0.0625,0.0
83648,0,2,2,42,46,0.0,0.0476,0.0476
102779,0,0,0,1,1,0.0,0.0,0.0
95891,1,1,0,14,16,0.0714,0.0714,0.0
33166,0,0,0,8,8,0.0,0.0,0.0
23699,6,1,0,60,67,0.1,0.0167,0.0
16316,0,0,0,7,7,0.0,0.0,0.0
80491,4,6,15,659,684,0.0061,0.0091,0.0228
17503,0,0,0,1,1,0.0,0.0,0.0
93536,0,0,2,19,21,0.0,0.0,0.1053
64778,0,0,0,20,20,0.0,0.0,0.0
102993,0,0,0,24,24,0.0,0.0,0.0
9235,0,0,0,10,10,0.0,0.0,0.0
32254,0,0,0,29,29,0.0,0.0,0.0
100054,0,0,0,4,4,0.0,0.0,0.0
82104,1,1,0,24,26,0.0417,0.0417,0.0
80117,0,0,0,1,1,0.0,0.0,0.0
76172,0,0,0,7,7,0.0,0.0,0.0
29472,0,0,0,8,8,0.0,0.0,0.0
90122,1,0,0,2,3,0.5,0.0,0.0
90974,0,0,0,1,1,0.0,0.0,0.0
8239,0,0,0,4,4,0.0,0.0,0.0
20854,0,0,0,2,2,0.0,0.0,0.0
51555,0,0,0,15,15,0.0,0.0,0.0
27608,0,0,0,11,11,0.0,0.0,0.0
8828,0,0,1,12,13,0.0,0.0,0.0833
16693,0,0,0,10,10,0.0,0.0,0.0
2675,0,0,0,6,6,0.0,0.0,0.0
59346,0,0,1,11,12,0.0,0.0,0.0909
4446,0,0,0,7,7,0.0,0.0,0.0
3792,0,1,0,8,9,0.0,0.125,0.0
102204,0,0,0,14,14,0.0,0.0,0.0
87157,3,0,0,37,40,0.0811,0.0,0.0
50463,0,0,0,1,1,0.0,0.0,0.0
71426,0,0,0,1,1,0.0,0.0,0.0
22628,0,0,0,1,1,0.0,0.0,0.0
102985,1,1,1,73,76,0.0137,0.0137,0.0137
9264,0,0,0,1,1,0.0,0.0,0.0
37676,2,1,0,13,16,0.1538,0.0769,0.0
31348,0,0,0,9,9,0.0,0.0,0.0
87369,0,0,0,1,1,0.0,0.0,0.0
21584,0,0,0,2,2,0.0,0.0,0.0
6254,0,0,0,2,2,0.0,0.0,0.0
3037,0,0,0,1,1,0.0,0.0,0.0
48745,0,0,0,1,1,0.0,0.0,0.0
3171,0,2,0,5,7,0.0,0.4,0.0
80083,0,0,1,28,29,0.0,0.0,0.0357
5422,0,0,0,1,1,0.0,0.0,0.0
83626,0,0,0,1,1,0.0,0.0,0.0
66819,0,0,0,27,27,0.0,0.0,0.0
46677,1,1,0,6,8,0.1667,0.1667,0.0
24231,0,0,0,3,3,0.0,0.0,0.0
24419,0,0,0,4,4,0.0,0.0,0.0
56523,0,0,0,1,1,0.0,0.0,0.0
61758,0,0,0,2,2,0.0,0.0,0.0
73309,0,0,0,1,1,0.0,0.0,0.0
8287,0,0,0,9,9,0.0,0.0,0.0
52057,0,0,0,1,1,0.0,0.0,0.0
64293,0,1,0,4,5,0.0,0.25,0.0
64345,0,0,0,1,1,0.0,0.0,0.0
26547,0,0,0,8,8,0.0,0.0,0.0
95365,0,0,0,3,3,0.0,0.0,0.0
98767,0,1,0,7,8,0.0,0.1429,0.0
2006,0,0,0,12,12,0.0,0.0,0.0
8306,0,0,0,5,5,0.0,0.0,0.0
89100,0,0,0,2,2,0.0,0.0,0.0
91296,0,0,0,1,1,0.0,0.0,0.0
7504,4,6,12,523,545,0.0076,0.0115,0.0229
32848,0,1,0,27,28,0.0,0.037,0.0
67466,0,0,0,2,2,0.0,0.0,0.0
3260,0,1,0,22,23,0.0,0.0455,0.0
77745,1,2,2,205,210,0.0049,0.0098,0.0098
56039,0,0,1,2,3,0.0,0.0,0.5
57479,0,0,1,27,28,0.0,0.0,0.037
88148,0,0,1,10,11,0.0,0.0,0.1
82665,0,0,0,1,1,0.0,0.0,0.0
417,0,0,0,6,6,0.0,0.0,0.0
82191,7,8,1,144,160,0.0486,0.0556,0.0069
70751,0,0,3,14,17,0.0,0.0,0.2143
19815,0,0,0,1,1,0.0,0.0,0.0
42362,0,2,0,110,112,0.0,0.0182,0.0
36659,0,0,0,20,20,0.0,0.0,0.0
31458,0,0,0,1,1,0.0,0.0,0.0
56243,0,0,0,15,15,0.0,0.0,0.0
5897,1,0,1,17,19,0.0588,0.0,0.0588
44010,0,0,0,6,6,0.0,0.0,0.0
45332,0,0,1,18,19,0.0,0.0,0.0556
80878,4,0,1,27,32,0.1481,0.0,0.037
56301,0,0,0,6,6,0.0,0.0,0.0
41533,0,0,0,4,4,0.0,0.0,0.0
91619,0,2,2,124,128,0.0,0.0161,0.0161
64280,0,0,0,7,7,0.0,0.0,0.0
80191,0,0,0,7,7,0.0,0.0,0.0
35527,0,0,0,37,37,0.0,0.0,0.0
19100,0,0,0,59,59,0.0,0.0,0.0
388,0,0,0,18,18,0.0,0.0,0.0
102843,0,3,0,16,19,0.0,0.1875,0.0
14370,0,1,1,28,30,0.0,0.0357,0.0357
60217,0,0,0,1,1,0.0,0.0,0.0
59570,0,0,0,14,14,0.0,0.0,0.0
29155,0,0,0,2,2,0.0,0.0,0.0
97322,0,0,0,2,2,0.0,0.0,0.0
76753,0,0,0,14,14,0.0,0.0,0.0
70695,0,0,0,3,3,0.0,0.0,0.0
86503,0,1,2,29,32,0.0,0.0345,0.069
54152,0,0,0,14,14,0.0,0.0,0.0
31596,0,1,1,33,35,0.0,0.0303,0.0303
51159,0,0,1,24,25,0.0,0.0,0.0417
79011,0,0,0,9,9,0.0,0.0,0.0
40826,0,0,0,5,5,0.0,0.0,0.0
75629,0,0,0,3,3,0.0,0.0,0.0
2753,0,0,2,26,28,0.0,0.0,0.0769
25671,0,0,0,1,1,0.0,0.0,0.0
56460,0,0,0,1,1,0.0,0.0,0.0
25094,0,0,0,1,1,0.0,0.0,0.0
40139,0,0,0,2,2,0.0,0.0,0.0
30147,0,0,0,2,2,0.0,0.0,0.0
57111,0,0,0,3,3,0.0,0.0,0.0
74258,0,0,0,1,1,0.0,0.0,0.0
91036,0,0,0,18,18,0.0,0.0,0.0
34166,0,0,0,10,10,0.0,0.0,0.0
29609,0,0,0,2,2,0.0,0.0,0.0
63975,0,0,0,8,8,0.0,0.0,0.0
52191,0,4,0,6,10,0.0,0.6667,0.0
87969,0,0,0,20,20,0.0,0.0,0.0
23365,0,0,0,1,1,0.0,0.0,0.0
103431,0,0,0,1,1,0.0,0.0,0.0
5909,0,0,0,3,3,0.0,0.0,0.0
55970,0,0,0,3,3,0.0,0.0,0.0
74365,0,0,0,2,2,0.0,0.0,0.0
66960,0,0,0,25,25,0.0,0.0,0.0
39219,0,0,0,5,5,0.0,0.0,0.0
69013,0,0,0,8,8,0.0,0.0,0.0
4873,0,0,0,1,1,0.0,0.0,0.0
18129,0,0,0,2,2,0.0,0.0,0.0
36206,0,0,0,1,1,0.0,0.0,0.0
87528,0,0,0,3,3,0.0,0.0,0.0
42576,1,1,0,5,7,0.2,0.2,0.0
40185,0,2,1,17,20,0.0,0.1176,0.0588
56265,1,0,2,59,62,0.0169,0.0,0.0339
54966,0,0,0,11,11,0.0,0.0,0.0
40411,0,1,0,5,6,0.0,0.2,0.0
90433,0,0,0,3,3,0.0,0.0,0.0
57505,0,1,0,29,30,0.0,0.0345,0.0
93126,0,0,1,23,24,0.0,0.0,0.0435
71076,2,0,0,25,27,0.08,0.0,0.0
37207,0,0,0,37,37,0.0,0.0,0.0
14351,0,1,0,23,24,0.0,0.0435,0.0
68138,0,0,0,2,2,0.0,0.0,0.0
84040,0,0,0,13,13,0.0,0.0,0.0
88059,0,0,0,10,10,0.0,0.0,0.0
14945,0,1,0,14,15,0.0,0.0714,0.0
9236,0,0,0,1,1,0.0,0.0,0.0
21723,0,1,0,31,32,0.0,0.0323,0.0
22854,0,0,0,41,41,0.0,0.0,0.0
52399,0,0,0,9,9,0.0,0.0,0.0
75223,0,0,0,3,3,0.0,0.0,0.0
59603,0,1,1,11,13,0.0,0.0909,0.0909
15085,0,5,1,70,76,0.0,0.0714,0.0143
24915,0,0,1,10,11,0.0,0.0,0.1
69778,0,0,0,1,1,0.0,0.0,0.0
94525,0,1,0,29,30,0.0,0.0345,0.0
43591,0,1,0,7,8,0.0,0.1429,0.0
69198,0,0,1,4,5,0.0,0.0,0.25
89087,0,0,0,55,55,0.0,0.0,0.0
6746,1,2,1,125,129,0.008,0.016,0.008
100459,0,0,0,7,7,0.0,0.0,0.0
7197,0,0,0,10,10,0.0,0.0,0.0
37738,0,0,0,19,19,0.0,0.0,0.0
102861,2,1,0,47,50,0.0426,0.0213,0.0
55659,0,0,0,6,6,0.0,0.0,0.0
85656,1,0,0,12,13,0.0833,0.0,0.0
63436,1,0,0,16,17,0.0625,0.0,0.0
9734,0,0,0,1,1,0.0,0.0,0.0
67654,0,1,0,7,8,0.0,0.1429,0.0
27603,1,0,1,13,15,0.0769,0.0,0.0769
75434,0,0,0,16,16,0.0,0.0,0.0
78834,0,0,0,5,5,0.0,0.0,0.0
26949,0,0,0,6,6,0.0,0.0,0.0
59435,0,0,0,2,2,0.0,0.0,0.0
73870,0,0,0,2,2,0.0,0.0,0.0
101984,0,0,0,7,7,0.0,0.0,0.0
86623,0,0,0,1,1,0.0,0.0,0.0
74282,0,0,0,3,3,0.0,0.0,0.0
65831,0,0,1,68,69,0.0,0.0,0.0147
47228,0,0,0,25,25,0.0,0.0,0.0
77647,0,0,0,9,9,0.0,0.0,0.0
63027,0,0,0,3,3,0.0,0.0,0.0
83477,0,0,0,11,11,0.0,0.0,0.0
99787,0,0,0,8,8,0.0,0.0,0.0
51240,0,0,0,1,1,0.0,0.0,0.0
22461,0,0,0,3,3,0.0,0.0,0.0
35236,0,0,0,2,2,0.0,0.0,0.0
61003,0,0,0,4,4,0.0,0.0,0.0
60749,0,0,0,2,2,0.0,0.0,0.0
96291,0,0,0,6,6,0.0,0.0,0.0
27902,0,0,0,31,31,0.0,0.0,0.0
82036,0,0,0,4,4,0.0,0.0,0.0
55042,0,0,0,2,2,0.0,0.0,0.0
83993,0,0,0,8,8,0.0,0.0,0.0
18371,0,0,0,1,1,0.0,0.0,0.0
102023,0,0,1,2,3,0.0,0.0,0.5
103705,0,0,0,4,4,0.0,0.0,0.0
17547,0,0,0,4,4,0.0,0.0,0.0
69891,0,1,0,7,8,0.0,0.1429,0.0
77993,0,0,0,8,8,0.0,0.0,0.0
99746,1,7,0,35,43,0.0286,0.2,0.0
76869,0,0,1,21,22,0.0,0.0,0.0476
28372,1,0,0,22,23,0.0455,0.0,0.0
56398,2,5,1,74,82,0.027,0.0676,0.0135
36643,0,0,0,39,39,0.0,0.0,0.0
85153,1,0,1,101,103,0.0099,0.0,0.0099
80046,0,1,0,4,5,0.0,0.25,0.0
83389,0,0,1,14,15,0.0,0.0,0.0714
102759,0,1,0,17,18,0.0,0.0588,0.0
13344,0,0,0,4,4,0.0,0.0,0.0
25763,0,0,0,13,13,0.0,0.0,0.0
40263,0,0,0,18,18,0.0,0.0,0.0
43508,1,7,3,197,208,0.0051,0.0355,0.0152
56641,0,0,0,34,34,0.0,0.0,0.0
7699,0,0,0,3,3,0.0,0.0,0.0
35391,0,1,0,12,13,0.0,0.0833,0.0
99054,2,1,0,90,93,0.0222,0.0111,0.0
63766,4,0,0,20,24,0.2,0.0,0.0
40283,0,0,0,5,5,0.0,0.0,0.0
32033,0,2,0,23,25,0.0,0.087,0.0
79812,1,0,0,46,47,0.0217,0.0,0.0
69188,0,0,0,6,6,0.0,0.0,0.0
36257,0,0,0,1,1,0.0,0.0,0.0
81854,1,0,1,7,9,0.1429,0.0,0.1429
21022,0,1,0,52,53,0.0,0.0192,0.0
35029,0,0,0,15,15,0.0,0.0,0.0
18509,0,0,0,1,1,0.0,0.0,0.0
64714,0,1,0,33,34,0.0,0.0303,0.0
26343,0,0,0,6,6,0.0,0.0,0.0
96683,0,0,0,6,6,0.0,0.0,0.0
67961,0,0,0,4,4,0.0,0.0,0.0
1582,1,0,0,29,30,0.0345,0.0,0.0
18862,0,1,0,3,4,0.0,0.3333,0.0
1215,0,0,0,5,5,0.0,0.0,0.0
60101,0,0,0,4,4,0.0,0.0,0.0
57841,0,0,0,12,12,0.0,0.0,0.0
21456,0,0,0,5,5,0.0,0.0,0.0
21643,0,1,0,22,23,0.0,0.0455,0.0
41965,0,0,0,7,7,0.0,0.0,0.0
48555,0,0,0,2,2,0.0,0.0,0.0
101284,0,0,0,4,4,0.0,0.0,0.0
23819,0,0,0,3,3,0.0,0.0,0.0
36251,0,0,0,4,4,0.0,0.0,0.0
29673,0,0,0,1,1,0.0,0.0,0.0
21691,0,0,0,7,7,0.0,0.0,0.0
72956,0,0,1,5,6,0.0,0.0,0.2
8655,0,0,0,8,8,0.0,0.0,0.0
86939,0,0,0,1,1,0.0,0.0,0.0
64057,0,0,0,4,4,0.0,0.0,0.0
34360,0,1,0,5,6,0.0,0.2,0.0
8155,0,0,0,1,1,0.0,0.0,0.0
82304,0,0,0,3,3,0.0,0.0,0.0
61011,0,0,0,3,3,0.0,0.0,0.0
65011,0,0,0,1,1,0.0,0.0,0.0
1908,0,0,0,1,1,0.0,0.0,0.0
35902,0,0,0,1,1,0.0,0.0,0.0
20234,0,1,0,8,9,0.0,0.125,0.0
69208,0,0,0,2,2,0.0,0.0,0.0
89122,0,0,0,2,2,0.0,0.0,0.0
33561,0,0,0,1,1,0.0,0.0,0.0
52917,0,0,0,4,4,0.0,0.0,0.0
2255,0,0,0,2,2,0.0,0.0,0.0
91717,1,2,6,35,44,0.0286,0.0571,0.1714
86274,0,4,2,151,157,0.0,0.0265,0.0132
36690,0,0,0,9,9,0.0,0.0,0.0
93790,1,1,0,102,104,0.0098,0.0098,0.0
30339,0,4,0,63,67,0.0,0.0635,0.0
16145,0,1,0,15,16,0.0,0.0667,0.0
41778,0,1,0,40,41,0.0,0.025,0.0
22023,0,1,0,19,20,0.0,0.0526,0.0
3654,0,0,0,1,1,0.0,0.0,0.0
78093,0,0,0,27,27,0.0,0.0,0.0
77875,0,0,0,3,3,0.0,0.0,0.0
79690,0,1,0,6,7,0.0,0.1667,0.0
42080,0,1,0,12,13,0.0,0.0833,0.0
44299,0,2,0,50,52,0.0,0.04,0.0
100900,0,0,0,9,9,0.0,0.0,0.0
36226,0,0,1,20,21,0.0,0.0,0.05
59020,0,0,0,42,42,0.0,0.0,0.0
82006,0,0,0,14,14,0.0,0.0,0.0
99231,0,0,0,22,22,0.0,0.0,0.0
23765,0,0,0,2,2,0.0,0.0,0.0
70644,0,0,0,3,3,0.0,0.0,0.0
71828,0,0,0,1,1,0.0,0.0,0.0
80894,0,0,0,1,1,0.0,0.0,0.0
8280,0,0,0,3,3,0.0,0.0,0.0
45419,0,0,0,13,13,0.0,0.0,0.0
13975,0,2,0,63,65,0.0,0.0317,0.0
59357,0,0,0,22,22,0.0,0.0,0.0
15452,0,0,0,1,1,0.0,0.0,0.0
49207,0,0,0,15,15,0.0,0.0,0.0
27284,0,0,0,2,2,0.0,0.0,0.0
16561,0,0,0,3,3,0.0,0.0,0.0
58955,0,0,0,4,4,0.0,0.0,0.0
85687,0,0,0,8,8,0.0,0.0,0.0
100564,0,0,0,2,2,0.0,0.0,0.0
2288,0,1,0,22,23,0.0,0.0455,0.0
37551,0,0,1,30,31,0.0,0.0,0.0333
70393,0,0,1,2,3,0.0,0.0,0.5
68460,0,0,0,6,6,0.0,0.0,0.0
82602,0,0,0,3,3,0.0,0.0,0.0
73190,0,0,0,14,14,0.0,0.0,0.0
100185,0,0,0,2,2,0.0,0.0,0.0
30516,0,0,0,3,3,0.0,0.0,0.0
30272,0,0,0,5,5,0.0,0.0,0.0
86539,0,0,0,4,4,0.0,0.0,0.0
21944,0,0,1,9,10,0.0,0.0,0.1111
46573,0,1,0,14,15,0.0,0.0714,0.0
8511,0,0,0,2,2,0.0,0.0,0.0
82839,0,0,0,6,6,0.0,0.0,0.0
39774,0,0,0,4,4,0.0,0.0,0.0
89690,0,0,0,6,6,0.0,0.0,0.0
90918,0,0,0,1,1,0.0,0.0,0.0
44723,0,0,0,2,2,0.0,0.0,0.0
22438,0,0,0,8,8,0.0,0.0,0.0
45416,0,0,0,3,3,0.0,0.0,0.0
24471,0,1,0,8,9,0.0,0.125,0.0
82421,0,0,0,1,1,0.0,0.0,0.0
76937,0,0,0,5,5,0.0,0.0,0.0
52825,0,0,0,2,2,0.0,0.0,0.0
41693,0,0,0,11,11,0.0,0.0,0.0
68816,0,1,0,8,9,0.0,0.125,0.0
89915,0,1,0,4,5,0.0,0.25,0.0
90727,0,0,0,2,2,0.0,0.0,0.0
21519,0,0,0,16,16,0.0,0.0,0.0
9674,0,0,0,2,2,0.0,0.0,0.0
19297,0,0,0,17,17,0.0,0.0,0.0
1565,0,0,0,3,3,0.0,0.0,0.0
18191,0,0,0,3,3,0.0,0.0,0.0
73642,0,0,0,2,2,0.0,0.0,0.0
30366,0,0,1,30,31,0.0,0.0,0.0333
28947,0,0,0,9,9,0.0,0.0,0.0
6891,0,0,0,35,35,0.0,0.0,0.0
58192,1,0,0,36,37,0.0278,0.0,0.0
94921,2,2,1,39,44,0.0513,0.0513,0.0256
53877,1,0,0,16,17,0.0625,0.0,0.0
5282,5,3,4,139,151,0.036,0.0216,0.0288
38535,3,1,0,34,38,0.0882,0.0294,0.0
98369,2,4,4,195,205,0.0103,0.0205,0.0205
4788,2,5,2,245,254,0.0082,0.0204,0.0082
79174,1,0,0,17,18,0.0588,0.0,0.0
92356,0,2,0,28,30,0.0,0.0714,0.0
13132,2,0,0,47,49,0.0426,0.0,0.0
38522,1,13,0,295,309,0.0034,0.0441,0.0
93303,1,1,1,52,55,0.0192,0.0192,0.0192
52322,0,0,0,3,3,0.0,0.0,0.0
101537,0,3,4,123,130,0.0,0.0244,0.0325
2725,0,0,0,6,6,0.0,0.0,0.0
81157,0,0,0,1,1,0.0,0.0,0.0
74665,1,0,0,23,24,0.0435,0.0,0.0
39654,0,1,0,19,20,0.0,0.0526,0.0
39027,0,0,0,1,1,0.0,0.0,0.0
48350,0,0,0,7,7,0.0,0.0,0.0
41162,3,2,4,261,270,0.0115,0.0077,0.0153
66771,0,0,0,1,1,0.0,0.0,0.0
13965,0,0,2,11,13,0.0,0.0,0.1818
62728,0,0,0,3,3,0.0,0.0,0.0
7266,0,0,0,8,8,0.0,0.0,0.0
82013,3,0,0,90,93,0.0333,0.0,0.0
53029,0,2,3,20,25,0.0,0.1,0.15
95148,2,1,0,23,26,0.087,0.0435,0.0
67293,0,0,0,3,3,0.0,0.0,0.0
47029,0,0,0,11,11,0.0,0.0,0.0
61581,0,0,0,1,1,0.0,0.0,0.0
66369,0,0,0,3,3,0.0,0.0,0.0
22150,0,0,0,6,6,0.0,0.0,0.0
33629,0,0,0,6,6,0.0,0.0,0.0
98515,0,0,0,35,35,0.0,0.0,0.0
66892,0,0,0,6,6,0.0,0.0,0.0
62103,0,0,0,3,3,0.0,0.0,0.0
62309,0,1,0,16,17,0.0,0.0625,0.0
1961,0,1,0,3,4,0.0,0.3333,0.0
42135,0,0,0,2,2,0.0,0.0,0.0
39608,0,0,0,1,1,0.0,0.0,0.0
95182,0,0,0,8,8,0.0,0.0,0.0
39877,0,0,0,1,1,0.0,0.0,0.0
50798,0,0,0,2,2,0.0,0.0,0.0
66304,0,1,0,5,6,0.0,0.2,0.0
18102,0,0,0,2,2,0.0,0.0,0.0
16467,0,0,0,6,6,0.0,0.0,0.0
28999,0,0,0,6,6,0.0,0.0,0.0
45708,0,0,0,1,1,0.0,0.0,0.0
32941,0,0,0,4,4,0.0,0.0,0.0
48450,0,0,0,7,7,0.0,0.0,0.0
21829,0,0,1,10,11,0.0,0.0,0.1
4203,0,0,0,1,1,0.0,0.0,0.0
89927,0,0,0,2,2,0.0,0.0,0.0
31171,0,0,0,2,2,0.0,0.0,0.0
36943,0,0,0,3,3,0.0,0.0,0.0
76908,2,0,0,21,23,0.0952,0.0,0.0
52232,0,0,0,2,2,0.0,0.0,0.0
55257,0,0,0,1,1,0.0,0.0,0.0
47854,0,1,0,3,4,0.0,0.3333,0.0
1731,0,0,0,1,1,0.0,0.0,0.0
35601,0,0,0,2,2,0.0,0.0,0.0
72766,0,0,0,2,2,0.0,0.0,0.0
73581,0,2,0,3,5,0.0,0.6667,0.0
74031,0,0,0,4,4,0.0,0.0,0.0
37160,0,0,0,8,8,0.0,0.0,0.0
76999,0,0,0,1,1,0.0,0.0,0.0
45496,0,0,0,1,1,0.0,0.0,0.0
44541,0,0,0,1,1,0.0,0.0,0.0
94899,0,0,0,7,7,0.0,0.0,0.0
82657,0,0,0,2,2,0.0,0.0,0.0
63827,0,0,0,1,1,0.0,0.0,0.0
43164,0,0,0,1,1,0.0,0.0,0.0
11849,0,0,1,1,2,0.0,0.0,1.0
48848,0,0,0,5,5,0.0,0.0,0.0
65043,1,0,0,31,32,0.0323,0.0,0.0
23851,0,0,0,1,1,0.0,0.0,0.0
44952,17,36,11,1056,1120,0.0161,0.0341,0.0104
33333,0,0,0,13,13,0.0,0.0,0.0
81791,0,0,0,2,2,0.0,0.0,0.0
61014,0,0,0,8,8,0.0,0.0,0.0
47052,4,12,0,121,137,0.0331,0.0992,0.0
98062,0,0,0,6,6,0.0,0.0,0.0
20574,0,0,0,21,21,0.0,0.0,0.0
17946,0,0,0,2,2,0.0,0.0,0.0
100838,0,0,0,9,9,0.0,0.0,0.0
36661,0,0,0,49,49,0.0,0.0,0.0
27256,0,0,0,7,7,0.0,0.0,0.0
56198,0,1,1,18,20,0.0,0.0556,0.0556
24395,0,0,0,10,10,0.0,0.0,0.0
42516,0,1,0,44,45,0.0,0.0227,0.0
60805,0,0,0,14,14,0.0,0.0,0.0
56407,0,0,0,11,11,0.0,0.0,0.0
21312,0,0,0,7,7,0.0,0.0,0.0
55595,0,0,0,4,4,0.0,0.0,0.0
65641,1,3,2,152,158,0.0066,0.0197,0.0132
12937,0,0,0,6,6,0.0,0.0,0.0
60576,0,0,0,10,10,0.0,0.0,0.0
29847,0,0,0,6,6,0.0,0.0,0.0
16292,0,3,1,28,32,0.0,0.1071,0.0357
77423,1,0,0,2,3,0.5,0.0,0.0
44026,1,0,3,21,25,0.0476,0.0,0.1429
12170,0,1,0,1,2,0.0,1.0,0.0
38853,0,0,0,2,2,0.0,0.0,0.0
81277,3,2,2,44,51,0.0682,0.0455,0.0455
51918,0,0,0,18,18,0.0,0.0,0.0
24596,0,0,0,1,1,0.0,0.0,0.0
96249,0,0,0,2,2,0.0,0.0,0.0
10358,0,1,0,1,2,0.0,1.0,0.0
93747,0,0,0,3,3,0.0,0.0,0.0
61225,0,0,0,3,3,0.0,0.0,0.0
89459,0,1,0,37,38,0.0,0.027,0.0
95450,0,0,0,8,8,0.0,0.0,0.0
7731,0,0,0,3,3,0.0,0.0,0.0
40803,0,0,0,6,6,0.0,0.0,0.0
89256,0,0,0,4,4,0.0,0.0,0.0
66528,0,0,0,3,3,0.0,0.0,0.0
63917,0,0,0,2,2,0.0,0.0,0.0
33255,0,0,0,5,5,0.0,0.0,0.0
71892,0,0,0,2,2,0.0,0.0,0.0
16952,0,0,0,2,2,0.0,0.0,0.0
70203,0,0,0,9,9,0.0,0.0,0.0
102126,2,0,0,14,16,0.1429,0.0,0.0
8851,0,0,2,14,16,0.0,0.0,0.1429
39355,0,0,0,4,4,0.0,0.0,0.0
78350,0,0,0,1,1,0.0,0.0,0.0
69355,0,3,0,14,17,0.0,0.2143,0.0
17817,0,5,0,9,14,0.0,0.5556,0.0
16155,0,0,0,11,11,0.0,0.0,0.0
28067,0,0,0,7,7,0.0,0.0,0.0
7124,0,0,0,1,1,0.0,0.0,0.0
59755,0,0,0,2,2,0.0,0.0,0.0
95876,0,0,0,8,8,0.0,0.0,0.0
84780,0,0,0,1,1,0.0,0.0,0.0
92487,0,0,0,2,2,0.0,0.0,0.0
14474,0,0,0,1,1,0.0,0.0,0.0
45339,0,0,0,2,2,0.0,0.0,0.0
56041,0,0,0,4,4,0.0,0.0,0.0
45961,0,0,0,2,2,0.0,0.0,0.0
100587,0,0,0,2,2,0.0,0.0,0.0
96597,0,0,0,1,1,0.0,0.0,0.0
69271,0,0,0,1,1,0.0,0.0,0.0
81313,0,0,2,4,6,0.0,0.0,0.5
60696,0,0,1,1,2,0.0,0.0,1.0
11135,0,0,0,2,2,0.0,0.0,0.0
44114,0,0,0,1,1,0.0,0.0,0.0
40638,0,1,0,2,3,0.0,0.5,0.0
103576,0,0,0,4,4,0.0,0.0,0.0
99491,0,0,0,1,1,0.0,0.0,0.0
64631,0,0,0,2,2,0.0,0.0,0.0
17447,0,0,0,2,2,0.0,0.0,0.0
64074,0,0,0,1,1,0.0,0.0,0.0
47773,0,0,0,2,2,0.0,0.0,0.0
92375,0,0,0,2,2,0.0,0.0,0.0
94266,0,0,0,27,27,0.0,0.0,0.0
50093,0,1,0,78,79,0.0,0.0128,0.0
35908,0,0,0,1,1,0.0,0.0,0.0
37761,0,0,0,3,3,0.0,0.0,0.0
67070,1,0,0,5,6,0.2,0.0,0.0
84264,0,0,0,9,9,0.0,0.0,0.0
41518,0,1,0,26,27,0.0,0.0385,0.0
102898,1,1,0,101,103,0.0099,0.0099,0.0
24189,1,0,0,17,18,0.0588,0.0,0.0
31920,0,1,0,2,3,0.0,0.5,0.0
42256,0,0,0,2,2,0.0,0.0,0.0
54101,0,0,0,4,4,0.0,0.0,0.0
157,0,0,0,4,4,0.0,0.0,0.0
79357,1,0,0,5,6,0.2,0.0,0.0
2042,0,0,0,1,1,0.0,0.0,0.0
95872,0,2,0,40,42,0.0,0.05,0.0
84565,0,0,0,1,1,0.0,0.0,0.0
49206,0,1,0,29,30,0.0,0.0345,0.0
69514,0,0,1,6,7,0.0,0.0,0.1667
61659,0,0,0,1,1,0.0,0.0,0.0
4727,0,1,3,212,216,0.0,0.0047,0.0142
98778,0,0,0,10,10,0.0,0.0,0.0
47479,0,0,0,14,14,0.0,0.0,0.0
85377,0,0,0,8,8,0.0,0.0,0.0
34847,0,0,0,8,8,0.0,0.0,0.0
58987,0,0,0,2,2,0.0,0.0,0.0
39334,0,0,1,13,14,0.0,0.0,0.0769
32000,0,0,0,1,1,0.0,0.0,0.0
66156,0,0,0,2,2,0.0,0.0,0.0
1506,0,2,0,109,111,0.0,0.0183,0.0
67871,0,0,0,2,2,0.0,0.0,0.0
11026,0,1,0,6,7,0.0,0.1667,0.0
88028,0,0,0,6,6,0.0,0.0,0.0
88435,1,0,0,10,11,0.1,0.0,0.0
12777,0,0,0,2,2,0.0,0.0,0.0
17296,0,0,0,1,1,0.0,0.0,0.0
91924,0,0,0,17,17,0.0,0.0,0.0
15046,0,0,0,11,11,0.0,0.0,0.0
66078,0,0,0,1,1,0.0,0.0,0.0
70604,0,0,0,1,1,0.0,0.0,0.0
63521,0,0,0,2,2,0.0,0.0,0.0
80592,0,0,0,12,12,0.0,0.0,0.0
103634,0,0,0,1,1,0.0,0.0,0.0
45200,0,0,0,2,2,0.0,0.0,0.0
74738,0,0,0,6,6,0.0,0.0,0.0
38714,0,0,0,3,3,0.0,0.0,0.0
232,0,0,0,2,2,0.0,0.0,0.0
75850,0,0,0,1,1,0.0,0.0,0.0
67142,0,0,0,10,10,0.0,0.0,0.0
69275,0,0,0,3,3,0.0,0.0,0.0
102537,0,0,0,2,2,0.0,0.0,0.0
97359,0,0,0,1,1,0.0,0.0,0.0
25914,0,0,0,3,3,0.0,0.0,0.0
93847,0,0,0,8,8,0.0,0.0,0.0
60207,0,0,1,6,7,0.0,0.0,0.1667
83440,1,0,0,20,21,0.05,0.0,0.0
92627,0,0,0,1,1,0.0,0.0,0.0
29511,0,0,0,2,2,0.0,0.0,0.0
39571,0,0,0,2,2,0.0,0.0,0.0
14564,0,0,0,2,2,0.0,0.0,0.0
16853,0,0,0,4,4,0.0,0.0,0.0
96234,0,0,0,3,3,0.0,0.0,0.0
16516,0,0,0,1,1,0.0,0.0,0.0
82825,0,0,0,2,2,0.0,0.0,0.0
103873,0,0,3,78,81,0.0,0.0,0.0385
55209,0,1,0,43,44,0.0,0.0233,0.0
18162,0,0,0,5,5,0.0,0.0,0.0
26802,0,0,0,3,3,0.0,0.0,0.0
30311,4,3,0,79,86,0.0506,0.038,0.0
84596,0,0,0,3,3,0.0,0.0,0.0
66607,0,2,0,6,8,0.0,0.3333,0.0
38648,0,1,1,81,83,0.0,0.0123,0.0123
97508,2,2,1,54,59,0.037,0.037,0.0185
76221,0,0,0,20,20,0.0,0.0,0.0
97211,0,0,0,7,7,0.0,0.0,0.0
68959,0,0,1,52,53,0.0,0.0,0.0192
73882,0,2,0,43,45,0.0,0.0465,0.0
38401,0,0,0,78,78,0.0,0.0,0.0
70327,0,0,0,21,21,0.0,0.0,0.0
48644,0,0,0,5,5,0.0,0.0,0.0
97093,0,3,2,53,58,0.0,0.0566,0.0377
49472,0,0,0,10,10,0.0,0.0,0.0
29256,0,0,0,34,34,0.0,0.0,0.0
97976,0,0,0,33,33,0.0,0.0,0.0
68612,0,2,1,51,54,0.0,0.0392,0.0196
57367,0,0,2,6,8,0.0,0.0,0.3333
73509,1,11,2,203,217,0.0049,0.0542,0.0099
61254,0,0,0,4,4,0.0,0.0,0.0
40161,0,0,0,13,13,0.0,0.0,0.0
63816,0,1,0,29,30,0.0,0.0345,0.0
35196,0,1,0,3,4,0.0,0.3333,0.0
46622,0,0,1,18,19,0.0,0.0,0.0556
14538,0,0,0,8,8,0.0,0.0,0.0
94941,0,0,4,71,75,0.0,0.0,0.0563
31457,2,0,0,65,67,0.0308,0.0,0.0
80056,0,0,0,8,8,0.0,0.0,0.0
43719,0,0,0,4,4,0.0,0.0,0.0
53062,0,0,0,5,5,0.0,0.0,0.0
43725,2,2,0,125,129,0.016,0.016,0.0
1588,0,0,0,2,2,0.0,0.0,0.0
99127,1,2,3,106,112,0.0094,0.0189,0.0283
73990,0,0,0,23,23,0.0,0.0,0.0
16389,0,0,0,6,6,0.0,0.0,0.0
46425,0,0,0,2,2,0.0,0.0,0.0
29788,0,0,0,11,11,0.0,0.0,0.0
68519,2,0,0,41,43,0.0488,0.0,0.0
90813,0,0,0,11,11,0.0,0.0,0.0
40096,0,0,0,5,5,0.0,0.0,0.0
31251,0,0,0,9,9,0.0,0.0,0.0
54739,0,0,0,1,1,0.0,0.0,0.0
52786,1,0,1,20,22,0.05,0.0,0.05
54822,0,1,0,7,8,0.0,0.1429,0.0
103192,0,0,0,1,1,0.0,0.0,0.0
13993,0,0,0,17,17,0.0,0.0,0.0
26315,0,0,1,8,9,0.0,0.0,0.125
4426,0,0,0,21,21,0.0,0.0,0.0
33413,0,0,0,1,1,0.0,0.0,0.0
90624,0,0,1,2,3,0.0,0.0,0.5
82166,0,0,0,1,1,0.0,0.0,0.0
91715,0,0,0,1,1,0.0,0.0,0.0
66752,0,0,0,1,1,0.0,0.0,0.0
367,0,0,0,1,1,0.0,0.0,0.0
39868,0,0,0,2,2,0.0,0.0,0.0
67334,0,0,0,1,1,0.0,0.0,0.0
93903,0,0,0,9,9,0.0,0.0,0.0
51651,0,2,0,7,9,0.0,0.2857,0.0
38942,0,0,0,1,1,0.0,0.0,0.0
23078,0,0,0,1,1,0.0,0.0,0.0
35462,0,0,0,4,4,0.0,0.0,0.0
26085,0,0,0,4,4,0.0,0.0,0.0
30121,0,0,0,1,1,0.0,0.0,0.0
19643,0,1,0,2,3,0.0,0.5,0.0
73994,0,0,0,3,3,0.0,0.0,0.0
46481,0,1,0,3,4,0.0,0.3333,0.0
43280,0,0,0,1,1,0.0,0.0,0.0
89251,1,1,0,4,6,0.25,0.25,0.0
90858,0,0,0,1,1,0.0,0.0,0.0
15719,0,0,0,1,1,0.0,0.0,0.0
12558,0,0,0,1,1,0.0,0.0,0.0
83394,8,3,0,158,169,0.0506,0.019,0.0
17519,5,0,0,171,176,0.0292,0.0,0.0
49465,0,0,0,4,4,0.0,0.0,0.0
33918,0,2,0,4,6,0.0,0.5,0.0
69077,0,0,1,31,32,0.0,0.0,0.0323
18145,0,1,2,63,66,0.0,0.0159,0.0317
49535,0,0,0,3,3,0.0,0.0,0.0
14040,0,0,0,25,25,0.0,0.0,0.0
90205,1,0,3,38,42,0.0263,0.0,0.0789
10409,0,0,0,2,2,0.0,0.0,0.0
5478,0,0,0,18,18,0.0,0.0,0.0
9571,1,1,0,11,13,0.0909,0.0909,0.0
25943,2,1,2,97,102,0.0206,0.0103,0.0206
25127,0,0,1,2,3,0.0,0.0,0.5
77067,0,1,0,14,15,0.0,0.0714,0.0
87372,1,0,2,104,107,0.0096,0.0,0.0192
94753,4,5,3,126,138,0.0317,0.0397,0.0238
71960,0,0,0,4,4,0.0,0.0,0.0
83919,0,1,1,13,15,0.0,0.0769,0.0769
100254,0,1,0,15,16,0.0,0.0667,0.0
66763,0,0,0,29,29,0.0,0.0,0.0
62938,0,0,1,15,16,0.0,0.0,0.0667
17033,0,0,0,5,5,0.0,0.0,0.0
20014,0,0,0,10,10,0.0,0.0,0.0
89269,0,0,0,16,16,0.0,0.0,0.0
67992,2,0,0,48,50,0.0417,0.0,0.0
21739,0,0,0,2,2,0.0,0.0,0.0
98582,0,0,0,9,9,0.0,0.0,0.0
86357,0,4,1,81,86,0.0,0.0494,0.0123
46152,0,0,0,13,13,0.0,0.0,0.0
10070,0,1,0,14,15,0.0,0.0714,0.0
53622,2,0,0,12,14,0.1667,0.0,0.0
54756,0,0,0,27,27,0.0,0.0,0.0
86336,0,0,0,8,8,0.0,0.0,0.0
31415,0,0,0,8,8,0.0,0.0,0.0
33242,0,0,0,26,26,0.0,0.0,0.0
22089,0,0,0,4,4,0.0,0.0,0.0
12583,3,1,1,18,23,0.1667,0.0556,0.0556
22580,0,0,0,1,1,0.0,0.0,0.0
83247,0,0,0,4,4,0.0,0.0,0.0
56249,0,0,0,1,1,0.0,0.0,0.0
26497,0,0,0,19,19,0.0,0.0,0.0
66884,0,0,0,19,19,0.0,0.0,0.0
72892,0,1,0,7,8,0.0,0.1429,0.0
10648,0,0,0,22,22,0.0,0.0,0.0
3817,0,0,0,1,1,0.0,0.0,0.0
1505,0,0,0,2,2,0.0,0.0,0.0
89922,0,2,0,28,30,0.0,0.0714,0.0
10779,0,0,0,8,8,0.0,0.0,0.0
33889,0,0,0,12,12,0.0,0.0,0.0
60463,0,0,0,1,1,0.0,0.0,0.0
70632,0,0,0,1,1,0.0,0.0,0.0
99097,0,0,1,3,4,0.0,0.0,0.3333
56805,0,0,0,11,11,0.0,0.0,0.0
86018,0,1,0,5,6,0.0,0.2,0.0
93128,0,1,0,8,9,0.0,0.125,0.0
42868,0,0,0,2,2,0.0,0.0,0.0
11927,0,0,0,1,1,0.0,0.0,0.0
57795,0,0,0,1,1,0.0,0.0,0.0
72829,0,0,0,9,9,0.0,0.0,0.0
61406,0,0,0,4,4,0.0,0.0,0.0
22218,0,0,0,3,3,0.0,0.0,0.0
91196,0,0,0,5,5,0.0,0.0,0.0
75724,0,0,0,2,2,0.0,0.0,0.0
5655,0,1,0,2,3,0.0,0.5,0.0
46109,0,0,0,1,1,0.0,0.0,0.0
63539,0,0,0,6,6,0.0,0.0,0.0
51980,0,0,0,4,4,0.0,0.0,0.0
34526,0,0,0,8,8,0.0,0.0,0.0
92662,0,0,0,1,1,0.0,0.0,0.0
69960,0,0,1,3,4,0.0,0.0,0.3333
57267,0,0,0,1,1,0.0,0.0,0.0
99665,0,0,0,5,5,0.0,0.0,0.0
102419,0,0,0,3,3,0.0,0.0,0.0
92004,0,0,0,3,3,0.0,0.0,0.0
25741,0,1,0,2,3,0.0,0.5,0.0
36314,0,0,0,1,1,0.0,0.0,0.0
84598,0,0,0,2,2,0.0,0.0,0.0
14257,0,0,0,3,3,0.0,0.0,0.0
23476,0,0,0,1,1,0.0,0.0,0.0
93263,0,0,0,2,2,0.0,0.0,0.0
70325,0,0,0,7,7,0.0,0.0,0.0
56626,0,0,0,2,2,0.0,0.0,0.0
91365,2,0,1,23,26,0.087,0.0,0.0435
51380,0,0,0,2,2,0.0,0.0,0.0
91750,0,0,0,9,9,0.0,0.0,0.0
41070,0,0,0,12,12,0.0,0.0,0.0
21712,0,0,0,2,2,0.0,0.0,0.0
50974,0,0,0,2,2,0.0,0.0,0.0
25928,0,0,0,11,11,0.0,0.0,0.0
93098,2,2,2,129,135,0.0155,0.0155,0.0155
29277,0,0,0,2,2,0.0,0.0,0.0
55903,0,1,0,25,26,0.0,0.04,0.0
95026,0,0,0,6,6,0.0,0.0,0.0
10310,0,0,0,2,2,0.0,0.0,0.0
21553,3,0,0,109,112,0.0275,0.0,0.0
90824,0,0,0,6,6,0.0,0.0,0.0
101812,0,0,0,24,24,0.0,0.0,0.0
98250,0,0,0,4,4,0.0,0.0,0.0
9588,0,0,0,11,11,0.0,0.0,0.0
62706,2,3,2,139,146,0.0144,0.0216,0.0144
74810,0,0,0,2,2,0.0,0.0,0.0
30369,0,0,0,14,14,0.0,0.0,0.0
53318,0,0,0,1,1,0.0,0.0,0.0
64012,0,2,0,7,9,0.0,0.2857,0.0
104172,0,1,1,32,34,0.0,0.0313,0.0313
96720,1,2,1,78,82,0.0128,0.0256,0.0128
89283,0,0,0,14,14,0.0,0.0,0.0
49543,0,0,0,1,1,0.0,0.0,0.0
64198,0,1,0,31,32,0.0,0.0323,0.0
73746,0,0,0,1,1,0.0,0.0,0.0
101007,1,1,1,8,11,0.125,0.125,0.125
69704,2,0,0,22,24,0.0909,0.0,0.0
80214,0,0,0,2,2,0.0,0.0,0.0
93376,4,0,0,63,67,0.0635,0.0,0.0
72614,0,0,1,6,7,0.0,0.0,0.1667
68715,0,1,0,34,35,0.0,0.0294,0.0
39802,0,1,0,2,3,0.0,0.5,0.0
72191,1,0,1,12,14,0.0833,0.0,0.0833
30159,0,0,0,5,5,0.0,0.0,0.0
15508,0,0,0,55,55,0.0,0.0,0.0
27078,0,0,1,15,16,0.0,0.0,0.0667
83910,4,1,0,76,81,0.0526,0.0132,0.0
70636,2,0,1,7,10,0.2857,0.0,0.1429
77267,0,0,0,32,32,0.0,0.0,0.0
88077,0,0,0,10,10,0.0,0.0,0.0
85544,0,1,0,23,24,0.0,0.0435,0.0
8619,1,1,1,100,103,0.01,0.01,0.01
103561,0,0,2,3,5,0.0,0.0,0.6667
39478,0,0,0,3,3,0.0,0.0,0.0
92050,0,0,0,2,2,0.0,0.0,0.0
99807,0,0,0,4,4,0.0,0.0,0.0
25284,0,0,0,3,3,0.0,0.0,0.0
65572,0,0,0,6,6,0.0,0.0,0.0
70121,0,0,0,7,7,0.0,0.0,0.0
29779,0,0,0,1,1,0.0,0.0,0.0
102074,0,0,1,4,5,0.0,0.0,0.25
30888,0,0,0,3,3,0.0,0.0,0.0
97533,0,0,0,1,1,0.0,0.0,0.0
53959,0,0,0,5,5,0.0,0.0,0.0
9512,0,1,0,3,4,0.0,0.3333,0.0
76594,0,0,0,2,2,0.0,0.0,0.0
62320,0,0,0,1,1,0.0,0.0,0.0
62565,0,2,0,34,36,0.0,0.0588,0.0
71955,0,0,0,5,5,0.0,0.0,0.0
6690,0,0,0,1,1,0.0,0.0,0.0
3045,0,0,0,10,10,0.0,0.0,0.0
83258,0,0,0,1,1,0.0,0.0,0.0
42489,0,0,0,1,1,0.0,0.0,0.0
3818,0,2,0,3,5,0.0,0.6667,0.0
51569,0,0,0,10,10,0.0,0.0,0.0
4642,0,0,1,3,4,0.0,0.0,0.3333
15702,0,0,0,1,1,0.0,0.0,0.0
79312,0,0,0,1,1,0.0,0.0,0.0
93452,0,0,0,6,6,0.0,0.0,0.0
74725,0,0,0,1,1,0.0,0.0,0.0
23547,0,0,0,2,2,0.0,0.0,0.0
88600,0,1,0,3,4,0.0,0.3333,0.0
77789,0,0,0,32,32,0.0,0.0,0.0
43095,0,0,0,2,2,0.0,0.0,0.0
8849,0,0,0,2,2,0.0,0.0,0.0
33794,0,0,0,1,1,0.0,0.0,0.0
92056,0,0,0,1,1,0.0,0.0,0.0
55461,0,0,0,1,1,0.0,0.0,0.0
63536,0,0,0,9,9,0.0,0.0,0.0
58287,0,1,0,8,9,0.0,0.125,0.0
27539,0,0,0,2,2,0.0,0.0,0.0
52752,0,0,0,1,1,0.0,0.0,0.0
55345,0,0,0,1,1,0.0,0.0,0.0
66386,0,0,0,15,15,0.0,0.0,0.0
9110,0,0,0,5,5,0.0,0.0,0.0
98087,0,0,0,1,1,0.0,0.0,0.0
62794,0,0,0,1,1,0.0,0.0,0.0
22512,0,0,0,1,1,0.0,0.0,0.0
68808,0,0,0,1,1,0.0,0.0,0.0
54469,0,0,0,1,1,0.0,0.0,0.0
92938,2,0,2,14,18,0.1429,0.0,0.1429
63813,2,0,0,2,4,1.0,0.0,0.0
71628,0,0,0,21,21,0.0,0.0,0.0
32074,0,0,0,3,3,0.0,0.0,0.0
91759,1,1,0,22,24,0.0455,0.0455,0.0
4507,0,0,0,14,14,0.0,0.0,0.0
45029,0,0,0,7,7,0.0,0.0,0.0
20637,0,0,0,4,4,0.0,0.0,0.0
10281,0,0,0,20,20,0.0,0.0,0.0
72725,0,2,1,96,99,0.0,0.0208,0.0104
94588,2,1,4,82,89,0.0244,0.0122,0.0488
101202,0,0,0,4,4,0.0,0.0,0.0
15546,0,0,0,3,3,0.0,0.0,0.0
95126,0,0,0,41,41,0.0,0.0,0.0
15190,1,0,1,14,16,0.0714,0.0,0.0714
60012,0,0,0,3,3,0.0,0.0,0.0
14988,0,0,0,4,4,0.0,0.0,0.0
81693,0,0,0,2,2,0.0,0.0,0.0
88226,1,5,1,38,45,0.0263,0.1316,0.0263
89926,1,0,2,33,36,0.0303,0.0,0.0606
61116,0,0,0,1,1,0.0,0.0,0.0
9123,0,0,0,8,8,0.0,0.0,0.0
100117,2,0,0,18,20,0.1111,0.0,0.0
52672,2,1,0,122,125,0.0164,0.0082,0.0
39318,0,0,0,4,4,0.0,0.0,0.0
75185,0,0,0,24,24,0.0,0.0,0.0
84319,1,0,0,25,26,0.04,0.0,0.0
58859,0,2,0,10,12,0.0,0.2,0.0
81697,0,0,0,18,18,0.0,0.0,0.0
40304,0,0,0,4,4,0.0,0.0,0.0
47306,0,0,0,5,5,0.0,0.0,0.0
52189,0,0,0,4,4,0.0,0.0,0.0
40708,0,0,0,59,59,0.0,0.0,0.0
65878,1,2,0,32,35,0.0313,0.0625,0.0
40218,0,0,0,11,11,0.0,0.0,0.0
17702,0,0,0,14,14,0.0,0.0,0.0
102148,3,2,0,172,177,0.0174,0.0116,0.0
96288,0,0,0,1,1,0.0,0.0,0.0
43309,0,0,0,1,1,0.0,0.0,0.0
79083,0,0,1,10,11,0.0,0.0,0.1
57238,0,0,0,1,1,0.0,0.0,0.0
12279,0,0,0,1,1,0.0,0.0,0.0
93890,0,0,1,8,9,0.0,0.0,0.125
97073,0,0,0,3,3,0.0,0.0,0.0
4756,0,0,0,2,2,0.0,0.0,0.0
34104,0,0,0,10,10,0.0,0.0,0.0
13698,0,0,0,4,4,0.0,0.0,0.0
28068,0,0,1,5,6,0.0,0.0,0.2
3498,0,0,0,2,2,0.0,0.0,0.0
53503,0,0,0,1,1,0.0,0.0,0.0
55164,0,0,0,26,26,0.0,0.0,0.0
81592,0,0,0,1,1,0.0,0.0,0.0
34639,0,0,0,1,1,0.0,0.0,0.0
67295,0,0,0,1,1,0.0,0.0,0.0
69347,0,0,0,5,5,0.0,0.0,0.0
6014,0,1,0,4,5,0.0,0.25,0.0
77155,0,0,0,2,2,0.0,0.0,0.0
79867,0,0,0,2,2,0.0,0.0,0.0
40689,0,0,0,1,1,0.0,0.0,0.0
68414,0,0,2,8,10,0.0,0.0,0.25
51276,0,0,0,8,8,0.0,0.0,0.0
32071,0,0,0,3,3,0.0,0.0,0.0
80475,0,0,0,1,1,0.0,0.0,0.0
77991,0,0,0,5,5,0.0,0.0,0.0
102743,0,0,0,2,2,0.0,0.0,0.0
55487,0,0,0,1,1,0.0,0.0,0.0
102255,0,0,0,5,5,0.0,0.0,0.0
97926,0,0,0,1,1,0.0,0.0,0.0
60992,0,0,0,4,4,0.0,0.0,0.0
28115,0,0,0,4,4,0.0,0.0,0.0
24453,0,1,0,11,12,0.0,0.0909,0.0
90276,0,0,0,2,2,0.0,0.0,0.0
56776,0,0,0,1,1,0.0,0.0,0.0
68769,0,0,0,1,1,0.0,0.0,0.0
23731,0,0,0,1,1,0.0,0.0,0.0
79527,0,0,0,4,4,0.0,0.0,0.0
23999,0,0,0,15,15,0.0,0.0,0.0
7701,0,1,0,11,12,0.0,0.0909,0.0
22110,1,0,1,3,5,0.3333,0.0,0.3333
15223,5,2,2,260,269,0.0192,0.0077,0.0077
76387,4,0,0,121,125,0.0331,0.0,0.0
20765,0,0,0,1,1,0.0,0.0,0.0
44185,1,1,0,41,43,0.0244,0.0244,0.0
95386,0,0,0,11,11,0.0,0.0,0.0
86051,0,0,0,6,6,0.0,0.0,0.0
71952,0,0,0,3,3,0.0,0.0,0.0
76192,0,0,1,11,12,0.0,0.0,0.0909
72833,0,0,0,5,5,0.0,0.0,0.0
98658,0,1,0,5,6,0.0,0.2,0.0
51558,2,0,0,67,69,0.0299,0.0,0.0
66502,0,0,0,17,17,0.0,0.0,0.0
59752,0,0,4,74,78,0.0,0.0,0.0541
41559,0,1,0,42,43,0.0,0.0238,0.0
102804,1,2,0,70,73,0.0143,0.0286,0.0
61046,0,0,0,1,1,0.0,0.0,0.0
76792,0,0,0,26,26,0.0,0.0,0.0
66848,0,0,1,17,18,0.0,0.0,0.0588
67076,0,0,1,13,14,0.0,0.0,0.0769
90773,0,0,0,13,13,0.0,0.0,0.0
65843,0,0,0,1,1,0.0,0.0,0.0
78235,1,2,0,33,36,0.0303,0.0606,0.0
27558,0,1,0,3,4,0.0,0.3333,0.0
70593,0,0,0,1,1,0.0,0.0,0.0
17543,0,0,0,4,4,0.0,0.0,0.0
74085,0,0,0,1,1,0.0,0.0,0.0
15506,0,1,0,2,3,0.0,0.5,0.0
53989,0,0,0,2,2,0.0,0.0,0.0
31150,0,1,0,39,40,0.0,0.0256,0.0
83680,0,0,0,1,1,0.0,0.0,0.0
55222,0,0,0,4,4,0.0,0.0,0.0
2582,0,0,0,2,2,0.0,0.0,0.0
671,1,1,0,30,32,0.0333,0.0333,0.0
92555,0,0,0,2,2,0.0,0.0,0.0
86527,0,0,0,5,5,0.0,0.0,0.0
86384,0,0,0,3,3,0.0,0.0,0.0
82696,0,0,0,31,31,0.0,0.0,0.0
83067,0,0,0,1,1,0.0,0.0,0.0
7967,0,0,0,6,6,0.0,0.0,0.0
93760,0,0,0,2,2,0.0,0.0,0.0
12432,1,0,0,0,1,0.0,0.0,0.0
14717,0,0,1,3,4,0.0,0.0,0.3333
18851,0,0,0,4,4,0.0,0.0,0.0
3734,0,0,0,3,3,0.0,0.0,0.0
12513,0,0,0,4,4,0.0,0.0,0.0
69491,0,0,0,1,1,0.0,0.0,0.0
71944,0,0,0,18,18,0.0,0.0,0.0
48144,0,0,0,1,1,0.0,0.0,0.0
103385,0,0,0,2,2,0.0,0.0,0.0
49148,0,0,0,26,26,0.0,0.0,0.0
35174,0,0,0,2,2,0.0,0.0,0.0
8015,0,0,0,1,1,0.0,0.0,0.0
66829,0,0,0,1,1,0.0,0.0,0.0
75103,0,0,0,3,3,0.0,0.0,0.0
89748,0,0,0,5,5,0.0,0.0,0.0
92203,0,0,0,3,3,0.0,0.0,0.0
3919,0,0,0,1,1,0.0,0.0,0.0
93199,0,1,0,23,24,0.0,0.0435,0.0
85217,0,0,0,2,2,0.0,0.0,0.0
28234,0,0,0,1,1,0.0,0.0,0.0
11882,0,0,0,1,1,0.0,0.0,0.0
6116,0,0,0,1,1,0.0,0.0,0.0
92556,0,0,0,1,1,0.0,0.0,0.0
73374,0,0,0,4,4,0.0,0.0,0.0
62234,0,0,0,7,7,0.0,0.0,0.0
42268,0,0,0,1,1,0.0,0.0,0.0
88207,0,0,0,8,8,0.0,0.0,0.0
94506,0,0,0,8,8,0.0,0.0,0.0
15811,2,1,1,22,26,0.0909,0.0455,0.0455
21029,0,0,0,75,75,0.0,0.0,0.0
27939,0,0,0,9,9,0.0,0.0,0.0
37349,0,0,0,6,6,0.0,0.0,0.0
61487,0,4,0,44,48,0.0,0.0909,0.0
99036,0,0,1,46,47,0.0,0.0,0.0217
72917,0,0,0,44,44,0.0,0.0,0.0
88394,0,0,0,1,1,0.0,0.0,0.0
88251,1,0,0,33,34,0.0303,0.0,0.0
70749,0,1,0,34,35,0.0,0.0294,0.0
882,0,0,1,26,27,0.0,0.0,0.0385
19216,0,0,1,53,54,0.0,0.0,0.0189
29722,0,0,0,17,17,0.0,0.0,0.0
31918,0,1,2,95,98,0.0,0.0105,0.0211
86298,0,0,3,25,28,0.0,0.0,0.12
93831,0,1,0,54,55,0.0,0.0185,0.0
95250,1,1,0,18,20,0.0556,0.0556,0.0
41286,0,0,0,2,2,0.0,0.0,0.0
26383,1,0,0,13,14,0.0769,0.0,0.0
22352,0,1,0,32,33,0.0,0.0313,0.0
98474,0,3,3,114,120,0.0,0.0263,0.0263
58696,3,2,2,129,136,0.0233,0.0155,0.0155
21623,6,3,5,147,161,0.0408,0.0204,0.034
88152,0,0,0,4,4,0.0,0.0,0.0
42655,0,0,0,2,2,0.0,0.0,0.0
23910,0,1,3,59,63,0.0,0.0169,0.0508
41549,0,1,0,10,11,0.0,0.1,0.0
36114,0,0,0,3,3,0.0,0.0,0.0
10518,0,0,0,3,3,0.0,0.0,0.0
81616,0,0,0,2,2,0.0,0.0,0.0
56273,0,0,0,3,3,0.0,0.0,0.0
90668,1,5,3,218,227,0.0046,0.0229,0.0138
77507,0,0,0,14,14,0.0,0.0,0.0
38663,0,0,0,19,19,0.0,0.0,0.0
38717,0,0,0,7,7,0.0,0.0,0.0
15435,3,5,3,127,138,0.0236,0.0394,0.0236
54610,0,0,0,10,10,0.0,0.0,0.0
87958,0,0,0,5,5,0.0,0.0,0.0
76307,0,0,0,2,2,0.0,0.0,0.0
41471,0,0,0,2,2,0.0,0.0,0.0
31722,2,2,0,17,21,0.1176,0.1176,0.0
31422,1,0,0,12,13,0.0833,0.0,0.0
65038,0,1,0,8,9,0.0,0.125,0.0
34295,1,1,0,20,22,0.05,0.05,0.0
16052,0,0,0,5,5,0.0,0.0,0.0
18778,0,0,0,6,6,0.0,0.0,0.0
29737,1,0,0,23,24,0.0435,0.0,0.0
28130,0,0,0,9,9,0.0,0.0,0.0
61422,0,0,0,6,6,0.0,0.0,0.0
86003,0,0,0,5,5,0.0,0.0,0.0
53025,0,0,0,3,3,0.0,0.0,0.0
72810,0,0,0,1,1,0.0,0.0,0.0
72652,1,1,0,20,22,0.05,0.05,0.0
76629,0,0,0,18,18,0.0,0.0,0.0
57989,0,0,0,1,1,0.0,0.0,0.0
75516,0,0,0,7,7,0.0,0.0,0.0
80915,0,0,0,1,1,0.0,0.0,0.0
46713,0,0,0,3,3,0.0,0.0,0.0
38601,0,0,0,1,1,0.0,0.0,0.0
23321,0,0,2,8,10,0.0,0.0,0.25
19879,0,0,0,3,3,0.0,0.0,0.0
1542,0,0,0,1,1,0.0,0.0,0.0
54306,0,0,0,2,2,0.0,0.0,0.0
17135,0,0,0,4,4,0.0,0.0,0.0
32536,0,0,0,7,7,0.0,0.0,0.0
11335,0,0,0,2,2,0.0,0.0,0.0
41626,2,0,0,2,4,1.0,0.0,0.0
68616,0,0,0,7,7,0.0,0.0,0.0
82923,0,0,1,4,5,0.0,0.0,0.25
64187,0,0,0,3,3,0.0,0.0,0.0
1586,0,0,0,7,7,0.0,0.0,0.0
70181,0,0,0,2,2,0.0,0.0,0.0
25039,0,0,0,10,10,0.0,0.0,0.0
89054,0,0,0,1,1,0.0,0.0,0.0
76380,0,0,0,1,1,0.0,0.0,0.0
90543,0,0,0,68,68,0.0,0.0,0.0
62445,0,0,0,1,1,0.0,0.0,0.0
69482,0,0,0,5,5,0.0,0.0,0.0
93631,1,0,6,128,135,0.0078,0.0,0.0469
98757,0,0,0,3,3,0.0,0.0,0.0
38937,0,0,0,7,7,0.0,0.0,0.0
100300,0,1,0,26,27,0.0,0.0385,0.0
92934,0,0,0,14,14,0.0,0.0,0.0
67648,1,0,0,17,18,0.0588,0.0,0.0
99317,1,1,1,53,56,0.0189,0.0189,0.0189
103122,0,0,0,35,35,0.0,0.0,0.0
67138,1,0,1,45,47,0.0222,0.0,0.0222
71411,0,0,0,21,21,0.0,0.0,0.0
291,0,0,1,2,3,0.0,0.0,0.5
60731,0,1,0,22,23,0.0,0.0455,0.0
59772,0,0,2,60,62,0.0,0.0,0.0333
51322,0,0,0,9,9,0.0,0.0,0.0
29052,0,0,0,1,1,0.0,0.0,0.0
82190,0,0,2,34,36,0.0,0.0,0.0588
60154,2,0,0,26,28,0.0769,0.0,0.0
92614,0,1,0,23,24,0.0,0.0435,0.0
23418,0,0,0,1,1,0.0,0.0,0.0
83273,0,0,0,2,2,0.0,0.0,0.0
76625,0,0,0,50,50,0.0,0.0,0.0
71353,0,1,0,20,21,0.0,0.05,0.0
99863,0,0,0,4,4,0.0,0.0,0.0
14278,0,0,0,5,5,0.0,0.0,0.0
31871,0,0,0,30,30,0.0,0.0,0.0
50788,0,0,0,1,1,0.0,0.0,0.0
88369,0,0,0,5,5,0.0,0.0,0.0
46806,0,0,0,8,8,0.0,0.0,0.0
96912,0,0,0,1,1,0.0,0.0,0.0
44566,0,2,0,13,15,0.0,0.1538,0.0
88489,1,0,0,2,3,0.5,0.0,0.0
47405,0,0,0,16,16,0.0,0.0,0.0
54678,0,0,0,6,6,0.0,0.0,0.0
33560,0,2,0,9,11,0.0,0.2222,0.0
71259,0,0,0,5,5,0.0,0.0,0.0
39213,0,0,0,2,2,0.0,0.0,0.0
16949,0,0,0,8,8,0.0,0.0,0.0
104253,0,0,0,8,8,0.0,0.0,0.0
97174,0,0,0,18,18,0.0,0.0,0.0
31734,0,2,0,12,14,0.0,0.1667,0.0
33702,0,0,1,6,7,0.0,0.0,0.1667
92838,0,0,0,3,3,0.0,0.0,0.0
50521,0,0,0,1,1,0.0,0.0,0.0
67051,0,0,0,1,1,0.0,0.0,0.0
11616,0,2,0,1,3,0.0,2.0,0.0
69137,0,0,0,3,3,0.0,0.0,0.0
45889,0,0,0,4,4,0.0,0.0,0.0
43931,0,0,0,11,11,0.0,0.0,0.0
64731,0,0,0,1,1,0.0,0.0,0.0
45737,0,0,0,1,1,0.0,0.0,0.0
61265,0,0,0,1,1,0.0,0.0,0.0
386,0,0,0,2,2,0.0,0.0,0.0
16971,0,0,0,1,1,0.0,0.0,0.0
97608,0,1,0,4,5,0.0,0.25,0.0
89670,0,0,0,2,2,0.0,0.0,0.0
68424,0,0,0,4,4,0.0,0.0,0.0
58487,0,0,0,1,1,0.0,0.0,0.0
73059,0,0,0,1,1,0.0,0.0,0.0
76443,0,0,0,4,4,0.0,0.0,0.0
86894,0,1,0,47,48,0.0,0.0213,0.0
95764,0,0,0,15,15,0.0,0.0,0.0
49387,0,0,0,4,4,0.0,0.0,0.0
68987,0,0,0,13,13,0.0,0.0,0.0
73028,0,0,1,19,20,0.0,0.0,0.0526
38570,1,0,0,13,14,0.0769,0.0,0.0
88513,0,0,0,8,8,0.0,0.0,0.0
8040,1,1,0,20,22,0.05,0.05,0.0
7861,0,0,0,3,3,0.0,0.0,0.0
85575,0,0,12,96,108,0.0,0.0,0.125
91560,0,0,0,7,7,0.0,0.0,0.0
10583,0,0,0,13,13,0.0,0.0,0.0
55154,0,0,0,6,6,0.0,0.0,0.0
56779,0,0,2,16,18,0.0,0.0,0.125
93796,0,3,0,23,26,0.0,0.1304,0.0
66910,1,0,1,3,5,0.3333,0.0,0.3333
93861,0,0,0,1,1,0.0,0.0,0.0
42492,0,0,1,4,5,0.0,0.0,0.25
92704,1,0,0,13,14,0.0769,0.0,0.0
83288,0,0,0,12,12,0.0,0.0,0.0
37538,1,0,0,28,29,0.0357,0.0,0.0
30354,0,1,0,9,10,0.0,0.1111,0.0
30862,0,0,1,15,16,0.0,0.0,0.0667
91125,3,3,4,201,211,0.0149,0.0149,0.0199
87435,0,0,0,7,7,0.0,0.0,0.0
22623,2,0,0,59,61,0.0339,0.0,0.0
91362,0,0,0,4,4,0.0,0.0,0.0
14903,0,0,0,19,19,0.0,0.0,0.0
62591,0,0,0,23,23,0.0,0.0,0.0
78841,0,1,0,15,16,0.0,0.0667,0.0
7346,0,1,0,10,11,0.0,0.1,0.0
82508,0,0,2,15,17,0.0,0.0,0.1333
63270,0,2,4,67,73,0.0,0.0299,0.0597
25531,0,0,0,2,2,0.0,0.0,0.0
14949,0,0,0,1,1,0.0,0.0,0.0
80365,0,1,0,45,46,0.0,0.0222,0.0
23704,0,0,0,1,1,0.0,0.0,0.0
60031,6,1,0,96,103,0.0625,0.0104,0.0
13351,0,2,0,13,15,0.0,0.1538,0.0
28102,2,0,0,72,74,0.0278,0.0,0.0
52701,0,2,2,28,32,0.0,0.0714,0.0714
54173,0,0,0,1,1,0.0,0.0,0.0
86962,2,0,0,13,15,0.1538,0.0,0.0
94693,0,0,1,2,3,0.0,0.0,0.5
56008,0,0,0,2,2,0.0,0.0,0.0
59974,0,0,0,2,2,0.0,0.0,0.0
43237,0,0,0,1,1,0.0,0.0,0.0
89565,0,0,0,10,10,0.0,0.0,0.0
59506,1,0,0,30,31,0.0333,0.0,0.0
43374,0,0,0,1,1,0.0,0.0,0.0
10932,0,2,1,24,27,0.0,0.0833,0.0417
89682,0,6,0,142,148,0.0,0.0423,0.0
97631,0,0,0,6,6,0.0,0.0,0.0
74860,0,1,0,3,4,0.0,0.3333,0.0
3073,0,0,0,1,1,0.0,0.0,0.0
97505,0,0,1,1,2,0.0,0.0,1.0
26129,0,0,0,1,1,0.0,0.0,0.0
101069,0,0,0,1,1,0.0,0.0,0.0
96891,0,0,0,2,2,0.0,0.0,0.0
50647,0,0,0,5,5,0.0,0.0,0.0
102724,0,0,0,1,1,0.0,0.0,0.0
9340,0,0,0,3,3,0.0,0.0,0.0
53141,0,0,0,3,3,0.0,0.0,0.0
9603,0,0,0,7,7,0.0,0.0,0.0
27746,0,0,0,8,8,0.0,0.0,0.0
70119,0,0,0,3,3,0.0,0.0,0.0
57710,0,0,0,4,4,0.0,0.0,0.0
104094,0,0,0,1,1,0.0,0.0,0.0
32051,0,0,0,12,12,0.0,0.0,0.0
84600,0,0,0,5,5,0.0,0.0,0.0
78355,0,0,0,1,1,0.0,0.0,0.0
48669,4,6,1,372,383,0.0108,0.0161,0.0027
67423,0,0,0,3,3,0.0,0.0,0.0
93201,0,0,0,8,8,0.0,0.0,0.0
51812,0,0,0,19,19,0.0,0.0,0.0
81694,0,0,0,10,10,0.0,0.0,0.0
146,0,0,2,4,6,0.0,0.0,0.5
51691,0,0,0,13,13,0.0,0.0,0.0
85886,0,0,0,18,18,0.0,0.0,0.0
26338,0,0,0,2,2,0.0,0.0,0.0
70764,0,4,3,18,25,0.0,0.2222,0.1667
102218,2,8,3,211,224,0.0095,0.0379,0.0142
72741,0,0,0,3,3,0.0,0.0,0.0
90029,0,0,0,1,1,0.0,0.0,0.0
82577,0,0,0,7,7,0.0,0.0,0.0
102920,0,0,1,16,17,0.0,0.0,0.0625
49001,0,0,0,6,6,0.0,0.0,0.0
20670,0,0,0,6,6,0.0,0.0,0.0
82517,0,0,1,37,38,0.0,0.0,0.027
76654,1,0,1,47,49,0.0213,0.0,0.0213
69887,0,0,0,1,1,0.0,0.0,0.0
29362,1,1,1,28,31,0.0357,0.0357,0.0357
97251,0,0,0,3,3,0.0,0.0,0.0
99882,0,0,1,9,10,0.0,0.0,0.1111
37710,0,0,0,2,2,0.0,0.0,0.0
99535,0,1,1,21,23,0.0,0.0476,0.0476
21033,0,2,0,6,8,0.0,0.3333,0.0
95222,0,0,0,2,2,0.0,0.0,0.0
74622,1,0,1,37,39,0.027,0.0,0.027
46277,0,0,0,1,1,0.0,0.0,0.0
99481,0,2,0,11,13,0.0,0.1818,0.0
74461,1,0,0,27,28,0.037,0.0,0.0
48257,0,0,0,3,3,0.0,0.0,0.0
93425,0,0,0,3,3,0.0,0.0,0.0
13518,0,0,0,16,16,0.0,0.0,0.0
103559,0,0,0,10,10,0.0,0.0,0.0
87441,0,0,0,2,2,0.0,0.0,0.0
55162,0,0,2,6,8,0.0,0.0,0.3333
68869,0,2,0,8,10,0.0,0.25,0.0
39019,0,0,0,3,3,0.0,0.0,0.0
97076,0,0,0,3,3,0.0,0.0,0.0
17268,0,0,0,1,1,0.0,0.0,0.0
12123,0,1,0,1,2,0.0,1.0,0.0
33791,0,0,0,2,2,0.0,0.0,0.0
14349,1,0,0,11,12,0.0909,0.0,0.0
19788,0,1,0,11,12,0.0,0.0909,0.0
17155,0,0,0,1,1,0.0,0.0,0.0
1247,1,1,0,25,27,0.04,0.04,0.0
46451,0,0,0,1,1,0.0,0.0,0.0
35948,0,0,0,3,3,0.0,0.0,0.0
26330,0,0,0,8,8,0.0,0.0,0.0
94446,0,0,0,1,1,0.0,0.0,0.0
96838,0,0,0,15,15,0.0,0.0,0.0
92329,0,1,0,4,5,0.0,0.25,0.0
63652,0,0,0,1,1,0.0,0.0,0.0
37881,0,1,0,5,6,0.0,0.2,0.0
25300,0,1,0,13,14,0.0,0.0769,0.0
50816,0,0,0,3,3,0.0,0.0,0.0
83833,0,0,0,2,2,0.0,0.0,0.0
74886,0,0,0,1,1,0.0,0.0,0.0
89529,0,0,0,1,1,0.0,0.0,0.0
96033,0,1,0,0,1,0.0,0.0,0.0
30431,0,0,0,9,9,0.0,0.0,0.0
47812,0,0,0,1,1,0.0,0.0,0.0
103085,0,0,0,3,3,0.0,0.0,0.0
41903,0,0,0,4,4,0.0,0.0,0.0
70809,0,0,0,3,3,0.0,0.0,0.0
4174,0,0,0,5,5,0.0,0.0,0.0
83241,0,0,0,6,6,0.0,0.0,0.0
95749,0,0,0,8,8,0.0,0.0,0.0
76718,1,0,0,34,35,0.0294,0.0,0.0
79317,0,0,0,7,7,0.0,0.0,0.0
96998,0,0,0,1,1,0.0,0.0,0.0
42324,1,1,0,26,28,0.0385,0.0385,0.0
21631,0,0,0,2,2,0.0,0.0,0.0
88752,0,0,0,13,13,0.0,0.0,0.0
71218,0,0,0,2,2,0.0,0.0,0.0
8025,0,0,0,19,19,0.0,0.0,0.0
48652,0,0,0,30,30,0.0,0.0,0.0
38345,0,0,0,38,38,0.0,0.0,0.0
77976,0,1,0,30,31,0.0,0.0333,0.0
7725,0,0,1,12,13,0.0,0.0,0.0833
56237,0,0,2,44,46,0.0,0.0,0.0455
4515,0,0,1,21,22,0.0,0.0,0.0476
60089,0,0,0,6,6,0.0,0.0,0.0
78591,0,1,3,81,85,0.0,0.0123,0.037
101789,0,1,2,50,53,0.0,0.02,0.04
93235,0,5,1,51,57,0.0,0.098,0.0196
37256,0,0,0,1,1,0.0,0.0,0.0
76141,0,0,0,1,1,0.0,0.0,0.0
14417,0,2,0,14,16,0.0,0.1429,0.0
99922,0,0,0,5,5,0.0,0.0,0.0
100566,0,0,0,1,1,0.0,0.0,0.0
25808,1,0,0,15,16,0.0667,0.0,0.0
76115,0,0,0,2,2,0.0,0.0,0.0
57883,0,0,0,2,2,0.0,0.0,0.0
74479,0,0,0,1,1,0.0,0.0,0.0
45712,0,0,0,1,1,0.0,0.0,0.0
51316,0,0,0,2,2,0.0,0.0,0.0
10613,0,0,0,2,2,0.0,0.0,0.0
24990,0,1,0,7,8,0.0,0.1429,0.0
26337,0,0,0,2,2,0.0,0.0,0.0
77772,0,0,0,1,1,0.0,0.0,0.0
32149,0,0,0,6,6,0.0,0.0,0.0
93345,0,0,0,5,5,0.0,0.0,0.0
17457,0,0,0,9,9,0.0,0.0,0.0
102518,0,0,0,7,7,0.0,0.0,0.0
48886,0,0,0,2,2,0.0,0.0,0.0
34895,0,1,0,1,2,0.0,1.0,0.0
63841,0,0,0,6,6,0.0,0.0,0.0
81668,0,0,0,1,1,0.0,0.0,0.0
15059,0,0,0,2,2,0.0,0.0,0.0
35352,0,0,0,1,1,0.0,0.0,0.0
83254,0,0,0,1,1,0.0,0.0,0.0
22986,0,0,0,2,2,0.0,0.0,0.0
101355,0,0,0,2,2,0.0,0.0,0.0
70350,0,0,0,1,1,0.0,0.0,0.0
89661,0,1,0,4,5,0.0,0.25,0.0
90236,0,0,0,3,3,0.0,0.0,0.0
12414,0,0,0,4,4,0.0,0.0,0.0
82714,0,0,0,1,1,0.0,0.0,0.0
86154,0,0,0,4,4,0.0,0.0,0.0
101004,0,0,0,8,8,0.0,0.0,0.0
71916,0,0,0,4,4,0.0,0.0,0.0
103563,0,0,0,3,3,0.0,0.0,0.0
67179,0,0,0,1,1,0.0,0.0,0.0
63080,0,0,0,1,1,0.0,0.0,0.0
40393,0,0,0,1,1,0.0,0.0,0.0
12565,1,6,0,104,111,0.0096,0.0577,0.0
88496,0,1,1,119,121,0.0,0.0084,0.0084
17790,0,2,2,38,42,0.0,0.0526,0.0526
34241,6,13,12,626,657,0.0096,0.0208,0.0192
97553,0,0,0,2,2,0.0,0.0,0.0
5192,0,0,0,1,1,0.0,0.0,0.0
91131,0,0,0,6,6,0.0,0.0,0.0
99190,0,0,0,6,6,0.0,0.0,0.0
95705,0,0,0,16,16,0.0,0.0,0.0
71672,0,1,0,22,23,0.0,0.0455,0.0
22255,2,0,1,17,20,0.1176,0.0,0.0588
14195,1,1,6,113,121,0.0088,0.0088,0.0531
59009,0,0,0,29,29,0.0,0.0,0.0
96858,0,0,0,10,10,0.0,0.0,0.0
68085,0,0,0,4,4,0.0,0.0,0.0
19456,4,1,0,28,33,0.1429,0.0357,0.0
57351,0,0,0,1,1,0.0,0.0,0.0
34921,0,0,0,3,3,0.0,0.0,0.0
73432,0,0,0,6,6,0.0,0.0,0.0
104086,0,0,0,5,5,0.0,0.0,0.0
88958,0,0,0,1,1,0.0,0.0,0.0
25962,2,3,0,100,105,0.02,0.03,0.0
51926,0,0,0,2,2,0.0,0.0,0.0
60682,0,2,0,20,22,0.0,0.1,0.0
9471,1,0,0,12,13,0.0833,0.0,0.0
63673,0,0,0,19,19,0.0,0.0,0.0
89242,0,0,0,3,3,0.0,0.0,0.0
96296,0,1,0,10,11,0.0,0.1,0.0
58645,0,0,0,35,35,0.0,0.0,0.0
7931,0,1,0,4,5,0.0,0.25,0.0
57123,0,0,0,1,1,0.0,0.0,0.0
42876,0,0,0,11,11,0.0,0.0,0.0
4311,0,0,0,2,2,0.0,0.0,0.0
33059,0,0,0,6,6,0.0,0.0,0.0
21604,0,0,0,4,4,0.0,0.0,0.0
81654,0,0,0,10,10,0.0,0.0,0.0
48785,0,0,0,6,6,0.0,0.0,0.0
3059,0,0,0,3,3,0.0,0.0,0.0
78535,0,0,0,3,3,0.0,0.0,0.0
22877,1,0,0,8,9,0.125,0.0,0.0
43311,0,1,0,8,9,0.0,0.125,0.0
61072,0,0,0,1,1,0.0,0.0,0.0
81148,0,1,0,3,4,0.0,0.3333,0.0
94298,0,0,0,3,3,0.0,0.0,0.0
104156,0,1,0,5,6,0.0,0.2,0.0
76244,0,1,0,6,7,0.0,0.1667,0.0
68789,0,0,0,4,4,0.0,0.0,0.0
17276,0,0,0,1,1,0.0,0.0,0.0
21575,0,1,0,15,16,0.0,0.0667,0.0
12768,0,1,0,13,14,0.0,0.0769,0.0
68221,0,0,0,1,1,0.0,0.0,0.0
87870,0,0,0,10,10,0.0,0.0,0.0
68801,0,0,0,3,3,0.0,0.0,0.0
17959,0,0,0,2,2,0.0,0.0,0.0
47833,0,0,0,2,2,0.0,0.0,0.0
84504,0,0,0,4,4,0.0,0.0,0.0
62236,2,2,0,57,61,0.0351,0.0351,0.0
20571,0,0,0,6,6,0.0,0.0,0.0
94097,0,0,0,4,4,0.0,0.0,0.0
46534,0,0,0,1,1,0.0,0.0,0.0
86273,0,0,0,1,1,0.0,0.0,0.0
15725,0,2,0,7,9,0.0,0.2857,0.0
52927,0,0,0,1,1,0.0,0.0,0.0
68830,0,0,0,1,1,0.0,0.0,0.0
3282,0,0,0,1,1,0.0,0.0,0.0
11996,0,0,0,5,5,0.0,0.0,0.0
29336,0,0,0,2,2,0.0,0.0,0.0
82218,0,0,0,1,1,0.0,0.0,0.0
18880,0,0,0,5,5,0.0,0.0,0.0
100559,0,0,0,3,3,0.0,0.0,0.0
53157,0,0,0,4,4,0.0,0.0,0.0
5811,0,0,1,3,4,0.0,0.0,0.3333
94993,0,0,0,1,1,0.0,0.0,0.0
97481,0,0,0,3,3,0.0,0.0,0.0
93878,0,0,1,13,14,0.0,0.0,0.0769
1302,0,0,0,2,2,0.0,0.0,0.0
49486,0,0,1,27,28,0.0,0.0,0.037
62539,0,0,0,4,4,0.0,0.0,0.0
74931,0,0,1,15,16,0.0,0.0,0.0667
30577,0,1,3,79,83,0.0,0.0127,0.038
49223,0,0,0,6,6,0.0,0.0,0.0
42118,3,3,0,54,60,0.0556,0.0556,0.0
12853,0,0,0,27,27,0.0,0.0,0.0
4312,0,0,0,1,1,0.0,0.0,0.0
35320,0,0,0,7,7,0.0,0.0,0.0
102340,0,0,1,32,33,0.0,0.0,0.0313
768,0,0,1,50,51,0.0,0.0,0.02
770,0,0,0,7,7,0.0,0.0,0.0
8176,0,3,2,36,41,0.0,0.0833,0.0556
57761,2,0,0,7,9,0.2857,0.0,0.0
49529,3,1,0,31,35,0.0968,0.0323,0.0
15724,0,0,0,5,5,0.0,0.0,0.0
73555,2,0,2,24,28,0.0833,0.0,0.0833
74587,0,0,2,37,39,0.0,0.0,0.0541
25545,0,0,1,22,23,0.0,0.0,0.0455
13470,0,3,2,60,65,0.0,0.05,0.0333
99142,0,0,0,5,5,0.0,0.0,0.0
49016,2,0,0,8,10,0.25,0.0,0.0
102707,0,0,1,22,23,0.0,0.0,0.0455
86891,0,0,0,2,2,0.0,0.0,0.0
18936,0,0,0,19,19,0.0,0.0,0.0
52349,0,6,4,199,209,0.0,0.0302,0.0201
61082,0,0,0,1,1,0.0,0.0,0.0
9763,0,0,0,8,8,0.0,0.0,0.0
31080,0,0,0,13,13,0.0,0.0,0.0
91875,0,0,0,17,17,0.0,0.0,0.0
8205,0,0,1,20,21,0.0,0.0,0.05
94834,0,0,0,5,5,0.0,0.0,0.0
10407,0,0,0,3,3,0.0,0.0,0.0
26191,0,0,0,4,4,0.0,0.0,0.0
76592,0,0,0,1,1,0.0,0.0,0.0
6221,0,0,0,1,1,0.0,0.0,0.0
74671,0,1,0,21,22,0.0,0.0476,0.0
40967,0,0,0,3,3,0.0,0.0,0.0
102135,0,0,0,24,24,0.0,0.0,0.0
71981,0,0,0,2,2,0.0,0.0,0.0
19876,0,0,0,3,3,0.0,0.0,0.0
65676,0,0,0,4,4,0.0,0.0,0.0
30008,0,0,0,1,1,0.0,0.0,0.0
38294,0,0,0,1,1,0.0,0.0,0.0
51285,0,2,0,3,5,0.0,0.6667,0.0
49917,0,0,0,1,1,0.0,0.0,0.0
55686,0,0,0,9,9,0.0,0.0,0.0
93897,0,0,0,1,1,0.0,0.0,0.0
69156,0,0,0,5,5,0.0,0.0,0.0
81488,0,0,0,3,3,0.0,0.0,0.0
63029,0,0,0,2,2,0.0,0.0,0.0
96630,0,0,0,4,4,0.0,0.0,0.0
36372,0,0,0,1,1,0.0,0.0,0.0
65523,0,0,0,1,1,0.0,0.0,0.0
75438,0,0,0,1,1,0.0,0.0,0.0
98874,0,0,0,3,3,0.0,0.0,0.0
24760,0,2,0,2,4,0.0,1.0,0.0
53322,0,0,0,8,8,0.0,0.0,0.0
88741,0,0,0,5,5,0.0,0.0,0.0
95041,1,1,2,68,72,0.0147,0.0147,0.0294
82470,1,0,0,21,22,0.0476,0.0,0.0
55121,0,0,0,14,14,0.0,0.0,0.0
61756,1,11,0,108,120,0.0093,0.1019,0.0
30131,0,0,2,36,38,0.0,0.0,0.0556
11641,1,3,1,54,59,0.0185,0.0556,0.0185
13428,0,1,0,2,3,0.0,0.5,0.0
101637,0,0,2,79,81,0.0,0.0,0.0253
22631,0,0,0,2,2,0.0,0.0,0.0
22820,1,0,1,3,5,0.3333,0.0,0.3333
43769,0,0,0,24,24,0.0,0.0,0.0
1546,0,0,0,1,1,0.0,0.0,0.0
88020,0,0,0,15,15,0.0,0.0,0.0
99911,0,0,0,33,33,0.0,0.0,0.0
51566,0,2,1,53,56,0.0,0.0377,0.0189
103827,0,0,0,5,5,0.0,0.0,0.0
55685,1,2,2,33,38,0.0303,0.0606,0.0606
39011,0,0,0,18,18,0.0,0.0,0.0
81824,0,0,1,13,14,0.0,0.0,0.0769
75858,0,0,0,18,18,0.0,0.0,0.0
59413,0,0,1,9,10,0.0,0.0,0.1111
94434,0,0,1,28,29,0.0,0.0,0.0357
84597,0,0,3,54,57,0.0,0.0,0.0556
68536,0,0,0,2,2,0.0,0.0,0.0
33072,0,0,1,15,16,0.0,0.0,0.0667
12054,0,0,0,2,2,0.0,0.0,0.0
102620,0,0,0,5,5,0.0,0.0,0.0
36530,0,0,0,9,9,0.0,0.0,0.0
12574,0,0,0,3,3,0.0,0.0,0.0
29027,0,0,0,1,1,0.0,0.0,0.0
86152,0,0,0,16,16,0.0,0.0,0.0
18490,0,0,0,2,2,0.0,0.0,0.0
62819,0,0,0,23,23,0.0,0.0,0.0
64655,0,1,1,76,78,0.0,0.0132,0.0132
5336,5,4,1,189,199,0.0265,0.0212,0.0053
78331,2,0,0,48,50,0.0417,0.0,0.0
5122,1,1,0,28,30,0.0357,0.0357,0.0
55406,0,0,0,10,10,0.0,0.0,0.0
104173,0,0,0,4,4,0.0,0.0,0.0
75744,0,0,0,1,1,0.0,0.0,0.0
2603,0,0,0,2,2,0.0,0.0,0.0
32057,0,1,0,40,41,0.0,0.025,0.0
212,0,3,0,34,37,0.0,0.0882,0.0
86637,0,0,0,6,6,0.0,0.0,0.0
10318,0,1,0,10,11,0.0,0.1,0.0
7802,0,0,0,2,2,0.0,0.0,0.0
15562,0,0,0,19,19,0.0,0.0,0.0
92781,0,0,0,2,2,0.0,0.0,0.0
5255,0,0,0,1,1,0.0,0.0,0.0
97257,0,0,0,1,1,0.0,0.0,0.0
6786,0,0,1,3,4,0.0,0.0,0.3333
88855,0,0,0,3,3,0.0,0.0,0.0
101526,0,0,0,15,15,0.0,0.0,0.0
14347,0,0,0,1,1,0.0,0.0,0.0
44707,0,0,0,3,3,0.0,0.0,0.0
49973,0,0,0,12,12,0.0,0.0,0.0
101942,0,0,0,23,23,0.0,0.0,0.0
73134,0,0,0,6,6,0.0,0.0,0.0
98758,0,0,0,6,6,0.0,0.0,0.0
99110,0,0,0,1,1,0.0,0.0,0.0
87840,0,0,0,2,2,0.0,0.0,0.0
29973,0,0,0,1,1,0.0,0.0,0.0
36260,0,1,0,2,3,0.0,0.5,0.0
42442,0,0,0,2,2,0.0,0.0,0.0
9283,0,0,0,1,1,0.0,0.0,0.0
103727,0,0,0,1,1,0.0,0.0,0.0
83610,0,0,0,1,1,0.0,0.0,0.0
96721,0,0,0,1,1,0.0,0.0,0.0
61948,0,0,0,3,3,0.0,0.0,0.0
90404,0,0,0,3,3,0.0,0.0,0.0
90368,0,0,0,3,3,0.0,0.0,0.0
45771,0,0,0,1,1,0.0,0.0,0.0
17772,0,0,0,2,2,0.0,0.0,0.0
28539,0,0,0,1,1,0.0,0.0,0.0
97445,0,0,0,1,1,0.0,0.0,0.0
36401,0,0,0,15,15,0.0,0.0,0.0
80542,0,0,0,1,1,0.0,0.0,0.0
91972,0,0,0,17,17,0.0,0.0,0.0
63420,0,0,2,25,27,0.0,0.0,0.08
76564,0,0,1,13,14,0.0,0.0,0.0769
31525,0,0,0,7,7,0.0,0.0,0.0
90916,0,0,1,13,14,0.0,0.0,0.0769
34046,0,0,0,1,1,0.0,0.0,0.0
71465,1,0,0,4,5,0.25,0.0,0.0
20747,1,0,0,213,214,0.0047,0.0,0.0
3192,1,0,1,11,13,0.0909,0.0,0.0909
91539,0,0,1,20,21,0.0,0.0,0.05
10187,0,0,0,5,5,0.0,0.0,0.0
10215,0,0,0,9,9,0.0,0.0,0.0
93298,0,0,0,5,5,0.0,0.0,0.0
97696,1,0,0,10,11,0.1,0.0,0.0
12306,0,0,0,2,2,0.0,0.0,0.0
97839,0,0,0,41,41,0.0,0.0,0.0
68388,0,1,0,9,10,0.0,0.1111,0.0
33281,0,0,1,5,6,0.0,0.0,0.2
18124,0,0,0,1,1,0.0,0.0,0.0
49805,0,0,0,3,3,0.0,0.0,0.0
67799,0,0,0,2,2,0.0,0.0,0.0
55424,0,0,0,7,7,0.0,0.0,0.0
86307,1,1,0,21,23,0.0476,0.0476,0.0
56047,0,0,0,3,3,0.0,0.0,0.0
62069,0,0,0,10,10,0.0,0.0,0.0
92140,0,1,1,70,72,0.0,0.0143,0.0143
70105,0,0,0,6,6,0.0,0.0,0.0
79363,1,1,0,39,41,0.0256,0.0256,0.0
95159,0,0,0,28,28,0.0,0.0,0.0
85318,0,0,0,7,7,0.0,0.0,0.0
49864,0,0,0,10,10,0.0,0.0,0.0
94411,0,0,0,11,11,0.0,0.0,0.0
61579,0,0,1,28,29,0.0,0.0,0.0357
32851,0,0,0,3,3,0.0,0.0,0.0
42779,0,0,0,6,6,0.0,0.0,0.0
12295,0,0,0,2,2,0.0,0.0,0.0
12491,0,0,0,1,1,0.0,0.0,0.0
97184,0,0,0,4,4,0.0,0.0,0.0
44153,1,1,0,19,21,0.0526,0.0526,0.0
23768,0,0,0,2,2,0.0,0.0,0.0
67120,0,5,0,19,24,0.0,0.2632,0.0
37179,0,0,1,34,35,0.0,0.0,0.0294
44705,0,0,0,3,3,0.0,0.0,0.0
48666,0,1,3,60,64,0.0,0.0167,0.05
46628,0,0,0,34,34,0.0,0.0,0.0
29741,1,2,1,35,39,0.0286,0.0571,0.0286
6508,0,0,0,39,39,0.0,0.0,0.0
49761,0,0,0,1,1,0.0,0.0,0.0
103594,0,0,0,3,3,0.0,0.0,0.0
96115,0,0,0,1,1,0.0,0.0,0.0
47218,0,0,0,2,2,0.0,0.0,0.0
23539,0,0,0,2,2,0.0,0.0,0.0
52148,1,0,0,14,15,0.0714,0.0,0.0
64864,0,1,0,4,5,0.0,0.25,0.0
96877,0,0,1,2,3,0.0,0.0,0.5
3474,0,0,0,2,2,0.0,0.0,0.0
3058,1,1,1,6,9,0.1667,0.1667,0.1667
17894,0,0,0,1,1,0.0,0.0,0.0
101835,0,0,0,3,3,0.0,0.0,0.0
22626,0,0,0,1,1,0.0,0.0,0.0
94972,0,0,0,2,2,0.0,0.0,0.0
86056,0,0,0,2,2,0.0,0.0,0.0
91323,0,0,0,14,14,0.0,0.0,0.0
33923,0,0,0,1,1,0.0,0.0,0.0
71330,0,0,0,1,1,0.0,0.0,0.0
21840,0,0,0,1,1,0.0,0.0,0.0
79675,0,0,0,3,3,0.0,0.0,0.0
11759,0,0,0,2,2,0.0,0.0,0.0
58729,0,1,0,2,3,0.0,0.5,0.0
30259,0,0,0,2,2,0.0,0.0,0.0
3446,0,0,0,1,1,0.0,0.0,0.0
57861,0,0,0,1,1,0.0,0.0,0.0
65517,0,0,0,1,1,0.0,0.0,0.0
70641,0,0,0,2,2,0.0,0.0,0.0
100385,0,0,0,2,2,0.0,0.0,0.0
12025,0,0,0,1,1,0.0,0.0,0.0
63718,0,0,0,1,1,0.0,0.0,0.0
36038,0,0,0,5,5,0.0,0.0,0.0
76933,0,0,0,1,1,0.0,0.0,0.0
41198,0,0,0,1,1,0.0,0.0,0.0
97709,0,0,0,19,19,0.0,0.0,0.0
10304,1,0,1,39,41,0.0256,0.0,0.0256
84518,1,0,0,24,25,0.0417,0.0,0.0
38790,0,0,0,1,1,0.0,0.0,0.0
43869,0,0,0,24,24,0.0,0.0,0.0
50850,0,0,2,31,33,0.0,0.0,0.0645
102083,0,1,0,16,17,0.0,0.0625,0.0
54789,0,0,0,23,23,0.0,0.0,0.0
97060,0,0,0,4,4,0.0,0.0,0.0
71138,1,1,0,5,7,0.2,0.2,0.0
28093,0,0,0,2,2,0.0,0.0,0.0
13702,0,0,1,30,31,0.0,0.0,0.0333
19051,0,0,1,42,43,0.0,0.0,0.0238
31558,1,0,2,57,60,0.0175,0.0,0.0351
1770,0,0,0,10,10,0.0,0.0,0.0
5231,0,0,0,14,14,0.0,0.0,0.0
19336,0,0,0,6,6,0.0,0.0,0.0
49420,0,0,0,2,2,0.0,0.0,0.0
57843,0,0,0,8,8,0.0,0.0,0.0
47956,1,0,1,32,34,0.0313,0.0,0.0313
85920,0,0,0,5,5,0.0,0.0,0.0
99148,2,0,2,60,64,0.0333,0.0,0.0333
27065,0,0,0,4,4,0.0,0.0,0.0
40489,0,0,0,3,3,0.0,0.0,0.0
64774,0,0,0,22,22,0.0,0.0,0.0
64795,0,0,1,9,10,0.0,0.0,0.1111
10663,0,0,0,12,12,0.0,0.0,0.0
5082,0,0,1,1,2,0.0,0.0,1.0
2768,0,0,0,3,3,0.0,0.0,0.0
75682,0,4,0,85,89,0.0,0.0471,0.0
38151,0,0,0,9,9,0.0,0.0,0.0
47707,0,0,0,2,2,0.0,0.0,0.0
44240,0,0,0,2,2,0.0,0.0,0.0
60830,0,2,0,4,6,0.0,0.5,0.0
8880,1,0,0,24,25,0.0417,0.0,0.0
84894,0,2,0,66,68,0.0,0.0303,0.0
46408,0,0,0,5,5,0.0,0.0,0.0
1644,0,0,0,6,6,0.0,0.0,0.0
36333,0,0,0,11,11,0.0,0.0,0.0
4877,0,0,0,3,3,0.0,0.0,0.0
56032,0,0,0,8,8,0.0,0.0,0.0
47829,0,0,0,5,5,0.0,0.0,0.0
64053,0,1,0,1,2,0.0,1.0,0.0
25098,0,0,0,9,9,0.0,0.0,0.0
83380,0,1,0,4,5,0.0,0.25,0.0
17755,0,0,1,7,8,0.0,0.0,0.1429
79380,0,0,0,3,3,0.0,0.0,0.0
91334,0,0,0,1,1,0.0,0.0,0.0
72905,0,0,0,1,1,0.0,0.0,0.0
39449,0,0,0,1,1,0.0,0.0,0.0
53721,0,0,0,3,3,0.0,0.0,0.0
45520,0,0,0,1,1,0.0,0.0,0.0
36646,0,0,0,2,2,0.0,0.0,0.0
101748,0,0,0,3,3,0.0,0.0,0.0
38276,0,0,0,8,8,0.0,0.0,0.0
81189,0,0,0,5,5,0.0,0.0,0.0
49646,0,0,0,1,1,0.0,0.0,0.0
17283,0,0,0,5,5,0.0,0.0,0.0
82329,0,0,0,1,1,0.0,0.0,0.0
32580,0,0,0,1,1,0.0,0.0,0.0
53302,0,0,0,1,1,0.0,0.0,0.0
38509,0,0,0,2,2,0.0,0.0,0.0
78935,0,0,0,2,2,0.0,0.0,0.0
31615,0,0,0,5,5,0.0,0.0,0.0
18886,0,0,0,1,1,0.0,0.0,0.0
182,0,0,0,2,2,0.0,0.0,0.0
3978,0,0,0,1,1,0.0,0.0,0.0
59442,0,0,0,6,6,0.0,0.0,0.0
88493,0,0,0,2,2,0.0,0.0,0.0
59154,0,0,0,12,12,0.0,0.0,0.0
46773,0,0,0,30,30,0.0,0.0,0.0
102396,0,1,0,1,2,0.0,1.0,0.0
98415,0,0,0,30,30,0.0,0.0,0.0
58886,0,0,0,1,1,0.0,0.0,0.0
27308,0,0,0,2,2,0.0,0.0,0.0
67021,0,0,0,18,18,0.0,0.0,0.0
65460,0,0,0,2,2,0.0,0.0,0.0
99106,0,0,0,3,3,0.0,0.0,0.0
55908,0,0,2,59,61,0.0,0.0,0.0339
17198,0,0,0,18,18,0.0,0.0,0.0
47947,0,0,0,12,12,0.0,0.0,0.0
101262,0,0,0,2,2,0.0,0.0,0.0
39743,0,0,0,6,6,0.0,0.0,0.0
69886,0,0,0,2,2,0.0,0.0,0.0
62933,0,0,0,11,11,0.0,0.0,0.0
91513,0,0,0,1,1,0.0,0.0,0.0
30428,7,7,8,417,439,0.0168,0.0168,0.0192
72542,0,0,1,31,32,0.0,0.0,0.0323
51171,0,0,0,32,32,0.0,0.0,0.0
12097,0,0,0,5,5,0.0,0.0,0.0
91202,0,1,0,31,32,0.0,0.0323,0.0
73360,0,0,0,1,1,0.0,0.0,0.0
54138,0,1,0,15,16,0.0,0.0667,0.0
87571,2,0,0,52,54,0.0385,0.0,0.0
67673,0,0,1,32,33,0.0,0.0,0.0313
25020,0,0,0,7,7,0.0,0.0,0.0
44155,1,1,3,47,52,0.0213,0.0213,0.0638
89974,1,1,0,29,31,0.0345,0.0345,0.0
100078,1,0,0,15,16,0.0667,0.0,0.0
37184,0,0,1,20,21,0.0,0.0,0.05
348,0,3,0,9,12,0.0,0.3333,0.0
29571,1,0,0,1,2,1.0,0.0,0.0
30831,0,0,0,3,3,0.0,0.0,0.0
41670,0,0,0,21,21,0.0,0.0,0.0
102737,0,0,0,10,10,0.0,0.0,0.0
16305,0,1,0,20,21,0.0,0.05,0.0
48840,0,0,0,2,2,0.0,0.0,0.0
60199,0,0,0,5,5,0.0,0.0,0.0
95855,0,1,0,10,11,0.0,0.1,0.0
68764,0,1,0,43,44,0.0,0.0233,0.0
13,0,0,0,3,3,0.0,0.0,0.0
56819,1,0,0,7,8,0.1429,0.0,0.0
98830,0,0,0,1,1,0.0,0.0,0.0
57996,0,0,0,4,4,0.0,0.0,0.0
31934,0,0,0,2,2,0.0,0.0,0.0
9084,1,1,0,5,7,0.2,0.2,0.0
42681,3,3,0,106,112,0.0283,0.0283,0.0
75678,0,0,0,1,1,0.0,0.0,0.0
42093,0,0,1,4,5,0.0,0.0,0.25
37627,0,0,0,1,1,0.0,0.0,0.0
72585,0,0,0,5,5,0.0,0.0,0.0
32320,0,0,0,21,21,0.0,0.0,0.0
70472,0,0,0,2,2,0.0,0.0,0.0
20016,0,2,0,5,7,0.0,0.4,0.0
10610,0,0,0,2,2,0.0,0.0,0.0
4151,0,0,0,7,7,0.0,0.0,0.0
46645,0,0,0,1,1,0.0,0.0,0.0
34075,1,0,0,18,19,0.0556,0.0,0.0
57057,0,1,1,4,6,0.0,0.25,0.25
31808,0,0,0,2,2,0.0,0.0,0.0
25870,0,0,0,1,1,0.0,0.0,0.0
22630,0,0,0,1,1,0.0,0.0,0.0
63787,0,0,0,2,2,0.0,0.0,0.0
5612,0,0,0,1,1,0.0,0.0,0.0
63971,0,0,0,11,11,0.0,0.0,0.0
71858,0,1,0,170,171,0.0,0.0059,0.0
100450,5,8,5,489,507,0.0102,0.0164,0.0102
69087,0,1,0,10,11,0.0,0.1,0.0
55214,3,3,0,56,62,0.0536,0.0536,0.0
71602,0,0,0,1,1,0.0,0.0,0.0
85129,2,0,1,89,92,0.0225,0.0,0.0112
27835,0,0,0,35,35,0.0,0.0,0.0
74694,0,1,0,18,19,0.0,0.0556,0.0
98845,0,0,0,3,3,0.0,0.0,0.0
83053,0,3,5,129,137,0.0,0.0233,0.0388
16547,0,0,0,7,7,0.0,0.0,0.0
92694,2,1,1,52,56,0.0385,0.0192,0.0192
49140,0,3,1,47,51,0.0,0.0638,0.0213
10833,0,0,0,54,54,0.0,0.0,0.0
50301,0,0,0,2,2,0.0,0.0,0.0
66746,0,0,0,56,56,0.0,0.0,0.0
103596,0,0,0,4,4,0.0,0.0,0.0
95100,0,0,0,13,13,0.0,0.0,0.0
26579,0,0,0,18,18,0.0,0.0,0.0
74526,0,0,0,12,12,0.0,0.0,0.0
33329,0,0,0,5,5,0.0,0.0,0.0
41853,0,2,0,33,35,0.0,0.0606,0.0
83252,0,0,0,17,17,0.0,0.0,0.0
103815,0,0,0,10,10,0.0,0.0,0.0
49401,0,0,0,6,6,0.0,0.0,0.0
93799,0,0,0,2,2,0.0,0.0,0.0
38036,0,1,0,15,16,0.0,0.0667,0.0
101456,0,0,0,1,1,0.0,0.0,0.0
22786,0,0,0,3,3,0.0,0.0,0.0
22473,0,0,0,1,1,0.0,0.0,0.0
85967,0,0,0,1,1,0.0,0.0,0.0
26005,0,0,2,23,25,0.0,0.0,0.087
94579,1,0,0,13,14,0.0769,0.0,0.0
96082,0,0,0,1,1,0.0,0.0,0.0
82158,0,0,0,23,23,0.0,0.0,0.0
46145,0,0,0,2,2,0.0,0.0,0.0
66095,0,1,0,6,7,0.0,0.1667,0.0
8492,0,0,0,4,4,0.0,0.0,0.0
42436,0,0,0,3,3,0.0,0.0,0.0
44722,0,1,0,2,3,0.0,0.5,0.0
53553,0,1,0,21,22,0.0,0.0476,0.0
6827,0,0,0,1,1,0.0,0.0,0.0
33355,0,0,0,3,3,0.0,0.0,0.0
83324,0,0,0,2,2,0.0,0.0,0.0
17192,0,0,0,1,1,0.0,0.0,0.0
102384,0,0,0,8,8,0.0,0.0,0.0
74600,0,0,0,24,24,0.0,0.0,0.0
80349,0,0,0,6,6,0.0,0.0,0.0
40065,0,0,0,1,1,0.0,0.0,0.0
82272,0,0,0,1,1,0.0,0.0,0.0
76542,0,0,0,3,3,0.0,0.0,0.0
36161,0,0,0,3,3,0.0,0.0,0.0
104210,0,0,0,3,3,0.0,0.0,0.0
13554,0,0,0,5,5,0.0,0.0,0.0
83379,0,0,0,1,1,0.0,0.0,0.0
61925,0,0,0,1,1,0.0,0.0,0.0
95207,0,0,0,5,5,0.0,0.0,0.0
37852,0,0,0,1,1,0.0,0.0,0.0
48613,0,0,0,1,1,0.0,0.0,0.0
33291,0,0,0,1,1,0.0,0.0,0.0
60451,0,0,0,1,1,0.0,0.0,0.0
74624,0,0,0,8,8,0.0,0.0,0.0
8226,0,1,3,20,24,0.0,0.05,0.15
72510,2,4,1,48,55,0.0417,0.0833,0.0208
103758,3,5,3,106,117,0.0283,0.0472,0.0283
90788,0,1,0,19,20,0.0,0.0526,0.0
58010,0,0,0,20,20,0.0,0.0,0.0
24718,0,0,0,25,25,0.0,0.0,0.0
88032,3,0,4,85,92,0.0353,0.0,0.0471
24689,0,0,1,20,21,0.0,0.0,0.05
67482,0,1,1,32,34,0.0,0.0313,0.0313
35672,0,2,1,70,73,0.0,0.0286,0.0143
43565,4,4,2,60,70,0.0667,0.0667,0.0333
37666,1,0,0,24,25,0.0417,0.0,0.0
70114,0,0,0,34,34,0.0,0.0,0.0
31791,0,0,1,30,31,0.0,0.0,0.0333
86780,0,0,0,2,2,0.0,0.0,0.0
50717,0,0,0,14,14,0.0,0.0,0.0
35725,0,1,0,41,42,0.0,0.0244,0.0
96232,0,0,0,5,5,0.0,0.0,0.0
92672,0,2,0,30,32,0.0,0.0667,0.0
7660,0,0,1,8,9,0.0,0.0,0.125
63336,0,7,0,101,108,0.0,0.0693,0.0
85495,0,0,0,9,9,0.0,0.0,0.0
20934,0,0,0,1,1,0.0,0.0,0.0
84161,0,1,0,27,28,0.0,0.037,0.0
72768,0,0,0,2,2,0.0,0.0,0.0
23495,0,4,0,16,20,0.0,0.25,0.0
39711,1,1,0,29,31,0.0345,0.0345,0.0
43658,0,0,0,1,1,0.0,0.0,0.0
21949,2,0,0,18,20,0.1111,0.0,0.0
63339,0,3,0,24,27,0.0,0.125,0.0
41394,0,0,0,3,3,0.0,0.0,0.0
50117,0,0,0,80,80,0.0,0.0,0.0
572,0,0,0,2,2,0.0,0.0,0.0
103875,0,0,0,19,19,0.0,0.0,0.0
18253,0,0,0,2,2,0.0,0.0,0.0
73004,0,0,0,2,2,0.0,0.0,0.0
68033,0,0,0,1,1,0.0,0.0,0.0
63284,1,0,0,8,9,0.125,0.0,0.0
45736,2,1,0,15,18,0.1333,0.0667,0.0
80417,0,0,0,13,13,0.0,0.0,0.0
75244,0,0,0,1,1,0.0,0.0,0.0
9306,0,0,0,1,1,0.0,0.0,0.0
54943,0,0,0,7,7,0.0,0.0,0.0
30458,0,0,0,8,8,0.0,0.0,0.0
64208,0,0,0,4,4,0.0,0.0,0.0
86308,0,0,1,3,4,0.0,0.0,0.3333
47153,0,0,1,6,7,0.0,0.0,0.1667
32062,0,0,0,4,4,0.0,0.0,0.0
72954,0,0,2,6,8,0.0,0.0,0.3333
99483,0,2,3,42,47,0.0,0.0476,0.0714
89167,0,0,0,1,1,0.0,0.0,0.0
64176,0,0,0,2,2,0.0,0.0,0.0
78477,0,0,0,35,35,0.0,0.0,0.0
93919,0,0,0,1,1,0.0,0.0,0.0
15280,0,0,0,1,1,0.0,0.0,0.0
54568,0,0,0,3,3,0.0,0.0,0.0
205,0,0,0,12,12,0.0,0.0,0.0
41351,0,0,0,2,2,0.0,0.0,0.0
66976,0,0,2,8,10,0.0,0.0,0.25
9945,0,0,0,1,1,0.0,0.0,0.0
49934,0,0,0,4,4,0.0,0.0,0.0
36420,0,0,0,5,5,0.0,0.0,0.0
76057,0,0,0,4,4,0.0,0.0,0.0
25985,0,0,0,8,8,0.0,0.0,0.0
50313,0,0,0,3,3,0.0,0.0,0.0
11862,0,0,0,1,1,0.0,0.0,0.0
83759,0,1,0,3,4,0.0,0.3333,0.0
6146,0,0,0,1,1,0.0,0.0,0.0
13696,0,0,0,1,1,0.0,0.0,0.0
33682,0,0,0,1,1,0.0,0.0,0.0
9801,0,0,0,6,6,0.0,0.0,0.0
56790,0,0,0,2,2,0.0,0.0,0.0
96959,0,0,0,1,1,0.0,0.0,0.0
58052,0,0,0,1,1,0.0,0.0,0.0
44260,0,0,0,4,4,0.0,0.0,0.0
76799,0,2,0,2,4,0.0,1.0,0.0
25897,0,0,0,1,1,0.0,0.0,0.0
56949,0,0,0,2,2,0.0,0.0,0.0
54919,0,0,0,1,1,0.0,0.0,0.0
87249,0,0,0,7,7,0.0,0.0,0.0
88995,0,0,0,1,1,0.0,0.0,0.0
30983,0,0,0,3,3,0.0,0.0,0.0
3549,0,0,0,23,23,0.0,0.0,0.0
100614,0,1,0,22,23,0.0,0.0455,0.0
33317,1,0,0,50,51,0.02,0.0,0.0
21251,0,7,1,27,35,0.0,0.2593,0.037
74764,0,2,0,16,18,0.0,0.125,0.0
21620,0,1,0,15,16,0.0,0.0667,0.0
58601,0,0,0,7,7,0.0,0.0,0.0
45588,0,1,5,87,93,0.0,0.0115,0.0575
19997,2,0,0,5,7,0.4,0.0,0.0
15074,0,0,1,19,20,0.0,0.0,0.0526
28710,0,0,0,6,6,0.0,0.0,0.0
73564,0,0,0,8,8,0.0,0.0,0.0
76946,3,1,5,106,115,0.0283,0.0094,0.0472
58475,0,0,0,2,2,0.0,0.0,0.0
1749,0,0,1,7,8,0.0,0.0,0.1429
3908,2,1,1,107,111,0.0187,0.0093,0.0093
88771,8,8,14,612,642,0.0131,0.0131,0.0229
96175,0,1,0,14,15,0.0,0.0714,0.0
49410,0,4,0,68,72,0.0,0.0588,0.0
58209,0,0,0,4,4,0.0,0.0,0.0
69388,0,0,0,27,27,0.0,0.0,0.0
72399,0,0,0,3,3,0.0,0.0,0.0
87716,1,0,0,145,146,0.0069,0.0,0.0
55233,0,0,0,11,11,0.0,0.0,0.0
72169,1,1,0,47,49,0.0213,0.0213,0.0
27651,0,0,0,6,6,0.0,0.0,0.0
60609,1,0,0,87,88,0.0115,0.0,0.0
34171,0,0,0,4,4,0.0,0.0,0.0
32705,0,0,0,11,11,0.0,0.0,0.0
83093,0,0,0,4,4,0.0,0.0,0.0
24754,0,3,0,57,60,0.0,0.0526,0.0
43795,2,0,0,14,16,0.1429,0.0,0.0
70446,2,2,0,41,45,0.0488,0.0488,0.0
11744,0,0,1,2,3,0.0,0.0,0.5
85418,0,2,1,30,33,0.0,0.0667,0.0333
61781,0,0,1,20,21,0.0,0.0,0.05
10839,0,0,0,2,2,0.0,0.0,0.0
91962,0,0,0,13,13,0.0,0.0,0.0
21503,0,0,0,1,1,0.0,0.0,0.0
3645,0,0,0,11,11,0.0,0.0,0.0
98058,0,0,2,36,38,0.0,0.0,0.0556
56187,0,0,0,9,9,0.0,0.0,0.0
78521,0,0,0,20,20,0.0,0.0,0.0
46286,0,0,0,4,4,0.0,0.0,0.0
97288,0,0,0,2,2,0.0,0.0,0.0
29826,0,0,0,1,1,0.0,0.0,0.0
85181,0,0,0,2,2,0.0,0.0,0.0
62671,0,0,0,3,3,0.0,0.0,0.0
74278,0,0,0,2,2,0.0,0.0,0.0
76693,0,0,0,1,1,0.0,0.0,0.0
94631,0,0,0,1,1,0.0,0.0,0.0
65209,0,0,0,12,12,0.0,0.0,0.0
54640,0,0,0,24,24,0.0,0.0,0.0
59511,0,0,1,1,2,0.0,0.0,1.0
79042,0,0,0,3,3,0.0,0.0,0.0
925,0,0,0,8,8,0.0,0.0,0.0
26185,0,0,0,49,49,0.0,0.0,0.0
74548,0,0,0,3,3,0.0,0.0,0.0
70601,0,0,0,6,6,0.0,0.0,0.0
27406,0,0,0,2,2,0.0,0.0,0.0
75353,0,0,0,3,3,0.0,0.0,0.0
99749,0,0,0,1,1,0.0,0.0,0.0
18388,0,0,0,1,1,0.0,0.0,0.0
1218,0,0,0,3,3,0.0,0.0,0.0
26162,0,0,0,1,1,0.0,0.0,0.0
14248,0,0,0,3,3,0.0,0.0,0.0
82495,0,0,0,1,1,0.0,0.0,0.0
38166,0,0,0,1,1,0.0,0.0,0.0
94125,0,0,0,2,2,0.0,0.0,0.0
57909,0,0,0,1,1,0.0,0.0,0.0
59828,0,0,0,2,2,0.0,0.0,0.0
66822,0,1,2,14,17,0.0,0.0714,0.1429
33903,0,1,0,12,13,0.0,0.0833,0.0
81027,1,1,0,5,7,0.2,0.2,0.0
44385,1,1,0,48,50,0.0208,0.0208,0.0
37314,0,0,0,12,12,0.0,0.0,0.0
41579,1,0,0,18,19,0.0556,0.0,0.0
51518,1,0,1,23,25,0.0435,0.0,0.0435
38760,0,0,0,15,15,0.0,0.0,0.0
74783,0,0,0,6,6,0.0,0.0,0.0
91143,1,3,1,145,150,0.0069,0.0207,0.0069
98128,4,2,2,237,245,0.0169,0.0084,0.0084
95389,2,4,5,115,126,0.0174,0.0348,0.0435
79969,0,0,0,17,17,0.0,0.0,0.0
86760,0,1,0,30,31,0.0,0.0333,0.0
78852,0,0,1,17,18,0.0,0.0,0.0588
16587,0,0,0,4,4,0.0,0.0,0.0
13634,3,0,0,31,34,0.0968,0.0,0.0
4993,0,0,1,3,4,0.0,0.0,0.3333
49272,0,0,0,1,1,0.0,0.0,0.0
75723,0,1,0,8,9,0.0,0.125,0.0
45977,0,0,0,3,3,0.0,0.0,0.0
73976,0,0,0,13,13,0.0,0.0,0.0
50915,0,1,0,16,17,0.0,0.0625,0.0
46228,0,0,0,3,3,0.0,0.0,0.0
37648,0,1,1,24,26,0.0,0.0417,0.0417
44992,0,1,0,10,11,0.0,0.1,0.0
9570,0,1,0,89,90,0.0,0.0112,0.0
72511,0,0,0,7,7,0.0,0.0,0.0
35385,0,0,0,2,2,0.0,0.0,0.0
95305,0,1,1,31,33,0.0,0.0323,0.0323
43226,0,0,0,9,9,0.0,0.0,0.0
97449,0,0,2,53,55,0.0,0.0,0.0377
97196,0,0,0,18,18,0.0,0.0,0.0
10138,0,0,0,2,2,0.0,0.0,0.0
83662,0,0,0,5,5,0.0,0.0,0.0
7906,0,0,0,2,2,0.0,0.0,0.0
9092,0,0,0,6,6,0.0,0.0,0.0
55506,0,0,0,4,4,0.0,0.0,0.0
95618,0,0,0,4,4,0.0,0.0,0.0
55875,0,0,0,4,4,0.0,0.0,0.0
37626,0,0,0,1,1,0.0,0.0,0.0
24341,0,0,0,3,3,0.0,0.0,0.0
17949,0,0,0,15,15,0.0,0.0,0.0
87835,0,0,0,1,1,0.0,0.0,0.0
71265,0,0,0,7,7,0.0,0.0,0.0
10364,0,0,0,1,1,0.0,0.0,0.0
86080,0,0,0,1,1,0.0,0.0,0.0
57294,0,0,0,1,1,0.0,0.0,0.0
60819,0,0,0,3,3,0.0,0.0,0.0
8800,0,0,0,1,1,0.0,0.0,0.0
31857,0,0,0,3,3,0.0,0.0,0.0
102088,0,0,0,1,1,0.0,0.0,0.0
58146,0,0,0,1,1,0.0,0.0,0.0
13430,0,0,0,1,1,0.0,0.0,0.0
85710,0,0,0,2,2,0.0,0.0,0.0
83934,0,0,0,1,1,0.0,0.0,0.0
86669,0,0,0,2,2,0.0,0.0,0.0
102488,2,2,0,15,19,0.1333,0.1333,0.0
80054,0,0,0,21,21,0.0,0.0,0.0
99748,2,0,0,8,10,0.25,0.0,0.0
37145,1,0,2,34,37,0.0294,0.0,0.0588
34050,0,0,0,32,32,0.0,0.0,0.0
47625,0,0,0,14,14,0.0,0.0,0.0
13768,0,0,0,6,6,0.0,0.0,0.0
90689,0,0,0,2,2,0.0,0.0,0.0
32225,0,0,0,4,4,0.0,0.0,0.0
79732,1,1,1,47,50,0.0213,0.0213,0.0213
76399,0,0,0,7,7,0.0,0.0,0.0
39029,0,0,0,1,1,0.0,0.0,0.0
81852,0,0,0,6,6,0.0,0.0,0.0
61780,0,1,0,25,26,0.0,0.04,0.0
76290,1,2,5,140,148,0.0071,0.0143,0.0357
72828,1,1,2,70,74,0.0143,0.0143,0.0286
41786,1,1,2,93,97,0.0108,0.0108,0.0215
85700,0,0,1,6,7,0.0,0.0,0.1667
20191,0,0,0,2,2,0.0,0.0,0.0
70857,0,0,0,2,2,0.0,0.0,0.0
38088,0,1,1,18,20,0.0,0.0556,0.0556
26912,0,2,0,9,11,0.0,0.2222,0.0
44682,0,0,0,13,13,0.0,0.0,0.0
47345,0,0,0,3,3,0.0,0.0,0.0
88765,0,1,1,25,27,0.0,0.04,0.04
100222,3,0,1,29,33,0.1034,0.0,0.0345
62221,0,1,0,15,16,0.0,0.0667,0.0
69150,0,0,0,13,13,0.0,0.0,0.0
17186,0,0,2,67,69,0.0,0.0,0.0299
63631,0,0,0,34,34,0.0,0.0,0.0
8666,0,0,0,11,11,0.0,0.0,0.0
49448,0,0,0,9,9,0.0,0.0,0.0
5933,0,3,1,75,79,0.0,0.04,0.0133
52172,0,1,0,47,48,0.0,0.0213,0.0
5520,0,0,0,4,4,0.0,0.0,0.0
69537,0,0,1,5,6,0.0,0.0,0.2
76281,0,0,0,1,1,0.0,0.0,0.0
69335,0,0,0,2,2,0.0,0.0,0.0
38944,0,0,0,2,2,0.0,0.0,0.0
50598,0,0,0,6,6,0.0,0.0,0.0
99798,0,1,0,12,13,0.0,0.0833,0.0
12237,0,0,1,4,5,0.0,0.0,0.25
43679,0,0,0,2,2,0.0,0.0,0.0
22729,0,0,0,9,9,0.0,0.0,0.0
29335,1,0,0,1,2,1.0,0.0,0.0
88199,0,0,0,13,13,0.0,0.0,0.0
16247,0,0,0,2,2,0.0,0.0,0.0
36080,0,0,0,4,4,0.0,0.0,0.0
32772,0,0,0,3,3,0.0,0.0,0.0
100255,0,0,0,1,1,0.0,0.0,0.0
98445,0,0,0,2,2,0.0,0.0,0.0
87230,0,0,1,3,4,0.0,0.0,0.3333
40749,0,1,0,10,11,0.0,0.1,0.0
78068,0,0,0,2,2,0.0,0.0,0.0
29113,0,0,0,1,1,0.0,0.0,0.0
63199,0,0,0,3,3,0.0,0.0,0.0
27728,0,0,0,1,1,0.0,0.0,0.0
62421,0,0,0,1,1,0.0,0.0,0.0
77883,0,0,0,1,1,0.0,0.0,0.0
37031,0,0,0,1,1,0.0,0.0,0.0
16536,0,0,0,2,2,0.0,0.0,0.0
88870,0,0,0,14,14,0.0,0.0,0.0
87494,0,0,0,1,1,0.0,0.0,0.0
48048,1,0,0,29,30,0.0345,0.0,0.0
27503,0,0,0,20,20,0.0,0.0,0.0
94165,0,0,0,33,33,0.0,0.0,0.0
70533,0,1,0,11,12,0.0,0.0909,0.0
100440,1,0,0,20,21,0.05,0.0,0.0
71945,1,1,0,11,13,0.0909,0.0909,0.0
102489,0,0,0,48,48,0.0,0.0,0.0
95327,0,0,0,6,6,0.0,0.0,0.0
60852,0,0,0,2,2,0.0,0.0,0.0
77337,0,0,0,10,10,0.0,0.0,0.0
74739,0,0,0,28,28,0.0,0.0,0.0
95620,0,0,0,1,1,0.0,0.0,0.0
40992,0,0,0,2,2,0.0,0.0,0.0
88130,2,0,1,62,65,0.0323,0.0,0.0161
72299,0,0,0,6,6,0.0,0.0,0.0
44189,0,5,9,170,184,0.0,0.0294,0.0529
73335,0,0,0,17,17,0.0,0.0,0.0
98875,3,2,1,54,60,0.0556,0.037,0.0185
2351,0,0,1,36,37,0.0,0.0,0.0278
63719,0,0,0,3,3,0.0,0.0,0.0
76429,0,0,0,3,3,0.0,0.0,0.0
84091,0,0,0,2,2,0.0,0.0,0.0
17510,0,0,0,7,7,0.0,0.0,0.0
86563,0,0,0,2,2,0.0,0.0,0.0
72104,0,3,2,55,60,0.0,0.0545,0.0364
68396,0,0,0,14,14,0.0,0.0,0.0
65035,0,0,0,7,7,0.0,0.0,0.0
69263,0,0,0,6,6,0.0,0.0,0.0
39094,0,0,0,2,2,0.0,0.0,0.0
11484,0,0,0,1,1,0.0,0.0,0.0
91773,0,0,1,59,60,0.0,0.0,0.0169
38539,0,0,0,2,2,0.0,0.0,0.0
81889,0,0,1,6,7,0.0,0.0,0.1667
70113,0,0,0,3,3,0.0,0.0,0.0
26886,0,0,0,4,4,0.0,0.0,0.0
97648,0,0,0,5,5,0.0,0.0,0.0
87024,0,1,0,3,4,0.0,0.3333,0.0
54972,0,0,0,1,1,0.0,0.0,0.0
81183,0,0,1,1,2,0.0,0.0,1.0
28582,0,0,0,4,4,0.0,0.0,0.0
81403,0,0,0,1,1,0.0,0.0,0.0
101720,0,0,0,3,3,0.0,0.0,0.0
54604,0,0,0,2,2,0.0,0.0,0.0
29235,0,0,0,2,2,0.0,0.0,0.0
60804,0,0,0,1,1,0.0,0.0,0.0
23359,0,0,0,2,2,0.0,0.0,0.0
56560,0,0,0,2,2,0.0,0.0,0.0
42220,0,1,1,12,14,0.0,0.0833,0.0833
59203,0,0,0,1,1,0.0,0.0,0.0
60133,0,0,0,1,1,0.0,0.0,0.0
4355,0,4,0,4,8,0.0,1.0,0.0
55761,0,0,0,1,1,0.0,0.0,0.0
22499,0,0,0,2,2,0.0,0.0,0.0
4562,0,0,0,2,2,0.0,0.0,0.0
104321,0,0,0,1,1,0.0,0.0,0.0
97254,0,0,0,1,1,0.0,0.0,0.0
75101,0,0,0,8,8,0.0,0.0,0.0
31684,0,0,3,38,41,0.0,0.0,0.0789
7490,4,9,0,144,157,0.0278,0.0625,0.0
103205,0,0,0,11,11,0.0,0.0,0.0
79587,0,0,0,2,2,0.0,0.0,0.0
41895,0,2,0,16,18,0.0,0.125,0.0
82812,0,4,0,61,65,0.0,0.0656,0.0
72124,0,0,0,3,3,0.0,0.0,0.0
53306,4,0,1,59,64,0.0678,0.0,0.0169
41116,3,0,2,58,63,0.0517,0.0,0.0345
44445,0,4,0,86,90,0.0,0.0465,0.0
25848,0,0,0,8,8,0.0,0.0,0.0
60152,0,0,0,17,17,0.0,0.0,0.0
85026,0,0,0,1,1,0.0,0.0,0.0
30902,0,0,0,6,6,0.0,0.0,0.0
89987,0,1,0,165,166,0.0,0.0061,0.0
46175,2,3,2,217,224,0.0092,0.0138,0.0092
8160,0,0,0,7,7,0.0,0.0,0.0
25687,1,4,3,174,182,0.0057,0.023,0.0172
56747,0,2,0,1,3,0.0,2.0,0.0
88288,0,1,0,33,34,0.0,0.0303,0.0
100599,0,0,0,3,3,0.0,0.0,0.0
81033,2,0,2,30,34,0.0667,0.0,0.0667
20751,0,3,0,90,93,0.0,0.0333,0.0
69130,1,2,1,62,66,0.0161,0.0323,0.0161
45363,0,0,1,9,10,0.0,0.0,0.1111
11470,0,0,0,6,6,0.0,0.0,0.0
51952,0,0,1,13,14,0.0,0.0,0.0769
20057,0,0,1,3,4,0.0,0.0,0.3333
87128,0,0,0,1,1,0.0,0.0,0.0
17634,0,0,0,45,45,0.0,0.0,0.0
38228,1,0,0,39,40,0.0256,0.0,0.0
85635,0,0,0,2,2,0.0,0.0,0.0
39504,0,0,0,1,1,0.0,0.0,0.0
56389,2,0,2,36,40,0.0556,0.0,0.0556
76122,0,0,1,10,11,0.0,0.0,0.1
23331,0,1,0,29,30,0.0,0.0345,0.0
86046,2,5,0,253,260,0.0079,0.0198,0.0
85664,0,0,0,14,14,0.0,0.0,0.0
76052,0,0,0,4,4,0.0,0.0,0.0
43628,0,0,0,8,8,0.0,0.0,0.0
15311,0,0,0,4,4,0.0,0.0,0.0
5247,0,0,0,3,3,0.0,0.0,0.0
41667,0,0,1,20,21,0.0,0.0,0.05
78132,1,0,0,10,11,0.1,0.0,0.0
25044,0,0,0,1,1,0.0,0.0,0.0
79987,0,0,0,39,39,0.0,0.0,0.0
83885,0,0,0,3,3,0.0,0.0,0.0
10390,0,0,0,2,2,0.0,0.0,0.0
33852,0,0,1,3,4,0.0,0.0,0.3333
27246,0,0,0,2,2,0.0,0.0,0.0
92171,1,0,0,13,14,0.0769,0.0,0.0
52235,0,0,1,3,4,0.0,0.0,0.3333
91976,1,0,0,8,9,0.125,0.0,0.0
103086,0,0,0,1,1,0.0,0.0,0.0
58902,0,0,1,5,6,0.0,0.0,0.2
79501,0,0,0,3,3,0.0,0.0,0.0
92469,0,0,0,5,5,0.0,0.0,0.0
6275,0,0,0,1,1,0.0,0.0,0.0
59199,0,0,0,2,2,0.0,0.0,0.0
86598,0,0,0,1,1,0.0,0.0,0.0
36804,0,0,0,1,1,0.0,0.0,0.0
22936,0,0,0,14,14,0.0,0.0,0.0
20456,2,2,0,32,36,0.0625,0.0625,0.0
30884,0,0,0,11,11,0.0,0.0,0.0
31957,0,0,0,1,1,0.0,0.0,0.0
78367,0,0,0,1,1,0.0,0.0,0.0
20843,0,0,0,1,1,0.0,0.0,0.0
52501,1,0,0,0,1,0.0,0.0,0.0
12593,0,0,1,2,3,0.0,0.0,0.5
2026,0,0,0,1,1,0.0,0.0,0.0
57164,0,1,0,5,6,0.0,0.2,0.0
80530,0,0,0,6,6,0.0,0.0,0.0
89319,0,0,0,1,1,0.0,0.0,0.0
11873,0,0,0,4,4,0.0,0.0,0.0
87709,0,0,0,2,2,0.0,0.0,0.0
47413,0,0,0,1,1,0.0,0.0,0.0
76077,0,0,0,5,5,0.0,0.0,0.0
6165,0,1,0,15,16,0.0,0.0667,0.0
27502,0,1,0,26,27,0.0,0.0385,0.0
84740,0,0,0,4,4,0.0,0.0,0.0
60399,0,1,0,2,3,0.0,0.5,0.0
28527,0,2,0,27,29,0.0,0.0741,0.0
42844,0,3,0,99,102,0.0,0.0303,0.0
30871,0,0,0,2,2,0.0,0.0,0.0
98465,1,1,0,30,32,0.0333,0.0333,0.0
24080,0,0,0,2,2,0.0,0.0,0.0
53436,0,0,0,2,2,0.0,0.0,0.0
20047,0,0,0,1,1,0.0,0.0,0.0
64224,0,0,0,8,8,0.0,0.0,0.0
16820,0,0,0,7,7,0.0,0.0,0.0
43331,0,0,3,48,51,0.0,0.0,0.0625
51690,0,0,1,6,7,0.0,0.0,0.1667
25594,0,0,0,7,7,0.0,0.0,0.0
56104,0,0,0,6,6,0.0,0.0,0.0
16926,0,0,0,17,17,0.0,0.0,0.0
41221,0,0,0,75,75,0.0,0.0,0.0
57948,0,0,0,22,22,0.0,0.0,0.0
99482,0,0,0,3,3,0.0,0.0,0.0
11211,0,0,0,1,1,0.0,0.0,0.0
34085,0,1,1,29,31,0.0,0.0345,0.0345
80024,0,0,0,21,21,0.0,0.0,0.0
74514,0,0,0,13,13,0.0,0.0,0.0
20145,0,0,0,6,6,0.0,0.0,0.0
72541,0,1,1,16,18,0.0,0.0625,0.0625
69965,0,0,0,6,6,0.0,0.0,0.0
82249,0,0,0,24,24,0.0,0.0,0.0
9827,0,0,0,22,22,0.0,0.0,0.0
56169,0,0,0,4,4,0.0,0.0,0.0
61438,0,0,0,2,2,0.0,0.0,0.0
50541,0,0,0,1,1,0.0,0.0,0.0
47870,0,0,0,3,3,0.0,0.0,0.0
95554,0,0,0,14,14,0.0,0.0,0.0
47943,0,0,0,10,10,0.0,0.0,0.0
40901,0,0,0,1,1,0.0,0.0,0.0
52839,0,0,0,3,3,0.0,0.0,0.0
94356,0,0,1,16,17,0.0,0.0,0.0625
103150,0,0,1,3,4,0.0,0.0,0.3333
36076,0,0,0,6,6,0.0,0.0,0.0
24222,0,0,0,3,3,0.0,0.0,0.0
58049,0,0,0,1,1,0.0,0.0,0.0
82552,0,0,0,1,1,0.0,0.0,0.0
26842,0,0,0,1,1,0.0,0.0,0.0
73488,0,0,0,1,1,0.0,0.0,0.0
3791,2,0,0,25,27,0.08,0.0,0.0
10935,0,0,0,1,1,0.0,0.0,0.0
62442,0,0,0,1,1,0.0,0.0,0.0
76711,0,0,0,2,2,0.0,0.0,0.0
41016,0,0,0,4,4,0.0,0.0,0.0
67774,0,0,1,19,20,0.0,0.0,0.0526
29147,0,0,0,1,1,0.0,0.0,0.0
73936,0,0,0,4,4,0.0,0.0,0.0
101404,0,0,0,1,1,0.0,0.0,0.0
4279,0,0,0,1,1,0.0,0.0,0.0
14510,0,0,0,7,7,0.0,0.0,0.0
57255,0,0,0,2,2,0.0,0.0,0.0
48055,0,0,0,1,1,0.0,0.0,0.0
66995,0,0,0,12,12,0.0,0.0,0.0
92179,0,0,0,1,1,0.0,0.0,0.0
38876,0,0,0,1,1,0.0,0.0,0.0
34333,1,0,0,11,12,0.0909,0.0,0.0
1394,0,1,0,35,36,0.0,0.0286,0.0
70852,0,4,0,85,89,0.0,0.0471,0.0
21843,0,1,0,26,27,0.0,0.0385,0.0
15947,0,0,2,38,40,0.0,0.0,0.0526
75654,0,0,0,4,4,0.0,0.0,0.0
42995,2,6,2,93,103,0.0215,0.0645,0.0215
101292,0,2,1,20,23,0.0,0.1,0.05
56463,0,0,0,8,8,0.0,0.0,0.0
54680,0,0,0,55,55,0.0,0.0,0.0
49511,0,2,1,41,44,0.0,0.0488,0.0244
61964,0,0,0,1,1,0.0,0.0,0.0
73977,1,0,0,12,13,0.0833,0.0,0.0
23106,0,0,0,4,4,0.0,0.0,0.0
14008,0,0,0,1,1,0.0,0.0,0.0
79958,0,0,0,5,5,0.0,0.0,0.0
59651,0,0,1,17,18,0.0,0.0,0.0588
104355,0,1,2,8,11,0.0,0.125,0.25
10802,2,0,0,4,6,0.5,0.0,0.0
96009,0,0,1,6,7,0.0,0.0,0.1667
44420,0,0,0,9,9,0.0,0.0,0.0
67548,0,0,0,11,11,0.0,0.0,0.0
22083,4,0,0,53,57,0.0755,0.0,0.0
74485,0,0,2,15,17,0.0,0.0,0.1333
59318,1,0,2,42,45,0.0238,0.0,0.0476
94515,0,1,0,55,56,0.0,0.0182,0.0
86131,0,0,1,9,10,0.0,0.0,0.1111
28643,0,0,0,1,1,0.0,0.0,0.0
99146,0,0,0,5,5,0.0,0.0,0.0
34001,0,0,0,1,1,0.0,0.0,0.0
27756,0,0,0,5,5,0.0,0.0,0.0
53700,0,0,0,55,55,0.0,0.0,0.0
23650,0,0,0,12,12,0.0,0.0,0.0
44055,0,0,0,17,17,0.0,0.0,0.0
68776,0,0,0,3,3,0.0,0.0,0.0
78961,0,0,0,3,3,0.0,0.0,0.0
91989,0,0,0,16,16,0.0,0.0,0.0
103321,0,0,0,3,3,0.0,0.0,0.0
103858,0,0,0,2,2,0.0,0.0,0.0
83058,0,0,1,10,11,0.0,0.0,0.1
41123,0,0,0,1,1,0.0,0.0,0.0
54037,0,0,0,2,2,0.0,0.0,0.0
98336,0,0,0,3,3,0.0,0.0,0.0
62746,0,0,0,10,10,0.0,0.0,0.0
17515,0,0,0,5,5,0.0,0.0,0.0
58024,0,0,0,5,5,0.0,0.0,0.0
56856,0,0,0,2,2,0.0,0.0,0.0
12981,0,0,0,1,1,0.0,0.0,0.0
15247,0,0,0,7,7,0.0,0.0,0.0
98809,0,0,0,3,3,0.0,0.0,0.0
32974,0,1,0,5,6,0.0,0.2,0.0
57688,0,2,0,8,10,0.0,0.25,0.0
45655,0,0,0,3,3,0.0,0.0,0.0
37974,0,0,0,1,1,0.0,0.0,0.0
50408,0,0,0,1,1,0.0,0.0,0.0
92322,0,0,0,6,6,0.0,0.0,0.0
28567,0,0,0,1,1,0.0,0.0,0.0
62487,0,0,0,2,2,0.0,0.0,0.0
41242,0,0,0,1,1,0.0,0.0,0.0
89374,0,0,0,1,1,0.0,0.0,0.0
23332,0,0,0,2,2,0.0,0.0,0.0
87103,0,0,0,2,2,0.0,0.0,0.0
6595,0,0,0,1,1,0.0,0.0,0.0
81084,0,0,0,2,2,0.0,0.0,0.0
60659,0,0,0,1,1,0.0,0.0,0.0
35698,0,0,0,2,2,0.0,0.0,0.0
98256,0,0,0,1,1,0.0,0.0,0.0
36442,0,0,0,1,1,0.0,0.0,0.0
84933,0,0,0,1,1,0.0,0.0,0.0
75230,0,0,0,2,2,0.0,0.0,0.0
3067,0,0,0,1,1,0.0,0.0,0.0
84043,0,0,0,3,3,0.0,0.0,0.0
76889,1,0,0,56,57,0.0179,0.0,0.0
44328,0,1,0,44,45,0.0,0.0227,0.0
23116,0,0,0,8,8,0.0,0.0,0.0
73388,5,7,2,144,158,0.0347,0.0486,0.0139
17385,0,0,0,1,1,0.0,0.0,0.0
8807,0,0,0,13,13,0.0,0.0,0.0
5324,0,1,0,3,4,0.0,0.3333,0.0
86457,0,0,0,9,9,0.0,0.0,0.0
30066,3,1,3,102,109,0.0294,0.0098,0.0294
97624,0,3,0,123,126,0.0,0.0244,0.0
76093,0,0,1,7,8,0.0,0.0,0.1429
47224,0,0,2,9,11,0.0,0.0,0.2222
22831,0,0,0,3,3,0.0,0.0,0.0
27742,0,0,0,34,34,0.0,0.0,0.0
6091,0,0,0,3,3,0.0,0.0,0.0
50628,0,0,0,5,5,0.0,0.0,0.0
83261,0,2,0,24,26,0.0,0.0833,0.0
22345,0,1,0,8,9,0.0,0.125,0.0
99586,0,0,0,45,45,0.0,0.0,0.0
42598,3,0,0,34,37,0.0882,0.0,0.0
10963,0,2,0,16,18,0.0,0.125,0.0
57655,0,0,0,23,23,0.0,0.0,0.0
90999,0,1,0,5,6,0.0,0.2,0.0
79305,0,1,3,38,42,0.0,0.0263,0.0789
30694,0,0,0,7,7,0.0,0.0,0.0
74639,0,0,0,12,12,0.0,0.0,0.0
63837,0,0,0,6,6,0.0,0.0,0.0
13791,0,0,0,6,6,0.0,0.0,0.0
18918,0,1,0,9,10,0.0,0.1111,0.0
77384,0,0,0,12,12,0.0,0.0,0.0
103999,0,0,2,19,21,0.0,0.0,0.1053
42460,1,7,8,225,241,0.0044,0.0311,0.0356
66754,0,1,1,38,40,0.0,0.0263,0.0263
12821,0,0,0,19,19,0.0,0.0,0.0
47679,0,0,0,27,27,0.0,0.0,0.0
15466,0,0,0,10,10,0.0,0.0,0.0
5492,0,0,0,1,1,0.0,0.0,0.0
41634,0,0,0,3,3,0.0,0.0,0.0
89344,0,0,0,6,6,0.0,0.0,0.0
39798,2,5,1,105,113,0.019,0.0476,0.0095
55708,1,1,1,45,48,0.0222,0.0222,0.0222
44080,0,0,0,18,18,0.0,0.0,0.0
10550,2,0,0,58,60,0.0345,0.0,0.0
97475,0,0,0,16,16,0.0,0.0,0.0
92592,0,0,0,3,3,0.0,0.0,0.0
99740,0,0,0,3,3,0.0,0.0,0.0
69541,0,0,1,51,52,0.0,0.0,0.0196
33039,1,1,0,59,61,0.0169,0.0169,0.0
27107,0,0,0,1,1,0.0,0.0,0.0
103575,0,0,0,3,3,0.0,0.0,0.0
43465,0,0,0,8,8,0.0,0.0,0.0
35552,0,0,1,18,19,0.0,0.0,0.0556
82223,0,0,0,8,8,0.0,0.0,0.0
86931,0,0,0,2,2,0.0,0.0,0.0
88558,0,0,0,5,5,0.0,0.0,0.0
19790,0,0,0,1,1,0.0,0.0,0.0
52277,0,3,0,18,21,0.0,0.1667,0.0
9272,0,0,0,7,7,0.0,0.0,0.0
8532,0,2,0,13,15,0.0,0.1538,0.0
6734,0,0,0,5,5,0.0,0.0,0.0
79278,0,0,0,5,5,0.0,0.0,0.0
58688,0,1,0,11,12,0.0,0.0909,0.0
78887,0,1,0,2,3,0.0,0.5,0.0
33830,0,0,0,4,4,0.0,0.0,0.0
12804,0,0,0,2,2,0.0,0.0,0.0
6328,0,0,0,1,1,0.0,0.0,0.0
24008,0,0,0,3,3,0.0,0.0,0.0
10838,0,0,0,1,1,0.0,0.0,0.0
56360,0,0,0,1,1,0.0,0.0,0.0
102757,0,0,0,8,8,0.0,0.0,0.0
77127,0,0,0,4,4,0.0,0.0,0.0
11004,0,0,0,6,6,0.0,0.0,0.0
65634,0,0,0,1,1,0.0,0.0,0.0
93508,0,0,0,5,5,0.0,0.0,0.0
31542,0,0,0,1,1,0.0,0.0,0.0
101260,0,0,0,2,2,0.0,0.0,0.0
3489,0,0,0,1,1,0.0,0.0,0.0
91620,0,0,0,2,2,0.0,0.0,0.0
84144,0,0,0,1,1,0.0,0.0,0.0
27227,0,0,0,1,1,0.0,0.0,0.0
48756,0,0,0,5,5,0.0,0.0,0.0
45994,0,0,0,1,1,0.0,0.0,0.0
17246,0,0,0,7,7,0.0,0.0,0.0
36288,0,0,0,2,2,0.0,0.0,0.0
97883,0,0,1,4,5,0.0,0.0,0.25
63144,0,0,0,1,1,0.0,0.0,0.0
39697,0,0,0,1,1,0.0,0.0,0.0
88187,0,0,0,2,2,0.0,0.0,0.0
56745,0,0,0,1,1,0.0,0.0,0.0
77276,0,0,0,1,1,0.0,0.0,0.0
6088,0,0,0,12,12,0.0,0.0,0.0
81850,0,0,0,6,6,0.0,0.0,0.0
21023,0,1,1,10,12,0.0,0.1,0.1
14084,1,4,1,36,42,0.0278,0.1111,0.0278
98806,0,0,1,16,17,0.0,0.0,0.0625
99578,0,1,0,27,28,0.0,0.037,0.0
31830,0,1,3,49,53,0.0,0.0204,0.0612
104010,0,0,0,1,1,0.0,0.0,0.0
60361,0,0,0,2,2,0.0,0.0,0.0
22421,0,0,0,4,4,0.0,0.0,0.0
99795,1,2,4,135,142,0.0074,0.0148,0.0296
46670,0,0,3,74,77,0.0,0.0,0.0405
43238,1,1,0,81,83,0.0123,0.0123,0.0
65750,0,0,0,1,1,0.0,0.0,0.0
76603,0,1,0,60,61,0.0,0.0167,0.0
67454,0,0,0,4,4,0.0,0.0,0.0
45346,0,0,0,6,6,0.0,0.0,0.0
49909,0,0,2,17,19,0.0,0.0,0.1176
71526,0,0,0,9,9,0.0,0.0,0.0
10826,0,0,0,2,2,0.0,0.0,0.0
95625,0,0,0,2,2,0.0,0.0,0.0
61196,0,1,1,5,7,0.0,0.2,0.2
46298,0,0,3,67,70,0.0,0.0,0.0448
99502,0,0,0,6,6,0.0,0.0,0.0
87757,0,0,0,2,2,0.0,0.0,0.0
60564,0,1,0,16,17,0.0,0.0625,0.0
83945,0,0,0,33,33,0.0,0.0,0.0
49091,0,1,0,22,23,0.0,0.0455,0.0
41796,0,0,0,25,25,0.0,0.0,0.0
95598,0,0,0,6,6,0.0,0.0,0.0
74246,0,0,0,9,9,0.0,0.0,0.0
58492,2,2,5,121,130,0.0165,0.0165,0.0413
57387,0,0,0,4,4,0.0,0.0,0.0
80030,0,0,0,4,4,0.0,0.0,0.0
62329,0,0,0,7,7,0.0,0.0,0.0
6583,0,0,0,2,2,0.0,0.0,0.0
56437,1,0,0,19,20,0.0526,0.0,0.0
41774,0,0,0,8,8,0.0,0.0,0.0
82413,0,0,0,3,3,0.0,0.0,0.0
26241,0,0,0,4,4,0.0,0.0,0.0
39842,0,0,0,9,9,0.0,0.0,0.0
34592,0,0,0,4,4,0.0,0.0,0.0
102314,0,2,0,34,36,0.0,0.0588,0.0
88700,0,0,0,1,1,0.0,0.0,0.0
78253,0,0,1,12,13,0.0,0.0,0.0833
82440,0,0,0,24,24,0.0,0.0,0.0
14968,0,0,0,1,1,0.0,0.0,0.0
100373,0,0,0,6,6,0.0,0.0,0.0
43046,0,0,0,25,25,0.0,0.0,0.0
71006,0,0,0,6,6,0.0,0.0,0.0
102441,0,1,1,12,14,0.0,0.0833,0.0833
6197,0,1,0,1,2,0.0,1.0,0.0
47202,0,0,0,8,8,0.0,0.0,0.0
89423,0,0,0,1,1,0.0,0.0,0.0
33215,0,0,0,2,2,0.0,0.0,0.0
45095,0,0,0,14,14,0.0,0.0,0.0
61868,0,0,0,1,1,0.0,0.0,0.0
966,0,0,0,1,1,0.0,0.0,0.0
75123,0,0,0,1,1,0.0,0.0,0.0
67692,0,0,0,2,2,0.0,0.0,0.0
37192,0,0,0,1,1,0.0,0.0,0.0
24423,0,0,0,4,4,0.0,0.0,0.0
101615,2,0,0,41,43,0.0488,0.0,0.0
82071,0,1,0,10,11,0.0,0.1,0.0
69504,0,0,0,1,1,0.0,0.0,0.0
29121,2,0,0,21,23,0.0952,0.0,0.0
44758,0,0,0,2,2,0.0,0.0,0.0
59591,0,0,0,1,1,0.0,0.0,0.0
66514,0,0,0,5,5,0.0,0.0,0.0
61969,0,0,0,1,1,0.0,0.0,0.0
16764,1,0,0,1,2,1.0,0.0,0.0
9058,0,0,0,10,10,0.0,0.0,0.0
30459,0,0,0,1,1,0.0,0.0,0.0
82253,1,2,1,131,135,0.0076,0.0153,0.0076
46795,1,1,3,40,45,0.025,0.025,0.075
14280,0,0,1,27,28,0.0,0.0,0.037
57128,0,0,0,24,24,0.0,0.0,0.0
95671,2,2,4,63,71,0.0317,0.0317,0.0635
8159,0,1,0,26,27,0.0,0.0385,0.0
10035,0,1,0,4,5,0.0,0.25,0.0
104068,0,0,0,2,2,0.0,0.0,0.0
75642,0,4,0,46,50,0.0,0.087,0.0
102831,0,2,0,67,69,0.0,0.0299,0.0
70894,1,0,0,13,14,0.0769,0.0,0.0
96359,0,4,6,60,70,0.0,0.0667,0.1
25103,2,1,2,44,49,0.0455,0.0227,0.0455
59364,0,0,0,2,2,0.0,0.0,0.0
70566,0,0,0,23,23,0.0,0.0,0.0
29717,0,0,2,21,23,0.0,0.0,0.0952
97971,0,0,0,30,30,0.0,0.0,0.0
75045,0,0,0,1,1,0.0,0.0,0.0
95161,0,0,0,9,9,0.0,0.0,0.0
57216,0,0,0,4,4,0.0,0.0,0.0
39910,0,0,0,7,7,0.0,0.0,0.0
104345,1,1,1,48,51,0.0208,0.0208,0.0208
70938,0,0,0,2,2,0.0,0.0,0.0
65841,1,0,0,5,6,0.2,0.0,0.0
54443,0,0,0,22,22,0.0,0.0,0.0
37868,0,1,5,141,147,0.0,0.0071,0.0355
46787,0,0,0,2,2,0.0,0.0,0.0
339,0,0,2,121,123,0.0,0.0,0.0165
97361,0,0,1,5,6,0.0,0.0,0.2
101435,0,0,0,5,5,0.0,0.0,0.0
35826,0,0,0,16,16,0.0,0.0,0.0
40166,0,0,0,1,1,0.0,0.0,0.0
49436,0,0,0,10,10,0.0,0.0,0.0
100777,0,0,0,71,71,0.0,0.0,0.0
14579,0,0,0,5,5,0.0,0.0,0.0
42125,0,1,0,27,28,0.0,0.037,0.0
94232,0,0,0,18,18,0.0,0.0,0.0
76998,0,3,0,39,42,0.0,0.0769,0.0
306,0,0,0,9,9,0.0,0.0,0.0
1355,0,0,0,3,3,0.0,0.0,0.0
84505,1,0,0,70,71,0.0143,0.0,0.0
10331,0,0,0,4,4,0.0,0.0,0.0
6472,0,0,0,6,6,0.0,0.0,0.0
26744,0,0,1,17,18,0.0,0.0,0.0588
54745,0,0,0,20,20,0.0,0.0,0.0
96439,0,0,0,15,15,0.0,0.0,0.0
4603,0,0,2,53,55,0.0,0.0,0.0377
7581,0,0,0,6,6,0.0,0.0,0.0
53564,0,0,0,4,4,0.0,0.0,0.0
72125,0,0,0,2,2,0.0,0.0,0.0
82979,0,0,0,1,1,0.0,0.0,0.0
88716,0,0,0,1,1,0.0,0.0,0.0
33193,0,0,0,2,2,0.0,0.0,0.0
71566,0,0,0,1,1,0.0,0.0,0.0
3269,0,0,0,2,2,0.0,0.0,0.0
81624,0,0,0,11,11,0.0,0.0,0.0
33349,0,0,0,1,1,0.0,0.0,0.0
72448,2,0,0,8,10,0.25,0.0,0.0
56250,0,0,0,7,7,0.0,0.0,0.0
89774,0,0,0,5,5,0.0,0.0,0.0
50885,0,0,0,5,5,0.0,0.0,0.0
68647,1,0,0,0,1,0.0,0.0,0.0
65713,2,0,0,10,12,0.2,0.0,0.0
78069,0,0,0,1,1,0.0,0.0,0.0
28787,0,0,1,10,11,0.0,0.0,0.1
57342,0,0,0,2,2,0.0,0.0,0.0
28991,0,0,0,1,1,0.0,0.0,0.0
91402,0,0,0,1,1,0.0,0.0,0.0
51288,0,0,0,2,2,0.0,0.0,0.0
41074,0,0,0,2,2,0.0,0.0,0.0
24361,0,1,0,3,4,0.0,0.3333,0.0
81064,0,0,0,2,2,0.0,0.0,0.0
9091,0,0,0,2,2,0.0,0.0,0.0
90603,0,0,2,10,12,0.0,0.0,0.2
67725,0,0,0,2,2,0.0,0.0,0.0
85018,4,0,0,2,6,2.0,0.0,0.0
6302,0,0,0,3,3,0.0,0.0,0.0
20229,0,0,0,1,1,0.0,0.0,0.0
4846,0,0,0,1,1,0.0,0.0,0.0
32912,0,0,0,2,2,0.0,0.0,0.0
79193,0,0,0,10,10,0.0,0.0,0.0
70357,0,0,0,2,2,0.0,0.0,0.0
72133,0,1,0,5,6,0.0,0.2,0.0
4820,0,0,0,2,2,0.0,0.0,0.0
75992,1,1,0,36,38,0.0278,0.0278,0.0
92286,0,0,0,1,1,0.0,0.0,0.0
63482,0,0,0,1,1,0.0,0.0,0.0
67920,0,0,1,6,7,0.0,0.0,0.1667
65336,0,0,0,14,14,0.0,0.0,0.0
103507,0,0,0,1,1,0.0,0.0,0.0
98343,0,0,0,4,4,0.0,0.0,0.0
36146,0,0,0,1,1,0.0,0.0,0.0
19458,0,0,0,6,6,0.0,0.0,0.0
67476,0,0,0,2,2,0.0,0.0,0.0
22778,0,1,1,69,71,0.0,0.0145,0.0145
103928,0,1,0,20,21,0.0,0.05,0.0
20352,0,0,0,10,10,0.0,0.0,0.0
37309,4,6,4,387,401,0.0103,0.0155,0.0103
57620,0,5,0,47,52,0.0,0.1064,0.0
11919,0,0,0,32,32,0.0,0.0,0.0
69725,0,1,0,33,34,0.0,0.0303,0.0
94412,0,0,0,2,2,0.0,0.0,0.0
62593,0,0,2,165,167,0.0,0.0,0.0121
5225,0,0,0,6,6,0.0,0.0,0.0
18960,2,2,0,33,37,0.0606,0.0606,0.0
85395,1,1,0,71,73,0.0141,0.0141,0.0
6027,0,0,0,8,8,0.0,0.0,0.0
12475,0,0,0,10,10,0.0,0.0,0.0
86419,0,0,0,16,16,0.0,0.0,0.0
47665,0,0,1,18,19,0.0,0.0,0.0556
50742,0,0,0,14,14,0.0,0.0,0.0
10325,0,0,0,1,1,0.0,0.0,0.0
62821,0,0,0,1,1,0.0,0.0,0.0
83317,0,2,0,44,46,0.0,0.0455,0.0
100309,0,0,0,9,9,0.0,0.0,0.0
76034,0,0,2,68,70,0.0,0.0,0.0294
52208,1,1,0,25,27,0.04,0.04,0.0
38773,1,1,0,19,21,0.0526,0.0526,0.0
19285,0,0,0,1,1,0.0,0.0,0.0
34807,0,2,1,23,26,0.0,0.087,0.0435
74290,0,0,0,18,18,0.0,0.0,0.0
6017,0,0,2,34,36,0.0,0.0,0.0588
58074,1,1,0,33,35,0.0303,0.0303,0.0
24307,0,0,0,5,5,0.0,0.0,0.0
23725,0,0,0,3,3,0.0,0.0,0.0
76196,0,0,0,1,1,0.0,0.0,0.0
63069,0,0,0,4,4,0.0,0.0,0.0
74884,0,0,0,6,6,0.0,0.0,0.0
93185,0,0,0,5,5,0.0,0.0,0.0
21510,4,1,0,49,54,0.0816,0.0204,0.0
50715,0,0,5,249,254,0.0,0.0,0.0201
39402,0,1,0,7,8,0.0,0.1429,0.0
44721,0,0,0,14,14,0.0,0.0,0.0
102574,0,0,0,4,4,0.0,0.0,0.0
9947,0,0,0,29,29,0.0,0.0,0.0
43496,1,17,0,334,352,0.003,0.0509,0.0
12024,0,0,0,4,4,0.0,0.0,0.0
36793,0,1,0,11,12,0.0,0.0909,0.0
92033,0,1,1,14,16,0.0,0.0714,0.0714
12134,0,1,0,2,3,0.0,0.5,0.0
59782,0,1,0,15,16,0.0,0.0667,0.0
81081,0,0,0,1,1,0.0,0.0,0.0
92641,0,0,0,4,4,0.0,0.0,0.0
17958,0,0,0,1,1,0.0,0.0,0.0
3757,0,0,0,2,2,0.0,0.0,0.0
10943,0,0,0,1,1,0.0,0.0,0.0
78703,0,0,0,14,14,0.0,0.0,0.0
85060,1,0,0,11,12,0.0909,0.0,0.0
69088,0,0,0,3,3,0.0,0.0,0.0
71618,0,1,0,6,7,0.0,0.1667,0.0
11569,0,0,0,2,2,0.0,0.0,0.0
82012,0,0,0,5,5,0.0,0.0,0.0
101346,0,1,0,3,4,0.0,0.3333,0.0
3209,0,0,0,2,2,0.0,0.0,0.0
12956,0,0,0,1,1,0.0,0.0,0.0
64678,0,0,0,1,1,0.0,0.0,0.0
51568,1,0,0,4,5,0.25,0.0,0.0
33566,0,0,0,7,7,0.0,0.0,0.0
12122,0,0,0,1,1,0.0,0.0,0.0
57485,0,0,0,1,1,0.0,0.0,0.0
73362,0,0,0,2,2,0.0,0.0,0.0
47424,0,0,0,1,1,0.0,0.0,0.0
28214,0,0,0,1,1,0.0,0.0,0.0
69067,0,0,0,3,3,0.0,0.0,0.0
57236,0,0,0,1,1,0.0,0.0,0.0
47729,0,0,0,1,1,0.0,0.0,0.0
102657,0,0,0,6,6,0.0,0.0,0.0
85278,0,0,0,1,1,0.0,0.0,0.0
94406,0,0,0,2,2,0.0,0.0,0.0
90724,1,0,1,55,57,0.0182,0.0,0.0182
58141,0,0,0,59,59,0.0,0.0,0.0
23698,1,0,1,44,46,0.0227,0.0,0.0227
4125,0,0,3,6,9,0.0,0.0,0.5
80603,0,0,0,9,9,0.0,0.0,0.0
48905,0,0,0,8,8,0.0,0.0,0.0
66342,0,1,0,6,7,0.0,0.1667,0.0
13579,1,0,0,16,17,0.0625,0.0,0.0
62667,0,0,0,1,1,0.0,0.0,0.0
81588,0,1,2,117,120,0.0,0.0085,0.0171
72021,0,2,0,45,47,0.0,0.0444,0.0
29262,1,0,1,7,9,0.1429,0.0,0.1429
47010,0,0,0,4,4,0.0,0.0,0.0
72112,0,0,0,5,5,0.0,0.0,0.0
84355,2,2,1,134,139,0.0149,0.0149,0.0075
12291,0,0,0,4,4,0.0,0.0,0.0
37143,0,1,0,25,26,0.0,0.04,0.0
58575,0,0,0,9,9,0.0,0.0,0.0
100531,0,0,0,32,32,0.0,0.0,0.0
27819,0,0,0,6,6,0.0,0.0,0.0
82083,0,0,0,2,2,0.0,0.0,0.0
10698,0,1,1,49,51,0.0,0.0204,0.0204
26615,0,1,3,47,51,0.0,0.0213,0.0638
19776,0,0,0,2,2,0.0,0.0,0.0
56376,0,0,0,34,34,0.0,0.0,0.0
19504,0,0,3,127,130,0.0,0.0,0.0236
81684,0,0,0,1,1,0.0,0.0,0.0
65942,0,0,0,15,15,0.0,0.0,0.0
14716,0,0,0,5,5,0.0,0.0,0.0
68370,0,0,2,59,61,0.0,0.0,0.0339
18087,0,2,0,52,54,0.0,0.0385,0.0
73759,0,0,1,8,9,0.0,0.0,0.125
99961,0,0,0,1,1,0.0,0.0,0.0
1665,0,0,0,2,2,0.0,0.0,0.0
71717,2,0,0,43,45,0.0465,0.0,0.0
74557,0,1,0,1,2,0.0,1.0,0.0
91039,0,0,1,11,12,0.0,0.0,0.0909
23261,0,2,1,29,32,0.0,0.069,0.0345
65962,0,0,0,11,11,0.0,0.0,0.0
94483,0,0,0,2,2,0.0,0.0,0.0
76420,0,0,0,3,3,0.0,0.0,0.0
34071,0,0,0,1,1,0.0,0.0,0.0
86934,0,0,0,1,1,0.0,0.0,0.0
39542,0,0,0,5,5,0.0,0.0,0.0
101030,0,0,0,27,27,0.0,0.0,0.0
9650,0,0,0,1,1,0.0,0.0,0.0
101305,0,0,0,1,1,0.0,0.0,0.0
12452,0,0,0,14,14,0.0,0.0,0.0
74314,0,0,0,11,11,0.0,0.0,0.0
37289,0,0,0,3,3,0.0,0.0,0.0
65595,0,0,0,2,2,0.0,0.0,0.0
95925,0,0,0,4,4,0.0,0.0,0.0
58421,0,0,0,6,6,0.0,0.0,0.0
17120,0,0,0,6,6,0.0,0.0,0.0
31286,0,4,0,2,6,0.0,2.0,0.0
33016,0,0,0,1,1,0.0,0.0,0.0
67880,0,2,0,3,5,0.0,0.6667,0.0
92202,1,0,0,7,8,0.1429,0.0,0.0
62315,0,0,0,2,2,0.0,0.0,0.0
93582,0,0,0,1,1,0.0,0.0,0.0
45921,0,0,0,1,1,0.0,0.0,0.0
60730,0,0,0,1,1,0.0,0.0,0.0
58790,0,0,0,9,9,0.0,0.0,0.0
47941,0,0,1,2,3,0.0,0.0,0.5
41939,0,0,0,1,1,0.0,0.0,0.0
87294,0,0,0,2,2,0.0,0.0,0.0
61956,0,0,0,1,1,0.0,0.0,0.0
16358,0,0,0,3,3,0.0,0.0,0.0
50759,0,0,0,1,1,0.0,0.0,0.0
63133,0,0,0,7,7,0.0,0.0,0.0
33714,0,0,0,2,2,0.0,0.0,0.0
26148,0,1,2,111,114,0.0,0.009,0.018
83465,0,0,0,13,13,0.0,0.0,0.0
42712,0,0,0,31,31,0.0,0.0,0.0
14825,0,0,0,28,28,0.0,0.0,0.0
67519,0,0,2,9,11,0.0,0.0,0.2222
90758,0,1,0,15,16,0.0,0.0667,0.0
81829,0,0,0,6,6,0.0,0.0,0.0
80220,0,1,0,24,25,0.0,0.0417,0.0
54968,0,0,0,5,5,0.0,0.0,0.0
39243,5,2,2,182,191,0.0275,0.011,0.011
73404,0,0,0,53,53,0.0,0.0,0.0
5147,0,0,1,9,10,0.0,0.0,0.1111
47660,1,0,0,21,22,0.0476,0.0,0.0
15117,1,0,1,5,7,0.2,0.0,0.2
98506,0,1,0,9,10,0.0,0.1111,0.0
41748,0,1,3,33,37,0.0,0.0303,0.0909
91270,0,0,0,7,7,0.0,0.0,0.0
3350,0,0,0,18,18,0.0,0.0,0.0
49343,3,3,0,43,49,0.0698,0.0698,0.0
71143,0,0,0,12,12,0.0,0.0,0.0
92804,0,0,0,3,3,0.0,0.0,0.0
95094,0,0,0,2,2,0.0,0.0,0.0
23306,0,0,0,1,1,0.0,0.0,0.0
776,0,1,0,13,14,0.0,0.0769,0.0
49787,0,2,0,34,36,0.0,0.0588,0.0
50536,0,0,0,1,1,0.0,0.0,0.0
67979,0,0,0,8,8,0.0,0.0,0.0
103211,0,1,0,7,8,0.0,0.1429,0.0
98691,0,0,0,5,5,0.0,0.0,0.0
77964,0,0,0,17,17,0.0,0.0,0.0
48011,1,0,0,21,22,0.0476,0.0,0.0
82541,0,0,0,9,9,0.0,0.0,0.0
74653,0,1,1,14,16,0.0,0.0714,0.0714
53393,0,0,0,17,17,0.0,0.0,0.0
23543,0,0,1,28,29,0.0,0.0,0.0357
4832,0,0,0,1,1,0.0,0.0,0.0
13485,0,0,3,9,12,0.0,0.0,0.3333
30436,0,4,0,11,15,0.0,0.3636,0.0
46385,0,0,0,26,26,0.0,0.0,0.0
17062,0,0,0,1,1,0.0,0.0,0.0
92166,0,0,0,4,4,0.0,0.0,0.0
20698,0,0,0,3,3,0.0,0.0,0.0
27146,0,0,0,6,6,0.0,0.0,0.0
3232,0,0,0,1,1,0.0,0.0,0.0
65853,0,0,0,2,2,0.0,0.0,0.0
84181,1,0,0,15,16,0.0667,0.0,0.0
65919,0,0,0,6,6,0.0,0.0,0.0
39754,0,0,0,9,9,0.0,0.0,0.0
71435,0,0,0,3,3,0.0,0.0,0.0
61479,0,0,0,3,3,0.0,0.0,0.0
76514,0,0,0,3,3,0.0,0.0,0.0
53395,0,1,0,5,6,0.0,0.2,0.0
68844,0,2,0,3,5,0.0,0.6667,0.0
52095,0,0,0,2,2,0.0,0.0,0.0
53362,2,1,0,18,21,0.1111,0.0556,0.0
59073,2,0,0,3,5,0.6667,0.0,0.0
9691,0,0,0,8,8,0.0,0.0,0.0
93780,0,0,0,1,1,0.0,0.0,0.0
76072,0,0,0,8,8,0.0,0.0,0.0
16846,0,0,0,2,2,0.0,0.0,0.0
83293,0,0,0,4,4,0.0,0.0,0.0
100297,0,0,0,1,1,0.0,0.0,0.0
15814,0,0,0,3,3,0.0,0.0,0.0
22984,0,0,0,1,1,0.0,0.0,0.0
98972,0,0,1,4,5,0.0,0.0,0.25
26478,0,0,0,6,6,0.0,0.0,0.0
70039,0,3,0,33,36,0.0,0.0909,0.0
80807,0,0,0,3,3,0.0,0.0,0.0
74230,0,0,0,2,2,0.0,0.0,0.0
31923,4,6,3,370,383,0.0108,0.0162,0.0081
37718,0,0,0,1,1,0.0,0.0,0.0
88391,0,0,0,11,11,0.0,0.0,0.0
74869,0,1,0,18,19,0.0,0.0556,0.0
98776,0,2,1,51,54,0.0,0.0392,0.0196
5954,0,0,0,9,9,0.0,0.0,0.0
92267,0,0,0,4,4,0.0,0.0,0.0
35171,0,2,0,18,20,0.0,0.1111,0.0
58617,0,0,0,7,7,0.0,0.0,0.0
94245,0,0,0,23,23,0.0,0.0,0.0
52452,0,0,0,9,9,0.0,0.0,0.0
81304,0,0,0,2,2,0.0,0.0,0.0
66648,1,0,0,10,11,0.1,0.0,0.0
42912,0,1,1,18,20,0.0,0.0556,0.0556
91923,0,0,0,2,2,0.0,0.0,0.0
67339,0,1,0,29,30,0.0,0.0345,0.0
77686,0,6,0,96,102,0.0,0.0625,0.0
12830,0,0,0,10,10,0.0,0.0,0.0
9396,0,0,0,42,42,0.0,0.0,0.0
90816,0,0,0,4,4,0.0,0.0,0.0
33985,0,1,1,34,36,0.0,0.0294,0.0294
97156,0,0,0,3,3,0.0,0.0,0.0
27381,0,0,0,28,28,0.0,0.0,0.0
95904,0,0,0,1,1,0.0,0.0,0.0
51324,0,0,0,1,1,0.0,0.0,0.0
57844,0,0,0,25,25,0.0,0.0,0.0
18506,0,0,2,5,7,0.0,0.0,0.4
21606,0,1,0,12,13,0.0,0.0833,0.0
95006,0,0,0,5,5,0.0,0.0,0.0
57645,0,0,1,11,12,0.0,0.0,0.0909
47800,0,0,0,1,1,0.0,0.0,0.0
32301,0,0,0,2,2,0.0,0.0,0.0
101377,0,0,0,1,1,0.0,0.0,0.0
58583,0,0,0,1,1,0.0,0.0,0.0
49654,0,0,0,2,2,0.0,0.0,0.0
71419,0,0,1,3,4,0.0,0.0,0.3333
69014,0,0,0,15,15,0.0,0.0,0.0
76582,0,0,0,3,3,0.0,0.0,0.0
25151,0,0,0,4,4,0.0,0.0,0.0
1167,0,0,0,2,2,0.0,0.0,0.0
94344,0,0,0,5,5,0.0,0.0,0.0
41039,0,0,0,2,2,0.0,0.0,0.0
25336,0,0,0,14,14,0.0,0.0,0.0
15635,0,0,0,1,1,0.0,0.0,0.0
97748,0,0,0,1,1,0.0,0.0,0.0
74591,0,0,0,1,1,0.0,0.0,0.0
67513,0,0,0,2,2,0.0,0.0,0.0
28592,0,0,0,1,1,0.0,0.0,0.0
79963,0,0,0,1,1,0.0,0.0,0.0
31603,0,0,0,1,1,0.0,0.0,0.0
27660,0,0,0,4,4,0.0,0.0,0.0
20190,0,0,0,4,4,0.0,0.0,0.0
38460,0,0,0,6,6,0.0,0.0,0.0
53854,0,0,0,1,1,0.0,0.0,0.0
1518,0,0,0,1,1,0.0,0.0,0.0
12751,0,0,0,1,1,0.0,0.0,0.0
4024,0,0,0,2,2,0.0,0.0,0.0
7157,0,0,0,2,2,0.0,0.0,0.0
70507,0,0,0,2,2,0.0,0.0,0.0
54167,0,0,0,32,32,0.0,0.0,0.0
62481,0,0,0,1,1,0.0,0.0,0.0
57802,0,1,4,140,145,0.0,0.0071,0.0286
64311,0,0,0,1,1,0.0,0.0,0.0
10748,0,0,0,5,5,0.0,0.0,0.0
17888,0,0,0,2,2,0.0,0.0,0.0
51021,0,2,1,114,117,0.0,0.0175,0.0088
71542,0,0,0,2,2,0.0,0.0,0.0
95164,0,0,0,11,11,0.0,0.0,0.0
8702,2,5,1,171,179,0.0117,0.0292,0.0058
101472,0,0,1,7,8,0.0,0.0,0.1429
31164,0,0,0,7,7,0.0,0.0,0.0
104146,0,2,2,83,87,0.0,0.0241,0.0241
73948,0,0,0,2,2,0.0,0.0,0.0
86128,0,0,0,6,6,0.0,0.0,0.0
63389,0,0,0,1,1,0.0,0.0,0.0
87657,0,0,0,4,4,0.0,0.0,0.0
102989,0,0,1,43,44,0.0,0.0,0.0233
13493,4,0,4,28,36,0.1429,0.0,0.1429
81368,0,1,0,4,5,0.0,0.25,0.0
40316,0,0,1,13,14,0.0,0.0,0.0769
99705,2,2,2,191,197,0.0105,0.0105,0.0105
98200,0,0,0,3,3,0.0,0.0,0.0
18117,0,2,0,32,34,0.0,0.0625,0.0
31886,0,0,0,3,3,0.0,0.0,0.0
100356,0,0,0,46,46,0.0,0.0,0.0
30095,0,0,0,5,5,0.0,0.0,0.0
75291,1,0,0,30,31,0.0333,0.0,0.0
58399,0,0,0,3,3,0.0,0.0,0.0
15853,0,0,0,2,2,0.0,0.0,0.0
65018,0,0,0,9,9,0.0,0.0,0.0
86725,0,0,0,3,3,0.0,0.0,0.0
35433,0,0,0,23,23,0.0,0.0,0.0
74654,0,0,0,18,18,0.0,0.0,0.0
81127,0,0,0,9,9,0.0,0.0,0.0
70286,0,0,0,4,4,0.0,0.0,0.0
59553,0,0,0,2,2,0.0,0.0,0.0
20101,0,2,1,16,19,0.0,0.125,0.0625
76014,3,0,0,3,6,1.0,0.0,0.0
51262,0,1,0,7,8,0.0,0.1429,0.0
28986,0,0,0,22,22,0.0,0.0,0.0
92461,0,0,1,27,28,0.0,0.0,0.037
53612,0,0,2,22,24,0.0,0.0,0.0909
101013,0,0,0,1,1,0.0,0.0,0.0
100686,0,1,1,17,19,0.0,0.0588,0.0588
73541,0,0,0,3,3,0.0,0.0,0.0
61709,0,0,0,2,2,0.0,0.0,0.0
50014,0,0,0,2,2,0.0,0.0,0.0
87729,0,0,0,1,1,0.0,0.0,0.0
68793,0,0,1,4,5,0.0,0.0,0.25
85304,0,0,0,8,8,0.0,0.0,0.0
47762,0,0,0,1,1,0.0,0.0,0.0
9335,0,0,0,18,18,0.0,0.0,0.0
103429,1,1,0,7,9,0.1429,0.1429,0.0
30512,0,0,0,1,1,0.0,0.0,0.0
56456,0,0,0,2,2,0.0,0.0,0.0
42570,0,1,0,0,1,0.0,0.0,0.0
83233,0,0,0,2,2,0.0,0.0,0.0
30599,0,0,0,5,5,0.0,0.0,0.0
2458,0,0,0,18,18,0.0,0.0,0.0
36928,0,0,0,1,1,0.0,0.0,0.0
22312,0,0,0,1,1,0.0,0.0,0.0
55127,0,0,0,2,2,0.0,0.0,0.0
26536,0,0,0,1,1,0.0,0.0,0.0
82775,0,0,1,32,33,0.0,0.0,0.0313
93405,0,0,0,5,5,0.0,0.0,0.0
94587,4,7,4,266,281,0.015,0.0263,0.015
19260,3,2,5,65,75,0.0462,0.0308,0.0769
47435,0,2,0,4,6,0.0,0.5,0.0
69436,0,0,0,34,34,0.0,0.0,0.0
18839,0,1,0,42,43,0.0,0.0238,0.0
78840,1,0,0,114,115,0.0088,0.0,0.0
83575,0,1,0,9,10,0.0,0.1111,0.0
92873,0,2,0,17,19,0.0,0.1176,0.0
58781,0,3,1,65,69,0.0,0.0462,0.0154
46043,0,3,0,56,59,0.0,0.0536,0.0
70307,1,5,0,118,124,0.0085,0.0424,0.0
20748,0,1,0,4,5,0.0,0.25,0.0
8273,0,0,0,9,9,0.0,0.0,0.0
36443,0,0,0,6,6,0.0,0.0,0.0
73949,0,1,0,97,98,0.0,0.0103,0.0
24914,0,0,0,2,2,0.0,0.0,0.0
75255,0,2,2,27,31,0.0,0.0741,0.0741
16645,0,7,0,139,146,0.0,0.0504,0.0
56925,0,0,0,19,19,0.0,0.0,0.0
86969,0,2,0,15,17,0.0,0.1333,0.0
34413,0,0,0,5,5,0.0,0.0,0.0
56186,0,0,0,1,1,0.0,0.0,0.0
73717,2,0,0,51,53,0.0392,0.0,0.0
29055,0,0,0,6,6,0.0,0.0,0.0
39313,0,0,0,5,5,0.0,0.0,0.0
75450,0,1,1,53,55,0.0,0.0189,0.0189
8360,0,0,0,22,22,0.0,0.0,0.0
58083,4,0,4,28,36,0.1429,0.0,0.1429
23035,2,1,0,32,35,0.0625,0.0313,0.0
73691,0,1,0,2,3,0.0,0.5,0.0
82849,0,0,0,6,6,0.0,0.0,0.0
102738,0,0,0,8,8,0.0,0.0,0.0
53121,0,0,0,2,2,0.0,0.0,0.0
103843,0,1,0,16,17,0.0,0.0625,0.0
71635,0,0,0,18,18,0.0,0.0,0.0
45734,0,1,0,31,32,0.0,0.0323,0.0
44624,0,0,1,10,11,0.0,0.0,0.1
100911,0,0,2,12,14,0.0,0.0,0.1667
60426,0,1,0,25,26,0.0,0.04,0.0
10313,0,0,0,1,1,0.0,0.0,0.0
82289,0,1,0,34,35,0.0,0.0294,0.0
61030,0,0,0,5,5,0.0,0.0,0.0
77676,0,0,0,7,7,0.0,0.0,0.0
77295,0,0,0,4,4,0.0,0.0,0.0
104232,0,0,0,1,1,0.0,0.0,0.0
21057,0,0,0,1,1,0.0,0.0,0.0
88142,0,0,0,1,1,0.0,0.0,0.0
83585,0,0,0,2,2,0.0,0.0,0.0
83419,0,0,0,2,2,0.0,0.0,0.0
58743,0,0,0,15,15,0.0,0.0,0.0
62455,0,0,0,2,2,0.0,0.0,0.0
96702,0,1,0,8,9,0.0,0.125,0.0
50607,1,0,0,6,7,0.1667,0.0,0.0
39578,0,0,0,2,2,0.0,0.0,0.0
79664,0,0,0,1,1,0.0,0.0,0.0
82452,0,0,0,1,1,0.0,0.0,0.0
98471,0,0,0,1,1,0.0,0.0,0.0
16777,0,1,0,5,6,0.0,0.2,0.0
43029,0,0,0,3,3,0.0,0.0,0.0
24257,0,1,0,2,3,0.0,0.5,0.0
54391,0,0,0,2,2,0.0,0.0,0.0
6610,0,1,0,6,7,0.0,0.1667,0.0
19289,0,0,0,2,2,0.0,0.0,0.0
45293,0,0,0,2,2,0.0,0.0,0.0
89097,0,0,0,8,8,0.0,0.0,0.0
20157,0,0,0,2,2,0.0,0.0,0.0
63115,0,0,0,6,6,0.0,0.0,0.0
57792,0,1,0,9,10,0.0,0.1111,0.0
12767,0,1,1,11,13,0.0,0.0909,0.0909
51443,0,0,0,1,1,0.0,0.0,0.0
48140,0,0,0,1,1,0.0,0.0,0.0
258,0,0,1,2,3,0.0,0.0,0.5
12457,5,10,3,234,252,0.0214,0.0427,0.0128
83329,0,0,0,1,1,0.0,0.0,0.0
30979,0,0,1,7,8,0.0,0.0,0.1429
55657,1,0,1,18,20,0.0556,0.0,0.0556
65318,0,0,0,2,2,0.0,0.0,0.0
22268,0,0,2,17,19,0.0,0.0,0.1176
68622,0,2,0,89,91,0.0,0.0225,0.0
28083,0,2,3,99,104,0.0,0.0202,0.0303
82475,0,0,0,15,15,0.0,0.0,0.0
73628,0,1,0,15,16,0.0,0.0667,0.0
96657,2,0,0,15,17,0.1333,0.0,0.0
51078,0,0,0,3,3,0.0,0.0,0.0
60678,0,0,0,2,2,0.0,0.0,0.0
82607,0,1,0,3,4,0.0,0.3333,0.0
101288,1,1,1,47,50,0.0213,0.0213,0.0213
61874,4,0,0,60,64,0.0667,0.0,0.0
45877,0,2,1,85,88,0.0,0.0235,0.0118
65365,0,0,0,14,14,0.0,0.0,0.0
37524,0,0,0,4,4,0.0,0.0,0.0
44285,0,0,1,7,8,0.0,0.0,0.1429
10190,0,0,0,10,10,0.0,0.0,0.0
90112,2,0,0,77,79,0.026,0.0,0.0
5736,0,0,2,6,8,0.0,0.0,0.3333
12538,0,0,0,9,9,0.0,0.0,0.0
87101,0,0,0,19,19,0.0,0.0,0.0
104266,0,0,0,2,2,0.0,0.0,0.0
30912,0,0,0,14,14,0.0,0.0,0.0
83164,0,0,0,1,1,0.0,0.0,0.0
25861,0,0,0,6,6,0.0,0.0,0.0
95352,1,3,2,41,47,0.0244,0.0732,0.0488
25147,0,0,0,9,9,0.0,0.0,0.0
91071,0,0,0,6,6,0.0,0.0,0.0
80467,0,0,0,3,3,0.0,0.0,0.0
99901,0,0,0,25,25,0.0,0.0,0.0
45279,0,0,0,8,8,0.0,0.0,0.0
56875,0,0,0,1,1,0.0,0.0,0.0
61135,0,0,0,6,6,0.0,0.0,0.0
54697,1,0,4,171,176,0.0058,0.0,0.0234
99498,0,0,0,16,16,0.0,0.0,0.0
65692,0,0,0,3,3,0.0,0.0,0.0
8563,0,0,0,5,5,0.0,0.0,0.0
6879,0,0,0,1,1,0.0,0.0,0.0
9711,0,0,0,2,2,0.0,0.0,0.0
59741,0,0,0,1,1,0.0,0.0,0.0
76877,0,1,0,7,8,0.0,0.1429,0.0
2072,0,0,0,2,2,0.0,0.0,0.0
96323,0,0,0,3,3,0.0,0.0,0.0
84015,0,1,0,2,3,0.0,0.5,0.0
75711,0,0,0,6,6,0.0,0.0,0.0
50565,0,0,0,2,2,0.0,0.0,0.0
37689,0,0,0,5,5,0.0,0.0,0.0
2197,0,0,0,1,1,0.0,0.0,0.0
35609,0,1,0,28,29,0.0,0.0357,0.0
59381,0,0,0,2,2,0.0,0.0,0.0
81367,0,0,0,2,2,0.0,0.0,0.0
93228,0,0,0,1,1,0.0,0.0,0.0
93959,0,0,0,1,1,0.0,0.0,0.0
7158,0,0,0,1,1,0.0,0.0,0.0
15684,0,0,0,15,15,0.0,0.0,0.0
44828,0,0,0,2,2,0.0,0.0,0.0
10315,0,0,0,6,6,0.0,0.0,0.0
29870,0,0,0,1,1,0.0,0.0,0.0
62066,0,0,0,2,2,0.0,0.0,0.0
77381,0,1,0,7,8,0.0,0.1429,0.0
46687,0,0,0,4,4,0.0,0.0,0.0
69885,0,0,0,1,1,0.0,0.0,0.0
82615,0,0,0,1,1,0.0,0.0,0.0
28207,0,0,0,1,1,0.0,0.0,0.0
9305,0,0,0,1,1,0.0,0.0,0.0
86647,0,0,0,1,1,0.0,0.0,0.0
88730,0,3,0,6,9,0.0,0.5,0.0
26110,0,0,0,1,1,0.0,0.0,0.0
104043,0,0,0,12,12,0.0,0.0,0.0
14108,0,0,0,4,4,0.0,0.0,0.0
43333,0,0,0,4,4,0.0,0.0,0.0
61565,0,0,0,37,37,0.0,0.0,0.0
21153,0,0,2,4,6,0.0,0.0,0.5
9655,2,3,3,259,267,0.0077,0.0116,0.0116
99921,1,3,1,33,38,0.0303,0.0909,0.0303
29879,1,0,0,2,3,0.5,0.0,0.0
65579,0,0,0,4,4,0.0,0.0,0.0
53982,0,0,0,5,5,0.0,0.0,0.0
72479,0,2,0,40,42,0.0,0.05,0.0
78490,6,12,8,563,589,0.0107,0.0213,0.0142
36667,1,1,8,211,221,0.0047,0.0047,0.0379
83936,0,0,0,1,1,0.0,0.0,0.0
22282,2,3,4,216,225,0.0093,0.0139,0.0185
33651,0,0,0,1,1,0.0,0.0,0.0
99512,0,0,1,9,10,0.0,0.0,0.1111
56852,0,0,1,45,46,0.0,0.0,0.0222
41515,0,0,1,13,14,0.0,0.0,0.0769
6803,0,0,0,2,2,0.0,0.0,0.0
45078,1,3,1,127,132,0.0079,0.0236,0.0079
9964,2,1,1,70,74,0.0286,0.0143,0.0143
33209,0,0,0,10,10,0.0,0.0,0.0
11715,0,1,1,19,21,0.0,0.0526,0.0526
89588,3,6,5,204,218,0.0147,0.0294,0.0245
95191,0,1,1,23,25,0.0,0.0435,0.0435
92898,0,0,0,1,1,0.0,0.0,0.0
70068,3,0,0,37,40,0.0811,0.0,0.0
15342,0,0,0,11,11,0.0,0.0,0.0
56056,0,0,0,1,1,0.0,0.0,0.0
96176,0,0,0,7,7,0.0,0.0,0.0
32421,0,0,0,4,4,0.0,0.0,0.0
58977,0,0,0,3,3,0.0,0.0,0.0
61287,0,0,0,1,1,0.0,0.0,0.0
71889,0,0,1,12,13,0.0,0.0,0.0833
98939,2,13,7,491,513,0.0041,0.0265,0.0143
60379,3,3,2,106,114,0.0283,0.0283,0.0189
69799,0,0,0,3,3,0.0,0.0,0.0
104233,1,0,0,15,16,0.0667,0.0,0.0
72048,0,0,0,1,1,0.0,0.0,0.0
61878,0,1,1,13,15,0.0,0.0769,0.0769
24837,0,0,0,3,3,0.0,0.0,0.0
53027,0,0,0,6,6,0.0,0.0,0.0
50345,0,0,0,8,8,0.0,0.0,0.0
94087,0,0,0,3,3,0.0,0.0,0.0
22768,0,0,0,1,1,0.0,0.0,0.0
98918,0,0,0,1,1,0.0,0.0,0.0
97552,0,0,0,1,1,0.0,0.0,0.0
99255,0,1,0,3,4,0.0,0.3333,0.0
73323,0,0,0,2,2,0.0,0.0,0.0
96940,0,0,0,2,2,0.0,0.0,0.0
80195,0,0,0,3,3,0.0,0.0,0.0
3655,0,0,0,2,2,0.0,0.0,0.0
8490,0,0,0,3,3,0.0,0.0,0.0
34810,0,0,0,2,2,0.0,0.0,0.0
36200,0,1,0,7,8,0.0,0.1429,0.0
35324,0,0,0,6,6,0.0,0.0,0.0
18409,0,0,0,1,1,0.0,0.0,0.0
4867,0,0,0,3,3,0.0,0.0,0.0
63984,0,0,0,7,7,0.0,0.0,0.0
31567,2,0,0,22,24,0.0909,0.0,0.0
99584,0,0,0,4,4,0.0,0.0,0.0
4506,0,0,0,1,1,0.0,0.0,0.0
5940,0,0,0,1,1,0.0,0.0,0.0
58460,0,0,0,1,1,0.0,0.0,0.0
61740,0,0,0,6,6,0.0,0.0,0.0
38513,2,0,0,0,2,0.0,0.0,0.0
42829,2,1,1,136,140,0.0147,0.0074,0.0074
65776,0,0,0,20,20,0.0,0.0,0.0
19442,0,0,0,1,1,0.0,0.0,0.0
81844,4,4,1,128,137,0.0313,0.0313,0.0078
101849,0,0,0,2,2,0.0,0.0,0.0
102699,2,6,2,95,105,0.0211,0.0632,0.0211
67077,1,5,0,15,21,0.0667,0.3333,0.0
43949,0,0,0,15,15,0.0,0.0,0.0
46458,0,0,1,2,3,0.0,0.0,0.5
65752,1,1,1,33,36,0.0303,0.0303,0.0303
68937,0,1,0,17,18,0.0,0.0588,0.0
99460,13,7,7,629,656,0.0207,0.0111,0.0111
35059,0,0,0,2,2,0.0,0.0,0.0
95750,0,1,2,24,27,0.0,0.0417,0.0833
38340,0,0,0,2,2,0.0,0.0,0.0
84022,0,0,0,3,3,0.0,0.0,0.0
99345,1,0,0,19,20,0.0526,0.0,0.0
45647,0,1,0,35,36,0.0,0.0286,0.0
81228,0,1,0,18,19,0.0,0.0556,0.0
91290,0,0,3,48,51,0.0,0.0,0.0625
84842,1,1,0,60,62,0.0167,0.0167,0.0
71378,0,1,0,8,9,0.0,0.125,0.0
1420,0,4,3,177,184,0.0,0.0226,0.0169
32849,0,0,2,11,13,0.0,0.0,0.1818
54882,0,0,0,7,7,0.0,0.0,0.0
17455,0,0,0,2,2,0.0,0.0,0.0
64454,0,0,0,1,1,0.0,0.0,0.0
101247,1,0,0,46,47,0.0217,0.0,0.0
99205,0,0,0,13,13,0.0,0.0,0.0
32241,0,0,0,4,4,0.0,0.0,0.0
70261,0,0,1,2,3,0.0,0.0,0.5
56163,0,0,0,7,7,0.0,0.0,0.0
102355,0,0,0,5,5,0.0,0.0,0.0
8477,0,0,0,12,12,0.0,0.0,0.0
37391,0,2,1,196,199,0.0,0.0102,0.0051
73493,0,0,0,4,4,0.0,0.0,0.0
95601,0,0,1,18,19,0.0,0.0,0.0556
7156,0,1,0,57,58,0.0,0.0175,0.0
32815,0,0,0,13,13,0.0,0.0,0.0
19402,0,0,0,23,23,0.0,0.0,0.0
70683,0,0,0,4,4,0.0,0.0,0.0
52687,0,0,0,1,1,0.0,0.0,0.0
32993,0,0,1,17,18,0.0,0.0,0.0588
62969,0,0,0,3,3,0.0,0.0,0.0
74734,0,0,0,9,9,0.0,0.0,0.0
47350,0,0,0,7,7,0.0,0.0,0.0
77126,1,0,1,9,11,0.1111,0.0,0.1111
56871,0,0,0,6,6,0.0,0.0,0.0
17911,0,0,0,1,1,0.0,0.0,0.0
59160,0,0,0,3,3,0.0,0.0,0.0
92100,0,0,0,1,1,0.0,0.0,0.0
77480,0,0,0,8,8,0.0,0.0,0.0
39881,0,0,0,25,25,0.0,0.0,0.0
103917,0,0,0,3,3,0.0,0.0,0.0
69008,0,0,1,27,28,0.0,0.0,0.037
66916,0,0,0,13,13,0.0,0.0,0.0
62743,0,0,0,8,8,0.0,0.0,0.0
58251,0,0,0,8,8,0.0,0.0,0.0
36177,0,0,0,3,3,0.0,0.0,0.0
30002,0,0,0,2,2,0.0,0.0,0.0
65260,0,0,1,15,16,0.0,0.0,0.0667
87587,0,0,0,13,13,0.0,0.0,0.0
13619,0,0,0,4,4,0.0,0.0,0.0
96525,0,0,0,3,3,0.0,0.0,0.0
29337,0,0,0,4,4,0.0,0.0,0.0
85793,0,0,0,9,9,0.0,0.0,0.0
66635,0,0,0,1,1,0.0,0.0,0.0
44076,0,0,0,1,1,0.0,0.0,0.0
77154,0,0,0,4,4,0.0,0.0,0.0
68950,0,0,1,12,13,0.0,0.0,0.0833
19750,0,0,0,3,3,0.0,0.0,0.0
11560,0,0,0,4,4,0.0,0.0,0.0
71005,0,0,0,6,6,0.0,0.0,0.0
98156,0,0,0,2,2,0.0,0.0,0.0
16856,1,0,1,4,6,0.25,0.0,0.25
3138,0,0,0,1,1,0.0,0.0,0.0
68681,0,0,0,1,1,0.0,0.0,0.0
11412,0,0,0,1,1,0.0,0.0,0.0
74229,0,0,0,1,1,0.0,0.0,0.0
102392,0,0,0,2,2,0.0,0.0,0.0
46387,0,0,0,7,7,0.0,0.0,0.0
89325,0,0,0,1,1,0.0,0.0,0.0
42966,0,0,0,1,1,0.0,0.0,0.0
78177,0,1,0,7,8,0.0,0.1429,0.0
37463,0,0,0,35,35,0.0,0.0,0.0
65777,0,0,0,3,3,0.0,0.0,0.0
32637,5,5,0,27,37,0.1852,0.1852,0.0
63727,0,1,0,33,34,0.0,0.0303,0.0
18551,0,0,0,1,1,0.0,0.0,0.0
90031,0,1,0,3,4,0.0,0.3333,0.0
26771,0,0,0,5,5,0.0,0.0,0.0
81876,1,0,1,31,33,0.0323,0.0,0.0323
46343,0,1,0,42,43,0.0,0.0238,0.0
89226,0,0,0,4,4,0.0,0.0,0.0
53385,0,0,0,2,2,0.0,0.0,0.0
89115,1,0,0,6,7,0.1667,0.0,0.0
98565,1,0,0,21,22,0.0476,0.0,0.0
73875,2,7,2,242,253,0.0083,0.0289,0.0083
92758,0,1,0,16,17,0.0,0.0625,0.0
36315,0,0,0,5,5,0.0,0.0,0.0
18237,0,4,3,178,185,0.0,0.0225,0.0169
32360,0,0,0,1,1,0.0,0.0,0.0
84316,0,1,0,8,9,0.0,0.125,0.0
87211,0,1,0,12,13,0.0,0.0833,0.0
35240,0,0,0,14,14,0.0,0.0,0.0
78803,0,0,0,51,51,0.0,0.0,0.0
94598,1,2,0,29,32,0.0345,0.069,0.0
66421,0,0,1,22,23,0.0,0.0,0.0455
5917,2,2,0,49,53,0.0408,0.0408,0.0
34422,0,0,0,7,7,0.0,0.0,0.0
14724,0,0,0,1,1,0.0,0.0,0.0
77372,0,0,0,3,3,0.0,0.0,0.0
10709,0,0,1,3,4,0.0,0.0,0.3333
37899,0,0,0,15,15,0.0,0.0,0.0
7651,0,0,0,15,15,0.0,0.0,0.0
9012,0,0,0,2,2,0.0,0.0,0.0
37295,0,0,0,7,7,0.0,0.0,0.0
83454,0,0,0,7,7,0.0,0.0,0.0
40222,3,0,3,40,46,0.075,0.0,0.075
26424,0,0,0,22,22,0.0,0.0,0.0
103776,0,0,0,3,3,0.0,0.0,0.0
98449,0,0,0,11,11,0.0,0.0,0.0
69839,0,0,0,12,12,0.0,0.0,0.0
25580,0,0,0,2,2,0.0,0.0,0.0
12419,0,0,0,1,1,0.0,0.0,0.0
87381,0,0,0,2,2,0.0,0.0,0.0
39680,0,0,0,1,1,0.0,0.0,0.0
57526,0,0,0,4,4,0.0,0.0,0.0
8524,0,0,0,3,3,0.0,0.0,0.0
26855,0,1,0,2,3,0.0,0.5,0.0
51992,0,0,0,8,8,0.0,0.0,0.0
57295,0,0,0,1,1,0.0,0.0,0.0
76906,0,0,0,4,4,0.0,0.0,0.0
101196,0,0,0,4,4,0.0,0.0,0.0
54307,0,0,0,2,2,0.0,0.0,0.0
39350,0,0,0,2,2,0.0,0.0,0.0
43584,0,0,0,3,3,0.0,0.0,0.0
27117,0,0,0,4,4,0.0,0.0,0.0
13221,0,0,0,5,5,0.0,0.0,0.0
26027,0,0,0,2,2,0.0,0.0,0.0
96782,0,0,0,3,3,0.0,0.0,0.0
101981,0,0,0,1,1,0.0,0.0,0.0
72518,0,0,0,2,2,0.0,0.0,0.0
8248,0,0,0,2,2,0.0,0.0,0.0
36210,0,0,0,1,1,0.0,0.0,0.0
10512,0,0,0,1,1,0.0,0.0,0.0
96502,0,0,0,2,2,0.0,0.0,0.0
30180,0,0,0,2,2,0.0,0.0,0.0
2374,0,1,0,7,8,0.0,0.1429,0.0
73824,0,1,0,10,11,0.0,0.1,0.0
43076,0,0,0,17,17,0.0,0.0,0.0
76705,0,0,0,16,16,0.0,0.0,0.0
43936,0,0,0,2,2,0.0,0.0,0.0
60796,0,0,0,1,1,0.0,0.0,0.0
94361,0,0,0,3,3,0.0,0.0,0.0
75418,0,1,0,5,6,0.0,0.2,0.0
24830,0,0,0,1,1,0.0,0.0,0.0
53176,0,0,1,0,1,0.0,0.0,0.0
57209,0,0,0,2,2,0.0,0.0,0.0
58756,0,0,0,1,1,0.0,0.0,0.0
27109,0,0,0,2,2,0.0,0.0,0.0
50002,0,0,0,1,1,0.0,0.0,0.0
22125,0,0,0,4,4,0.0,0.0,0.0
43137,0,0,0,7,7,0.0,0.0,0.0
12688,0,0,0,7,7,0.0,0.0,0.0
30667,0,0,0,26,26,0.0,0.0,0.0
103031,0,3,0,11,14,0.0,0.2727,0.0
97727,0,0,0,1,1,0.0,0.0,0.0
19786,1,0,1,51,53,0.0196,0.0,0.0196
43480,0,3,0,15,18,0.0,0.2,0.0
52408,0,0,0,22,22,0.0,0.0,0.0
29339,0,0,0,51,51,0.0,0.0,0.0
90588,0,1,0,39,40,0.0,0.0256,0.0
61557,0,0,0,1,1,0.0,0.0,0.0
87945,0,1,0,47,48,0.0,0.0213,0.0
66747,1,0,0,17,18,0.0588,0.0,0.0
98981,3,7,0,107,117,0.028,0.0654,0.0
10363,0,0,0,6,6,0.0,0.0,0.0
50266,0,0,0,6,6,0.0,0.0,0.0
53541,1,0,0,59,60,0.0169,0.0,0.0
17742,0,0,0,3,3,0.0,0.0,0.0
73988,0,0,0,13,13,0.0,0.0,0.0
13250,2,9,6,318,335,0.0063,0.0283,0.0189
51809,1,0,0,63,64,0.0159,0.0,0.0
81378,0,1,0,15,16,0.0,0.0667,0.0
40212,0,1,0,9,10,0.0,0.1111,0.0
22348,0,0,0,5,5,0.0,0.0,0.0
50727,0,0,0,6,6,0.0,0.0,0.0
70130,0,3,1,58,62,0.0,0.0517,0.0172
68049,0,0,0,6,6,0.0,0.0,0.0
57040,0,2,0,39,41,0.0,0.0513,0.0
91975,0,0,0,1,1,0.0,0.0,0.0
13097,0,0,0,16,16,0.0,0.0,0.0
86149,0,0,0,2,2,0.0,0.0,0.0
48132,0,0,0,7,7,0.0,0.0,0.0
54085,0,0,0,7,7,0.0,0.0,0.0
22584,2,0,0,39,41,0.0513,0.0,0.0
18511,0,0,0,4,4,0.0,0.0,0.0
82535,0,0,0,2,2,0.0,0.0,0.0
64111,0,0,0,7,7,0.0,0.0,0.0
59333,2,0,0,4,6,0.5,0.0,0.0
99292,0,0,1,16,17,0.0,0.0,0.0625
72005,0,0,0,3,3,0.0,0.0,0.0
48656,0,0,0,15,15,0.0,0.0,0.0
18599,0,0,0,2,2,0.0,0.0,0.0
28221,0,0,1,26,27,0.0,0.0,0.0385
33586,0,0,0,1,1,0.0,0.0,0.0
35420,0,0,0,2,2,0.0,0.0,0.0
84136,0,0,0,19,19,0.0,0.0,0.0
50645,0,0,0,4,4,0.0,0.0,0.0
27197,0,0,0,6,6,0.0,0.0,0.0
60505,0,0,0,1,1,0.0,0.0,0.0
57228,0,0,0,1,1,0.0,0.0,0.0
99182,0,0,0,2,2,0.0,0.0,0.0
28228,2,1,0,28,31,0.0714,0.0357,0.0
68239,0,0,0,1,1,0.0,0.0,0.0
89470,0,0,0,1,1,0.0,0.0,0.0
84556,0,0,0,3,3,0.0,0.0,0.0
30109,0,0,0,2,2,0.0,0.0,0.0
8140,0,0,0,1,1,0.0,0.0,0.0
1227,0,0,0,2,2,0.0,0.0,0.0
54362,1,0,0,5,6,0.2,0.0,0.0
83400,0,0,0,6,6,0.0,0.0,0.0
81622,0,0,0,4,4,0.0,0.0,0.0
63695,0,0,0,8,8,0.0,0.0,0.0
46375,0,0,0,7,7,0.0,0.0,0.0
63333,0,0,0,2,2,0.0,0.0,0.0
29918,0,0,0,1,1,0.0,0.0,0.0
14499,0,0,0,15,15,0.0,0.0,0.0
42792,0,0,0,1,1,0.0,0.0,0.0
75204,0,0,0,1,1,0.0,0.0,0.0
41385,0,0,0,2,2,0.0,0.0,0.0
91978,0,0,0,3,3,0.0,0.0,0.0
51947,1,1,0,19,21,0.0526,0.0526,0.0
94630,0,0,0,32,32,0.0,0.0,0.0
61676,0,0,0,6,6,0.0,0.0,0.0
100892,0,1,0,15,16,0.0,0.0667,0.0
11545,0,0,0,4,4,0.0,0.0,0.0
47646,0,0,0,1,1,0.0,0.0,0.0
25405,0,1,0,9,10,0.0,0.1111,0.0
49065,0,1,0,2,3,0.0,0.5,0.0
58103,0,0,0,2,2,0.0,0.0,0.0
35453,0,0,0,6,6,0.0,0.0,0.0
85961,0,0,0,5,5,0.0,0.0,0.0
90420,0,1,0,39,40,0.0,0.0256,0.0
104374,0,0,0,39,39,0.0,0.0,0.0
49655,0,0,5,160,165,0.0,0.0,0.0313
1521,0,0,0,2,2,0.0,0.0,0.0
56663,0,1,1,14,16,0.0,0.0714,0.0714
33160,0,1,0,28,29,0.0,0.0357,0.0
29257,0,0,0,48,48,0.0,0.0,0.0
55945,0,2,0,13,15,0.0,0.1538,0.0
40676,3,2,0,71,76,0.0423,0.0282,0.0
86551,0,0,0,8,8,0.0,0.0,0.0
30558,0,0,0,2,2,0.0,0.0,0.0
99432,0,0,0,2,2,0.0,0.0,0.0
87100,0,1,0,26,27,0.0,0.0385,0.0
27222,0,0,0,5,5,0.0,0.0,0.0
24686,0,0,0,5,5,0.0,0.0,0.0
69002,1,1,0,20,22,0.05,0.05,0.0
99362,0,1,0,7,8,0.0,0.1429,0.0
94358,0,0,0,6,6,0.0,0.0,0.0
15329,0,0,0,36,36,0.0,0.0,0.0
32627,0,0,0,48,48,0.0,0.0,0.0
97120,0,0,0,4,4,0.0,0.0,0.0
68350,1,0,0,15,16,0.0667,0.0,0.0
58724,0,1,0,11,12,0.0,0.0909,0.0
50174,0,0,0,11,11,0.0,0.0,0.0
50043,0,0,0,1,1,0.0,0.0,0.0
31523,0,0,0,13,13,0.0,0.0,0.0
25643,0,0,0,15,15,0.0,0.0,0.0
68621,0,0,0,10,10,0.0,0.0,0.0
93870,0,0,0,5,5,0.0,0.0,0.0
60667,2,0,0,6,8,0.3333,0.0,0.0
23844,0,0,0,2,2,0.0,0.0,0.0
9343,0,0,0,39,39,0.0,0.0,0.0
40632,0,0,0,1,1,0.0,0.0,0.0
21966,0,2,0,14,16,0.0,0.1429,0.0
69989,0,0,0,2,2,0.0,0.0,0.0
71319,0,2,0,2,4,0.0,1.0,0.0
44295,0,0,0,1,1,0.0,0.0,0.0
9715,0,0,0,1,1,0.0,0.0,0.0
42138,0,0,0,12,12,0.0,0.0,0.0
34976,0,0,0,3,3,0.0,0.0,0.0
104021,0,0,1,6,7,0.0,0.0,0.1667
22401,0,0,0,5,5,0.0,0.0,0.0
86035,0,0,0,7,7,0.0,0.0,0.0
75658,0,0,0,2,2,0.0,0.0,0.0
102756,0,0,0,15,15,0.0,0.0,0.0
49111,0,0,0,2,2,0.0,0.0,0.0
42465,0,3,0,14,17,0.0,0.2143,0.0
58384,0,1,0,7,8,0.0,0.1429,0.0
56107,0,0,0,3,3,0.0,0.0,0.0
24388,0,0,0,2,2,0.0,0.0,0.0
24732,0,0,0,4,4,0.0,0.0,0.0
89014,0,0,0,5,5,0.0,0.0,0.0
257,0,0,0,1,1,0.0,0.0,0.0
19675,0,0,0,1,1,0.0,0.0,0.0
67917,0,0,0,3,3,0.0,0.0,0.0
73355,0,0,0,3,3,0.0,0.0,0.0
47554,0,0,0,15,15,0.0,0.0,0.0
92692,0,1,1,24,26,0.0,0.0417,0.0417
31056,0,0,0,1,1,0.0,0.0,0.0
96592,0,0,0,8,8,0.0,0.0,0.0
40034,0,0,0,6,6,0.0,0.0,0.0
41044,0,0,3,51,54,0.0,0.0,0.0588
48648,0,0,0,11,11,0.0,0.0,0.0
55990,0,0,0,13,13,0.0,0.0,0.0
101783,0,0,0,4,4,0.0,0.0,0.0
24923,0,0,0,2,2,0.0,0.0,0.0
82721,1,0,0,12,13,0.0833,0.0,0.0
54422,2,14,6,633,655,0.0032,0.0221,0.0095
97798,1,0,2,23,26,0.0435,0.0,0.087
102495,0,0,0,1,1,0.0,0.0,0.0
34070,0,1,0,43,44,0.0,0.0233,0.0
25425,0,0,0,9,9,0.0,0.0,0.0
84924,1,1,0,71,73,0.0141,0.0141,0.0
68324,1,0,1,50,52,0.02,0.0,0.02
71241,1,2,4,87,94,0.0115,0.023,0.046
76961,0,1,0,5,6,0.0,0.2,0.0
6134,0,0,0,14,14,0.0,0.0,0.0
53781,0,1,0,61,62,0.0,0.0164,0.0
26304,5,11,2,200,218,0.025,0.055,0.01
27759,0,0,0,6,6,0.0,0.0,0.0
95611,0,1,0,62,63,0.0,0.0161,0.0
57332,2,13,1,145,161,0.0138,0.0897,0.0069
59618,2,2,1,91,96,0.022,0.022,0.011
32571,0,0,0,20,20,0.0,0.0,0.0
1299,0,0,0,34,34,0.0,0.0,0.0
73863,0,0,0,4,4,0.0,0.0,0.0
5610,0,1,0,69,70,0.0,0.0145,0.0
68779,0,0,0,4,4,0.0,0.0,0.0
53730,1,2,6,166,175,0.006,0.012,0.0361
23956,0,0,0,4,4,0.0,0.0,0.0
99773,0,0,0,18,18,0.0,0.0,0.0
43515,0,0,0,9,9,0.0,0.0,0.0
70215,1,3,0,29,33,0.0345,0.1034,0.0
64530,0,0,0,5,5,0.0,0.0,0.0
41030,0,0,0,6,6,0.0,0.0,0.0
39861,0,0,0,2,2,0.0,0.0,0.0
82506,0,0,3,35,38,0.0,0.0,0.0857
43695,0,0,0,2,2,0.0,0.0,0.0
36093,0,0,0,1,1,0.0,0.0,0.0
44302,2,3,0,54,59,0.037,0.0556,0.0
55034,0,0,1,5,6,0.0,0.0,0.2
3806,0,1,0,16,17,0.0,0.0625,0.0
73873,0,0,0,2,2,0.0,0.0,0.0
9906,0,0,0,81,81,0.0,0.0,0.0
64488,0,0,0,3,3,0.0,0.0,0.0
43599,0,0,0,1,1,0.0,0.0,0.0
34111,0,0,0,9,9,0.0,0.0,0.0
56055,0,1,0,10,11,0.0,0.1,0.0
68823,0,0,0,1,1,0.0,0.0,0.0
27899,0,0,0,1,1,0.0,0.0,0.0
47928,0,0,0,10,10,0.0,0.0,0.0
56614,0,0,0,2,2,0.0,0.0,0.0
103071,0,0,0,15,15,0.0,0.0,0.0
19478,1,0,0,14,15,0.0714,0.0,0.0
13136,0,0,0,1,1,0.0,0.0,0.0
64300,0,0,0,2,2,0.0,0.0,0.0
71809,0,0,0,2,2,0.0,0.0,0.0
11865,0,0,0,1,1,0.0,0.0,0.0
77657,0,0,0,1,1,0.0,0.0,0.0
64505,0,0,0,1,1,0.0,0.0,0.0
63734,0,0,0,1,1,0.0,0.0,0.0
94090,0,0,0,1,1,0.0,0.0,0.0
35889,0,0,0,5,5,0.0,0.0,0.0
48248,0,0,0,1,1,0.0,0.0,0.0
7465,0,0,0,1,1,0.0,0.0,0.0
19945,0,0,0,1,1,0.0,0.0,0.0
102877,0,1,0,13,14,0.0,0.0769,0.0
74503,0,0,0,10,10,0.0,0.0,0.0
90710,0,3,0,41,44,0.0,0.0732,0.0
72300,0,0,0,6,6,0.0,0.0,0.0
98145,0,1,1,39,41,0.0,0.0256,0.0256
102507,0,0,0,4,4,0.0,0.0,0.0
92160,0,1,0,39,40,0.0,0.0256,0.0
33716,0,0,0,8,8,0.0,0.0,0.0
39664,0,0,0,3,3,0.0,0.0,0.0
74299,0,0,0,11,11,0.0,0.0,0.0
21800,0,0,0,2,2,0.0,0.0,0.0
49246,2,3,0,78,83,0.0256,0.0385,0.0
1166,0,0,0,10,10,0.0,0.0,0.0
70103,0,0,0,16,16,0.0,0.0,0.0
81550,0,0,0,2,2,0.0,0.0,0.0
46121,0,0,0,42,42,0.0,0.0,0.0
52590,1,1,2,29,33,0.0345,0.0345,0.069
23802,0,0,0,7,7,0.0,0.0,0.0
95101,0,0,0,19,19,0.0,0.0,0.0
70782,0,2,0,47,49,0.0,0.0426,0.0
24751,0,0,0,3,3,0.0,0.0,0.0
50290,3,2,0,130,135,0.0231,0.0154,0.0
29556,0,0,0,3,3,0.0,0.0,0.0
13381,0,0,0,2,2,0.0,0.0,0.0
78413,0,0,0,5,5,0.0,0.0,0.0
25037,0,0,0,8,8,0.0,0.0,0.0
6568,0,1,0,29,30,0.0,0.0345,0.0
68292,0,0,0,2,2,0.0,0.0,0.0
11933,0,0,0,2,2,0.0,0.0,0.0
13792,0,0,1,13,14,0.0,0.0,0.0769
102694,0,1,0,29,30,0.0,0.0345,0.0
32761,0,1,0,13,14,0.0,0.0769,0.0
50199,0,0,0,3,3,0.0,0.0,0.0
51364,0,3,0,67,70,0.0,0.0448,0.0
94102,0,2,0,25,27,0.0,0.08,0.0
102845,0,0,0,71,71,0.0,0.0,0.0
48835,1,1,0,45,47,0.0222,0.0222,0.0
69789,0,0,0,11,11,0.0,0.0,0.0
504,0,0,0,2,2,0.0,0.0,0.0
82250,0,0,0,2,2,0.0,0.0,0.0
42658,0,0,0,1,1,0.0,0.0,0.0
64448,1,0,0,12,13,0.0833,0.0,0.0
94462,0,0,0,1,1,0.0,0.0,0.0
81250,0,0,0,6,6,0.0,0.0,0.0
78606,0,0,0,19,19,0.0,0.0,0.0
17524,0,0,0,1,1,0.0,0.0,0.0
21352,0,0,0,1,1,0.0,0.0,0.0
104272,0,0,0,5,5,0.0,0.0,0.0
88805,0,0,0,14,14,0.0,0.0,0.0
40413,0,0,0,1,1,0.0,0.0,0.0
94711,0,0,0,1,1,0.0,0.0,0.0
49291,0,0,0,2,2,0.0,0.0,0.0
31880,0,0,0,1,1,0.0,0.0,0.0
17694,0,0,0,4,4,0.0,0.0,0.0
1692,0,0,0,1,1,0.0,0.0,0.0
28199,0,0,0,4,4,0.0,0.0,0.0
90309,0,0,0,7,7,0.0,0.0,0.0
72890,0,0,0,2,2,0.0,0.0,0.0
43032,0,0,0,8,8,0.0,0.0,0.0
89249,0,0,0,3,3,0.0,0.0,0.0
77332,0,0,0,2,2,0.0,0.0,0.0
67022,0,0,0,1,1,0.0,0.0,0.0
64183,0,0,0,2,2,0.0,0.0,0.0
77769,0,0,1,2,3,0.0,0.0,0.5
79449,0,0,0,1,1,0.0,0.0,0.0
69860,0,0,0,1,1,0.0,0.0,0.0
30126,0,0,0,2,2,0.0,0.0,0.0
38403,0,0,0,1,1,0.0,0.0,0.0
49045,0,0,0,2,2,0.0,0.0,0.0
17608,0,0,0,1,1,0.0,0.0,0.0
1846,0,0,0,1,1,0.0,0.0,0.0
75726,0,0,0,3,3,0.0,0.0,0.0
67868,0,0,0,6,6,0.0,0.0,0.0
44077,0,0,0,4,4,0.0,0.0,0.0
102346,0,2,1,17,20,0.0,0.1176,0.0588
53707,0,1,0,7,8,0.0,0.1429,0.0
61885,0,1,1,46,48,0.0,0.0217,0.0217
97103,8,7,3,426,444,0.0188,0.0164,0.007
85315,0,0,0,44,44,0.0,0.0,0.0
43718,0,0,0,6,6,0.0,0.0,0.0
4006,1,0,0,10,11,0.1,0.0,0.0
83061,0,0,0,5,5,0.0,0.0,0.0
59299,1,3,2,129,135,0.0078,0.0233,0.0155
61016,0,1,0,19,20,0.0,0.0526,0.0
65571,0,3,1,25,29,0.0,0.12,0.04
7427,0,0,0,3,3,0.0,0.0,0.0
61529,0,0,0,12,12,0.0,0.0,0.0
6588,0,2,0,5,7,0.0,0.4,0.0
48052,0,0,0,1,1,0.0,0.0,0.0
89806,0,0,0,1,1,0.0,0.0,0.0
90802,0,1,0,59,60,0.0,0.0169,0.0
50730,1,0,0,24,25,0.0417,0.0,0.0
18590,0,1,0,36,37,0.0,0.0278,0.0
34054,0,0,0,5,5,0.0,0.0,0.0
38095,0,0,0,2,2,0.0,0.0,0.0
58419,0,0,0,4,4,0.0,0.0,0.0
82990,0,0,0,1,1,0.0,0.0,0.0
20880,0,0,0,2,2,0.0,0.0,0.0
22657,0,0,0,1,1,0.0,0.0,0.0
1321,0,0,0,5,5,0.0,0.0,0.0
52461,1,0,0,11,12,0.0909,0.0,0.0
17100,0,0,0,2,2,0.0,0.0,0.0
100289,0,0,0,29,29,0.0,0.0,0.0
88043,0,0,0,40,40,0.0,0.0,0.0
82278,0,0,0,2,2,0.0,0.0,0.0
73864,0,0,0,1,1,0.0,0.0,0.0
99695,0,0,0,40,40,0.0,0.0,0.0
70547,0,0,0,3,3,0.0,0.0,0.0
78179,0,1,0,11,12,0.0,0.0909,0.0
19735,0,0,0,10,10,0.0,0.0,0.0
66713,0,0,0,2,2,0.0,0.0,0.0
40058,0,1,0,12,13,0.0,0.0833,0.0
84364,0,1,0,1,2,0.0,1.0,0.0
46219,0,0,0,3,3,0.0,0.0,0.0
12050,0,0,0,1,1,0.0,0.0,0.0
49604,0,0,0,1,1,0.0,0.0,0.0
94766,0,0,0,1,1,0.0,0.0,0.0
26926,0,0,0,15,15,0.0,0.0,0.0
17935,0,0,0,6,6,0.0,0.0,0.0
50668,0,0,0,1,1,0.0,0.0,0.0
22147,0,0,0,1,1,0.0,0.0,0.0
101392,0,0,0,2,2,0.0,0.0,0.0
67274,0,0,0,3,3,0.0,0.0,0.0
63272,0,0,0,4,4,0.0,0.0,0.0
99248,0,0,0,4,4,0.0,0.0,0.0
32593,0,0,0,5,5,0.0,0.0,0.0
90610,0,0,0,2,2,0.0,0.0,0.0
69718,0,0,0,2,2,0.0,0.0,0.0
29629,0,1,0,5,6,0.0,0.2,0.0
71197,0,0,0,2,2,0.0,0.0,0.0
92498,0,0,0,1,1,0.0,0.0,0.0
92535,0,0,0,13,13,0.0,0.0,0.0
86812,0,1,0,1,2,0.0,1.0,0.0
86566,0,0,0,2,2,0.0,0.0,0.0
15953,0,0,1,21,22,0.0,0.0,0.0476
34754,0,0,0,3,3,0.0,0.0,0.0
30497,0,1,1,58,60,0.0,0.0172,0.0172
8921,0,1,1,42,44,0.0,0.0238,0.0238
95724,1,3,8,173,185,0.0058,0.0173,0.0462
82402,0,0,0,4,4,0.0,0.0,0.0
27881,0,2,0,20,22,0.0,0.1,0.0
47123,1,4,1,144,150,0.0069,0.0278,0.0069
93416,0,0,1,20,21,0.0,0.0,0.05
82283,0,0,0,2,2,0.0,0.0,0.0
89643,0,0,0,4,4,0.0,0.0,0.0
65191,0,0,0,20,20,0.0,0.0,0.0
484,2,0,0,11,13,0.1818,0.0,0.0
19046,1,1,0,13,15,0.0769,0.0769,0.0
69350,0,0,0,22,22,0.0,0.0,0.0
101075,0,3,1,86,90,0.0,0.0349,0.0116
24330,3,1,0,23,27,0.1304,0.0435,0.0
48503,0,0,8,43,51,0.0,0.0,0.186
53558,0,2,0,6,8,0.0,0.3333,0.0
94544,0,0,0,2,2,0.0,0.0,0.0
59022,0,1,0,8,9,0.0,0.125,0.0
85686,0,0,1,2,3,0.0,0.0,0.5
87727,0,1,0,25,26,0.0,0.04,0.0
36665,0,0,1,76,77,0.0,0.0,0.0132
62149,0,0,0,9,9,0.0,0.0,0.0
40092,1,1,1,14,17,0.0714,0.0714,0.0714
9982,1,0,0,49,50,0.0204,0.0,0.0
53060,0,0,0,2,2,0.0,0.0,0.0
55485,0,0,0,37,37,0.0,0.0,0.0
75801,0,0,0,6,6,0.0,0.0,0.0
77635,0,0,0,1,1,0.0,0.0,0.0
83780,0,0,0,1,1,0.0,0.0,0.0
19705,0,0,0,10,10,0.0,0.0,0.0
36763,0,0,0,7,7,0.0,0.0,0.0
3256,0,0,0,2,2,0.0,0.0,0.0
57457,0,1,0,7,8,0.0,0.1429,0.0
24876,0,0,0,2,2,0.0,0.0,0.0
86735,0,0,0,7,7,0.0,0.0,0.0
74564,1,0,1,28,30,0.0357,0.0,0.0357
6776,0,0,0,1,1,0.0,0.0,0.0
39801,0,0,0,6,6,0.0,0.0,0.0
52229,0,0,0,1,1,0.0,0.0,0.0
98084,0,0,0,3,3,0.0,0.0,0.0
104180,0,0,0,1,1,0.0,0.0,0.0
96795,0,0,0,4,4,0.0,0.0,0.0
75041,1,0,0,34,35,0.0294,0.0,0.0
14244,0,0,0,1,1,0.0,0.0,0.0
93305,0,0,0,3,3,0.0,0.0,0.0
82264,0,0,0,8,8,0.0,0.0,0.0
41452,0,0,0,2,2,0.0,0.0,0.0
13210,0,0,0,8,8,0.0,0.0,0.0
82748,0,0,0,4,4,0.0,0.0,0.0
18728,0,0,0,4,4,0.0,0.0,0.0
47522,0,0,0,1,1,0.0,0.0,0.0
82243,0,2,0,10,12,0.0,0.2,0.0
68601,0,0,0,45,45,0.0,0.0,0.0
61662,0,0,0,2,2,0.0,0.0,0.0
12357,0,0,0,1,1,0.0,0.0,0.0
71568,0,0,0,2,2,0.0,0.0,0.0
18092,0,1,1,2,4,0.0,0.5,0.5
76666,0,0,0,3,3,0.0,0.0,0.0
79070,0,0,0,1,1,0.0,0.0,0.0
96578,1,0,2,13,16,0.0769,0.0,0.1538
18001,1,0,1,28,30,0.0357,0.0,0.0357
30610,1,0,1,12,14,0.0833,0.0,0.0833
97365,0,2,1,75,78,0.0,0.0267,0.0133
82678,0,1,2,30,33,0.0,0.0333,0.0667
91384,0,0,0,35,35,0.0,0.0,0.0
99150,0,0,0,1,1,0.0,0.0,0.0
53773,0,0,0,8,8,0.0,0.0,0.0
99634,0,0,0,1,1,0.0,0.0,0.0
92093,0,1,0,3,4,0.0,0.3333,0.0
39454,2,0,2,145,149,0.0138,0.0,0.0138
33029,0,0,0,1,1,0.0,0.0,0.0
45422,0,0,0,7,7,0.0,0.0,0.0
95962,0,1,0,16,17,0.0,0.0625,0.0
28825,0,0,0,21,21,0.0,0.0,0.0
24133,1,0,0,18,19,0.0556,0.0,0.0
26436,0,6,4,73,83,0.0,0.0822,0.0548
39795,0,0,0,6,6,0.0,0.0,0.0
18499,0,0,0,3,3,0.0,0.0,0.0
65371,0,0,0,1,1,0.0,0.0,0.0
44378,0,0,0,1,1,0.0,0.0,0.0
35104,0,0,0,3,3,0.0,0.0,0.0
32224,0,0,0,10,10,0.0,0.0,0.0
51295,0,0,0,7,7,0.0,0.0,0.0
85037,0,0,0,3,3,0.0,0.0,0.0
89380,0,0,0,1,1,0.0,0.0,0.0
82824,0,1,0,7,8,0.0,0.1429,0.0
29119,0,0,0,13,13,0.0,0.0,0.0
68235,1,0,0,26,27,0.0385,0.0,0.0
40183,0,0,0,3,3,0.0,0.0,0.0
17995,0,1,0,23,24,0.0,0.0435,0.0
48936,1,2,1,57,61,0.0175,0.0351,0.0175
58099,0,1,1,69,71,0.0,0.0145,0.0145
1827,0,0,0,9,9,0.0,0.0,0.0
23272,0,0,0,2,2,0.0,0.0,0.0
42639,0,0,0,13,13,0.0,0.0,0.0
87973,1,2,0,9,12,0.1111,0.2222,0.0
66406,0,0,0,4,4,0.0,0.0,0.0
53643,2,1,0,29,32,0.069,0.0345,0.0
10940,0,1,0,4,5,0.0,0.25,0.0
29470,0,0,0,1,1,0.0,0.0,0.0
70717,0,0,2,6,8,0.0,0.0,0.3333
50556,0,0,0,1,1,0.0,0.0,0.0
88089,0,0,0,9,9,0.0,0.0,0.0
7275,0,1,0,4,5,0.0,0.25,0.0
78872,0,1,0,9,10,0.0,0.1111,0.0
36304,0,0,0,2,2,0.0,0.0,0.0
44885,0,0,0,4,4,0.0,0.0,0.0
80860,0,0,0,7,7,0.0,0.0,0.0
9790,0,0,0,1,1,0.0,0.0,0.0
49245,0,0,0,3,3,0.0,0.0,0.0
81901,1,0,0,6,7,0.1667,0.0,0.0
102206,0,0,0,5,5,0.0,0.0,0.0
76959,0,0,0,3,3,0.0,0.0,0.0
845,0,0,0,2,2,0.0,0.0,0.0
50443,0,0,0,20,20,0.0,0.0,0.0
39142,0,0,0,153,153,0.0,0.0,0.0
8593,0,0,0,2,2,0.0,0.0,0.0
76669,0,0,0,1,1,0.0,0.0,0.0
11606,0,0,0,6,6,0.0,0.0,0.0
103832,0,0,0,1,1,0.0,0.0,0.0
69005,0,0,0,3,3,0.0,0.0,0.0
103443,0,0,0,1,1,0.0,0.0,0.0
83494,1,0,0,13,14,0.0769,0.0,0.0
95111,0,0,0,1,1,0.0,0.0,0.0
69974,0,0,0,5,5,0.0,0.0,0.0
18376,0,0,0,4,4,0.0,0.0,0.0
70538,0,0,0,5,5,0.0,0.0,0.0
23190,0,0,0,2,2,0.0,0.0,0.0
20885,0,0,0,2,2,0.0,0.0,0.0
54985,0,0,0,1,1,0.0,0.0,0.0
13681,0,0,0,23,23,0.0,0.0,0.0
69581,0,3,4,70,77,0.0,0.0429,0.0571
58597,2,4,1,103,110,0.0194,0.0388,0.0097
47439,0,0,1,38,39,0.0,0.0,0.0263
67844,0,1,0,4,5,0.0,0.25,0.0
2834,1,2,0,48,51,0.0208,0.0417,0.0
38057,0,0,0,21,21,0.0,0.0,0.0
89811,0,1,0,28,29,0.0,0.0357,0.0
71321,0,0,0,7,7,0.0,0.0,0.0
76441,1,0,0,23,24,0.0435,0.0,0.0
81470,0,0,0,6,6,0.0,0.0,0.0
71669,0,0,1,10,11,0.0,0.0,0.1
63568,0,0,1,30,31,0.0,0.0,0.0333
73014,0,2,0,5,7,0.0,0.4,0.0
2798,0,0,1,8,9,0.0,0.0,0.125
51121,0,0,0,1,1,0.0,0.0,0.0
101633,1,0,0,11,12,0.0909,0.0,0.0
89450,0,0,0,1,1,0.0,0.0,0.0
44063,0,1,0,22,23,0.0,0.0455,0.0
17492,0,0,0,1,1,0.0,0.0,0.0
36501,0,1,0,20,21,0.0,0.05,0.0
92510,1,0,0,35,36,0.0286,0.0,0.0
34240,0,0,0,23,23,0.0,0.0,0.0
28436,0,0,0,4,4,0.0,0.0,0.0
90953,0,0,0,28,28,0.0,0.0,0.0
72272,0,1,1,15,17,0.0,0.0667,0.0667
69368,0,0,0,1,1,0.0,0.0,0.0
19615,0,4,1,35,40,0.0,0.1143,0.0286
11568,0,0,0,7,7,0.0,0.0,0.0
46131,0,1,0,19,20,0.0,0.0526,0.0
6426,2,0,0,25,27,0.08,0.0,0.0
11262,0,2,1,37,40,0.0,0.0541,0.027
83629,0,0,0,8,8,0.0,0.0,0.0
39651,0,0,2,12,14,0.0,0.0,0.1667
70883,0,0,0,5,5,0.0,0.0,0.0
67444,0,0,0,1,1,0.0,0.0,0.0
55935,0,0,1,14,15,0.0,0.0,0.0714
74572,0,0,1,32,33,0.0,0.0,0.0313
46224,0,0,0,4,4,0.0,0.0,0.0
48786,0,0,0,3,3,0.0,0.0,0.0
78406,0,2,0,140,142,0.0,0.0143,0.0
68704,0,0,0,10,10,0.0,0.0,0.0
100033,0,0,0,13,13,0.0,0.0,0.0
28467,0,0,0,1,1,0.0,0.0,0.0
63183,0,0,0,2,2,0.0,0.0,0.0
80319,0,0,0,3,3,0.0,0.0,0.0
27576,0,0,0,10,10,0.0,0.0,0.0
23270,0,0,0,5,5,0.0,0.0,0.0
76319,0,0,0,9,9,0.0,0.0,0.0
21316,0,0,0,3,3,0.0,0.0,0.0
28113,0,0,0,2,2,0.0,0.0,0.0
20035,0,0,0,1,1,0.0,0.0,0.0
33172,0,0,0,1,1,0.0,0.0,0.0
67185,0,0,0,1,1,0.0,0.0,0.0
33219,0,0,0,11,11,0.0,0.0,0.0
30166,0,0,0,6,6,0.0,0.0,0.0
40545,0,0,0,7,7,0.0,0.0,0.0
52724,0,0,1,12,13,0.0,0.0,0.0833
89822,0,0,0,3,3,0.0,0.0,0.0
70871,0,0,0,1,1,0.0,0.0,0.0
43167,0,0,0,6,6,0.0,0.0,0.0
66268,0,1,0,1,2,0.0,1.0,0.0
32715,0,0,0,3,3,0.0,0.0,0.0
11411,0,0,0,2,2,0.0,0.0,0.0
62268,0,0,0,2,2,0.0,0.0,0.0
71992,0,0,0,8,8,0.0,0.0,0.0
21790,0,0,0,2,2,0.0,0.0,0.0
70739,0,0,0,1,1,0.0,0.0,0.0
17358,0,0,0,1,1,0.0,0.0,0.0
23525,0,0,0,1,1,0.0,0.0,0.0
31996,0,0,0,1,1,0.0,0.0,0.0
94818,0,0,0,2,2,0.0,0.0,0.0
20752,1,2,0,23,26,0.0435,0.087,0.0
71772,0,0,0,12,12,0.0,0.0,0.0
96465,0,0,0,2,2,0.0,0.0,0.0
53984,0,2,1,19,22,0.0,0.1053,0.0526
15075,3,3,0,30,36,0.1,0.1,0.0
78234,0,0,1,11,12,0.0,0.0,0.0909
54144,1,0,0,24,25,0.0417,0.0,0.0
33802,0,2,1,35,38,0.0,0.0571,0.0286
95244,4,4,2,205,215,0.0195,0.0195,0.0098
13017,0,4,4,137,145,0.0,0.0292,0.0292
68017,0,0,0,4,4,0.0,0.0,0.0
87703,0,0,0,19,19,0.0,0.0,0.0
86629,2,4,2,183,191,0.0109,0.0219,0.0109
61534,0,0,0,5,5,0.0,0.0,0.0
54184,0,0,0,21,21,0.0,0.0,0.0
1793,0,0,0,10,10,0.0,0.0,0.0
9832,0,0,0,8,8,0.0,0.0,0.0
90627,1,5,2,130,138,0.0077,0.0385,0.0154
94239,0,2,2,43,47,0.0,0.0465,0.0465
75015,0,1,0,13,14,0.0,0.0769,0.0
102559,0,1,0,11,12,0.0,0.0909,0.0
15353,0,0,1,2,3,0.0,0.0,0.5
80000,2,0,1,43,46,0.0465,0.0,0.0233
3086,0,0,0,1,1,0.0,0.0,0.0
18910,0,0,0,8,8,0.0,0.0,0.0
56841,0,0,1,20,21,0.0,0.0,0.05
98992,0,1,0,45,46,0.0,0.0222,0.0
49801,0,0,0,9,9,0.0,0.0,0.0
10026,0,0,1,26,27,0.0,0.0,0.0385
86290,0,0,0,9,9,0.0,0.0,0.0
51500,0,0,0,4,4,0.0,0.0,0.0
45602,0,2,0,32,34,0.0,0.0625,0.0
35587,0,0,0,11,11,0.0,0.0,0.0
93125,1,0,0,54,55,0.0185,0.0,0.0
102305,0,1,0,13,14,0.0,0.0769,0.0
42457,0,0,0,8,8,0.0,0.0,0.0
44172,0,0,0,75,75,0.0,0.0,0.0
43623,2,10,1,209,222,0.0096,0.0478,0.0048
21120,0,0,0,7,7,0.0,0.0,0.0
35124,0,0,0,5,5,0.0,0.0,0.0
56065,0,0,0,3,3,0.0,0.0,0.0
91288,1,1,0,24,26,0.0417,0.0417,0.0
61004,0,3,0,94,97,0.0,0.0319,0.0
57064,0,0,0,5,5,0.0,0.0,0.0
7368,0,0,0,1,1,0.0,0.0,0.0
55929,0,0,0,2,2,0.0,0.0,0.0
41873,0,0,1,22,23,0.0,0.0,0.0455
75958,0,0,0,5,5,0.0,0.0,0.0
63950,0,0,0,5,5,0.0,0.0,0.0
53235,0,0,0,1,1,0.0,0.0,0.0
35300,0,0,0,7,7,0.0,0.0,0.0
45099,0,0,0,12,12,0.0,0.0,0.0
77626,0,0,1,2,3,0.0,0.0,0.5
74205,0,0,0,2,2,0.0,0.0,0.0
43608,0,0,0,5,5,0.0,0.0,0.0
42296,0,0,0,5,5,0.0,0.0,0.0
58671,0,0,0,7,7,0.0,0.0,0.0
86053,0,0,0,2,2,0.0,0.0,0.0
21719,0,1,0,3,4,0.0,0.3333,0.0
11358,0,0,0,1,1,0.0,0.0,0.0
50068,0,0,0,1,1,0.0,0.0,0.0
33101,1,1,0,16,18,0.0625,0.0625,0.0
40402,0,0,0,3,3,0.0,0.0,0.0
30564,0,0,0,4,4,0.0,0.0,0.0
23247,0,0,0,1,1,0.0,0.0,0.0
34618,0,0,0,1,1,0.0,0.0,0.0
44400,0,0,0,5,5,0.0,0.0,0.0
70788,0,0,0,12,12,0.0,0.0,0.0
70202,0,0,0,9,9,0.0,0.0,0.0
8569,0,0,0,1,1,0.0,0.0,0.0
60574,0,0,0,26,26,0.0,0.0,0.0
36126,0,0,0,4,4,0.0,0.0,0.0
71109,0,0,0,1,1,0.0,0.0,0.0
18134,0,0,2,61,63,0.0,0.0,0.0328
17850,0,0,0,22,22,0.0,0.0,0.0
31559,0,0,2,13,15,0.0,0.0,0.1538
90991,0,0,0,16,16,0.0,0.0,0.0
83342,0,0,0,3,3,0.0,0.0,0.0
53588,0,1,0,71,72,0.0,0.0141,0.0
78832,0,0,0,4,4,0.0,0.0,0.0
91484,1,0,0,18,19,0.0556,0.0,0.0
3999,0,0,0,3,3,0.0,0.0,0.0
101585,0,0,1,10,11,0.0,0.0,0.1
98172,0,0,0,64,64,0.0,0.0,0.0
98747,1,0,1,7,9,0.1429,0.0,0.1429
64186,5,2,4,192,203,0.026,0.0104,0.0208
33883,0,0,0,4,4,0.0,0.0,0.0
94339,0,0,0,9,9,0.0,0.0,0.0
78398,6,7,4,211,228,0.0284,0.0332,0.019
95906,0,3,0,63,66,0.0,0.0476,0.0
97943,0,0,0,8,8,0.0,0.0,0.0
99758,0,0,0,32,32,0.0,0.0,0.0
27170,0,0,0,19,19,0.0,0.0,0.0
52367,0,0,0,6,6,0.0,0.0,0.0
63083,0,1,0,1,2,0.0,1.0,0.0
61084,0,0,0,32,32,0.0,0.0,0.0
12482,1,0,0,8,9,0.125,0.0,0.0
62390,0,1,1,16,18,0.0,0.0625,0.0625
76162,0,0,0,4,4,0.0,0.0,0.0
102824,0,0,0,16,16,0.0,0.0,0.0
97526,0,0,0,4,4,0.0,0.0,0.0
30374,0,0,0,6,6,0.0,0.0,0.0
29543,0,0,0,1,1,0.0,0.0,0.0
96528,0,0,0,5,5,0.0,0.0,0.0
16450,0,0,0,31,31,0.0,0.0,0.0
67701,4,1,1,64,70,0.0625,0.0156,0.0156
98790,0,0,0,3,3,0.0,0.0,0.0
57729,0,0,0,18,18,0.0,0.0,0.0
33605,0,0,0,5,5,0.0,0.0,0.0
59191,0,0,0,1,1,0.0,0.0,0.0
76853,0,0,0,2,2,0.0,0.0,0.0
17779,0,0,0,1,1,0.0,0.0,0.0
615,0,0,0,6,6,0.0,0.0,0.0
4073,0,0,0,6,6,0.0,0.0,0.0
4816,0,0,0,7,7,0.0,0.0,0.0
32582,0,0,0,10,10,0.0,0.0,0.0
16631,0,0,0,10,10,0.0,0.0,0.0
49495,0,0,0,1,1,0.0,0.0,0.0
28770,0,0,0,1,1,0.0,0.0,0.0
77379,0,0,0,8,8,0.0,0.0,0.0
44131,0,0,0,1,1,0.0,0.0,0.0
59495,0,0,0,3,3,0.0,0.0,0.0
5329,0,0,0,7,7,0.0,0.0,0.0
68641,0,0,0,1,1,0.0,0.0,0.0
26029,0,1,0,4,5,0.0,0.25,0.0
102539,0,0,0,1,1,0.0,0.0,0.0
5094,0,0,0,1,1,0.0,0.0,0.0
22902,0,0,0,2,2,0.0,0.0,0.0
72016,0,0,0,1,1,0.0,0.0,0.0
31163,0,0,0,1,1,0.0,0.0,0.0
61586,0,0,0,1,1,0.0,0.0,0.0
88614,0,0,0,3,3,0.0,0.0,0.0
9739,0,0,0,5,5,0.0,0.0,0.0
18343,3,2,0,45,50,0.0667,0.0444,0.0
8094,0,1,1,45,47,0.0,0.0222,0.0222
53671,0,0,0,20,20,0.0,0.0,0.0
93515,0,0,0,6,6,0.0,0.0,0.0
54540,0,2,0,7,9,0.0,0.2857,0.0
13558,1,1,0,30,32,0.0333,0.0333,0.0
82111,0,0,0,4,4,0.0,0.0,0.0
81308,0,0,0,3,3,0.0,0.0,0.0
36410,0,0,0,7,7,0.0,0.0,0.0
41694,0,0,0,10,10,0.0,0.0,0.0
95987,0,0,0,5,5,0.0,0.0,0.0
90050,1,0,0,14,15,0.0714,0.0,0.0
34914,0,1,0,6,7,0.0,0.1667,0.0
75183,0,0,2,21,23,0.0,0.0,0.0952
86066,0,0,1,17,18,0.0,0.0,0.0588
13341,0,3,9,188,200,0.0,0.016,0.0479
37350,0,0,0,47,47,0.0,0.0,0.0
70753,0,0,0,5,5,0.0,0.0,0.0
66027,0,0,0,16,16,0.0,0.0,0.0
92807,0,2,0,10,12,0.0,0.2,0.0
101084,0,0,0,2,2,0.0,0.0,0.0
46460,0,0,1,13,14,0.0,0.0,0.0769
98883,0,0,0,7,7,0.0,0.0,0.0
36876,0,0,0,5,5,0.0,0.0,0.0
22074,0,0,0,27,27,0.0,0.0,0.0
44031,0,0,1,7,8,0.0,0.0,0.1429
53180,0,0,0,25,25,0.0,0.0,0.0
54253,0,1,1,26,28,0.0,0.0385,0.0385
70870,0,0,1,50,51,0.0,0.0,0.02
16460,2,0,0,40,42,0.05,0.0,0.0
59052,0,2,4,67,73,0.0,0.0299,0.0597
15893,0,2,1,53,56,0.0,0.0377,0.0189
39456,0,0,0,6,6,0.0,0.0,0.0
22059,0,0,0,7,7,0.0,0.0,0.0
17478,0,0,0,4,4,0.0,0.0,0.0
29805,0,0,1,11,12,0.0,0.0,0.0909
63304,0,0,0,5,5,0.0,0.0,0.0
67269,2,3,7,125,137,0.016,0.024,0.056
49716,0,1,1,44,46,0.0,0.0227,0.0227
97578,0,0,0,32,32,0.0,0.0,0.0
22485,0,0,0,2,2,0.0,0.0,0.0
10350,0,0,0,15,15,0.0,0.0,0.0
93472,0,0,0,1,1,0.0,0.0,0.0
101175,0,1,0,6,7,0.0,0.1667,0.0
96191,0,0,0,2,2,0.0,0.0,0.0
104384,0,0,0,8,8,0.0,0.0,0.0
1182,0,0,0,21,21,0.0,0.0,0.0
26450,0,0,0,1,1,0.0,0.0,0.0
8590,0,1,0,17,18,0.0,0.0588,0.0
30392,1,1,0,48,50,0.0208,0.0208,0.0
17909,0,0,0,2,2,0.0,0.0,0.0
67026,0,0,0,1,1,0.0,0.0,0.0
44959,0,0,0,4,4,0.0,0.0,0.0
77610,0,0,0,1,1,0.0,0.0,0.0
102564,0,0,0,4,4,0.0,0.0,0.0
11682,0,0,0,9,9,0.0,0.0,0.0
66204,0,0,0,4,4,0.0,0.0,0.0
64763,0,0,0,7,7,0.0,0.0,0.0
98484,0,0,0,2,2,0.0,0.0,0.0
1132,0,0,0,1,1,0.0,0.0,0.0
52269,0,0,0,1,1,0.0,0.0,0.0
38385,0,0,0,1,1,0.0,0.0,0.0
98151,0,0,1,1,2,0.0,0.0,1.0
71186,0,0,0,1,1,0.0,0.0,0.0
16020,0,1,0,2,3,0.0,0.5,0.0
99353,0,1,0,11,12,0.0,0.0909,0.0
28162,0,0,0,11,11,0.0,0.0,0.0
98755,0,0,0,1,1,0.0,0.0,0.0
73371,0,0,0,9,9,0.0,0.0,0.0
9287,0,0,0,1,1,0.0,0.0,0.0
52192,0,0,1,11,12,0.0,0.0,0.0909
71258,2,9,2,363,376,0.0055,0.0248,0.0055
72086,0,0,0,3,3,0.0,0.0,0.0
43056,1,4,6,251,262,0.004,0.0159,0.0239
100814,0,3,0,67,70,0.0,0.0448,0.0
52895,4,9,1,232,246,0.0172,0.0388,0.0043
48371,0,0,0,6,6,0.0,0.0,0.0
74000,0,0,2,24,26,0.0,0.0,0.0833
3092,2,0,0,46,48,0.0435,0.0,0.0
41607,0,0,0,36,36,0.0,0.0,0.0
85584,0,1,0,6,7,0.0,0.1667,0.0
44228,0,0,0,4,4,0.0,0.0,0.0
68416,0,0,0,4,4,0.0,0.0,0.0
69606,1,2,1,25,29,0.04,0.08,0.04
67100,0,1,1,32,34,0.0,0.0313,0.0313
90578,1,0,0,34,35,0.0294,0.0,0.0
61850,0,0,0,17,17,0.0,0.0,0.0
16011,0,0,2,46,48,0.0,0.0,0.0435
45791,0,0,0,22,22,0.0,0.0,0.0
45411,0,0,0,6,6,0.0,0.0,0.0
4238,0,0,0,2,2,0.0,0.0,0.0
64473,0,0,0,7,7,0.0,0.0,0.0
32807,0,0,1,12,13,0.0,0.0,0.0833
42008,1,0,0,13,14,0.0769,0.0,0.0
25823,0,0,0,4,4,0.0,0.0,0.0
59118,0,0,1,23,24,0.0,0.0,0.0435
66198,0,0,0,7,7,0.0,0.0,0.0
59485,0,0,0,12,12,0.0,0.0,0.0
40581,0,0,0,8,8,0.0,0.0,0.0
34264,1,1,0,21,23,0.0476,0.0476,0.0
68983,0,0,0,3,3,0.0,0.0,0.0
3330,0,0,0,2,2,0.0,0.0,0.0
53645,0,0,0,19,19,0.0,0.0,0.0
89981,0,0,1,1,2,0.0,0.0,1.0
99001,0,0,0,25,25,0.0,0.0,0.0
104351,0,0,3,15,18,0.0,0.0,0.2
10618,0,0,1,3,4,0.0,0.0,0.3333
76652,0,0,0,8,8,0.0,0.0,0.0
44214,0,0,0,14,14,0.0,0.0,0.0
57809,0,0,0,1,1,0.0,0.0,0.0
48425,1,0,0,23,24,0.0435,0.0,0.0
74647,0,0,0,10,10,0.0,0.0,0.0
65938,0,0,0,5,5,0.0,0.0,0.0
68333,0,0,0,3,3,0.0,0.0,0.0
46903,0,0,0,2,2,0.0,0.0,0.0
79870,0,0,2,8,10,0.0,0.0,0.25
50392,0,0,0,1,1,0.0,0.0,0.0
65033,0,0,0,1,1,0.0,0.0,0.0
50305,0,0,0,4,4,0.0,0.0,0.0
43837,0,0,0,5,5,0.0,0.0,0.0
27299,0,0,0,3,3,0.0,0.0,0.0
19058,1,2,0,17,20,0.0588,0.1176,0.0
66691,0,1,0,2,3,0.0,0.5,0.0
80756,0,0,0,4,4,0.0,0.0,0.0
101504,0,0,0,17,17,0.0,0.0,0.0
84961,0,0,0,5,5,0.0,0.0,0.0
67415,0,0,0,11,11,0.0,0.0,0.0
101371,0,0,0,3,3,0.0,0.0,0.0
86370,0,0,0,1,1,0.0,0.0,0.0
51876,0,0,0,5,5,0.0,0.0,0.0
58213,0,0,1,1,2,0.0,0.0,1.0
85949,0,0,0,2,2,0.0,0.0,0.0
9204,0,1,0,3,4,0.0,0.3333,0.0
76722,0,0,0,1,1,0.0,0.0,0.0
53396,0,0,0,2,2,0.0,0.0,0.0
96686,0,0,0,1,1,0.0,0.0,0.0
2620,0,0,0,1,1,0.0,0.0,0.0
89297,0,0,0,2,2,0.0,0.0,0.0
50697,0,0,0,5,5,0.0,0.0,0.0
18917,0,0,0,1,1,0.0,0.0,0.0
35075,0,0,0,1,1,0.0,0.0,0.0
71579,0,0,0,5,5,0.0,0.0,0.0
21523,0,0,0,1,1,0.0,0.0,0.0
4712,0,0,0,1,1,0.0,0.0,0.0
44862,0,0,0,1,1,0.0,0.0,0.0
35424,0,1,0,1,2,0.0,1.0,0.0
95547,0,0,0,1,1,0.0,0.0,0.0
11840,0,0,0,2,2,0.0,0.0,0.0
51698,0,0,0,6,6,0.0,0.0,0.0
48000,0,0,0,2,2,0.0,0.0,0.0
88578,0,0,0,9,9,0.0,0.0,0.0
39755,2,5,3,135,145,0.0148,0.037,0.0222
101469,0,0,0,10,10,0.0,0.0,0.0
8023,1,0,2,20,23,0.05,0.0,0.1
72559,0,0,1,32,33,0.0,0.0,0.0313
79180,0,0,0,15,15,0.0,0.0,0.0
26877,0,0,0,10,10,0.0,0.0,0.0
95046,0,0,0,1,1,0.0,0.0,0.0
76724,0,2,0,35,37,0.0,0.0571,0.0
15693,0,0,0,3,3,0.0,0.0,0.0
81625,1,0,0,4,5,0.25,0.0,0.0
91860,0,0,0,2,2,0.0,0.0,0.0
63926,0,0,0,7,7,0.0,0.0,0.0
52035,1,1,1,114,117,0.0088,0.0088,0.0088
102810,0,0,0,5,5,0.0,0.0,0.0
93659,0,1,0,35,36,0.0,0.0286,0.0
25090,1,0,0,61,62,0.0164,0.0,0.0
103241,0,0,0,6,6,0.0,0.0,0.0
92305,0,0,0,3,3,0.0,0.0,0.0
44432,0,0,0,15,15,0.0,0.0,0.0
61094,0,0,0,4,4,0.0,0.0,0.0
83952,0,0,2,54,56,0.0,0.0,0.037
88586,0,0,0,1,1,0.0,0.0,0.0
26039,0,1,0,9,10,0.0,0.1111,0.0
35828,0,0,0,2,2,0.0,0.0,0.0
29116,0,0,0,65,65,0.0,0.0,0.0
51435,0,0,0,2,2,0.0,0.0,0.0
59387,0,0,0,18,18,0.0,0.0,0.0
40352,0,0,0,1,1,0.0,0.0,0.0
3832,1,0,0,3,4,0.3333,0.0,0.0
90338,0,0,0,8,8,0.0,0.0,0.0
52807,0,0,0,1,1,0.0,0.0,0.0
88478,0,1,0,2,3,0.0,0.5,0.0
24086,0,1,0,3,4,0.0,0.3333,0.0
45433,0,0,0,20,20,0.0,0.0,0.0
28249,0,0,0,2,2,0.0,0.0,0.0
45792,0,0,0,4,4,0.0,0.0,0.0
16085,0,0,0,1,1,0.0,0.0,0.0
60590,0,0,0,1,1,0.0,0.0,0.0
95160,0,0,0,1,1,0.0,0.0,0.0
1828,0,0,0,1,1,0.0,0.0,0.0
69049,0,0,0,1,1,0.0,0.0,0.0
73630,0,0,0,3,3,0.0,0.0,0.0
77466,0,0,0,5,5,0.0,0.0,0.0
33732,0,0,0,12,12,0.0,0.0,0.0
46533,0,0,0,2,2,0.0,0.0,0.0
23592,0,0,0,1,1,0.0,0.0,0.0
57839,0,0,0,1,1,0.0,0.0,0.0
32822,0,0,0,2,2,0.0,0.0,0.0
33823,0,0,0,1,1,0.0,0.0,0.0
61724,0,0,0,1,1,0.0,0.0,0.0
88732,0,1,0,7,8,0.0,0.1429,0.0
33214,0,0,0,2,2,0.0,0.0,0.0
87875,0,0,0,1,1,0.0,0.0,0.0
89357,0,0,0,1,1,0.0,0.0,0.0
13845,0,0,0,2,2,0.0,0.0,0.0
71697,0,0,0,7,7,0.0,0.0,0.0
79171,3,5,2,96,106,0.0313,0.0521,0.0208
17445,5,1,0,119,125,0.042,0.0084,0.0
33492,0,0,0,6,6,0.0,0.0,0.0
59348,1,0,1,11,13,0.0909,0.0,0.0909
12585,1,1,0,78,80,0.0128,0.0128,0.0
58587,0,0,0,1,1,0.0,0.0,0.0
71219,0,0,0,1,1,0.0,0.0,0.0
90940,0,0,0,4,4,0.0,0.0,0.0
97395,0,0,1,46,47,0.0,0.0,0.0217
27729,0,0,11,162,173,0.0,0.0,0.0679
74924,0,2,0,13,15,0.0,0.1538,0.0
58858,0,0,0,2,2,0.0,0.0,0.0
43520,0,0,0,13,13,0.0,0.0,0.0
60850,1,0,1,7,9,0.1429,0.0,0.1429
8344,0,0,0,3,3,0.0,0.0,0.0
73654,0,0,0,20,20,0.0,0.0,0.0
12648,0,0,1,11,12,0.0,0.0,0.0909
97005,3,3,1,76,83,0.0395,0.0395,0.0132
66146,0,0,0,6,6,0.0,0.0,0.0
74976,2,0,0,34,36,0.0588,0.0,0.0
83109,0,0,0,11,11,0.0,0.0,0.0
101227,1,0,1,69,71,0.0145,0.0,0.0145
39522,0,0,0,1,1,0.0,0.0,0.0
88525,0,0,0,19,19,0.0,0.0,0.0
92193,2,0,1,54,57,0.037,0.0,0.0185
53203,1,0,0,16,17,0.0625,0.0,0.0
59173,0,1,1,158,160,0.0,0.0063,0.0063
82522,0,1,1,26,28,0.0,0.0385,0.0385
26232,0,0,0,1,1,0.0,0.0,0.0
27410,0,0,0,15,15,0.0,0.0,0.0
69085,0,0,0,7,7,0.0,0.0,0.0
14042,0,0,0,7,7,0.0,0.0,0.0
11665,0,0,0,34,34,0.0,0.0,0.0
48641,0,0,0,7,7,0.0,0.0,0.0
62431,0,0,0,3,3,0.0,0.0,0.0
10796,0,0,0,2,2,0.0,0.0,0.0
93783,1,1,2,70,74,0.0143,0.0143,0.0286
97425,0,0,0,13,13,0.0,0.0,0.0
96822,0,0,0,1,1,0.0,0.0,0.0
79261,0,0,0,1,1,0.0,0.0,0.0
92695,0,0,0,6,6,0.0,0.0,0.0
52715,0,0,0,1,1,0.0,0.0,0.0
99080,0,0,0,30,30,0.0,0.0,0.0
40377,0,0,0,4,4,0.0,0.0,0.0
92211,0,0,0,1,1,0.0,0.0,0.0
24427,0,0,0,1,1,0.0,0.0,0.0
49706,0,0,0,18,18,0.0,0.0,0.0
95242,0,0,0,9,9,0.0,0.0,0.0
13116,0,0,0,6,6,0.0,0.0,0.0
16408,0,0,0,2,2,0.0,0.0,0.0
21066,0,0,0,3,3,0.0,0.0,0.0
46991,0,0,0,2,2,0.0,0.0,0.0
59608,0,0,0,3,3,0.0,0.0,0.0
40037,0,0,1,4,5,0.0,0.0,0.25
9269,0,0,0,3,3,0.0,0.0,0.0
6314,0,0,0,2,2,0.0,0.0,0.0
7621,0,0,0,2,2,0.0,0.0,0.0
81150,0,0,0,1,1,0.0,0.0,0.0
43627,0,0,0,5,5,0.0,0.0,0.0
55467,0,0,0,1,1,0.0,0.0,0.0
85329,0,1,0,1,2,0.0,1.0,0.0
89627,0,0,0,2,2,0.0,0.0,0.0
100398,0,0,0,1,1,0.0,0.0,0.0
74369,0,0,0,1,1,0.0,0.0,0.0
16779,0,0,1,10,11,0.0,0.0,0.1
1231,0,1,4,113,118,0.0,0.0088,0.0354
8589,4,0,4,28,36,0.1429,0.0,0.1429
94167,0,0,0,6,6,0.0,0.0,0.0
83411,1,0,0,11,12,0.0909,0.0,0.0
3610,0,0,0,47,47,0.0,0.0,0.0
103684,0,0,0,4,4,0.0,0.0,0.0
10740,0,0,0,11,11,0.0,0.0,0.0
87296,0,0,1,18,19,0.0,0.0,0.0556
32708,0,0,0,4,4,0.0,0.0,0.0
50844,0,1,1,58,60,0.0,0.0172,0.0172
100350,0,0,2,12,14,0.0,0.0,0.1667
82642,3,1,2,24,30,0.125,0.0417,0.0833
95490,1,2,2,204,209,0.0049,0.0098,0.0098
97373,1,0,1,7,9,0.1429,0.0,0.1429
16277,0,0,0,9,9,0.0,0.0,0.0
37652,0,0,0,18,18,0.0,0.0,0.0
37952,1,2,6,165,174,0.0061,0.0121,0.0364
12864,0,1,2,43,46,0.0,0.0233,0.0465
59911,0,0,0,26,26,0.0,0.0,0.0
12665,0,0,0,15,15,0.0,0.0,0.0
97520,0,0,0,4,4,0.0,0.0,0.0
78320,0,0,2,17,19,0.0,0.0,0.1176
38432,0,0,3,18,21,0.0,0.0,0.1667
57770,0,0,1,9,10,0.0,0.0,0.1111
102850,0,0,0,17,17,0.0,0.0,0.0
61845,0,0,0,4,4,0.0,0.0,0.0
14014,1,0,0,26,27,0.0385,0.0,0.0
97517,0,0,0,1,1,0.0,0.0,0.0
90100,0,2,1,34,37,0.0,0.0588,0.0294
38005,3,0,0,25,28,0.12,0.0,0.0
102467,0,0,0,5,5,0.0,0.0,0.0
93116,0,0,0,9,9,0.0,0.0,0.0
70452,0,0,1,9,10,0.0,0.0,0.1111
38015,0,0,0,3,3,0.0,0.0,0.0
80949,0,0,2,9,11,0.0,0.0,0.2222
64319,0,2,1,100,103,0.0,0.02,0.01
32641,0,0,0,7,7,0.0,0.0,0.0
7233,0,0,0,6,6,0.0,0.0,0.0
88079,0,0,0,14,14,0.0,0.0,0.0
64379,0,1,2,37,40,0.0,0.027,0.0541
23157,0,0,3,47,50,0.0,0.0,0.0638
29015,2,0,0,19,21,0.1053,0.0,0.0
24995,0,0,0,2,2,0.0,0.0,0.0
48818,0,13,2,200,215,0.0,0.065,0.01
20871,0,0,0,13,13,0.0,0.0,0.0
75233,0,0,0,1,1,0.0,0.0,0.0
62046,0,1,0,9,10,0.0,0.1111,0.0
53792,0,0,0,9,9,0.0,0.0,0.0
2067,0,3,0,20,23,0.0,0.15,0.0
46161,0,0,1,3,4,0.0,0.0,0.3333
92586,0,0,0,4,4,0.0,0.0,0.0
51684,0,0,1,3,4,0.0,0.0,0.3333
4694,1,0,0,7,8,0.1429,0.0,0.0
88165,0,0,0,11,11,0.0,0.0,0.0
28769,0,0,0,26,26,0.0,0.0,0.0
23226,0,0,0,2,2,0.0,0.0,0.0
77531,0,0,0,2,2,0.0,0.0,0.0
19718,0,0,0,3,3,0.0,0.0,0.0
87217,0,2,0,86,88,0.0,0.0233,0.0
5288,0,0,0,10,10,0.0,0.0,0.0
11177,0,0,0,2,2,0.0,0.0,0.0
78192,0,0,0,16,16,0.0,0.0,0.0
10172,0,0,0,2,2,0.0,0.0,0.0
58518,0,0,0,2,2,0.0,0.0,0.0
81383,0,0,0,1,1,0.0,0.0,0.0
91068,0,0,0,4,4,0.0,0.0,0.0
13454,0,0,0,1,1,0.0,0.0,0.0
62189,0,0,0,1,1,0.0,0.0,0.0
54142,0,0,0,2,2,0.0,0.0,0.0
60420,0,0,0,8,8,0.0,0.0,0.0
92539,0,0,0,5,5,0.0,0.0,0.0
69889,0,0,0,2,2,0.0,0.0,0.0
77187,1,1,0,5,7,0.2,0.2,0.0
34375,0,0,0,3,3,0.0,0.0,0.0
101327,0,0,1,5,6,0.0,0.0,0.2
63297,0,0,0,24,24,0.0,0.0,0.0
83899,0,1,0,3,4,0.0,0.3333,0.0
38895,0,0,0,5,5,0.0,0.0,0.0
26568,0,0,0,11,11,0.0,0.0,0.0
60010,0,0,0,3,3,0.0,0.0,0.0
98337,0,0,0,10,10,0.0,0.0,0.0
53328,0,0,0,3,3,0.0,0.0,0.0
71153,0,0,0,18,18,0.0,0.0,0.0
1949,0,0,0,1,1,0.0,0.0,0.0
38591,0,0,0,12,12,0.0,0.0,0.0
14494,0,0,0,26,26,0.0,0.0,0.0
44947,0,0,0,8,8,0.0,0.0,0.0
98410,2,1,3,90,96,0.0222,0.0111,0.0333
73107,1,0,2,56,59,0.0179,0.0,0.0357
83443,0,0,1,6,7,0.0,0.0,0.1667
38963,0,1,0,3,4,0.0,0.3333,0.0
103184,1,2,0,30,33,0.0333,0.0667,0.0
103697,0,0,0,6,6,0.0,0.0,0.0
4485,0,0,0,3,3,0.0,0.0,0.0
66106,0,0,0,15,15,0.0,0.0,0.0
19699,0,0,0,38,38,0.0,0.0,0.0
58271,0,0,0,12,12,0.0,0.0,0.0
41194,0,0,0,2,2,0.0,0.0,0.0
76042,0,0,0,13,13,0.0,0.0,0.0
31640,0,0,0,1,1,0.0,0.0,0.0
63371,4,2,1,127,134,0.0315,0.0157,0.0079
64408,0,0,0,2,2,0.0,0.0,0.0
14867,0,0,0,4,4,0.0,0.0,0.0
63599,3,1,0,69,73,0.0435,0.0145,0.0
104365,0,0,0,16,16,0.0,0.0,0.0
63587,0,0,1,17,18,0.0,0.0,0.0588
38696,1,1,0,54,56,0.0185,0.0185,0.0
59134,0,0,0,6,6,0.0,0.0,0.0
8715,1,0,0,44,45,0.0227,0.0,0.0
22901,0,0,0,43,43,0.0,0.0,0.0
25600,0,1,0,4,5,0.0,0.25,0.0
31698,0,0,0,1,1,0.0,0.0,0.0
84249,0,0,0,1,1,0.0,0.0,0.0
35625,2,0,0,26,28,0.0769,0.0,0.0
79842,0,0,0,10,10,0.0,0.0,0.0
26914,0,0,0,11,11,0.0,0.0,0.0
22893,0,0,0,1,1,0.0,0.0,0.0
102116,0,0,0,1,1,0.0,0.0,0.0
50874,0,1,2,50,53,0.0,0.02,0.04
6532,0,0,1,3,4,0.0,0.0,0.3333
69615,0,0,0,3,3,0.0,0.0,0.0
66639,0,0,0,1,1,0.0,0.0,0.0
93700,0,0,0,9,9,0.0,0.0,0.0
72443,0,0,0,4,4,0.0,0.0,0.0
102136,0,0,0,11,11,0.0,0.0,0.0
40615,0,0,1,7,8,0.0,0.0,0.1429
72726,0,0,0,3,3,0.0,0.0,0.0
31732,0,0,0,3,3,0.0,0.0,0.0
102014,0,0,0,12,12,0.0,0.0,0.0
7907,0,0,0,2,2,0.0,0.0,0.0
68092,0,0,0,3,3,0.0,0.0,0.0
73850,0,0,0,5,5,0.0,0.0,0.0
50304,0,0,0,35,35,0.0,0.0,0.0
93922,0,0,0,1,1,0.0,0.0,0.0
73344,1,1,0,15,17,0.0667,0.0667,0.0
73197,0,0,0,1,1,0.0,0.0,0.0
17620,0,0,0,3,3,0.0,0.0,0.0
62687,0,0,0,1,1,0.0,0.0,0.0
18329,0,2,0,1,3,0.0,2.0,0.0
5598,0,0,0,2,2,0.0,0.0,0.0
14490,0,0,0,4,4,0.0,0.0,0.0
69254,0,0,0,3,3,0.0,0.0,0.0
70424,0,0,0,1,1,0.0,0.0,0.0
8137,0,0,0,1,1,0.0,0.0,0.0
74549,0,0,0,1,1,0.0,0.0,0.0
65340,0,0,0,20,20,0.0,0.0,0.0
51745,0,0,0,10,10,0.0,0.0,0.0
55435,0,0,0,9,9,0.0,0.0,0.0
39569,0,0,0,6,6,0.0,0.0,0.0
47654,0,0,0,5,5,0.0,0.0,0.0
84522,0,0,0,2,2,0.0,0.0,0.0
65381,0,2,0,100,102,0.0,0.02,0.0
25609,0,0,1,10,11,0.0,0.0,0.1
18584,0,0,0,8,8,0.0,0.0,0.0
33328,0,1,0,3,4,0.0,0.3333,0.0
20488,0,0,1,33,34,0.0,0.0,0.0303
45400,0,1,0,18,19,0.0,0.0556,0.0
91276,0,0,0,5,5,0.0,0.0,0.0
43601,0,1,0,15,16,0.0,0.0667,0.0
36816,0,0,0,1,1,0.0,0.0,0.0
86178,0,0,0,1,1,0.0,0.0,0.0
16522,0,0,0,1,1,0.0,0.0,0.0
37005,0,0,0,2,2,0.0,0.0,0.0
76329,0,0,0,6,6,0.0,0.0,0.0
4264,0,0,0,8,8,0.0,0.0,0.0
2735,0,1,0,2,3,0.0,0.5,0.0
23610,0,1,0,10,11,0.0,0.1,0.0
42253,1,1,0,34,36,0.0294,0.0294,0.0
82526,0,0,1,12,13,0.0,0.0,0.0833
57061,0,0,0,20,20,0.0,0.0,0.0
18228,1,0,2,39,42,0.0256,0.0,0.0513
86176,0,0,0,7,7,0.0,0.0,0.0
50321,0,0,0,17,17,0.0,0.0,0.0
8337,0,1,0,15,16,0.0,0.0667,0.0
10976,0,0,0,1,1,0.0,0.0,0.0
77753,0,0,0,17,17,0.0,0.0,0.0
22267,0,0,0,20,20,0.0,0.0,0.0
80931,1,4,1,225,231,0.0044,0.0178,0.0044
46723,0,0,0,4,4,0.0,0.0,0.0
7423,0,0,0,3,3,0.0,0.0,0.0
91710,0,1,0,9,10,0.0,0.1111,0.0
93371,0,0,1,27,28,0.0,0.0,0.037
45563,0,0,0,1,1,0.0,0.0,0.0
90614,0,0,0,11,11,0.0,0.0,0.0
69194,1,1,0,27,29,0.037,0.037,0.0
46080,0,1,0,9,10,0.0,0.1111,0.0
96849,0,0,0,2,2,0.0,0.0,0.0
38558,0,1,0,10,11,0.0,0.1,0.0
79704,0,0,0,1,1,0.0,0.0,0.0
42565,0,0,0,8,8,0.0,0.0,0.0
51913,0,0,0,24,24,0.0,0.0,0.0
71500,0,0,1,9,10,0.0,0.0,0.1111
54094,0,0,2,17,19,0.0,0.0,0.1176
29385,1,1,0,11,13,0.0909,0.0909,0.0
56759,0,0,1,6,7,0.0,0.0,0.1667
92121,0,0,0,19,19,0.0,0.0,0.0
74856,0,0,1,10,11,0.0,0.0,0.1
60775,0,0,0,4,4,0.0,0.0,0.0
72370,1,0,0,0,1,0.0,0.0,0.0
87848,0,0,0,1,1,0.0,0.0,0.0
43881,0,0,0,1,1,0.0,0.0,0.0
81455,1,1,1,35,38,0.0286,0.0286,0.0286
46770,0,0,2,16,18,0.0,0.0,0.125
12918,0,0,0,1,1,0.0,0.0,0.0
28494,0,0,0,3,3,0.0,0.0,0.0
4143,0,0,0,1,1,0.0,0.0,0.0
68073,0,0,0,4,4,0.0,0.0,0.0
28439,0,0,0,2,2,0.0,0.0,0.0
47905,0,0,0,2,2,0.0,0.0,0.0
66327,0,0,0,1,1,0.0,0.0,0.0
28555,0,0,0,2,2,0.0,0.0,0.0
74883,0,0,0,13,13,0.0,0.0,0.0
318,0,0,0,7,7,0.0,0.0,0.0
34991,0,0,0,1,1,0.0,0.0,0.0
12884,0,0,0,3,3,0.0,0.0,0.0
43366,0,0,0,2,2,0.0,0.0,0.0
33975,0,0,0,1,1,0.0,0.0,0.0
103266,0,0,0,5,5,0.0,0.0,0.0
51784,0,0,0,2,2,0.0,0.0,0.0
79124,0,1,1,61,63,0.0,0.0164,0.0164
60999,0,0,0,3,3,0.0,0.0,0.0
80928,1,1,0,9,11,0.1111,0.1111,0.0
97525,0,2,2,72,76,0.0,0.0278,0.0278
53149,1,0,0,14,15,0.0714,0.0,0.0
99371,3,3,0,99,105,0.0303,0.0303,0.0
43319,4,1,4,73,82,0.0548,0.0137,0.0548
17752,0,0,0,6,6,0.0,0.0,0.0
63048,0,0,0,10,10,0.0,0.0,0.0
79112,0,2,0,23,25,0.0,0.087,0.0
15992,0,1,1,63,65,0.0,0.0159,0.0159
78325,0,0,0,2,2,0.0,0.0,0.0
56917,1,2,1,90,94,0.0111,0.0222,0.0111
103352,0,0,0,3,3,0.0,0.0,0.0
51037,0,0,0,7,7,0.0,0.0,0.0
72497,0,0,0,2,2,0.0,0.0,0.0
61427,0,1,0,89,90,0.0,0.0112,0.0
100597,0,0,0,2,2,0.0,0.0,0.0
19412,0,0,0,1,1,0.0,0.0,0.0
23651,0,0,0,3,3,0.0,0.0,0.0
101612,0,0,2,22,24,0.0,0.0,0.0909
89890,0,0,0,15,15,0.0,0.0,0.0
21718,0,0,0,5,5,0.0,0.0,0.0
55305,0,0,1,84,85,0.0,0.0,0.0119
72577,0,0,0,29,29,0.0,0.0,0.0
33887,0,0,0,10,10,0.0,0.0,0.0
68307,0,0,0,7,7,0.0,0.0,0.0
83000,0,2,0,73,75,0.0,0.0274,0.0
87733,0,2,0,43,45,0.0,0.0465,0.0
13433,0,0,0,34,34,0.0,0.0,0.0
64723,0,0,0,68,68,0.0,0.0,0.0
48612,0,0,0,10,10,0.0,0.0,0.0
891,0,0,0,2,2,0.0,0.0,0.0
30453,0,1,0,9,10,0.0,0.1111,0.0
103985,2,3,2,69,76,0.029,0.0435,0.029
26033,0,0,0,19,19,0.0,0.0,0.0
86372,0,0,0,1,1,0.0,0.0,0.0
26014,0,0,0,3,3,0.0,0.0,0.0
39431,1,1,0,53,55,0.0189,0.0189,0.0
54363,0,0,0,12,12,0.0,0.0,0.0
4059,1,1,0,26,28,0.0385,0.0385,0.0
50873,0,0,0,1,1,0.0,0.0,0.0
20445,0,0,0,1,1,0.0,0.0,0.0
9330,0,0,0,1,1,0.0,0.0,0.0
95442,0,0,0,1,1,0.0,0.0,0.0
102887,0,1,0,47,48,0.0,0.0213,0.0
23647,0,0,0,4,4,0.0,0.0,0.0
43183,0,0,0,17,17,0.0,0.0,0.0
98808,0,0,0,4,4,0.0,0.0,0.0
43087,0,0,0,1,1,0.0,0.0,0.0
32915,0,0,0,4,4,0.0,0.0,0.0
88949,0,0,0,2,2,0.0,0.0,0.0
29505,0,0,0,1,1,0.0,0.0,0.0
37458,0,0,0,14,14,0.0,0.0,0.0
6029,2,0,0,33,35,0.0606,0.0,0.0
87275,0,0,0,1,1,0.0,0.0,0.0
39480,0,0,0,2,2,0.0,0.0,0.0
51008,0,0,0,2,2,0.0,0.0,0.0
36864,0,0,0,1,1,0.0,0.0,0.0
56544,0,0,0,3,3,0.0,0.0,0.0
75545,0,0,0,2,2,0.0,0.0,0.0
67830,0,0,0,3,3,0.0,0.0,0.0
24314,0,0,0,7,7,0.0,0.0,0.0
104108,0,0,0,2,2,0.0,0.0,0.0
41086,0,0,0,1,1,0.0,0.0,0.0
5737,0,0,0,6,6,0.0,0.0,0.0
13389,0,0,0,3,3,0.0,0.0,0.0
68173,0,1,0,3,4,0.0,0.3333,0.0
49749,0,0,0,1,1,0.0,0.0,0.0
48661,0,0,0,16,16,0.0,0.0,0.0
84481,0,0,0,4,4,0.0,0.0,0.0
37951,0,0,0,1,1,0.0,0.0,0.0
73728,1,1,0,1,3,1.0,1.0,0.0
83870,0,0,1,3,4,0.0,0.0,0.3333
31797,0,0,0,1,1,0.0,0.0,0.0
86192,0,0,0,1,1,0.0,0.0,0.0
94270,0,0,0,3,3,0.0,0.0,0.0
34549,0,0,0,1,1,0.0,0.0,0.0
9130,0,0,0,21,21,0.0,0.0,0.0
9028,0,0,2,4,6,0.0,0.0,0.5
3687,0,0,0,22,22,0.0,0.0,0.0
103874,3,2,2,105,112,0.0286,0.019,0.019
20791,0,0,0,21,21,0.0,0.0,0.0
78839,1,3,9,247,260,0.004,0.0121,0.0364
93676,0,0,0,7,7,0.0,0.0,0.0
83337,0,0,0,12,12,0.0,0.0,0.0
74125,0,0,0,10,10,0.0,0.0,0.0
25271,0,0,0,6,6,0.0,0.0,0.0
61809,2,2,0,37,41,0.0541,0.0541,0.0
2654,0,0,0,5,5,0.0,0.0,0.0
17971,0,0,0,2,2,0.0,0.0,0.0
33644,0,1,0,25,26,0.0,0.04,0.0
58156,0,0,0,1,1,0.0,0.0,0.0
8632,0,0,0,17,17,0.0,0.0,0.0
36094,0,0,0,1,1,0.0,0.0,0.0
99441,0,0,0,12,12,0.0,0.0,0.0
101187,0,0,0,7,7,0.0,0.0,0.0
102924,0,0,0,9,9,0.0,0.0,0.0
91955,0,0,0,4,4,0.0,0.0,0.0
72069,1,4,1,52,58,0.0192,0.0769,0.0192
45145,0,0,0,2,2,0.0,0.0,0.0
27876,0,0,0,8,8,0.0,0.0,0.0
66850,0,0,1,37,38,0.0,0.0,0.027
50441,2,0,0,22,24,0.0909,0.0,0.0
95499,0,0,0,1,1,0.0,0.0,0.0
16271,0,0,0,3,3,0.0,0.0,0.0
69298,1,2,0,28,31,0.0357,0.0714,0.0
98517,0,2,0,17,19,0.0,0.1176,0.0
102509,0,3,2,65,70,0.0,0.0462,0.0308
55885,0,0,0,9,9,0.0,0.0,0.0
46417,0,0,0,8,8,0.0,0.0,0.0
30920,0,0,0,23,23,0.0,0.0,0.0
33127,0,0,0,1,1,0.0,0.0,0.0
94436,0,1,0,3,4,0.0,0.3333,0.0
68934,0,0,0,37,37,0.0,0.0,0.0
86403,0,0,0,6,6,0.0,0.0,0.0
85330,0,0,1,6,7,0.0,0.0,0.1667
71395,0,0,0,4,4,0.0,0.0,0.0
54155,0,1,0,6,7,0.0,0.1667,0.0
60238,0,1,1,54,56,0.0,0.0185,0.0185
52356,0,0,0,9,9,0.0,0.0,0.0
101463,0,0,0,13,13,0.0,0.0,0.0
59128,0,0,0,1,1,0.0,0.0,0.0
21172,0,0,0,1,1,0.0,0.0,0.0
83567,0,0,0,1,1,0.0,0.0,0.0
94659,0,0,0,3,3,0.0,0.0,0.0
26968,0,0,0,1,1,0.0,0.0,0.0
52476,0,0,1,3,4,0.0,0.0,0.3333
46619,0,0,0,2,2,0.0,0.0,0.0
89818,0,0,0,1,1,0.0,0.0,0.0
100422,0,0,0,2,2,0.0,0.0,0.0
67522,0,0,0,1,1,0.0,0.0,0.0
74506,0,0,0,15,15,0.0,0.0,0.0
3451,0,0,0,1,1,0.0,0.0,0.0
90904,1,0,0,0,1,0.0,0.0,0.0
61497,0,0,0,1,1,0.0,0.0,0.0
46493,0,1,0,20,21,0.0,0.05,0.0
63558,0,0,1,14,15,0.0,0.0,0.0714
87447,0,0,0,2,2,0.0,0.0,0.0
56986,0,0,0,49,49,0.0,0.0,0.0
72756,0,4,1,45,50,0.0,0.0889,0.0222
12304,0,0,0,2,2,0.0,0.0,0.0
3254,0,1,0,71,72,0.0,0.0141,0.0
89004,0,1,0,9,10,0.0,0.1111,0.0
44124,0,0,0,3,3,0.0,0.0,0.0
75218,1,0,0,9,10,0.1111,0.0,0.0
2305,0,0,0,1,1,0.0,0.0,0.0
57396,0,0,0,10,10,0.0,0.0,0.0
81646,0,0,0,9,9,0.0,0.0,0.0
10061,0,0,0,5,5,0.0,0.0,0.0
53217,0,2,0,31,33,0.0,0.0645,0.0
52103,0,0,0,23,23,0.0,0.0,0.0
91689,1,1,4,122,128,0.0082,0.0082,0.0328
12609,0,2,0,16,18,0.0,0.125,0.0
92067,1,0,0,22,23,0.0455,0.0,0.0
40968,0,1,0,3,4,0.0,0.3333,0.0
88311,0,1,1,25,27,0.0,0.04,0.04
75709,0,0,0,12,12,0.0,0.0,0.0
40598,0,0,0,1,1,0.0,0.0,0.0
49591,0,1,0,10,11,0.0,0.1,0.0
50129,0,0,0,2,2,0.0,0.0,0.0
79676,0,0,0,7,7,0.0,0.0,0.0
90145,0,0,0,1,1,0.0,0.0,0.0
79678,0,0,0,1,1,0.0,0.0,0.0
16560,0,0,0,6,6,0.0,0.0,0.0
58898,0,0,0,2,2,0.0,0.0,0.0
12400,0,2,1,4,7,0.0,0.5,0.25
24283,0,0,0,3,3,0.0,0.0,0.0
76491,0,0,0,1,1,0.0,0.0,0.0
45366,0,0,0,1,1,0.0,0.0,0.0
26469,0,0,0,1,1,0.0,0.0,0.0
62965,0,0,0,1,1,0.0,0.0,0.0
91487,0,0,0,12,12,0.0,0.0,0.0
29181,0,0,0,5,5,0.0,0.0,0.0
9114,0,0,0,1,1,0.0,0.0,0.0
95703,0,1,0,6,7,0.0,0.1667,0.0
91738,0,0,0,1,1,0.0,0.0,0.0
42140,0,0,0,1,1,0.0,0.0,0.0
25279,0,0,0,9,9,0.0,0.0,0.0
29589,0,0,0,17,17,0.0,0.0,0.0
22691,1,0,0,14,15,0.0714,0.0,0.0
16862,0,0,0,1,1,0.0,0.0,0.0
101159,0,0,0,1,1,0.0,0.0,0.0
92579,0,0,0,1,1,0.0,0.0,0.0
7144,0,0,0,1,1,0.0,0.0,0.0
78602,0,0,0,1,1,0.0,0.0,0.0
58545,0,0,0,2,2,0.0,0.0,0.0
7972,0,0,0,6,6,0.0,0.0,0.0
42641,0,2,0,15,17,0.0,0.1333,0.0
65786,0,1,0,17,18,0.0,0.0588,0.0
25611,0,0,0,12,12,0.0,0.0,0.0
103941,0,0,1,17,18,0.0,0.0,0.0588
103935,0,0,0,2,2,0.0,0.0,0.0
37637,0,0,0,4,4,0.0,0.0,0.0
25164,0,0,0,8,8,0.0,0.0,0.0
85849,1,0,0,5,6,0.2,0.0,0.0
85887,0,0,1,10,11,0.0,0.0,0.1
14702,0,3,0,45,48,0.0,0.0667,0.0
48635,0,1,0,13,14,0.0,0.0769,0.0
50258,0,1,0,2,3,0.0,0.5,0.0
96791,0,0,2,36,38,0.0,0.0,0.0556
57261,2,2,1,27,32,0.0741,0.0741,0.037
95263,0,0,0,10,10,0.0,0.0,0.0
68933,0,0,1,1,2,0.0,0.0,1.0
16486,0,0,1,12,13,0.0,0.0,0.0833
70960,0,1,0,3,4,0.0,0.3333,0.0
98775,0,2,1,22,25,0.0,0.0909,0.0455
37188,0,0,0,20,20,0.0,0.0,0.0
81117,0,0,0,1,1,0.0,0.0,0.0
31001,1,0,0,22,23,0.0455,0.0,0.0
49209,2,1,1,17,21,0.1176,0.0588,0.0588
103732,1,0,0,17,18,0.0588,0.0,0.0
78250,0,0,0,1,1,0.0,0.0,0.0
1600,0,0,0,19,19,0.0,0.0,0.0
40372,0,0,1,13,14,0.0,0.0,0.0769
40841,0,0,0,3,3,0.0,0.0,0.0
33130,0,0,0,3,3,0.0,0.0,0.0
26948,0,0,0,5,5,0.0,0.0,0.0
87679,0,0,0,4,4,0.0,0.0,0.0
82700,0,0,0,3,3,0.0,0.0,0.0
70955,0,0,0,50,50,0.0,0.0,0.0
4587,0,0,0,133,133,0.0,0.0,0.0
1778,0,0,0,26,26,0.0,0.0,0.0
93395,0,0,0,11,11,0.0,0.0,0.0
7552,0,0,0,41,41,0.0,0.0,0.0
48025,0,0,0,18,18,0.0,0.0,0.0
19112,0,0,2,3,5,0.0,0.0,0.6667
73129,0,0,0,6,6,0.0,0.0,0.0
32069,0,0,0,7,7,0.0,0.0,0.0
93519,0,1,0,9,10,0.0,0.1111,0.0
49185,0,0,0,1,1,0.0,0.0,0.0
43138,0,0,0,1,1,0.0,0.0,0.0
11811,0,0,0,19,19,0.0,0.0,0.0
103822,0,0,0,15,15,0.0,0.0,0.0
47174,0,0,0,21,21,0.0,0.0,0.0
49672,0,0,0,4,4,0.0,0.0,0.0
99484,0,0,0,4,4,0.0,0.0,0.0
77601,0,0,0,2,2,0.0,0.0,0.0
97663,0,0,0,5,5,0.0,0.0,0.0
98189,0,0,0,1,1,0.0,0.0,0.0
35569,0,0,1,1,2,0.0,0.0,1.0
79481,0,1,0,9,10,0.0,0.1111,0.0
14641,0,0,1,12,13,0.0,0.0,0.0833
66389,0,0,0,4,4,0.0,0.0,0.0
58962,2,0,0,21,23,0.0952,0.0,0.0
42484,0,0,0,1,1,0.0,0.0,0.0
67890,0,0,0,1,1,0.0,0.0,0.0
89060,0,0,0,5,5,0.0,0.0,0.0
1403,0,0,0,2,2,0.0,0.0,0.0
4912,0,0,0,1,1,0.0,0.0,0.0
69278,0,0,0,2,2,0.0,0.0,0.0
64405,0,0,0,3,3,0.0,0.0,0.0
14747,0,0,0,4,4,0.0,0.0,0.0
34683,0,0,0,1,1,0.0,0.0,0.0
30572,0,0,0,14,14,0.0,0.0,0.0
67246,0,2,1,35,38,0.0,0.0571,0.0286
1017,0,0,0,3,3,0.0,0.0,0.0
4537,0,0,2,19,21,0.0,0.0,0.1053
80281,0,0,0,9,9,0.0,0.0,0.0
81865,0,0,0,59,59,0.0,0.0,0.0
89752,0,0,0,50,50,0.0,0.0,0.0
94955,0,1,0,5,6,0.0,0.2,0.0
31110,1,3,1,69,74,0.0145,0.0435,0.0145
18516,1,2,0,44,47,0.0227,0.0455,0.0
96550,0,0,0,6,6,0.0,0.0,0.0
30432,0,0,0,7,7,0.0,0.0,0.0
66294,0,0,1,11,12,0.0,0.0,0.0909
87464,0,0,0,3,3,0.0,0.0,0.0
79255,0,0,0,10,10,0.0,0.0,0.0
75819,0,1,1,25,27,0.0,0.04,0.04
37410,0,0,0,6,6,0.0,0.0,0.0
49353,0,0,1,31,32,0.0,0.0,0.0323
44424,0,0,0,15,15,0.0,0.0,0.0
12245,1,0,0,14,15,0.0714,0.0,0.0
19232,0,0,0,12,12,0.0,0.0,0.0
55671,0,1,0,8,9,0.0,0.125,0.0
50503,0,0,0,2,2,0.0,0.0,0.0
34861,0,0,0,3,3,0.0,0.0,0.0
87746,0,0,0,13,13,0.0,0.0,0.0
81932,1,0,0,13,14,0.0769,0.0,0.0
76242,0,0,0,4,4,0.0,0.0,0.0
86848,1,1,0,18,20,0.0556,0.0556,0.0
87347,0,0,0,1,1,0.0,0.0,0.0
34220,1,0,0,17,18,0.0588,0.0,0.0
98149,0,0,0,16,16,0.0,0.0,0.0
93058,1,1,1,50,53,0.02,0.02,0.02
50273,0,0,0,10,10,0.0,0.0,0.0
22769,0,0,0,1,1,0.0,0.0,0.0
9233,0,0,0,15,15,0.0,0.0,0.0
21765,0,0,0,7,7,0.0,0.0,0.0
89158,0,0,0,11,11,0.0,0.0,0.0
44957,0,0,1,31,32,0.0,0.0,0.0323
75836,0,0,0,1,1,0.0,0.0,0.0
77871,1,1,0,26,28,0.0385,0.0385,0.0
56038,0,0,0,6,6,0.0,0.0,0.0
18921,0,1,1,85,87,0.0,0.0118,0.0118
9216,0,0,0,2,2,0.0,0.0,0.0
84448,0,0,0,2,2,0.0,0.0,0.0
26026,0,0,0,49,49,0.0,0.0,0.0
77236,0,0,0,5,5,0.0,0.0,0.0
81272,0,0,0,2,2,0.0,0.0,0.0
25205,0,0,0,9,9,0.0,0.0,0.0
70778,0,0,0,3,3,0.0,0.0,0.0
92463,1,1,0,28,30,0.0357,0.0357,0.0
84690,0,0,0,5,5,0.0,0.0,0.0
5772,0,0,0,2,2,0.0,0.0,0.0
59331,0,0,0,4,4,0.0,0.0,0.0
17173,0,0,0,4,4,0.0,0.0,0.0
36650,0,0,0,3,3,0.0,0.0,0.0
71081,0,0,0,8,8,0.0,0.0,0.0
14550,0,0,0,4,4,0.0,0.0,0.0
97935,0,0,0,8,8,0.0,0.0,0.0
98857,0,0,0,6,6,0.0,0.0,0.0
86321,0,0,0,1,1,0.0,0.0,0.0
5748,0,0,0,1,1,0.0,0.0,0.0
102566,0,0,0,4,4,0.0,0.0,0.0
46125,0,2,0,3,5,0.0,0.6667,0.0
71277,0,0,0,1,1,0.0,0.0,0.0
4983,0,1,0,5,6,0.0,0.2,0.0
79644,2,0,0,36,38,0.0556,0.0,0.0
8296,0,0,0,1,1,0.0,0.0,0.0
68447,0,0,0,1,1,0.0,0.0,0.0
35305,0,1,1,14,16,0.0,0.0714,0.0714
38859,0,0,0,1,1,0.0,0.0,0.0
70023,0,0,0,2,2,0.0,0.0,0.0
51041,0,0,0,1,1,0.0,0.0,0.0
50583,0,0,0,9,9,0.0,0.0,0.0
67170,0,0,0,1,1,0.0,0.0,0.0
80767,0,0,0,1,1,0.0,0.0,0.0
41941,0,0,0,3,3,0.0,0.0,0.0
50267,0,0,0,3,3,0.0,0.0,0.0
31211,0,0,0,2,2,0.0,0.0,0.0
100622,0,0,0,1,1,0.0,0.0,0.0
5353,0,0,0,1,1,0.0,0.0,0.0
60153,0,0,0,1,1,0.0,0.0,0.0
61186,0,0,0,1,1,0.0,0.0,0.0
38957,0,0,0,1,1,0.0,0.0,0.0
103392,2,15,7,579,603,0.0035,0.0259,0.0121
64732,0,0,0,14,14,0.0,0.0,0.0
40207,1,0,0,29,30,0.0345,0.0,0.0
43320,0,0,0,3,3,0.0,0.0,0.0
84699,0,4,6,136,146,0.0,0.0294,0.0441
64863,0,1,0,8,9,0.0,0.125,0.0
76614,0,0,0,20,20,0.0,0.0,0.0
70741,0,0,0,3,3,0.0,0.0,0.0
49784,6,3,0,89,98,0.0674,0.0337,0.0
101424,0,2,0,27,29,0.0,0.0741,0.0
81436,0,0,2,101,103,0.0,0.0,0.0198
22604,0,0,0,6,6,0.0,0.0,0.0
68046,0,1,0,43,44,0.0,0.0233,0.0
77435,0,0,0,7,7,0.0,0.0,0.0
82877,0,2,0,7,9,0.0,0.2857,0.0
91575,1,2,13,235,251,0.0043,0.0085,0.0553
90765,0,0,0,5,5,0.0,0.0,0.0
58558,0,0,0,17,17,0.0,0.0,0.0
87673,0,0,0,23,23,0.0,0.0,0.0
46251,0,5,4,69,78,0.0,0.0725,0.058
64602,1,6,3,326,336,0.0031,0.0184,0.0092
94943,0,0,0,17,17,0.0,0.0,0.0
44711,0,0,2,17,19,0.0,0.0,0.1176
57734,0,0,0,2,2,0.0,0.0,0.0
1159,0,0,0,18,18,0.0,0.0,0.0
43806,12,3,6,201,222,0.0597,0.0149,0.0299
58332,0,0,0,1,1,0.0,0.0,0.0
28614,0,0,0,19,19,0.0,0.0,0.0
98186,0,0,0,20,20,0.0,0.0,0.0
84820,0,0,0,4,4,0.0,0.0,0.0
90842,0,0,0,3,3,0.0,0.0,0.0
57987,1,2,0,57,60,0.0175,0.0351,0.0
60184,0,4,0,16,20,0.0,0.25,0.0
90628,0,0,0,6,6,0.0,0.0,0.0
97339,2,0,2,14,18,0.1429,0.0,0.1429
58918,0,1,0,12,13,0.0,0.0833,0.0
90962,1,0,0,35,36,0.0286,0.0,0.0
67881,1,1,1,66,69,0.0152,0.0152,0.0152
69572,0,0,0,59,59,0.0,0.0,0.0
36235,0,0,0,38,38,0.0,0.0,0.0
66727,0,0,0,33,33,0.0,0.0,0.0
26284,1,0,0,15,16,0.0667,0.0,0.0
21702,0,0,0,1,1,0.0,0.0,0.0
77895,0,0,0,6,6,0.0,0.0,0.0
61048,0,1,0,14,15,0.0,0.0714,0.0
746,0,0,0,6,6,0.0,0.0,0.0
99687,0,0,0,3,3,0.0,0.0,0.0
74404,0,1,1,16,18,0.0,0.0625,0.0625
75795,2,0,0,39,41,0.0513,0.0,0.0
9268,0,0,0,2,2,0.0,0.0,0.0
96010,0,0,0,9,9,0.0,0.0,0.0
35860,0,0,0,12,12,0.0,0.0,0.0
76326,0,0,0,16,16,0.0,0.0,0.0
29872,0,0,0,3,3,0.0,0.0,0.0
95135,0,0,0,7,7,0.0,0.0,0.0
95320,0,0,0,1,1,0.0,0.0,0.0
20560,0,0,0,4,4,0.0,0.0,0.0
32828,0,0,0,2,2,0.0,0.0,0.0
69867,0,0,0,3,3,0.0,0.0,0.0
60636,0,0,0,1,1,0.0,0.0,0.0
74090,0,0,0,1,1,0.0,0.0,0.0
53026,0,0,0,27,27,0.0,0.0,0.0
101360,0,0,0,2,2,0.0,0.0,0.0
23326,0,0,0,4,4,0.0,0.0,0.0
82181,0,0,0,1,1,0.0,0.0,0.0
38925,0,0,0,2,2,0.0,0.0,0.0
4889,0,0,0,2,2,0.0,0.0,0.0
44940,0,0,0,1,1,0.0,0.0,0.0
18205,0,0,0,1,1,0.0,0.0,0.0
2718,1,0,1,38,40,0.0263,0.0,0.0263
35882,0,0,0,1,1,0.0,0.0,0.0
34507,0,0,0,4,4,0.0,0.0,0.0
18312,0,0,0,3,3,0.0,0.0,0.0
57920,2,8,5,411,426,0.0049,0.0195,0.0122
79584,0,5,0,41,46,0.0,0.122,0.0
54616,0,0,0,19,19,0.0,0.0,0.0
26929,0,1,0,36,37,0.0,0.0278,0.0
29278,0,0,0,1,1,0.0,0.0,0.0
30560,0,0,0,4,4,0.0,0.0,0.0
78502,0,0,0,2,2,0.0,0.0,0.0
93003,0,0,0,5,5,0.0,0.0,0.0
15526,0,0,0,9,9,0.0,0.0,0.0
43830,0,0,0,2,2,0.0,0.0,0.0
73502,0,0,0,1,1,0.0,0.0,0.0
7688,0,0,2,10,12,0.0,0.0,0.2
87836,0,0,0,7,7,0.0,0.0,0.0
19050,0,0,0,1,1,0.0,0.0,0.0
103378,0,0,1,17,18,0.0,0.0,0.0588
29726,0,0,0,5,5,0.0,0.0,0.0
68979,5,8,2,130,145,0.0385,0.0615,0.0154
21961,0,1,2,50,53,0.0,0.02,0.04
35929,0,1,0,13,14,0.0,0.0769,0.0
29610,0,0,0,5,5,0.0,0.0,0.0
27131,1,0,0,15,16,0.0667,0.0,0.0
25241,0,0,0,8,8,0.0,0.0,0.0
61273,0,0,1,22,23,0.0,0.0,0.0455
28876,1,2,0,22,25,0.0455,0.0909,0.0
49037,0,0,0,10,10,0.0,0.0,0.0
30999,2,0,0,41,43,0.0488,0.0,0.0
41155,0,0,0,26,26,0.0,0.0,0.0
103737,0,0,0,5,5,0.0,0.0,0.0
71247,0,0,0,5,5,0.0,0.0,0.0
75460,0,0,0,2,2,0.0,0.0,0.0
61065,3,0,2,93,98,0.0323,0.0,0.0215
51606,0,0,0,6,6,0.0,0.0,0.0
44866,0,0,0,4,4,0.0,0.0,0.0
63123,0,0,0,1,1,0.0,0.0,0.0
86129,1,3,3,230,237,0.0043,0.013,0.013
62827,0,0,0,36,36,0.0,0.0,0.0
102381,0,0,0,4,4,0.0,0.0,0.0
92756,0,0,0,2,2,0.0,0.0,0.0
51748,0,1,0,8,9,0.0,0.125,0.0
7640,0,0,0,7,7,0.0,0.0,0.0
16465,2,0,0,14,16,0.1429,0.0,0.0
60866,0,0,0,1,1,0.0,0.0,0.0
12822,0,2,0,8,10,0.0,0.25,0.0
60047,0,0,0,2,2,0.0,0.0,0.0
93170,0,0,1,1,2,0.0,0.0,1.0
81385,0,0,0,2,2,0.0,0.0,0.0
7274,0,1,0,4,5,0.0,0.25,0.0
85508,0,0,0,1,1,0.0,0.0,0.0
15072,0,0,0,5,5,0.0,0.0,0.0
39897,0,0,0,1,1,0.0,0.0,0.0
91494,0,0,0,2,2,0.0,0.0,0.0
381,0,0,0,4,4,0.0,0.0,0.0
24768,0,0,0,7,7,0.0,0.0,0.0
87986,1,0,0,0,1,0.0,0.0,0.0
8467,0,0,0,3,3,0.0,0.0,0.0
99473,0,0,0,4,4,0.0,0.0,0.0
76180,0,0,0,4,4,0.0,0.0,0.0
98325,0,0,0,18,18,0.0,0.0,0.0
1118,0,0,0,3,3,0.0,0.0,0.0
82915,0,0,0,3,3,0.0,0.0,0.0
94682,0,0,0,1,1,0.0,0.0,0.0
30393,0,1,0,2,3,0.0,0.5,0.0
8443,0,0,0,1,1,0.0,0.0,0.0
87065,0,0,0,1,1,0.0,0.0,0.0
24652,0,0,0,1,1,0.0,0.0,0.0
92869,2,0,0,1,3,2.0,0.0,0.0
61545,0,0,1,0,1,0.0,0.0,0.0
17870,0,0,0,2,2,0.0,0.0,0.0
72160,0,0,0,1,1,0.0,0.0,0.0
43080,0,0,0,1,1,0.0,0.0,0.0
10687,0,0,0,3,3,0.0,0.0,0.0
36711,0,0,1,8,9,0.0,0.0,0.125
40989,1,2,2,122,127,0.0082,0.0164,0.0164
46941,0,1,0,10,11,0.0,0.1,0.0
96934,0,3,0,42,45,0.0,0.0714,0.0
38793,0,1,2,67,70,0.0,0.0149,0.0299
30836,0,0,0,8,8,0.0,0.0,0.0
11035,0,0,0,2,2,0.0,0.0,0.0
29528,0,0,0,6,6,0.0,0.0,0.0
102844,0,1,0,24,25,0.0,0.0417,0.0
100840,0,0,0,15,15,0.0,0.0,0.0
51904,0,0,0,8,8,0.0,0.0,0.0
47740,0,1,3,28,32,0.0,0.0357,0.1071
100501,0,0,0,6,6,0.0,0.0,0.0
90055,0,0,7,208,215,0.0,0.0,0.0337
27049,0,0,1,6,7,0.0,0.0,0.1667
79714,0,0,0,45,45,0.0,0.0,0.0
27754,0,1,0,9,10,0.0,0.1111,0.0
41210,0,0,0,2,2,0.0,0.0,0.0
1369,0,0,0,7,7,0.0,0.0,0.0
14129,0,0,1,16,17,0.0,0.0,0.0625
38824,0,1,1,65,67,0.0,0.0154,0.0154
79297,0,0,0,26,26,0.0,0.0,0.0
52756,0,1,0,10,11,0.0,0.1,0.0
63946,0,0,0,1,1,0.0,0.0,0.0
98732,0,0,0,2,2,0.0,0.0,0.0
54855,0,0,0,5,5,0.0,0.0,0.0
52387,0,0,0,4,4,0.0,0.0,0.0
1881,1,0,0,30,31,0.0333,0.0,0.0
3137,0,0,2,40,42,0.0,0.0,0.05
80421,0,2,3,52,57,0.0,0.0385,0.0577
4736,0,0,0,7,7,0.0,0.0,0.0
97704,0,0,0,21,21,0.0,0.0,0.0
42470,0,0,0,10,10,0.0,0.0,0.0
85644,0,0,0,1,1,0.0,0.0,0.0
52348,0,0,0,8,8,0.0,0.0,0.0
26622,0,0,0,8,8,0.0,0.0,0.0
15728,0,1,0,25,26,0.0,0.04,0.0
5970,0,0,0,3,3,0.0,0.0,0.0
15215,0,0,0,2,2,0.0,0.0,0.0
53755,0,0,0,3,3,0.0,0.0,0.0
66489,0,0,0,1,1,0.0,0.0,0.0
2649,0,0,1,8,9,0.0,0.0,0.125
57250,0,0,0,6,6,0.0,0.0,0.0
84630,0,0,0,2,2,0.0,0.0,0.0
66233,0,0,0,9,9,0.0,0.0,0.0
6354,0,0,0,2,2,0.0,0.0,0.0
29327,0,0,0,2,2,0.0,0.0,0.0
80674,0,0,1,5,6,0.0,0.0,0.2
93906,0,0,0,13,13,0.0,0.0,0.0
26511,0,0,0,3,3,0.0,0.0,0.0
96897,0,0,0,1,1,0.0,0.0,0.0
34496,0,0,0,2,2,0.0,0.0,0.0
48988,0,0,0,1,1,0.0,0.0,0.0
5052,2,0,0,21,23,0.0952,0.0,0.0
77444,0,0,0,1,1,0.0,0.0,0.0
50208,0,0,0,1,1,0.0,0.0,0.0
25029,0,0,0,1,1,0.0,0.0,0.0
92565,0,0,0,6,6,0.0,0.0,0.0
42069,0,0,0,12,12,0.0,0.0,0.0
33980,2,1,0,21,24,0.0952,0.0476,0.0
37468,0,0,0,2,2,0.0,0.0,0.0
33812,0,0,0,2,2,0.0,0.0,0.0
80360,0,0,0,7,7,0.0,0.0,0.0
73523,0,0,0,2,2,0.0,0.0,0.0
67609,0,0,0,3,3,0.0,0.0,0.0
94884,0,0,0,1,1,0.0,0.0,0.0
75286,0,0,0,1,1,0.0,0.0,0.0
1815,0,0,0,1,1,0.0,0.0,0.0
101658,0,0,0,3,3,0.0,0.0,0.0
18894,0,0,0,1,1,0.0,0.0,0.0
103993,0,0,0,2,2,0.0,0.0,0.0
87773,0,0,0,1,1,0.0,0.0,0.0
39379,1,2,2,106,111,0.0094,0.0189,0.0189
51473,0,0,0,1,1,0.0,0.0,0.0
101437,0,0,0,31,31,0.0,0.0,0.0
22811,0,0,0,1,1,0.0,0.0,0.0
29572,0,0,0,3,3,0.0,0.0,0.0
25118,0,0,0,5,5,0.0,0.0,0.0
29296,0,0,0,52,52,0.0,0.0,0.0
19648,0,0,0,5,5,0.0,0.0,0.0
27771,1,0,0,5,6,0.2,0.0,0.0
20705,0,0,0,10,10,0.0,0.0,0.0
63512,0,0,0,18,18,0.0,0.0,0.0
100961,0,1,0,3,4,0.0,0.3333,0.0
16900,0,0,1,6,7,0.0,0.0,0.1667
52999,0,0,0,6,6,0.0,0.0,0.0
37191,0,0,0,6,6,0.0,0.0,0.0
34930,0,0,0,3,3,0.0,0.0,0.0
72159,1,0,3,39,43,0.0256,0.0,0.0769
39873,0,0,0,5,5,0.0,0.0,0.0
58922,1,1,1,12,15,0.0833,0.0833,0.0833
87561,0,0,0,5,5,0.0,0.0,0.0
58157,1,0,0,4,5,0.25,0.0,0.0
86971,4,0,0,23,27,0.1739,0.0,0.0
80797,0,0,0,2,2,0.0,0.0,0.0
33235,1,0,0,9,10,0.1111,0.0,0.0
70377,0,0,1,37,38,0.0,0.0,0.027
20081,1,1,1,48,51,0.0208,0.0208,0.0208
47572,0,2,0,30,32,0.0,0.0667,0.0
22511,0,0,0,10,10,0.0,0.0,0.0
88849,0,0,0,10,10,0.0,0.0,0.0
95985,0,0,0,1,1,0.0,0.0,0.0
3854,0,0,1,20,21,0.0,0.0,0.05
48478,0,0,1,17,18,0.0,0.0,0.0588
57553,0,0,0,15,15,0.0,0.0,0.0
8692,0,0,0,1,1,0.0,0.0,0.0
73016,0,0,0,3,3,0.0,0.0,0.0
25710,0,0,0,3,3,0.0,0.0,0.0
89932,0,0,1,1,2,0.0,0.0,1.0
19689,0,0,0,3,3,0.0,0.0,0.0
95559,0,0,0,2,2,0.0,0.0,0.0
96548,0,0,0,18,18,0.0,0.0,0.0
3962,0,0,0,1,1,0.0,0.0,0.0
68995,0,0,0,5,5,0.0,0.0,0.0
55440,0,0,0,1,1,0.0,0.0,0.0
46626,0,0,0,1,1,0.0,0.0,0.0
6400,0,0,0,23,23,0.0,0.0,0.0
24833,0,0,0,1,1,0.0,0.0,0.0
1142,0,0,0,1,1,0.0,0.0,0.0
68065,0,0,0,1,1,0.0,0.0,0.0
37829,0,0,0,2,2,0.0,0.0,0.0
10990,0,0,0,4,4,0.0,0.0,0.0
13450,0,1,0,10,11,0.0,0.1,0.0
63902,0,0,0,1,1,0.0,0.0,0.0
59480,0,0,0,12,12,0.0,0.0,0.0
89275,0,0,0,1,1,0.0,0.0,0.0
78991,0,0,0,2,2,0.0,0.0,0.0
69020,0,0,1,8,9,0.0,0.0,0.125
31324,0,0,0,3,3,0.0,0.0,0.0
90653,0,0,0,1,1,0.0,0.0,0.0
102187,0,0,0,3,3,0.0,0.0,0.0
40630,0,0,0,1,1,0.0,0.0,0.0
35870,0,0,0,6,6,0.0,0.0,0.0
7948,1,0,0,36,37,0.0278,0.0,0.0
26154,0,0,0,7,7,0.0,0.0,0.0
93438,0,1,0,7,8,0.0,0.1429,0.0
40455,0,0,0,8,8,0.0,0.0,0.0
57583,0,0,0,3,3,0.0,0.0,0.0
35548,0,0,1,3,4,0.0,0.0,0.3333
41511,0,0,0,18,18,0.0,0.0,0.0
28656,0,4,1,84,89,0.0,0.0476,0.0119
45315,0,0,1,17,18,0.0,0.0,0.0588
7784,1,0,0,16,17,0.0625,0.0,0.0
43917,0,0,0,12,12,0.0,0.0,0.0
30493,0,1,0,2,3,0.0,0.5,0.0
28799,0,0,1,21,22,0.0,0.0,0.0476
12539,0,0,0,2,2,0.0,0.0,0.0
24614,0,0,0,6,6,0.0,0.0,0.0
60118,0,0,1,10,11,0.0,0.0,0.1
55379,0,0,0,4,4,0.0,0.0,0.0
18709,0,0,0,2,2,0.0,0.0,0.0
91269,0,0,0,4,4,0.0,0.0,0.0
4840,0,0,0,2,2,0.0,0.0,0.0
90421,0,2,2,66,70,0.0,0.0303,0.0303
31661,0,0,0,1,1,0.0,0.0,0.0
28909,0,0,0,1,1,0.0,0.0,0.0
6693,1,0,0,62,63,0.0161,0.0,0.0
24296,0,0,1,29,30,0.0,0.0,0.0345
52535,0,0,0,14,14,0.0,0.0,0.0
12022,1,1,1,50,53,0.02,0.02,0.02
58081,1,0,0,6,7,0.1667,0.0,0.0
47578,0,0,0,1,1,0.0,0.0,0.0
84735,0,0,0,4,4,0.0,0.0,0.0
16407,0,0,0,2,2,0.0,0.0,0.0
7379,0,2,0,16,18,0.0,0.125,0.0
67993,0,0,0,2,2,0.0,0.0,0.0
45537,0,0,0,3,3,0.0,0.0,0.0
91611,0,0,0,11,11,0.0,0.0,0.0
68262,0,0,0,1,1,0.0,0.0,0.0
48400,0,0,0,2,2,0.0,0.0,0.0
29524,0,0,0,5,5,0.0,0.0,0.0
23928,0,0,0,7,7,0.0,0.0,0.0
6539,0,0,0,1,1,0.0,0.0,0.0
27223,0,0,0,5,5,0.0,0.0,0.0
46937,0,0,0,1,1,0.0,0.0,0.0
94154,0,0,0,1,1,0.0,0.0,0.0
23305,0,0,0,5,5,0.0,0.0,0.0
59798,0,0,0,1,1,0.0,0.0,0.0
22728,0,2,0,11,13,0.0,0.1818,0.0
17638,0,0,0,1,1,0.0,0.0,0.0
16794,0,0,0,1,1,0.0,0.0,0.0
19237,0,0,0,2,2,0.0,0.0,0.0
32594,0,0,0,2,2,0.0,0.0,0.0
95167,0,2,0,2,4,0.0,1.0,0.0
88812,0,0,0,1,1,0.0,0.0,0.0
17243,1,0,0,6,7,0.1667,0.0,0.0
78595,0,0,0,1,1,0.0,0.0,0.0
92653,0,0,0,8,8,0.0,0.0,0.0
29300,0,0,0,4,4,0.0,0.0,0.0
27376,0,0,0,17,17,0.0,0.0,0.0
38636,0,0,0,91,91,0.0,0.0,0.0
42053,1,1,0,46,48,0.0217,0.0217,0.0
54067,1,0,1,70,72,0.0143,0.0,0.0143
102183,6,3,1,157,167,0.0382,0.0191,0.0064
60943,0,1,0,10,11,0.0,0.1,0.0
90987,0,1,1,56,58,0.0,0.0179,0.0179
46847,1,0,0,13,14,0.0769,0.0,0.0
86964,1,0,0,21,22,0.0476,0.0,0.0
2369,0,0,1,2,3,0.0,0.0,0.5
76712,0,0,0,4,4,0.0,0.0,0.0
60693,2,2,0,16,20,0.125,0.125,0.0
56857,0,2,0,54,56,0.0,0.037,0.0
86116,0,0,0,1,1,0.0,0.0,0.0
17881,0,0,2,13,15,0.0,0.0,0.1538
50783,0,0,0,32,32,0.0,0.0,0.0
19697,0,0,0,1,1,0.0,0.0,0.0
21146,0,0,0,6,6,0.0,0.0,0.0
14690,1,0,0,51,52,0.0196,0.0,0.0
67298,0,0,0,19,19,0.0,0.0,0.0
35983,0,2,6,137,145,0.0,0.0146,0.0438
97871,0,0,1,5,6,0.0,0.0,0.2
36451,0,0,0,3,3,0.0,0.0,0.0
57378,0,0,1,8,9,0.0,0.0,0.125
13635,0,2,7,159,168,0.0,0.0126,0.044
31112,0,0,0,1,1,0.0,0.0,0.0
38496,0,0,0,9,9,0.0,0.0,0.0
32953,0,0,0,2,2,0.0,0.0,0.0
83600,0,0,2,19,21,0.0,0.0,0.1053
95384,0,2,0,56,58,0.0,0.0357,0.0
61512,0,0,0,4,4,0.0,0.0,0.0
8801,0,0,0,1,1,0.0,0.0,0.0
66804,0,1,0,15,16,0.0,0.0667,0.0
60626,1,2,0,65,68,0.0154,0.0308,0.0
79705,0,0,0,23,23,0.0,0.0,0.0
437,0,0,0,1,1,0.0,0.0,0.0
95816,0,0,0,13,13,0.0,0.0,0.0
92475,0,0,0,1,1,0.0,0.0,0.0
75165,0,0,0,3,3,0.0,0.0,0.0
68105,0,0,1,3,4,0.0,0.0,0.3333
76500,0,0,0,1,1,0.0,0.0,0.0
59865,0,0,0,1,1,0.0,0.0,0.0
46412,0,0,0,2,2,0.0,0.0,0.0
82051,1,0,1,22,24,0.0455,0.0,0.0455
4950,0,0,0,5,5,0.0,0.0,0.0
41353,0,1,0,3,4,0.0,0.3333,0.0
85422,0,0,0,1,1,0.0,0.0,0.0
56448,0,0,1,29,30,0.0,0.0,0.0345
20937,0,0,0,3,3,0.0,0.0,0.0
23138,0,0,0,3,3,0.0,0.0,0.0
56220,0,3,0,16,19,0.0,0.1875,0.0
10797,0,0,0,10,10,0.0,0.0,0.0
89906,0,0,0,6,6,0.0,0.0,0.0
79369,0,0,0,2,2,0.0,0.0,0.0
9242,0,0,0,2,2,0.0,0.0,0.0
30543,0,6,0,37,43,0.0,0.1622,0.0
45335,0,0,0,1,1,0.0,0.0,0.0
59824,0,0,0,1,1,0.0,0.0,0.0
16661,0,0,0,10,10,0.0,0.0,0.0
71286,0,1,0,4,5,0.0,0.25,0.0
11152,0,0,0,6,6,0.0,0.0,0.0
67737,0,0,0,1,1,0.0,0.0,0.0
103479,0,0,0,1,1,0.0,0.0,0.0
97245,0,0,0,3,3,0.0,0.0,0.0
12388,0,0,0,1,1,0.0,0.0,0.0
101815,0,0,0,1,1,0.0,0.0,0.0
104084,0,0,0,1,1,0.0,0.0,0.0
80218,0,0,0,10,10,0.0,0.0,0.0
99358,0,1,0,3,4,0.0,0.3333,0.0
65206,0,1,0,9,10,0.0,0.1111,0.0
82219,0,0,0,3,3,0.0,0.0,0.0
1154,0,0,0,5,5,0.0,0.0,0.0
102273,0,0,0,7,7,0.0,0.0,0.0
32830,0,0,0,2,2,0.0,0.0,0.0
62045,0,0,0,2,2,0.0,0.0,0.0
43793,0,0,0,10,10,0.0,0.0,0.0
93710,0,0,1,50,51,0.0,0.0,0.02
61232,0,0,0,1,1,0.0,0.0,0.0
99686,0,3,2,38,43,0.0,0.0789,0.0526
45201,0,0,0,14,14,0.0,0.0,0.0
88057,0,0,0,4,4,0.0,0.0,0.0
26702,2,1,0,70,73,0.0286,0.0143,0.0
54532,0,0,2,6,8,0.0,0.0,0.3333
84237,0,1,0,2,3,0.0,0.5,0.0
54057,0,0,0,2,2,0.0,0.0,0.0
71154,0,1,0,4,5,0.0,0.25,0.0
75474,0,1,0,33,34,0.0,0.0303,0.0
74439,0,0,0,6,6,0.0,0.0,0.0
81363,0,0,0,10,10,0.0,0.0,0.0
58857,0,0,0,3,3,0.0,0.0,0.0
84415,2,3,0,39,44,0.0513,0.0769,0.0
53004,0,1,0,23,24,0.0,0.0435,0.0
95473,0,0,1,2,3,0.0,0.0,0.5
62469,0,0,0,28,28,0.0,0.0,0.0
96723,4,7,1,178,190,0.0225,0.0393,0.0056
95109,0,0,0,3,3,0.0,0.0,0.0
86620,0,0,0,3,3,0.0,0.0,0.0
72209,0,0,0,31,31,0.0,0.0,0.0
11778,1,0,0,15,16,0.0667,0.0,0.0
25552,0,0,0,8,8,0.0,0.0,0.0
98668,0,0,0,2,2,0.0,0.0,0.0
95977,0,0,0,4,4,0.0,0.0,0.0
41019,0,0,0,3,3,0.0,0.0,0.0
27674,1,0,0,4,5,0.25,0.0,0.0
89680,0,0,2,66,68,0.0,0.0,0.0303
26286,0,0,0,6,6,0.0,0.0,0.0
43669,0,0,1,3,4,0.0,0.0,0.3333
15078,0,0,0,19,19,0.0,0.0,0.0
43199,0,0,1,17,18,0.0,0.0,0.0588
101286,0,0,0,17,17,0.0,0.0,0.0
29143,0,0,0,1,1,0.0,0.0,0.0
66378,0,0,0,16,16,0.0,0.0,0.0
59249,0,0,0,14,14,0.0,0.0,0.0
3710,0,0,0,62,62,0.0,0.0,0.0
20440,0,1,0,2,3,0.0,0.5,0.0
69812,0,0,0,2,2,0.0,0.0,0.0
29378,2,1,0,18,21,0.1111,0.0556,0.0
10765,0,0,0,11,11,0.0,0.0,0.0
36007,0,0,0,16,16,0.0,0.0,0.0
99151,0,0,0,28,28,0.0,0.0,0.0
11208,0,1,0,3,4,0.0,0.3333,0.0
33880,0,0,0,2,2,0.0,0.0,0.0
82859,0,0,0,11,11,0.0,0.0,0.0
5630,0,0,0,8,8,0.0,0.0,0.0
92989,0,0,0,2,2,0.0,0.0,0.0
97604,0,0,0,5,5,0.0,0.0,0.0
86957,0,0,0,7,7,0.0,0.0,0.0
99503,0,0,0,2,2,0.0,0.0,0.0
82372,0,0,0,4,4,0.0,0.0,0.0
41060,0,0,1,2,3,0.0,0.0,0.5
91683,0,0,0,4,4,0.0,0.0,0.0
85622,0,0,0,8,8,0.0,0.0,0.0
48770,0,0,0,7,7,0.0,0.0,0.0
34390,0,0,0,1,1,0.0,0.0,0.0
41486,0,0,0,1,1,0.0,0.0,0.0
73215,0,0,0,2,2,0.0,0.0,0.0
74042,0,0,1,6,7,0.0,0.0,0.1667
94836,0,0,0,4,4,0.0,0.0,0.0
36242,0,1,0,12,13,0.0,0.0833,0.0
29931,0,0,0,1,1,0.0,0.0,0.0
5856,0,0,1,2,3,0.0,0.0,0.5
34106,0,0,0,1,1,0.0,0.0,0.0
57765,0,0,0,3,3,0.0,0.0,0.0
48330,0,0,0,4,4,0.0,0.0,0.0
48436,0,0,0,1,1,0.0,0.0,0.0
97446,0,0,0,1,1,0.0,0.0,0.0
10134,0,0,0,1,1,0.0,0.0,0.0
25112,0,0,0,2,2,0.0,0.0,0.0
57394,1,7,7,192,207,0.0052,0.0365,0.0365
67638,0,0,0,17,17,0.0,0.0,0.0
90259,0,1,0,9,10,0.0,0.1111,0.0
6369,0,1,0,1,2,0.0,1.0,0.0
55104,0,0,0,1,1,0.0,0.0,0.0
97082,0,0,1,13,14,0.0,0.0,0.0769
63100,2,0,0,20,22,0.1,0.0,0.0
76474,3,1,1,80,85,0.0375,0.0125,0.0125
61725,0,0,0,1,1,0.0,0.0,0.0
30815,0,0,0,2,2,0.0,0.0,0.0
80235,1,0,0,8,9,0.125,0.0,0.0
6454,1,1,0,52,54,0.0192,0.0192,0.0
48960,0,0,0,7,7,0.0,0.0,0.0
46940,0,0,2,4,6,0.0,0.0,0.5
29048,0,0,0,2,2,0.0,0.0,0.0
51009,0,1,0,22,23,0.0,0.0455,0.0
50540,0,0,1,5,6,0.0,0.0,0.2
35073,0,0,0,34,34,0.0,0.0,0.0
5956,0,0,0,1,1,0.0,0.0,0.0
77845,0,1,0,29,30,0.0,0.0345,0.0
2081,0,0,0,3,3,0.0,0.0,0.0
73232,2,0,0,27,29,0.0741,0.0,0.0
95248,0,0,0,5,5,0.0,0.0,0.0
38563,0,0,0,12,12,0.0,0.0,0.0
41622,0,0,0,5,5,0.0,0.0,0.0
9811,0,1,0,18,19,0.0,0.0556,0.0
16441,0,0,1,9,10,0.0,0.0,0.1111
53001,0,0,0,19,19,0.0,0.0,0.0
92488,0,0,0,23,23,0.0,0.0,0.0
61201,0,0,0,22,22,0.0,0.0,0.0
87964,0,0,0,9,9,0.0,0.0,0.0
18454,0,0,0,26,26,0.0,0.0,0.0
24593,0,0,0,17,17,0.0,0.0,0.0
55530,0,0,0,13,13,0.0,0.0,0.0
54206,0,0,0,6,6,0.0,0.0,0.0
18586,1,1,1,54,57,0.0185,0.0185,0.0185
33619,0,0,0,3,3,0.0,0.0,0.0
52826,0,0,0,2,2,0.0,0.0,0.0
84589,0,0,0,1,1,0.0,0.0,0.0
229,0,0,0,3,3,0.0,0.0,0.0
61088,0,0,0,1,1,0.0,0.0,0.0
65224,0,0,0,11,11,0.0,0.0,0.0
65366,0,0,0,3,3,0.0,0.0,0.0
38386,0,0,1,5,6,0.0,0.0,0.2
102129,0,0,0,3,3,0.0,0.0,0.0
81362,0,0,0,1,1,0.0,0.0,0.0
85481,2,0,0,35,37,0.0571,0.0,0.0
67999,0,0,2,5,7,0.0,0.0,0.4
71770,0,0,0,8,8,0.0,0.0,0.0
84536,0,0,0,2,2,0.0,0.0,0.0
32747,0,0,0,13,13,0.0,0.0,0.0
76224,0,0,0,6,6,0.0,0.0,0.0
97712,0,0,0,1,1,0.0,0.0,0.0
97967,0,0,0,1,1,0.0,0.0,0.0
87314,0,0,0,1,1,0.0,0.0,0.0
59088,0,0,0,2,2,0.0,0.0,0.0
9192,0,0,0,2,2,0.0,0.0,0.0
78950,0,1,0,17,18,0.0,0.0588,0.0
88759,0,0,0,9,9,0.0,0.0,0.0
49232,0,0,0,1,1,0.0,0.0,0.0
62457,0,1,0,10,11,0.0,0.1,0.0
82208,0,0,0,2,2,0.0,0.0,0.0
10213,0,0,0,2,2,0.0,0.0,0.0
88345,0,0,0,3,3,0.0,0.0,0.0
37023,0,0,0,1,1,0.0,0.0,0.0
99916,0,1,0,8,9,0.0,0.125,0.0
104047,0,0,0,1,1,0.0,0.0,0.0
21767,0,0,0,4,4,0.0,0.0,0.0
90752,0,0,0,12,12,0.0,0.0,0.0
28197,0,0,0,1,1,0.0,0.0,0.0
47173,0,0,0,1,1,0.0,0.0,0.0
8425,2,2,0,10,14,0.2,0.2,0.0
39199,0,0,0,1,1,0.0,0.0,0.0
87271,0,3,0,54,57,0.0,0.0556,0.0
22928,0,0,0,6,6,0.0,0.0,0.0
41195,0,0,0,5,5,0.0,0.0,0.0
82280,0,0,0,9,9,0.0,0.0,0.0
59747,0,0,0,25,25,0.0,0.0,0.0
90199,0,0,0,20,20,0.0,0.0,0.0
68587,0,1,0,4,5,0.0,0.25,0.0
8079,0,0,0,5,5,0.0,0.0,0.0
100789,0,6,1,38,45,0.0,0.1579,0.0263
27863,0,2,0,12,14,0.0,0.1667,0.0
77166,0,0,0,3,3,0.0,0.0,0.0
2872,0,1,0,5,6,0.0,0.2,0.0
67867,0,0,0,7,7,0.0,0.0,0.0
53711,0,0,0,2,2,0.0,0.0,0.0
73018,0,0,0,7,7,0.0,0.0,0.0
890,2,1,0,43,46,0.0465,0.0233,0.0
69058,1,0,0,16,17,0.0625,0.0,0.0
27187,0,0,0,2,2,0.0,0.0,0.0
96203,0,0,0,4,4,0.0,0.0,0.0
85023,0,2,1,2,5,0.0,1.0,0.5
19360,0,0,0,1,1,0.0,0.0,0.0
94758,0,0,0,1,1,0.0,0.0,0.0
31875,0,0,2,26,28,0.0,0.0,0.0769
54863,0,0,0,4,4,0.0,0.0,0.0
83103,2,3,2,255,262,0.0078,0.0118,0.0078
100568,0,0,0,7,7,0.0,0.0,0.0
47937,0,0,0,6,6,0.0,0.0,0.0
103341,1,0,0,166,167,0.006,0.0,0.0
70908,0,0,0,2,2,0.0,0.0,0.0
35242,0,0,0,1,1,0.0,0.0,0.0
24491,0,0,0,5,5,0.0,0.0,0.0
61263,0,0,5,10,15,0.0,0.0,0.5
41140,0,0,0,2,2,0.0,0.0,0.0
28079,0,1,0,2,3,0.0,0.5,0.0
91859,0,0,0,10,10,0.0,0.0,0.0
7961,0,0,0,4,4,0.0,0.0,0.0
9850,0,0,0,1,1,0.0,0.0,0.0
15042,1,0,0,16,17,0.0625,0.0,0.0
57857,0,0,0,3,3,0.0,0.0,0.0
46691,0,0,0,2,2,0.0,0.0,0.0
173,0,0,0,2,2,0.0,0.0,0.0
81392,0,0,0,2,2,0.0,0.0,0.0
38118,0,0,0,6,6,0.0,0.0,0.0
94600,0,0,0,13,13,0.0,0.0,0.0
41570,0,0,0,5,5,0.0,0.0,0.0
15089,0,0,0,1,1,0.0,0.0,0.0
5752,0,1,0,6,7,0.0,0.1667,0.0
30319,0,2,0,3,5,0.0,0.6667,0.0
79648,0,0,0,1,1,0.0,0.0,0.0
37205,0,0,0,1,1,0.0,0.0,0.0
80352,0,0,0,2,2,0.0,0.0,0.0
8730,0,0,0,2,2,0.0,0.0,0.0
95704,0,0,0,4,4,0.0,0.0,0.0
96210,0,0,0,1,1,0.0,0.0,0.0
66448,0,0,0,2,2,0.0,0.0,0.0
86232,0,0,0,1,1,0.0,0.0,0.0
2495,0,0,0,1,1,0.0,0.0,0.0
69635,1,0,0,4,5,0.25,0.0,0.0
80057,0,0,0,14,14,0.0,0.0,0.0
54988,0,2,0,29,31,0.0,0.069,0.0
84738,0,0,2,16,18,0.0,0.0,0.125
88901,0,0,0,14,14,0.0,0.0,0.0
12947,0,0,1,12,13,0.0,0.0,0.0833
73017,0,0,0,8,8,0.0,0.0,0.0
78220,0,0,0,12,12,0.0,0.0,0.0
26186,0,0,0,3,3,0.0,0.0,0.0
75527,0,0,0,1,1,0.0,0.0,0.0
53727,0,0,0,14,14,0.0,0.0,0.0
19485,0,0,0,1,1,0.0,0.0,0.0
78660,0,0,0,5,5,0.0,0.0,0.0
42673,0,2,1,58,61,0.0,0.0345,0.0172
37865,0,0,0,1,1,0.0,0.0,0.0
33040,3,1,0,93,97,0.0323,0.0108,0.0
42332,0,1,1,22,24,0.0,0.0455,0.0455
1669,1,1,0,33,35,0.0303,0.0303,0.0
70774,0,0,0,3,3,0.0,0.0,0.0
21873,0,0,4,12,16,0.0,0.0,0.3333
4592,0,0,0,11,11,0.0,0.0,0.0
95137,0,1,0,14,15,0.0,0.0714,0.0
46095,0,0,0,8,8,0.0,0.0,0.0
74273,0,0,0,38,38,0.0,0.0,0.0
23916,0,0,0,29,29,0.0,0.0,0.0
32122,0,0,0,7,7,0.0,0.0,0.0
38248,0,0,0,48,48,0.0,0.0,0.0
61057,0,0,0,9,9,0.0,0.0,0.0
93346,0,0,0,7,7,0.0,0.0,0.0
76955,0,0,0,1,1,0.0,0.0,0.0
14222,0,0,0,2,2,0.0,0.0,0.0
96911,0,0,0,5,5,0.0,0.0,0.0
59378,0,0,0,5,5,0.0,0.0,0.0
16860,0,0,0,1,1,0.0,0.0,0.0
40747,0,0,0,8,8,0.0,0.0,0.0
15946,0,0,0,3,3,0.0,0.0,0.0
66059,0,0,0,1,1,0.0,0.0,0.0
88411,0,0,0,6,6,0.0,0.0,0.0
30157,0,0,1,10,11,0.0,0.0,0.1
55427,0,0,2,3,5,0.0,0.0,0.6667
68809,0,0,0,2,2,0.0,0.0,0.0
13379,0,0,0,10,10,0.0,0.0,0.0
22355,1,0,0,0,1,0.0,0.0,0.0
56189,0,0,0,12,12,0.0,0.0,0.0
76915,2,0,0,21,23,0.0952,0.0,0.0
5608,0,0,0,2,2,0.0,0.0,0.0
63699,0,0,0,1,1,0.0,0.0,0.0
5556,0,0,0,1,1,0.0,0.0,0.0
77172,0,0,0,1,1,0.0,0.0,0.0
49376,0,0,0,4,4,0.0,0.0,0.0
7750,0,0,0,1,1,0.0,0.0,0.0
12995,0,0,0,1,1,0.0,0.0,0.0
66356,0,0,0,4,4,0.0,0.0,0.0
27821,0,0,0,1,1,0.0,0.0,0.0
5363,2,0,0,1,3,2.0,0.0,0.0
97054,0,0,0,1,1,0.0,0.0,0.0
80559,0,0,0,1,1,0.0,0.0,0.0
3339,0,0,0,1,1,0.0,0.0,0.0
10024,0,0,0,3,3,0.0,0.0,0.0
82227,0,0,1,8,9,0.0,0.0,0.125
50179,0,0,0,1,1,0.0,0.0,0.0
79807,0,0,0,2,2,0.0,0.0,0.0
102885,0,1,0,5,6,0.0,0.2,0.0
74148,0,0,2,10,12,0.0,0.0,0.2
19745,1,0,3,31,35,0.0323,0.0,0.0968
70101,0,3,1,21,25,0.0,0.1429,0.0476
96284,9,18,9,768,804,0.0117,0.0234,0.0117
88180,0,0,0,8,8,0.0,0.0,0.0
55199,0,0,0,53,53,0.0,0.0,0.0
90936,0,4,0,85,89,0.0,0.0471,0.0
77242,0,0,0,11,11,0.0,0.0,0.0
26236,0,0,0,1,1,0.0,0.0,0.0
75219,1,6,0,169,176,0.0059,0.0355,0.0
90617,0,0,0,16,16,0.0,0.0,0.0
23934,0,1,0,6,7,0.0,0.1667,0.0
9406,0,0,0,9,9,0.0,0.0,0.0
3443,0,1,0,22,23,0.0,0.0455,0.0
50224,0,3,1,110,114,0.0,0.0273,0.0091
4044,2,1,0,45,48,0.0444,0.0222,0.0
8153,3,0,0,71,74,0.0423,0.0,0.0
34689,0,0,0,1,1,0.0,0.0,0.0
23312,0,1,0,216,217,0.0,0.0046,0.0
21596,0,0,1,18,19,0.0,0.0,0.0556
68311,0,0,0,8,8,0.0,0.0,0.0
41314,0,0,0,2,2,0.0,0.0,0.0
98235,0,0,0,10,10,0.0,0.0,0.0
91731,0,1,0,16,17,0.0,0.0625,0.0
11182,0,0,3,17,20,0.0,0.0,0.1765
56268,0,0,0,4,4,0.0,0.0,0.0
46300,0,5,1,121,127,0.0,0.0413,0.0083
24510,3,0,0,388,391,0.0077,0.0,0.0
13826,0,0,0,14,14,0.0,0.0,0.0
10477,0,0,0,4,4,0.0,0.0,0.0
64626,0,0,0,4,4,0.0,0.0,0.0
73070,0,1,0,71,72,0.0,0.0141,0.0
53214,0,2,0,35,37,0.0,0.0571,0.0
27588,1,1,0,16,18,0.0625,0.0625,0.0
8866,0,0,0,2,2,0.0,0.0,0.0
42071,0,2,0,13,15,0.0,0.1538,0.0
96389,0,0,0,2,2,0.0,0.0,0.0
101768,0,0,0,4,4,0.0,0.0,0.0
30158,0,2,0,11,13,0.0,0.1818,0.0
90224,0,1,0,4,5,0.0,0.25,0.0
87738,0,1,0,13,14,0.0,0.0769,0.0
67584,1,0,0,12,13,0.0833,0.0,0.0
44864,0,0,0,2,2,0.0,0.0,0.0
68921,0,1,0,8,9,0.0,0.125,0.0
10381,0,0,0,16,16,0.0,0.0,0.0
75152,0,1,0,8,9,0.0,0.125,0.0
17428,0,2,0,5,7,0.0,0.4,0.0
71777,0,0,0,2,2,0.0,0.0,0.0
36836,0,0,0,18,18,0.0,0.0,0.0
63189,0,0,0,2,2,0.0,0.0,0.0
99220,0,1,0,14,15,0.0,0.0714,0.0
67779,0,0,0,6,6,0.0,0.0,0.0
59514,0,1,0,4,5,0.0,0.25,0.0
68169,0,0,0,2,2,0.0,0.0,0.0
80035,0,0,0,1,1,0.0,0.0,0.0
81076,0,2,0,3,5,0.0,0.6667,0.0
76620,0,0,0,3,3,0.0,0.0,0.0
80504,0,0,0,2,2,0.0,0.0,0.0
35126,0,0,0,1,1,0.0,0.0,0.0
40083,0,0,0,4,4,0.0,0.0,0.0
96023,0,1,0,22,23,0.0,0.0455,0.0
35393,0,0,0,6,6,0.0,0.0,0.0
83228,0,0,0,4,4,0.0,0.0,0.0
54803,0,0,0,1,1,0.0,0.0,0.0
93681,0,0,0,1,1,0.0,0.0,0.0
9848,0,0,0,1,1,0.0,0.0,0.0
30258,0,0,0,9,9,0.0,0.0,0.0
70970,0,0,0,5,5,0.0,0.0,0.0
71564,1,1,0,5,7,0.2,0.2,0.0
69559,0,0,1,13,14,0.0,0.0,0.0769
100830,0,4,0,9,13,0.0,0.4444,0.0
987,0,0,0,1,1,0.0,0.0,0.0
98150,0,0,0,7,7,0.0,0.0,0.0
73849,0,0,0,22,22,0.0,0.0,0.0
101203,0,0,0,10,10,0.0,0.0,0.0
97021,2,2,0,11,15,0.1818,0.1818,0.0
83059,0,2,0,37,39,0.0,0.0541,0.0
14107,0,3,0,27,30,0.0,0.1111,0.0
58956,0,0,0,2,2,0.0,0.0,0.0
103236,4,3,3,230,240,0.0174,0.013,0.013
12311,0,0,0,1,1,0.0,0.0,0.0
20627,0,0,0,7,7,0.0,0.0,0.0
2163,0,0,7,112,119,0.0,0.0,0.0625
103963,0,0,0,19,19,0.0,0.0,0.0
60869,1,0,0,9,10,0.1111,0.0,0.0
66098,0,0,1,3,4,0.0,0.0,0.3333
75097,0,0,0,11,11,0.0,0.0,0.0
44725,0,1,0,21,22,0.0,0.0476,0.0
80782,0,0,0,4,4,0.0,0.0,0.0
103029,0,1,0,15,16,0.0,0.0667,0.0
83326,0,0,0,3,3,0.0,0.0,0.0
63804,0,0,0,32,32,0.0,0.0,0.0
85173,0,0,0,7,7,0.0,0.0,0.0
71948,0,0,0,58,58,0.0,0.0,0.0
74012,0,0,0,2,2,0.0,0.0,0.0
91748,0,0,0,10,10,0.0,0.0,0.0
91816,0,0,0,18,18,0.0,0.0,0.0
52916,0,0,0,1,1,0.0,0.0,0.0
87909,0,1,0,4,5,0.0,0.25,0.0
37317,0,0,0,7,7,0.0,0.0,0.0
61104,0,0,0,3,3,0.0,0.0,0.0
39892,0,0,0,1,1,0.0,0.0,0.0
74027,0,0,0,4,4,0.0,0.0,0.0
96906,1,1,0,12,14,0.0833,0.0833,0.0
79723,0,0,0,11,11,0.0,0.0,0.0
60685,0,2,0,5,7,0.0,0.4,0.0
98416,0,0,0,13,13,0.0,0.0,0.0
35751,0,0,0,20,20,0.0,0.0,0.0
52770,0,0,1,4,5,0.0,0.0,0.25
65527,0,0,0,1,1,0.0,0.0,0.0
50562,0,0,0,3,3,0.0,0.0,0.0
53842,0,0,1,3,4,0.0,0.0,0.3333
45385,0,0,0,4,4,0.0,0.0,0.0
73832,0,0,0,6,6,0.0,0.0,0.0
65015,0,0,0,1,1,0.0,0.0,0.0
16309,0,0,0,20,20,0.0,0.0,0.0
15131,0,0,0,3,3,0.0,0.0,0.0
35758,0,0,1,6,7,0.0,0.0,0.1667
88233,0,0,0,2,2,0.0,0.0,0.0
77045,0,0,0,4,4,0.0,0.0,0.0
25266,0,0,0,1,1,0.0,0.0,0.0
90494,0,0,0,5,5,0.0,0.0,0.0
60438,0,0,0,2,2,0.0,0.0,0.0
90288,0,0,0,3,3,0.0,0.0,0.0
23200,0,0,0,1,1,0.0,0.0,0.0
46332,0,0,0,1,1,0.0,0.0,0.0
50363,0,0,0,1,1,0.0,0.0,0.0
21943,0,0,0,1,1,0.0,0.0,0.0
28390,0,0,0,1,1,0.0,0.0,0.0
31370,0,0,0,1,1,0.0,0.0,0.0
99163,0,0,0,1,1,0.0,0.0,0.0
60179,0,0,0,2,2,0.0,0.0,0.0
33338,0,0,0,17,17,0.0,0.0,0.0
61021,0,0,0,2,2,0.0,0.0,0.0
50276,0,0,0,2,2,0.0,0.0,0.0
82296,0,0,0,1,1,0.0,0.0,0.0
103039,0,0,0,1,1,0.0,0.0,0.0
45176,0,0,0,4,4,0.0,0.0,0.0
86921,0,0,0,1,1,0.0,0.0,0.0
46712,0,0,0,2,2,0.0,0.0,0.0
6653,0,0,0,1,1,0.0,0.0,0.0
74574,0,0,0,1,1,0.0,0.0,0.0
98292,0,0,0,23,23,0.0,0.0,0.0
84223,0,2,0,20,22,0.0,0.1,0.0
34553,5,0,4,95,104,0.0526,0.0,0.0421
80849,0,0,0,17,17,0.0,0.0,0.0
58793,0,2,0,18,20,0.0,0.1111,0.0
95262,1,7,1,180,189,0.0056,0.0389,0.0056
96623,0,0,2,27,29,0.0,0.0,0.0741
2854,0,1,0,9,10,0.0,0.1111,0.0
73874,0,1,1,10,12,0.0,0.1,0.1
8122,0,0,0,6,6,0.0,0.0,0.0
26951,0,0,0,1,1,0.0,0.0,0.0
94318,0,0,1,18,19,0.0,0.0,0.0556
20104,0,0,0,10,10,0.0,0.0,0.0
104356,0,0,0,1,1,0.0,0.0,0.0
5200,0,0,0,11,11,0.0,0.0,0.0
91867,0,0,1,17,18,0.0,0.0,0.0588
58019,0,0,1,47,48,0.0,0.0,0.0213
33612,0,1,0,7,8,0.0,0.1429,0.0
22332,0,1,0,22,23,0.0,0.0455,0.0
59373,0,0,1,18,19,0.0,0.0,0.0556
96750,0,0,0,5,5,0.0,0.0,0.0
32361,1,1,0,19,21,0.0526,0.0526,0.0
54835,2,0,1,56,59,0.0357,0.0,0.0179
96668,0,0,0,35,35,0.0,0.0,0.0
80996,0,0,0,1,1,0.0,0.0,0.0
54901,0,2,1,37,40,0.0,0.0541,0.027
922,3,2,0,82,87,0.0366,0.0244,0.0
56355,0,0,0,14,14,0.0,0.0,0.0
5603,0,0,0,7,7,0.0,0.0,0.0
101778,1,1,0,17,19,0.0588,0.0588,0.0
83100,0,0,0,13,13,0.0,0.0,0.0
66357,8,1,1,132,142,0.0606,0.0076,0.0076
75696,0,2,0,26,28,0.0,0.0769,0.0
83193,0,0,0,5,5,0.0,0.0,0.0
36375,2,0,0,29,31,0.069,0.0,0.0
14146,0,0,0,7,7,0.0,0.0,0.0
90732,0,0,0,6,6,0.0,0.0,0.0
35302,0,0,0,26,26,0.0,0.0,0.0
70819,1,0,0,11,12,0.0909,0.0,0.0
58516,0,0,1,15,16,0.0,0.0,0.0667
21813,0,0,0,1,1,0.0,0.0,0.0
3292,0,0,0,4,4,0.0,0.0,0.0
56357,0,1,0,5,6,0.0,0.2,0.0
71309,0,2,0,2,4,0.0,1.0,0.0
29796,0,0,0,6,6,0.0,0.0,0.0
46612,0,0,2,5,7,0.0,0.0,0.4
37291,0,0,0,2,2,0.0,0.0,0.0
35651,0,0,0,3,3,0.0,0.0,0.0
55092,0,0,0,2,2,0.0,0.0,0.0
81146,0,0,0,10,10,0.0,0.0,0.0
49361,0,0,0,2,2,0.0,0.0,0.0
81469,0,0,0,3,3,0.0,0.0,0.0
90016,0,0,0,2,2,0.0,0.0,0.0
77077,0,0,0,5,5,0.0,0.0,0.0
5418,0,0,0,14,14,0.0,0.0,0.0
4105,0,0,0,4,4,0.0,0.0,0.0
34603,0,0,0,3,3,0.0,0.0,0.0
49190,0,0,0,17,17,0.0,0.0,0.0
101471,0,0,0,2,2,0.0,0.0,0.0
102424,0,0,0,3,3,0.0,0.0,0.0
14807,0,0,0,3,3,0.0,0.0,0.0
23702,0,0,0,1,1,0.0,0.0,0.0
11239,0,0,0,2,2,0.0,0.0,0.0
40760,0,0,0,1,1,0.0,0.0,0.0
57275,0,0,0,3,3,0.0,0.0,0.0
33011,0,0,0,2,2,0.0,0.0,0.0
26952,0,0,0,12,12,0.0,0.0,0.0
90386,0,0,0,3,3,0.0,0.0,0.0
7941,0,0,0,3,3,0.0,0.0,0.0
55667,0,0,0,6,6,0.0,0.0,0.0
76845,0,0,0,1,1,0.0,0.0,0.0
65345,0,0,0,3,3,0.0,0.0,0.0
59737,0,0,0,1,1,0.0,0.0,0.0
88153,0,1,0,3,4,0.0,0.3333,0.0
59219,0,0,0,1,1,0.0,0.0,0.0
94670,0,0,0,10,10,0.0,0.0,0.0
53857,0,0,0,1,1,0.0,0.0,0.0
22052,0,0,0,1,1,0.0,0.0,0.0
51263,0,0,0,4,4,0.0,0.0,0.0
45590,0,0,0,5,5,0.0,0.0,0.0
39576,0,4,1,148,153,0.0,0.027,0.0068
51314,0,0,0,2,2,0.0,0.0,0.0
56051,0,0,0,1,1,0.0,0.0,0.0
90090,0,1,0,37,38,0.0,0.027,0.0
103598,2,5,1,198,206,0.0101,0.0253,0.0051
43526,0,0,1,10,11,0.0,0.0,0.1
38884,0,0,0,40,40,0.0,0.0,0.0
89191,0,0,0,6,6,0.0,0.0,0.0
7487,0,0,0,3,3,0.0,0.0,0.0
76177,0,0,0,21,21,0.0,0.0,0.0
49522,0,1,3,153,157,0.0,0.0065,0.0196
21879,0,0,0,2,2,0.0,0.0,0.0
40834,0,1,0,14,15,0.0,0.0714,0.0
91728,0,0,0,1,1,0.0,0.0,0.0
69219,0,3,0,32,35,0.0,0.0938,0.0
100294,0,0,0,2,2,0.0,0.0,0.0
32913,1,0,1,39,41,0.0256,0.0,0.0256
24782,0,0,0,1,1,0.0,0.0,0.0
18260,1,2,0,28,31,0.0357,0.0714,0.0
73287,0,0,0,18,18,0.0,0.0,0.0
69890,0,0,0,4,4,0.0,0.0,0.0
520,0,0,1,22,23,0.0,0.0,0.0455
66011,0,1,0,26,27,0.0,0.0385,0.0
58647,1,0,0,11,12,0.0909,0.0,0.0
14695,0,0,0,19,19,0.0,0.0,0.0
80131,0,0,0,5,5,0.0,0.0,0.0
17146,0,0,1,16,17,0.0,0.0,0.0625
38416,0,0,0,12,12,0.0,0.0,0.0
23764,0,0,0,1,1,0.0,0.0,0.0
11145,0,0,0,1,1,0.0,0.0,0.0
7011,0,0,0,2,2,0.0,0.0,0.0
80312,0,0,0,20,20,0.0,0.0,0.0
43531,1,0,1,14,16,0.0714,0.0,0.0714
20829,2,1,1,29,33,0.069,0.0345,0.0345
102634,0,0,0,3,3,0.0,0.0,0.0
13362,0,0,0,4,4,0.0,0.0,0.0
70518,0,0,0,1,1,0.0,0.0,0.0
736,0,2,1,50,53,0.0,0.04,0.02
24320,0,0,0,3,3,0.0,0.0,0.0
27850,0,0,0,8,8,0.0,0.0,0.0
58614,0,0,0,19,19,0.0,0.0,0.0
93086,0,1,2,75,78,0.0,0.0133,0.0267
28045,0,1,0,24,25,0.0,0.0417,0.0
16329,0,0,0,2,2,0.0,0.0,0.0
23645,0,0,0,15,15,0.0,0.0,0.0
62296,0,0,0,3,3,0.0,0.0,0.0
77631,0,0,1,2,3,0.0,0.0,0.5
49152,0,0,0,1,1,0.0,0.0,0.0
38930,0,0,0,1,1,0.0,0.0,0.0
10424,1,0,0,4,5,0.25,0.0,0.0
42250,0,0,0,2,2,0.0,0.0,0.0
8293,0,0,0,3,3,0.0,0.0,0.0
14335,0,0,0,2,2,0.0,0.0,0.0
47366,0,0,0,4,4,0.0,0.0,0.0
90707,0,0,0,1,1,0.0,0.0,0.0
91804,0,0,0,1,1,0.0,0.0,0.0
88261,0,0,0,3,3,0.0,0.0,0.0
44719,0,0,1,7,8,0.0,0.0,0.1429
7382,0,0,0,4,4,0.0,0.0,0.0
86329,0,0,0,1,1,0.0,0.0,0.0
48754,0,0,0,3,3,0.0,0.0,0.0
48396,0,0,0,3,3,0.0,0.0,0.0
60234,0,0,0,1,1,0.0,0.0,0.0
99629,0,0,0,1,1,0.0,0.0,0.0
82342,0,0,0,2,2,0.0,0.0,0.0
19713,0,0,0,2,2,0.0,0.0,0.0
34246,0,0,0,1,1,0.0,0.0,0.0
64401,0,0,0,1,1,0.0,0.0,0.0
36047,0,0,0,1,1,0.0,0.0,0.0
70810,0,0,0,1,1,0.0,0.0,0.0
80762,0,0,0,1,1,0.0,0.0,0.0
22807,0,0,0,11,11,0.0,0.0,0.0
78491,0,0,0,2,2,0.0,0.0,0.0
7561,0,0,1,19,20,0.0,0.0,0.0526
26479,0,0,0,6,6,0.0,0.0,0.0
98912,0,0,0,24,24,0.0,0.0,0.0
2935,0,0,1,6,7,0.0,0.0,0.1667
38203,0,1,0,14,15,0.0,0.0714,0.0
19022,0,0,0,4,4,0.0,0.0,0.0
10391,0,3,0,17,20,0.0,0.1765,0.0
26300,0,0,1,47,48,0.0,0.0,0.0213
100313,1,0,1,41,43,0.0244,0.0,0.0244
58493,0,0,0,2,2,0.0,0.0,0.0
69697,0,0,0,14,14,0.0,0.0,0.0
27289,0,1,0,42,43,0.0,0.0238,0.0
57032,1,0,1,23,25,0.0435,0.0,0.0435
80069,0,0,0,8,8,0.0,0.0,0.0
46295,0,0,0,3,3,0.0,0.0,0.0
54260,0,0,0,2,2,0.0,0.0,0.0
51051,0,0,0,41,41,0.0,0.0,0.0
45140,0,1,0,64,65,0.0,0.0156,0.0
95051,0,0,0,18,18,0.0,0.0,0.0
86538,0,0,0,4,4,0.0,0.0,0.0
89619,0,0,0,24,24,0.0,0.0,0.0
19547,0,2,0,23,25,0.0,0.087,0.0
10795,0,1,0,8,9,0.0,0.125,0.0
7646,0,3,1,72,76,0.0,0.0417,0.0139
38064,0,0,0,4,4,0.0,0.0,0.0
80796,1,0,0,29,30,0.0345,0.0,0.0
8744,0,0,2,13,15,0.0,0.0,0.1538
16750,0,1,0,31,32,0.0,0.0323,0.0
40569,0,0,0,1,1,0.0,0.0,0.0
26388,0,0,0,8,8,0.0,0.0,0.0
61439,0,0,0,1,1,0.0,0.0,0.0
73031,0,0,0,1,1,0.0,0.0,0.0
57520,0,0,0,1,1,0.0,0.0,0.0
103780,0,0,0,5,5,0.0,0.0,0.0
8583,0,0,2,23,25,0.0,0.0,0.087
89425,0,0,0,2,2,0.0,0.0,0.0
19370,0,0,0,1,1,0.0,0.0,0.0
21301,0,0,0,1,1,0.0,0.0,0.0
103344,0,0,0,1,1,0.0,0.0,0.0
4909,0,0,0,12,12,0.0,0.0,0.0
82282,0,0,0,2,2,0.0,0.0,0.0
95078,0,0,0,1,1,0.0,0.0,0.0
73981,0,0,0,1,1,0.0,0.0,0.0
17711,0,0,0,1,1,0.0,0.0,0.0
68256,0,0,0,1,1,0.0,0.0,0.0
57496,0,0,0,1,1,0.0,0.0,0.0
24911,0,0,0,1,1,0.0,0.0,0.0
89460,0,0,0,1,1,0.0,0.0,0.0
65195,0,0,0,1,1,0.0,0.0,0.0
74752,0,0,0,1,1,0.0,0.0,0.0
77211,0,0,0,2,2,0.0,0.0,0.0
11836,0,0,0,16,16,0.0,0.0,0.0
9259,0,1,0,7,8,0.0,0.1429,0.0
97698,1,1,0,70,72,0.0143,0.0143,0.0
67608,0,0,0,8,8,0.0,0.0,0.0
446,0,0,0,1,1,0.0,0.0,0.0
90060,1,0,0,39,40,0.0256,0.0,0.0
81933,1,0,0,18,19,0.0556,0.0,0.0
89220,0,2,0,21,23,0.0,0.0952,0.0
42771,0,0,2,18,20,0.0,0.0,0.1111
88127,0,0,0,3,3,0.0,0.0,0.0
100038,0,0,0,7,7,0.0,0.0,0.0
102942,4,12,7,321,344,0.0125,0.0374,0.0218
84717,0,0,0,26,26,0.0,0.0,0.0
102671,0,0,0,31,31,0.0,0.0,0.0
9271,0,0,0,3,3,0.0,0.0,0.0
6421,0,0,0,28,28,0.0,0.0,0.0
17534,0,0,2,6,8,0.0,0.0,0.3333
7199,0,0,0,3,3,0.0,0.0,0.0
48359,0,1,0,24,25,0.0,0.0417,0.0
5187,0,0,0,36,36,0.0,0.0,0.0
39834,1,1,0,27,29,0.037,0.037,0.0
22567,0,1,0,13,14,0.0,0.0769,0.0
45444,0,0,0,1,1,0.0,0.0,0.0
14211,0,0,0,16,16,0.0,0.0,0.0
102836,0,0,0,11,11,0.0,0.0,0.0
96146,0,0,0,10,10,0.0,0.0,0.0
37298,0,0,0,5,5,0.0,0.0,0.0
32610,0,0,0,8,8,0.0,0.0,0.0
103700,0,0,0,3,3,0.0,0.0,0.0
2912,0,1,0,59,60,0.0,0.0169,0.0
11747,0,0,0,7,7,0.0,0.0,0.0
63747,0,0,0,6,6,0.0,0.0,0.0
2717,3,2,0,99,104,0.0303,0.0202,0.0
10673,0,0,0,14,14,0.0,0.0,0.0
65376,0,0,0,2,2,0.0,0.0,0.0
27056,0,0,0,7,7,0.0,0.0,0.0
33858,0,0,0,3,3,0.0,0.0,0.0
4437,0,0,0,3,3,0.0,0.0,0.0
104076,0,0,0,2,2,0.0,0.0,0.0
34022,0,0,0,3,3,0.0,0.0,0.0
103326,0,0,0,4,4,0.0,0.0,0.0
2136,0,0,0,2,2,0.0,0.0,0.0
74512,0,0,0,1,1,0.0,0.0,0.0
48749,0,0,0,7,7,0.0,0.0,0.0
83869,0,0,0,10,10,0.0,0.0,0.0
37760,0,0,0,2,2,0.0,0.0,0.0
90240,0,0,0,2,2,0.0,0.0,0.0
74107,0,1,0,38,39,0.0,0.0263,0.0
93011,0,0,0,3,3,0.0,0.0,0.0
25865,0,0,0,1,1,0.0,0.0,0.0
40930,0,0,0,1,1,0.0,0.0,0.0
19443,0,0,0,1,1,0.0,0.0,0.0
55268,0,0,0,1,1,0.0,0.0,0.0
55434,0,0,0,1,1,0.0,0.0,0.0
92017,0,0,0,15,15,0.0,0.0,0.0
56836,0,0,0,1,1,0.0,0.0,0.0
58047,0,0,0,4,4,0.0,0.0,0.0
99946,0,1,0,9,10,0.0,0.1111,0.0
23316,0,0,0,4,4,0.0,0.0,0.0
24170,0,0,0,1,1,0.0,0.0,0.0
22108,0,0,0,12,12,0.0,0.0,0.0
92856,0,0,0,3,3,0.0,0.0,0.0
103957,3,9,0,234,246,0.0128,0.0385,0.0
39297,0,0,0,46,46,0.0,0.0,0.0
91787,4,7,3,341,355,0.0117,0.0205,0.0088
49230,0,1,3,10,14,0.0,0.1,0.3
59312,1,0,0,47,48,0.0213,0.0,0.0
61086,0,0,0,20,20,0.0,0.0,0.0
22699,0,0,1,3,4,0.0,0.0,0.3333
19245,0,0,0,3,3,0.0,0.0,0.0
88918,0,0,0,1,1,0.0,0.0,0.0
29850,0,0,0,15,15,0.0,0.0,0.0
58020,0,0,1,13,14,0.0,0.0,0.0769
65351,0,0,0,3,3,0.0,0.0,0.0
57730,0,0,1,3,4,0.0,0.0,0.3333
2865,0,0,1,13,14,0.0,0.0,0.0769
94716,0,1,1,136,138,0.0,0.0074,0.0074
85374,0,0,0,7,7,0.0,0.0,0.0
69550,0,0,0,7,7,0.0,0.0,0.0
18396,0,1,1,38,40,0.0,0.0263,0.0263
95722,0,1,1,18,20,0.0,0.0556,0.0556
70353,1,0,0,33,34,0.0303,0.0,0.0
81907,1,1,0,9,11,0.1111,0.1111,0.0
19593,0,4,2,53,59,0.0,0.0755,0.0377
27951,0,0,0,13,13,0.0,0.0,0.0
41001,0,0,1,8,9,0.0,0.0,0.125
71338,0,0,0,17,17,0.0,0.0,0.0
96030,0,0,0,5,5,0.0,0.0,0.0
136,0,0,0,12,12,0.0,0.0,0.0
100079,1,1,0,59,61,0.0169,0.0169,0.0
4892,0,3,2,61,66,0.0,0.0492,0.0328
68305,0,0,0,1,1,0.0,0.0,0.0
63911,0,0,0,12,12,0.0,0.0,0.0
15390,0,0,1,19,20,0.0,0.0,0.0526
89714,0,1,0,6,7,0.0,0.1667,0.0
42142,0,0,0,55,55,0.0,0.0,0.0
87081,0,0,0,7,7,0.0,0.0,0.0
78642,0,1,0,12,13,0.0,0.0833,0.0
95223,0,0,0,5,5,0.0,0.0,0.0
67200,0,0,0,17,17,0.0,0.0,0.0
75519,0,0,0,6,6,0.0,0.0,0.0
91586,0,0,0,1,1,0.0,0.0,0.0
65984,0,0,0,6,6,0.0,0.0,0.0
100664,0,0,0,87,87,0.0,0.0,0.0
60786,0,0,0,1,1,0.0,0.0,0.0
29050,0,0,0,2,2,0.0,0.0,0.0
84408,0,0,0,1,1,0.0,0.0,0.0
47160,0,0,0,2,2,0.0,0.0,0.0
10619,0,0,0,8,8,0.0,0.0,0.0
8852,0,0,2,7,9,0.0,0.0,0.2857
31271,0,0,0,2,2,0.0,0.0,0.0
18885,1,0,0,0,1,0.0,0.0,0.0
81803,0,0,0,3,3,0.0,0.0,0.0
102011,0,0,0,2,2,0.0,0.0,0.0
62914,0,0,0,1,1,0.0,0.0,0.0
1000,0,0,0,1,1,0.0,0.0,0.0
7150,0,0,0,3,3,0.0,0.0,0.0
48131,0,0,0,4,4,0.0,0.0,0.0
31842,0,0,0,3,3,0.0,0.0,0.0
54235,0,0,0,2,2,0.0,0.0,0.0
32111,0,0,0,7,7,0.0,0.0,0.0
79224,0,0,3,78,81,0.0,0.0,0.0385
32338,0,0,0,2,2,0.0,0.0,0.0
5072,0,0,0,38,38,0.0,0.0,0.0
21594,0,0,0,1,1,0.0,0.0,0.0
81984,0,0,0,3,3,0.0,0.0,0.0
99209,0,1,0,1,2,0.0,1.0,0.0
73998,0,0,0,1,1,0.0,0.0,0.0
17578,0,0,0,1,1,0.0,0.0,0.0
27071,0,0,0,3,3,0.0,0.0,0.0
100245,0,0,0,1,1,0.0,0.0,0.0
95536,0,0,0,4,4,0.0,0.0,0.0
20321,0,0,0,2,2,0.0,0.0,0.0
19410,0,0,0,3,3,0.0,0.0,0.0
101118,0,1,1,11,13,0.0,0.0909,0.0909
87532,0,0,0,7,7,0.0,0.0,0.0
68502,0,0,0,1,1,0.0,0.0,0.0
40960,0,0,0,2,2,0.0,0.0,0.0
90998,0,0,0,3,3,0.0,0.0,0.0
8564,0,0,0,1,1,0.0,0.0,0.0
70235,0,0,0,1,1,0.0,0.0,0.0
4149,0,0,0,10,10,0.0,0.0,0.0
85299,0,0,0,2,2,0.0,0.0,0.0
1914,0,1,3,56,60,0.0,0.0179,0.0536
52092,0,0,0,1,1,0.0,0.0,0.0
6162,0,1,0,8,9,0.0,0.125,0.0
47971,1,0,1,103,105,0.0097,0.0,0.0097
25543,0,0,0,4,4,0.0,0.0,0.0
42544,0,0,0,61,61,0.0,0.0,0.0
21920,0,0,0,4,4,0.0,0.0,0.0
27022,1,1,0,17,19,0.0588,0.0588,0.0
33685,0,0,8,27,35,0.0,0.0,0.2963
61922,1,1,3,59,64,0.0169,0.0169,0.0508
16650,0,2,0,19,21,0.0,0.1053,0.0
52558,0,0,0,3,3,0.0,0.0,0.0
65552,0,1,0,6,7,0.0,0.1667,0.0
34773,0,0,0,12,12,0.0,0.0,0.0
57617,0,0,0,27,27,0.0,0.0,0.0
52607,0,0,0,22,22,0.0,0.0,0.0
19425,0,1,0,20,21,0.0,0.05,0.0
19455,0,0,0,2,2,0.0,0.0,0.0
99365,0,0,0,2,2,0.0,0.0,0.0
41421,0,0,0,4,4,0.0,0.0,0.0
33393,0,0,1,17,18,0.0,0.0,0.0588
98374,2,0,0,52,54,0.0385,0.0,0.0
103215,0,0,0,7,7,0.0,0.0,0.0
89553,0,0,0,11,11,0.0,0.0,0.0
80964,1,0,0,5,6,0.2,0.0,0.0
39165,0,0,0,13,13,0.0,0.0,0.0
59670,0,0,0,6,6,0.0,0.0,0.0
100340,0,0,0,6,6,0.0,0.0,0.0
38553,0,0,0,10,10,0.0,0.0,0.0
102049,0,0,0,3,3,0.0,0.0,0.0
20307,0,0,0,6,6,0.0,0.0,0.0
94511,0,0,0,1,1,0.0,0.0,0.0
32568,0,0,0,1,1,0.0,0.0,0.0
97147,0,0,0,6,6,0.0,0.0,0.0
34169,0,0,0,6,6,0.0,0.0,0.0
63153,0,0,0,1,1,0.0,0.0,0.0
32172,0,1,0,15,16,0.0,0.0667,0.0
1236,0,0,0,1,1,0.0,0.0,0.0
51347,0,0,0,1,1,0.0,0.0,0.0
34007,0,0,0,5,5,0.0,0.0,0.0
94991,0,0,0,4,4,0.0,0.0,0.0
3543,0,0,0,3,3,0.0,0.0,0.0
50877,0,0,0,4,4,0.0,0.0,0.0
54981,0,2,0,3,5,0.0,0.6667,0.0
11669,0,0,0,1,1,0.0,0.0,0.0
91609,2,0,0,20,22,0.1,0.0,0.0
99939,0,0,0,1,1,0.0,0.0,0.0
68998,0,0,0,2,2,0.0,0.0,0.0
18538,0,0,0,3,3,0.0,0.0,0.0
75525,0,0,0,2,2,0.0,0.0,0.0
63078,0,0,0,2,2,0.0,0.0,0.0
28731,0,0,0,1,1,0.0,0.0,0.0
63780,0,0,0,3,3,0.0,0.0,0.0
76741,0,0,0,1,1,0.0,0.0,0.0
44856,0,0,0,2,2,0.0,0.0,0.0
67568,0,0,0,4,4,0.0,0.0,0.0
728,0,0,0,2,2,0.0,0.0,0.0
664,0,0,0,1,1,0.0,0.0,0.0
19401,0,0,2,6,8,0.0,0.0,0.3333
58218,2,8,9,452,471,0.0044,0.0177,0.0199
51417,1,1,0,18,20,0.0556,0.0556,0.0
64651,0,1,0,5,6,0.0,0.2,0.0
73591,1,0,0,4,5,0.25,0.0,0.0
44277,0,1,0,13,14,0.0,0.0769,0.0
59433,6,6,0,206,218,0.0291,0.0291,0.0
70391,0,0,0,2,2,0.0,0.0,0.0
76032,2,0,0,9,11,0.2222,0.0,0.0
72126,0,2,0,22,24,0.0,0.0909,0.0
31702,0,0,0,14,14,0.0,0.0,0.0
86055,0,0,0,1,1,0.0,0.0,0.0
54347,0,1,2,23,26,0.0,0.0435,0.087
19495,0,0,0,76,76,0.0,0.0,0.0
61779,0,2,0,32,34,0.0,0.0625,0.0
103157,0,0,1,6,7,0.0,0.0,0.1667
24212,0,1,0,71,72,0.0,0.0141,0.0
96396,0,0,2,42,44,0.0,0.0,0.0476
23196,0,0,0,4,4,0.0,0.0,0.0
18421,0,1,0,10,11,0.0,0.1,0.0
36183,0,0,0,17,17,0.0,0.0,0.0
38906,0,0,0,6,6,0.0,0.0,0.0
63674,0,0,0,4,4,0.0,0.0,0.0
7186,0,0,0,9,9,0.0,0.0,0.0
8068,0,0,0,5,5,0.0,0.0,0.0
6276,0,0,0,16,16,0.0,0.0,0.0
87834,0,0,0,2,2,0.0,0.0,0.0
58488,0,0,0,26,26,0.0,0.0,0.0
79492,0,0,0,11,11,0.0,0.0,0.0
43989,0,1,0,35,36,0.0,0.0286,0.0
87754,0,2,3,97,102,0.0,0.0206,0.0309
565,0,0,0,30,30,0.0,0.0,0.0
1594,0,0,1,9,10,0.0,0.0,0.1111
103805,0,0,0,8,8,0.0,0.0,0.0
47985,0,0,0,4,4,0.0,0.0,0.0
95607,0,0,0,1,1,0.0,0.0,0.0
26582,0,0,0,8,8,0.0,0.0,0.0
95147,0,0,0,5,5,0.0,0.0,0.0
48110,0,0,0,21,21,0.0,0.0,0.0
21374,0,0,0,7,7,0.0,0.0,0.0
75784,1,3,0,50,54,0.02,0.06,0.0
81237,0,0,0,10,10,0.0,0.0,0.0
40002,0,0,0,3,3,0.0,0.0,0.0
6093,0,0,0,6,6,0.0,0.0,0.0
33322,0,1,0,26,27,0.0,0.0385,0.0
50299,0,0,0,8,8,0.0,0.0,0.0
68614,0,0,0,65,65,0.0,0.0,0.0
55689,0,0,0,6,6,0.0,0.0,0.0
104279,2,0,1,30,33,0.0667,0.0,0.0333
95674,0,0,0,3,3,0.0,0.0,0.0
8112,0,0,0,1,1,0.0,0.0,0.0
90131,0,0,0,1,1,0.0,0.0,0.0
81914,0,0,0,17,17,0.0,0.0,0.0
90851,1,0,0,35,36,0.0286,0.0,0.0
62248,0,0,0,22,22,0.0,0.0,0.0
87786,0,1,0,4,5,0.0,0.25,0.0
83300,0,0,0,16,16,0.0,0.0,0.0
21520,2,0,0,17,19,0.1176,0.0,0.0
104379,0,0,0,3,3,0.0,0.0,0.0
67403,0,0,0,6,6,0.0,0.0,0.0
70902,0,0,0,4,4,0.0,0.0,0.0
37271,0,0,1,10,11,0.0,0.0,0.1
63698,0,0,0,14,14,0.0,0.0,0.0
31778,0,0,0,6,6,0.0,0.0,0.0
96394,0,0,0,4,4,0.0,0.0,0.0
8821,0,0,0,1,1,0.0,0.0,0.0
32754,0,1,0,13,14,0.0,0.0769,0.0
47963,0,0,0,3,3,0.0,0.0,0.0
12540,0,1,0,4,5,0.0,0.25,0.0
66866,0,0,0,1,1,0.0,0.0,0.0
30934,0,0,0,1,1,0.0,0.0,0.0
73217,0,0,0,4,4,0.0,0.0,0.0
66213,0,2,0,10,12,0.0,0.2,0.0
100779,0,0,0,1,1,0.0,0.0,0.0
62146,0,0,0,14,14,0.0,0.0,0.0
81661,0,0,0,1,1,0.0,0.0,0.0
91684,0,0,0,1,1,0.0,0.0,0.0
39733,0,0,0,1,1,0.0,0.0,0.0
13152,0,0,0,1,1,0.0,0.0,0.0
97860,0,0,0,6,6,0.0,0.0,0.0
102785,0,0,0,1,1,0.0,0.0,0.0
11235,0,0,0,1,1,0.0,0.0,0.0
53345,0,0,0,1,1,0.0,0.0,0.0
78219,0,0,0,9,9,0.0,0.0,0.0
49878,0,0,0,4,4,0.0,0.0,0.0
93484,1,0,0,8,9,0.125,0.0,0.0
85328,0,0,0,10,10,0.0,0.0,0.0
102788,0,1,0,9,10,0.0,0.1111,0.0
95772,1,0,0,24,25,0.0417,0.0,0.0
98634,0,1,0,26,27,0.0,0.0385,0.0
6257,0,2,0,68,70,0.0,0.0294,0.0
36205,0,0,0,13,13,0.0,0.0,0.0
28431,1,0,0,16,17,0.0625,0.0,0.0
52212,0,0,0,2,2,0.0,0.0,0.0
83052,2,0,1,79,82,0.0253,0.0,0.0127
3454,0,0,0,1,1,0.0,0.0,0.0
49031,0,0,0,44,44,0.0,0.0,0.0
56946,1,0,0,18,19,0.0556,0.0,0.0
97283,0,0,0,3,3,0.0,0.0,0.0
95658,0,0,0,2,2,0.0,0.0,0.0
101498,0,0,0,8,8,0.0,0.0,0.0
17406,1,14,0,293,308,0.0034,0.0478,0.0
101439,0,0,1,25,26,0.0,0.0,0.04
93829,0,1,1,99,101,0.0,0.0101,0.0101
73350,2,3,1,77,83,0.026,0.039,0.013
65017,0,0,0,1,1,0.0,0.0,0.0
24891,0,0,0,15,15,0.0,0.0,0.0
43203,0,0,0,4,4,0.0,0.0,0.0
19956,0,1,0,45,46,0.0,0.0222,0.0
56590,0,0,0,4,4,0.0,0.0,0.0
3516,1,0,0,40,41,0.025,0.0,0.0
33397,0,0,0,1,1,0.0,0.0,0.0
12011,0,0,0,4,4,0.0,0.0,0.0
54945,0,2,0,18,20,0.0,0.1111,0.0
28479,0,0,0,2,2,0.0,0.0,0.0
103610,0,0,1,2,3,0.0,0.0,0.5
75175,0,1,0,40,41,0.0,0.025,0.0
61095,0,0,0,2,2,0.0,0.0,0.0
93545,0,0,0,6,6,0.0,0.0,0.0
82880,0,0,0,3,3,0.0,0.0,0.0
53016,0,0,0,15,15,0.0,0.0,0.0
17710,0,0,0,1,1,0.0,0.0,0.0
94881,0,0,0,2,2,0.0,0.0,0.0
343,0,0,0,3,3,0.0,0.0,0.0
43130,0,0,0,1,1,0.0,0.0,0.0
71636,0,1,0,8,9,0.0,0.125,0.0
83760,0,0,0,7,7,0.0,0.0,0.0
75040,0,0,0,5,5,0.0,0.0,0.0
96622,0,0,0,6,6,0.0,0.0,0.0
77426,0,0,0,2,2,0.0,0.0,0.0
55220,0,0,0,4,4,0.0,0.0,0.0
26558,0,0,0,1,1,0.0,0.0,0.0
88055,0,0,0,1,1,0.0,0.0,0.0
50100,0,0,0,1,1,0.0,0.0,0.0
67946,0,0,0,12,12,0.0,0.0,0.0
17022,0,0,0,7,7,0.0,0.0,0.0
25987,0,0,0,1,1,0.0,0.0,0.0
26223,0,0,0,1,1,0.0,0.0,0.0
48089,0,0,0,2,2,0.0,0.0,0.0
104165,0,0,0,4,4,0.0,0.0,0.0
86027,0,0,0,1,1,0.0,0.0,0.0
52592,0,0,0,1,1,0.0,0.0,0.0
71148,0,0,0,23,23,0.0,0.0,0.0
9473,0,0,0,6,6,0.0,0.0,0.0
80896,0,0,2,44,46,0.0,0.0,0.0455
82792,0,0,0,3,3,0.0,0.0,0.0
11089,1,1,0,7,9,0.1429,0.1429,0.0
56538,0,0,0,82,82,0.0,0.0,0.0
98626,0,0,0,1,1,0.0,0.0,0.0
50848,1,1,1,27,30,0.037,0.037,0.037
34138,2,7,12,422,443,0.0047,0.0166,0.0284
24006,0,0,0,6,6,0.0,0.0,0.0
69364,0,0,0,9,9,0.0,0.0,0.0
25640,0,0,0,11,11,0.0,0.0,0.0
50059,2,6,5,288,301,0.0069,0.0208,0.0174
53305,0,0,0,2,2,0.0,0.0,0.0
46975,0,2,0,100,102,0.0,0.02,0.0
99014,0,1,2,31,34,0.0,0.0323,0.0645
74155,0,0,0,4,4,0.0,0.0,0.0
13599,0,0,0,1,1,0.0,0.0,0.0
3023,0,0,0,2,2,0.0,0.0,0.0
27033,1,1,2,62,66,0.0161,0.0161,0.0323
78557,0,0,2,29,31,0.0,0.0,0.069
99577,0,0,0,12,12,0.0,0.0,0.0
73005,0,1,0,7,8,0.0,0.1429,0.0
58269,0,0,0,6,6,0.0,0.0,0.0
87483,0,0,0,6,6,0.0,0.0,0.0
53660,0,1,0,94,95,0.0,0.0106,0.0
29234,0,0,0,2,2,0.0,0.0,0.0
37745,1,2,0,85,88,0.0118,0.0235,0.0
20722,0,0,0,8,8,0.0,0.0,0.0
34475,0,0,0,19,19,0.0,0.0,0.0
21637,0,0,0,5,5,0.0,0.0,0.0
73784,0,2,0,29,31,0.0,0.069,0.0
94456,0,0,0,1,1,0.0,0.0,0.0
8134,0,0,0,23,23,0.0,0.0,0.0
62169,0,0,1,38,39,0.0,0.0,0.0263
30084,0,0,0,7,7,0.0,0.0,0.0
31741,0,0,0,4,4,0.0,0.0,0.0
61580,1,1,0,35,37,0.0286,0.0286,0.0
24069,0,0,0,3,3,0.0,0.0,0.0
2262,0,1,0,20,21,0.0,0.05,0.0
95591,0,0,0,1,1,0.0,0.0,0.0
35108,0,1,0,4,5,0.0,0.25,0.0
16528,0,0,0,2,2,0.0,0.0,0.0
86047,0,0,0,4,4,0.0,0.0,0.0
77665,0,0,0,2,2,0.0,0.0,0.0
57554,0,1,0,2,3,0.0,0.5,0.0
103906,0,0,0,2,2,0.0,0.0,0.0
26188,0,0,1,4,5,0.0,0.0,0.25
87161,0,0,0,1,1,0.0,0.0,0.0
98516,0,0,0,1,1,0.0,0.0,0.0
69975,0,0,0,3,3,0.0,0.0,0.0
48337,0,0,0,2,2,0.0,0.0,0.0
27191,0,0,0,24,24,0.0,0.0,0.0
5376,0,0,0,4,4,0.0,0.0,0.0
87839,0,0,0,3,3,0.0,0.0,0.0
96364,0,0,0,1,1,0.0,0.0,0.0
42838,0,0,0,1,1,0.0,0.0,0.0
92892,0,0,0,9,9,0.0,0.0,0.0
52815,0,0,1,15,16,0.0,0.0,0.0667
40394,0,0,0,5,5,0.0,0.0,0.0
70448,0,0,0,3,3,0.0,0.0,0.0
73578,0,0,0,2,2,0.0,0.0,0.0
97306,0,0,0,4,4,0.0,0.0,0.0
73751,0,0,0,2,2,0.0,0.0,0.0
95141,0,0,0,2,2,0.0,0.0,0.0
24409,0,0,0,1,1,0.0,0.0,0.0
12072,0,0,0,1,1,0.0,0.0,0.0
9875,0,0,0,6,6,0.0,0.0,0.0
41564,0,0,0,2,2,0.0,0.0,0.0
68142,0,0,0,4,4,0.0,0.0,0.0
465,0,0,0,1,1,0.0,0.0,0.0
53602,0,0,0,1,1,0.0,0.0,0.0
39349,0,1,0,12,13,0.0,0.0833,0.0
57537,0,0,0,1,1,0.0,0.0,0.0
58003,0,0,0,15,15,0.0,0.0,0.0
103546,1,1,1,30,33,0.0333,0.0333,0.0333
62187,0,0,0,7,7,0.0,0.0,0.0
39996,1,3,0,92,96,0.0109,0.0326,0.0
33289,0,0,0,2,2,0.0,0.0,0.0
27927,0,0,2,12,14,0.0,0.0,0.1667
91149,0,2,0,22,24,0.0,0.0909,0.0
102112,0,3,0,39,42,0.0,0.0769,0.0
81892,0,0,0,12,12,0.0,0.0,0.0
19948,0,0,1,2,3,0.0,0.0,0.5
79235,1,1,0,13,15,0.0769,0.0769,0.0
76706,0,1,0,6,7,0.0,0.1667,0.0
91881,0,1,0,33,34,0.0,0.0303,0.0
1887,0,0,2,26,28,0.0,0.0,0.0769
82939,0,0,4,17,21,0.0,0.0,0.2353
66583,0,2,0,4,6,0.0,0.5,0.0
62574,0,4,3,115,122,0.0,0.0348,0.0261
82418,1,5,4,163,173,0.0061,0.0307,0.0245
532,0,1,1,13,15,0.0,0.0769,0.0769
52167,0,0,0,2,2,0.0,0.0,0.0
62079,0,0,0,3,3,0.0,0.0,0.0
33822,2,0,0,74,76,0.027,0.0,0.0
86815,0,0,0,18,18,0.0,0.0,0.0
1619,0,0,0,3,3,0.0,0.0,0.0
61105,0,0,0,10,10,0.0,0.0,0.0
50317,0,5,1,65,71,0.0,0.0769,0.0154
39913,0,0,0,14,14,0.0,0.0,0.0
37483,0,0,0,7,7,0.0,0.0,0.0
94880,0,0,0,3,3,0.0,0.0,0.0
72237,0,0,0,5,5,0.0,0.0,0.0
37022,0,0,0,8,8,0.0,0.0,0.0
57470,1,0,0,15,16,0.0667,0.0,0.0
92744,1,2,1,68,72,0.0147,0.0294,0.0147
60281,0,0,0,22,22,0.0,0.0,0.0
46897,0,0,0,35,35,0.0,0.0,0.0
13704,0,0,0,17,17,0.0,0.0,0.0
91692,0,1,0,26,27,0.0,0.0385,0.0
66692,0,0,0,37,37,0.0,0.0,0.0
46333,0,0,0,1,1,0.0,0.0,0.0
65327,0,2,0,55,57,0.0,0.0364,0.0
102287,0,0,0,5,5,0.0,0.0,0.0
77281,0,0,0,5,5,0.0,0.0,0.0
23630,0,0,0,13,13,0.0,0.0,0.0
52363,0,0,0,9,9,0.0,0.0,0.0
58340,0,0,0,3,3,0.0,0.0,0.0
20274,0,0,0,3,3,0.0,0.0,0.0
38408,0,0,0,11,11,0.0,0.0,0.0
103872,0,0,0,1,1,0.0,0.0,0.0
63680,0,0,0,2,2,0.0,0.0,0.0
39320,0,0,1,2,3,0.0,0.0,0.5
60940,0,0,0,1,1,0.0,0.0,0.0
77541,0,2,0,45,47,0.0,0.0444,0.0
95734,0,0,0,1,1,0.0,0.0,0.0
4329,0,0,0,2,2,0.0,0.0,0.0
67384,0,0,0,4,4,0.0,0.0,0.0
29838,0,0,0,1,1,0.0,0.0,0.0
9397,0,0,0,2,2,0.0,0.0,0.0
20196,0,0,0,12,12,0.0,0.0,0.0
99121,0,1,0,17,18,0.0,0.0588,0.0
102244,0,0,0,1,1,0.0,0.0,0.0
7334,0,0,0,15,15,0.0,0.0,0.0
1790,0,0,0,1,1,0.0,0.0,0.0
39397,0,0,0,10,10,0.0,0.0,0.0
17664,0,0,0,2,2,0.0,0.0,0.0
40047,0,0,0,1,1,0.0,0.0,0.0
59706,0,0,0,1,1,0.0,0.0,0.0
22289,0,0,0,1,1,0.0,0.0,0.0
94172,0,0,0,2,2,0.0,0.0,0.0
10602,0,0,0,25,25,0.0,0.0,0.0
57208,0,0,0,3,3,0.0,0.0,0.0
87150,0,0,0,2,2,0.0,0.0,0.0
72376,0,0,0,4,4,0.0,0.0,0.0
46419,0,0,0,1,1,0.0,0.0,0.0
4632,0,0,0,5,5,0.0,0.0,0.0
52789,0,0,0,1,1,0.0,0.0,0.0
82150,0,0,0,2,2,0.0,0.0,0.0
81908,0,0,0,1,1,0.0,0.0,0.0
27301,0,0,0,2,2,0.0,0.0,0.0
30657,0,0,1,11,12,0.0,0.0,0.0909
101422,3,6,4,286,299,0.0105,0.021,0.014
50943,0,0,0,1,1,0.0,0.0,0.0
38140,4,12,22,767,805,0.0052,0.0156,0.0287
88506,1,0,0,12,13,0.0833,0.0,0.0
45560,0,0,0,1,1,0.0,0.0,0.0
37987,0,2,1,28,31,0.0,0.0714,0.0357
89556,1,2,0,51,54,0.0196,0.0392,0.0
91754,0,0,0,19,19,0.0,0.0,0.0
1412,1,0,0,7,8,0.1429,0.0,0.0
8107,0,0,0,1,1,0.0,0.0,0.0
55968,0,2,0,5,7,0.0,0.4,0.0
67299,0,0,0,30,30,0.0,0.0,0.0
31816,6,8,3,328,345,0.0183,0.0244,0.0091
32885,1,2,1,44,48,0.0227,0.0455,0.0227
61343,0,0,0,1,1,0.0,0.0,0.0
74612,0,2,0,48,50,0.0,0.0417,0.0
24970,0,0,0,4,4,0.0,0.0,0.0
98676,0,1,0,8,9,0.0,0.125,0.0
73800,0,0,0,4,4,0.0,0.0,0.0
34535,0,1,0,4,5,0.0,0.25,0.0
91968,0,0,0,15,15,0.0,0.0,0.0
102156,0,1,2,30,33,0.0,0.0333,0.0667
88888,1,1,1,75,78,0.0133,0.0133,0.0133
10004,0,0,0,19,19,0.0,0.0,0.0
70520,0,0,0,4,4,0.0,0.0,0.0
65765,0,0,0,37,37,0.0,0.0,0.0
59158,0,0,0,4,4,0.0,0.0,0.0
87799,0,2,0,30,32,0.0,0.0667,0.0
29584,0,0,0,12,12,0.0,0.0,0.0
18949,0,0,0,7,7,0.0,0.0,0.0
16161,0,0,0,2,2,0.0,0.0,0.0
83279,0,5,0,63,68,0.0,0.0794,0.0
26345,1,5,0,19,25,0.0526,0.2632,0.0
83442,1,1,1,56,59,0.0179,0.0179,0.0179
100993,1,2,0,80,83,0.0125,0.025,0.0
79605,0,0,0,3,3,0.0,0.0,0.0
31318,0,0,1,19,20,0.0,0.0,0.0526
6211,0,0,0,12,12,0.0,0.0,0.0
7535,0,1,0,25,26,0.0,0.04,0.0
80820,0,0,0,16,16,0.0,0.0,0.0
94328,0,0,0,8,8,0.0,0.0,0.0
25663,0,0,0,4,4,0.0,0.0,0.0
8046,0,0,0,2,2,0.0,0.0,0.0
8671,0,0,0,1,1,0.0,0.0,0.0
43532,0,0,0,12,12,0.0,0.0,0.0
76415,0,0,0,1,1,0.0,0.0,0.0
69466,0,0,0,1,1,0.0,0.0,0.0
21110,0,0,0,1,1,0.0,0.0,0.0
79896,0,0,0,2,2,0.0,0.0,0.0
74529,0,0,0,6,6,0.0,0.0,0.0
97855,0,0,0,10,10,0.0,0.0,0.0
4760,0,0,0,3,3,0.0,0.0,0.0
28833,0,0,0,1,1,0.0,0.0,0.0
39288,0,0,0,3,3,0.0,0.0,0.0
52669,0,0,0,6,6,0.0,0.0,0.0
32322,0,0,0,1,1,0.0,0.0,0.0
75381,0,0,1,9,10,0.0,0.0,0.1111
65594,0,0,0,2,2,0.0,0.0,0.0
55505,0,0,0,3,3,0.0,0.0,0.0
46027,0,0,0,4,4,0.0,0.0,0.0
25223,0,0,0,23,23,0.0,0.0,0.0
93034,0,0,0,2,2,0.0,0.0,0.0
61959,0,0,0,3,3,0.0,0.0,0.0
55934,0,0,0,1,1,0.0,0.0,0.0
90705,0,1,1,41,43,0.0,0.0244,0.0244
53817,0,0,0,4,4,0.0,0.0,0.0
9420,0,0,0,13,13,0.0,0.0,0.0
25788,0,0,0,6,6,0.0,0.0,0.0
92212,0,2,0,7,9,0.0,0.2857,0.0
15273,0,0,0,12,12,0.0,0.0,0.0
18385,0,0,0,3,3,0.0,0.0,0.0
36800,0,0,0,3,3,0.0,0.0,0.0
99398,0,0,0,1,1,0.0,0.0,0.0
3589,0,2,0,2,4,0.0,1.0,0.0
57083,0,0,0,14,14,0.0,0.0,0.0
24163,0,0,0,4,4,0.0,0.0,0.0
37816,0,0,0,11,11,0.0,0.0,0.0
60691,0,0,0,6,6,0.0,0.0,0.0
12136,0,0,0,2,2,0.0,0.0,0.0
100906,1,1,0,9,11,0.1111,0.1111,0.0
98538,1,2,0,64,67,0.0156,0.0313,0.0
7229,0,0,0,9,9,0.0,0.0,0.0
62287,0,0,0,1,1,0.0,0.0,0.0
24013,1,0,0,56,57,0.0179,0.0,0.0
87985,0,0,0,4,4,0.0,0.0,0.0
78851,0,0,0,16,16,0.0,0.0,0.0
55241,0,0,0,3,3,0.0,0.0,0.0
34269,0,2,0,3,5,0.0,0.6667,0.0
30958,0,0,0,8,8,0.0,0.0,0.0
90915,0,2,0,9,11,0.0,0.2222,0.0
27288,0,0,0,5,5,0.0,0.0,0.0
69496,0,1,1,50,52,0.0,0.02,0.02
45723,0,0,0,8,8,0.0,0.0,0.0
85265,0,0,0,4,4,0.0,0.0,0.0
13011,0,0,0,1,1,0.0,0.0,0.0
64281,0,1,0,105,106,0.0,0.0095,0.0
72373,0,0,0,6,6,0.0,0.0,0.0
50361,0,0,1,110,111,0.0,0.0,0.0091
40906,0,0,0,7,7,0.0,0.0,0.0
31060,0,0,0,7,7,0.0,0.0,0.0
77452,0,0,0,2,2,0.0,0.0,0.0
93801,1,2,2,130,135,0.0077,0.0154,0.0154
36490,0,0,0,37,37,0.0,0.0,0.0
5063,0,1,2,77,80,0.0,0.013,0.026
6470,0,0,0,2,2,0.0,0.0,0.0
84668,0,0,0,4,4,0.0,0.0,0.0
90397,2,0,0,65,67,0.0308,0.0,0.0
39602,0,0,0,1,1,0.0,0.0,0.0
87407,0,0,0,5,5,0.0,0.0,0.0
37047,0,0,0,1,1,0.0,0.0,0.0
85200,0,0,0,14,14,0.0,0.0,0.0
2143,0,0,0,10,10,0.0,0.0,0.0
92894,3,0,0,8,11,0.375,0.0,0.0
60240,0,0,1,14,15,0.0,0.0,0.0714
47852,0,0,0,1,1,0.0,0.0,0.0
43143,0,0,0,11,11,0.0,0.0,0.0
73080,0,0,0,6,6,0.0,0.0,0.0
8347,1,0,0,19,20,0.0526,0.0,0.0
5035,0,0,0,3,3,0.0,0.0,0.0
31911,0,0,0,2,2,0.0,0.0,0.0
86005,0,1,0,13,14,0.0,0.0769,0.0
90753,0,0,0,3,3,0.0,0.0,0.0
82422,0,0,0,3,3,0.0,0.0,0.0
17686,0,0,0,1,1,0.0,0.0,0.0
95785,0,0,0,1,1,0.0,0.0,0.0
39251,0,0,0,2,2,0.0,0.0,0.0
21797,0,0,0,2,2,0.0,0.0,0.0
88366,0,0,0,2,2,0.0,0.0,0.0
21796,1,1,0,19,21,0.0526,0.0526,0.0
35847,0,0,0,4,4,0.0,0.0,0.0
88806,0,1,0,3,4,0.0,0.3333,0.0
83066,0,2,0,3,5,0.0,0.6667,0.0
101323,0,0,0,1,1,0.0,0.0,0.0
56713,0,0,0,1,1,0.0,0.0,0.0
44236,0,0,0,2,2,0.0,0.0,0.0
78471,0,0,0,5,5,0.0,0.0,0.0
47397,0,0,1,3,4,0.0,0.0,0.3333
37341,0,0,0,1,1,0.0,0.0,0.0
31426,0,0,0,3,3,0.0,0.0,0.0
47725,0,0,0,1,1,0.0,0.0,0.0
58699,0,1,0,26,27,0.0,0.0385,0.0
49092,0,1,1,61,63,0.0,0.0164,0.0164
51644,2,1,2,32,37,0.0625,0.0313,0.0625
6064,1,2,0,50,53,0.02,0.04,0.0
84942,0,0,0,11,11,0.0,0.0,0.0
53357,0,0,0,10,10,0.0,0.0,0.0
6018,0,2,0,17,19,0.0,0.1176,0.0
34395,0,0,1,16,17,0.0,0.0,0.0625
25884,0,0,0,6,6,0.0,0.0,0.0
63475,0,1,0,3,4,0.0,0.3333,0.0
66628,0,0,0,10,10,0.0,0.0,0.0
6066,0,0,0,17,17,0.0,0.0,0.0
79719,0,0,0,13,13,0.0,0.0,0.0
81282,0,0,0,1,1,0.0,0.0,0.0
102949,0,1,0,6,7,0.0,0.1667,0.0
8228,0,0,0,2,2,0.0,0.0,0.0
69641,0,0,0,6,6,0.0,0.0,0.0
49474,0,0,0,15,15,0.0,0.0,0.0
33886,8,10,7,512,537,0.0156,0.0195,0.0137
93564,0,0,0,4,4,0.0,0.0,0.0
78493,0,0,1,2,3,0.0,0.0,0.5
80310,0,0,0,10,10,0.0,0.0,0.0
28319,0,0,0,8,8,0.0,0.0,0.0
69988,0,0,0,2,2,0.0,0.0,0.0
99646,0,0,0,11,11,0.0,0.0,0.0
10677,0,0,0,21,21,0.0,0.0,0.0
41628,0,0,0,6,6,0.0,0.0,0.0
37204,0,0,0,10,10,0.0,0.0,0.0
56810,0,1,1,6,8,0.0,0.1667,0.1667
74585,0,0,0,4,4,0.0,0.0,0.0
25447,3,3,0,17,23,0.1765,0.1765,0.0
52198,0,3,0,28,31,0.0,0.1071,0.0
524,0,0,0,8,8,0.0,0.0,0.0
92545,0,1,0,7,8,0.0,0.1429,0.0
69638,0,3,2,36,41,0.0,0.0833,0.0556
95783,1,0,1,46,48,0.0217,0.0,0.0217
9307,1,0,0,16,17,0.0625,0.0,0.0
98322,0,1,1,89,91,0.0,0.0112,0.0112
103526,1,0,0,7,8,0.1429,0.0,0.0
99857,0,0,0,8,8,0.0,0.0,0.0
23785,0,0,0,1,1,0.0,0.0,0.0
95190,0,0,0,8,8,0.0,0.0,0.0
94566,0,0,0,1,1,0.0,0.0,0.0
76344,0,0,0,18,18,0.0,0.0,0.0
15890,0,0,0,1,1,0.0,0.0,0.0
45206,0,0,0,5,5,0.0,0.0,0.0
36909,0,0,0,4,4,0.0,0.0,0.0
84099,0,0,0,7,7,0.0,0.0,0.0
40429,0,0,0,1,1,0.0,0.0,0.0
65622,0,0,0,2,2,0.0,0.0,0.0
68177,0,0,0,1,1,0.0,0.0,0.0
74450,0,0,0,2,2,0.0,0.0,0.0
59952,0,0,0,2,2,0.0,0.0,0.0
27826,0,0,0,1,1,0.0,0.0,0.0
91873,0,0,0,2,2,0.0,0.0,0.0
61119,0,0,0,6,6,0.0,0.0,0.0
89396,0,0,0,6,6,0.0,0.0,0.0
77469,0,0,0,1,1,0.0,0.0,0.0
5711,0,0,0,6,6,0.0,0.0,0.0
84727,0,0,0,1,1,0.0,0.0,0.0
14238,0,0,0,1,1,0.0,0.0,0.0
42279,0,0,0,4,4,0.0,0.0,0.0
42549,0,0,0,1,1,0.0,0.0,0.0
51143,0,0,0,3,3,0.0,0.0,0.0
9389,0,0,0,1,1,0.0,0.0,0.0
98696,0,0,0,19,19,0.0,0.0,0.0
26310,0,0,0,1,1,0.0,0.0,0.0
8308,0,3,0,37,40,0.0,0.0811,0.0
97013,0,0,0,2,2,0.0,0.0,0.0
68408,0,0,0,15,15,0.0,0.0,0.0
80175,0,0,0,12,12,0.0,0.0,0.0
48012,0,1,0,13,14,0.0,0.0769,0.0
14116,0,0,1,51,52,0.0,0.0,0.0196
88979,0,0,0,3,3,0.0,0.0,0.0
53653,0,0,0,7,7,0.0,0.0,0.0
55359,0,0,0,13,13,0.0,0.0,0.0
389,0,0,0,2,2,0.0,0.0,0.0
42353,0,0,0,1,1,0.0,0.0,0.0
50776,0,0,0,3,3,0.0,0.0,0.0
41177,1,1,0,43,45,0.0233,0.0233,0.0
67571,1,0,2,49,52,0.0204,0.0,0.0408
12098,0,0,2,12,14,0.0,0.0,0.1667
98584,0,0,3,50,53,0.0,0.0,0.06
32963,0,0,2,25,27,0.0,0.0,0.08
71089,0,0,0,8,8,0.0,0.0,0.0
18914,0,1,0,7,8,0.0,0.1429,0.0
62888,0,0,0,2,2,0.0,0.0,0.0
84119,0,1,0,17,18,0.0,0.0588,0.0
94833,0,0,0,23,23,0.0,0.0,0.0
76553,0,0,0,25,25,0.0,0.0,0.0
34490,0,0,0,17,17,0.0,0.0,0.0
62226,0,0,0,8,8,0.0,0.0,0.0
80140,0,0,1,7,8,0.0,0.0,0.1429
39890,0,2,2,55,59,0.0,0.0364,0.0364
15369,0,0,0,3,3,0.0,0.0,0.0
75012,0,0,0,2,2,0.0,0.0,0.0
53744,0,0,0,2,2,0.0,0.0,0.0
65194,0,0,0,1,1,0.0,0.0,0.0
63514,0,0,0,2,2,0.0,0.0,0.0
59050,0,0,0,4,4,0.0,0.0,0.0
29563,0,0,0,4,4,0.0,0.0,0.0
65971,0,0,0,1,1,0.0,0.0,0.0
91956,1,0,0,8,9,0.125,0.0,0.0
59888,0,1,0,26,27,0.0,0.0385,0.0
92988,0,0,0,1,1,0.0,0.0,0.0
29236,0,0,1,3,4,0.0,0.0,0.3333
35666,0,0,0,1,1,0.0,0.0,0.0
25006,0,1,0,8,9,0.0,0.125,0.0
59765,0,0,0,38,38,0.0,0.0,0.0
30161,0,1,0,15,16,0.0,0.0667,0.0
78577,0,0,0,1,1,0.0,0.0,0.0
41580,0,2,0,3,5,0.0,0.6667,0.0
18202,0,0,0,5,5,0.0,0.0,0.0
70128,0,0,0,2,2,0.0,0.0,0.0
31705,0,0,0,1,1,0.0,0.0,0.0
5652,0,0,0,2,2,0.0,0.0,0.0
37709,0,0,0,1,1,0.0,0.0,0.0
14083,0,1,0,8,9,0.0,0.125,0.0
10224,0,0,0,1,1,0.0,0.0,0.0
27553,0,0,0,1,1,0.0,0.0,0.0
55589,0,0,0,1,1,0.0,0.0,0.0
28713,0,0,0,35,35,0.0,0.0,0.0
29128,0,3,4,110,117,0.0,0.0273,0.0364
69530,0,0,0,2,2,0.0,0.0,0.0
102729,0,1,2,91,94,0.0,0.011,0.022
25398,1,0,0,12,13,0.0833,0.0,0.0
86330,0,1,1,40,42,0.0,0.025,0.025
35430,0,0,0,3,3,0.0,0.0,0.0
19379,0,2,2,84,88,0.0,0.0238,0.0238
34659,0,1,0,2,3,0.0,0.5,0.0
57706,6,3,0,105,114,0.0571,0.0286,0.0
49342,0,0,0,13,13,0.0,0.0,0.0
51162,0,0,1,18,19,0.0,0.0,0.0556
11091,0,0,0,1,1,0.0,0.0,0.0
12383,0,1,0,7,8,0.0,0.1429,0.0
41200,0,0,0,2,2,0.0,0.0,0.0
72353,0,0,0,15,15,0.0,0.0,0.0
78573,0,0,0,32,32,0.0,0.0,0.0
86180,0,2,0,119,121,0.0,0.0168,0.0
78204,0,0,0,4,4,0.0,0.0,0.0
65210,0,0,0,6,6,0.0,0.0,0.0
68477,0,0,3,50,53,0.0,0.0,0.06
88963,0,0,0,3,3,0.0,0.0,0.0
82352,0,0,0,3,3,0.0,0.0,0.0
1724,0,1,3,87,91,0.0,0.0115,0.0345
46089,0,0,0,1,1,0.0,0.0,0.0
22174,0,0,0,41,41,0.0,0.0,0.0
27462,0,0,0,10,10,0.0,0.0,0.0
9985,0,1,0,71,72,0.0,0.0141,0.0
7099,1,0,0,15,16,0.0667,0.0,0.0
93299,0,2,0,40,42,0.0,0.05,0.0
64441,0,0,0,3,3,0.0,0.0,0.0
102039,0,0,0,19,19,0.0,0.0,0.0
94424,0,0,1,18,19,0.0,0.0,0.0556
53851,2,2,1,122,127,0.0164,0.0164,0.0082
43572,1,0,1,46,48,0.0217,0.0,0.0217
24158,0,0,0,38,38,0.0,0.0,0.0
81289,0,1,0,23,24,0.0,0.0435,0.0
99290,0,0,0,5,5,0.0,0.0,0.0
13189,0,0,0,19,19,0.0,0.0,0.0
89791,0,0,0,2,2,0.0,0.0,0.0
60929,0,0,0,5,5,0.0,0.0,0.0
34292,0,0,0,1,1,0.0,0.0,0.0
31974,1,0,0,11,12,0.0909,0.0,0.0
59328,0,0,0,9,9,0.0,0.0,0.0
37843,1,0,1,10,12,0.1,0.0,0.1
7375,0,0,0,2,2,0.0,0.0,0.0
61902,0,0,0,1,1,0.0,0.0,0.0
21322,0,0,0,1,1,0.0,0.0,0.0
5913,0,0,0,1,1,0.0,0.0,0.0
17729,0,0,0,2,2,0.0,0.0,0.0
92625,0,1,0,1,2,0.0,1.0,0.0
86705,0,0,0,4,4,0.0,0.0,0.0
78337,0,0,0,23,23,0.0,0.0,0.0
67889,0,0,0,1,1,0.0,0.0,0.0
101868,0,0,0,2,2,0.0,0.0,0.0
33792,0,0,0,4,4,0.0,0.0,0.0
48563,0,0,0,3,3,0.0,0.0,0.0
23259,0,0,0,1,1,0.0,0.0,0.0
6789,0,0,0,6,6,0.0,0.0,0.0
23875,0,0,0,1,1,0.0,0.0,0.0
15099,0,0,0,1,1,0.0,0.0,0.0
97734,0,0,0,1,1,0.0,0.0,0.0
54035,0,0,0,2,2,0.0,0.0,0.0
39013,0,0,0,4,4,0.0,0.0,0.0
20225,0,1,0,14,15,0.0,0.0714,0.0
25707,2,0,1,23,26,0.087,0.0,0.0435
19445,0,0,0,3,3,0.0,0.0,0.0
1898,0,0,0,3,3,0.0,0.0,0.0
67194,0,0,0,1,1,0.0,0.0,0.0
6997,0,0,0,1,1,0.0,0.0,0.0
52236,1,0,2,12,15,0.0833,0.0,0.1667
7302,0,0,0,17,17,0.0,0.0,0.0
63026,0,1,0,45,46,0.0,0.0222,0.0
47672,0,0,0,15,15,0.0,0.0,0.0
91254,0,0,0,1,1,0.0,0.0,0.0
6147,8,12,4,594,618,0.0135,0.0202,0.0067
19574,0,0,0,7,7,0.0,0.0,0.0
98533,0,0,0,26,26,0.0,0.0,0.0
94142,1,1,6,28,36,0.0357,0.0357,0.2143
87767,0,0,0,3,3,0.0,0.0,0.0
34632,0,0,2,40,42,0.0,0.0,0.05
8923,0,0,0,6,6,0.0,0.0,0.0
76901,0,0,0,13,13,0.0,0.0,0.0
86510,0,0,0,7,7,0.0,0.0,0.0
8113,1,0,0,38,39,0.0263,0.0,0.0
60069,0,0,0,9,9,0.0,0.0,0.0
13090,0,1,0,9,10,0.0,0.1111,0.0
36692,0,0,0,1,1,0.0,0.0,0.0
84440,0,0,0,1,1,0.0,0.0,0.0
62597,1,2,0,61,64,0.0164,0.0328,0.0
18807,4,0,4,31,39,0.129,0.0,0.129
35465,0,0,0,1,1,0.0,0.0,0.0
20164,0,0,2,42,44,0.0,0.0,0.0476
51291,0,1,1,95,97,0.0,0.0105,0.0105
88531,0,0,0,3,3,0.0,0.0,0.0
35469,0,0,1,32,33,0.0,0.0,0.0313
94470,1,0,0,15,16,0.0667,0.0,0.0
101307,0,0,0,9,9,0.0,0.0,0.0
98029,0,0,0,4,4,0.0,0.0,0.0
90946,0,0,0,1,1,0.0,0.0,0.0
83263,0,0,0,31,31,0.0,0.0,0.0
61322,0,1,0,8,9,0.0,0.125,0.0
4224,0,0,0,166,166,0.0,0.0,0.0
67147,0,0,0,2,2,0.0,0.0,0.0
67235,0,1,0,50,51,0.0,0.02,0.0
29017,0,0,0,1,1,0.0,0.0,0.0
56027,0,1,0,46,47,0.0,0.0217,0.0
14503,0,0,0,4,4,0.0,0.0,0.0
67426,0,0,0,3,3,0.0,0.0,0.0
65068,0,0,1,27,28,0.0,0.0,0.037
30893,0,0,0,1,1,0.0,0.0,0.0
102219,0,0,0,1,1,0.0,0.0,0.0
96211,0,0,0,5,5,0.0,0.0,0.0
63754,0,0,0,2,2,0.0,0.0,0.0
82619,0,0,0,3,3,0.0,0.0,0.0
32002,0,0,0,1,1,0.0,0.0,0.0
44619,0,0,0,1,1,0.0,0.0,0.0
68359,0,0,0,1,1,0.0,0.0,0.0
48939,0,0,0,4,4,0.0,0.0,0.0
31484,0,0,0,5,5,0.0,0.0,0.0
79953,0,0,0,7,7,0.0,0.0,0.0
16636,0,0,0,2,2,0.0,0.0,0.0
64151,0,0,1,14,15,0.0,0.0,0.0714
6947,0,0,0,8,8,0.0,0.0,0.0
24717,0,1,0,1,2,0.0,1.0,0.0
19460,0,0,0,1,1,0.0,0.0,0.0
30537,0,0,0,1,1,0.0,0.0,0.0
40565,0,0,0,1,1,0.0,0.0,0.0
101562,0,0,0,1,1,0.0,0.0,0.0
62711,0,0,0,1,1,0.0,0.0,0.0
14249,0,0,0,2,2,0.0,0.0,0.0
75314,0,0,0,2,2,0.0,0.0,0.0
66788,0,1,0,1,2,0.0,1.0,0.0
84168,0,0,0,1,1,0.0,0.0,0.0
101234,0,0,0,1,1,0.0,0.0,0.0
88880,2,0,0,29,31,0.069,0.0,0.0
98044,0,0,0,6,6,0.0,0.0,0.0
94984,0,0,0,4,4,0.0,0.0,0.0
42923,0,0,0,7,7,0.0,0.0,0.0
1609,0,0,0,2,2,0.0,0.0,0.0
38287,0,0,0,1,1,0.0,0.0,0.0
88935,0,2,0,7,9,0.0,0.2857,0.0
59976,0,1,0,13,14,0.0,0.0769,0.0
58184,0,1,1,47,49,0.0,0.0213,0.0213
85831,0,0,0,7,7,0.0,0.0,0.0
104072,0,0,0,12,12,0.0,0.0,0.0
73733,0,0,0,101,101,0.0,0.0,0.0
12434,0,0,0,13,13,0.0,0.0,0.0
102503,3,0,3,22,28,0.1364,0.0,0.1364
47266,0,0,0,17,17,0.0,0.0,0.0
43731,0,0,0,4,4,0.0,0.0,0.0
98665,0,0,0,20,20,0.0,0.0,0.0
24211,0,0,0,1,1,0.0,0.0,0.0
41546,0,0,0,2,2,0.0,0.0,0.0
102595,1,0,1,67,69,0.0149,0.0,0.0149
49494,0,0,2,15,17,0.0,0.0,0.1333
89270,0,0,0,7,7,0.0,0.0,0.0
38177,0,0,0,1,1,0.0,0.0,0.0
62232,2,9,0,243,254,0.0082,0.037,0.0
14994,0,1,0,2,3,0.0,0.5,0.0
86126,0,0,0,34,34,0.0,0.0,0.0
40517,1,0,0,39,40,0.0256,0.0,0.0
92456,0,0,0,4,4,0.0,0.0,0.0
18815,0,0,1,21,22,0.0,0.0,0.0476
69499,0,0,0,1,1,0.0,0.0,0.0
17756,0,0,0,12,12,0.0,0.0,0.0
10132,0,0,0,15,15,0.0,0.0,0.0
1780,0,0,0,32,32,0.0,0.0,0.0
10400,0,0,0,3,3,0.0,0.0,0.0
58349,0,0,0,5,5,0.0,0.0,0.0
54517,0,0,0,1,1,0.0,0.0,0.0
98114,0,0,0,12,12,0.0,0.0,0.0
67507,0,0,0,2,2,0.0,0.0,0.0
22297,0,0,0,4,4,0.0,0.0,0.0
77655,0,0,0,3,3,0.0,0.0,0.0
26987,0,0,0,10,10,0.0,0.0,0.0
102254,0,0,0,1,1,0.0,0.0,0.0
85945,0,0,0,1,1,0.0,0.0,0.0
75391,1,0,1,30,32,0.0333,0.0,0.0333
71306,0,0,0,1,1,0.0,0.0,0.0
48268,0,0,0,2,2,0.0,0.0,0.0
47638,0,0,0,6,6,0.0,0.0,0.0
7397,0,0,0,15,15,0.0,0.0,0.0
84968,0,0,0,1,1,0.0,0.0,0.0
102344,0,0,0,1,1,0.0,0.0,0.0
7467,0,0,0,1,1,0.0,0.0,0.0
99090,0,2,0,16,18,0.0,0.125,0.0
61521,0,3,0,18,21,0.0,0.1667,0.0
60977,0,0,0,2,2,0.0,0.0,0.0
38542,0,0,0,1,1,0.0,0.0,0.0
70301,0,2,0,1,3,0.0,2.0,0.0
97458,0,0,0,2,2,0.0,0.0,0.0
4273,0,0,0,1,1,0.0,0.0,0.0
101928,0,0,0,1,1,0.0,0.0,0.0
10902,0,0,0,3,3,0.0,0.0,0.0
10509,0,0,0,1,1,0.0,0.0,0.0
62529,0,0,0,5,5,0.0,0.0,0.0
4062,0,3,0,3,6,0.0,1.0,0.0
21182,0,0,0,14,14,0.0,0.0,0.0
67711,0,0,0,7,7,0.0,0.0,0.0
89232,0,0,0,7,7,0.0,0.0,0.0
51177,0,0,0,1,1,0.0,0.0,0.0
30061,2,3,4,95,104,0.0211,0.0316,0.0421
18042,0,0,1,9,10,0.0,0.0,0.1111
102,8,12,17,618,655,0.0129,0.0194,0.0275
88085,0,0,0,43,43,0.0,0.0,0.0
80348,0,0,0,1,1,0.0,0.0,0.0
74417,0,0,0,5,5,0.0,0.0,0.0
78255,0,0,0,12,12,0.0,0.0,0.0
86431,0,0,0,8,8,0.0,0.0,0.0
96412,1,0,0,10,11,0.1,0.0,0.0
23919,0,0,0,13,13,0.0,0.0,0.0
104174,0,1,0,27,28,0.0,0.037,0.0
33663,0,0,0,2,2,0.0,0.0,0.0
89485,0,3,0,46,49,0.0,0.0652,0.0
37550,0,0,0,1,1,0.0,0.0,0.0
45940,0,0,0,2,2,0.0,0.0,0.0
93621,0,0,0,1,1,0.0,0.0,0.0
80683,2,0,0,23,25,0.087,0.0,0.0
104382,0,0,0,4,4,0.0,0.0,0.0
30766,0,0,0,18,18,0.0,0.0,0.0
4734,0,0,0,1,1,0.0,0.0,0.0
52684,0,0,0,2,2,0.0,0.0,0.0
102161,3,5,7,237,252,0.0127,0.0211,0.0295
62804,2,0,1,24,27,0.0833,0.0,0.0417
18532,0,0,0,1,1,0.0,0.0,0.0
36656,0,0,2,23,25,0.0,0.0,0.087
71882,0,2,0,4,6,0.0,0.5,0.0
848,0,0,0,3,3,0.0,0.0,0.0
11908,0,0,0,2,2,0.0,0.0,0.0
29916,0,0,0,4,4,0.0,0.0,0.0
100952,0,0,0,2,2,0.0,0.0,0.0
1459,0,0,0,39,39,0.0,0.0,0.0
73637,0,1,0,33,34,0.0,0.0303,0.0
27077,0,1,0,7,8,0.0,0.1429,0.0
46376,0,1,0,9,10,0.0,0.1111,0.0
68886,0,1,0,10,11,0.0,0.1,0.0
100627,0,0,0,5,5,0.0,0.0,0.0
15282,0,0,0,3,3,0.0,0.0,0.0
93559,0,0,0,4,4,0.0,0.0,0.0
82751,0,0,0,6,6,0.0,0.0,0.0
43470,0,0,0,2,2,0.0,0.0,0.0
32422,0,0,0,1,1,0.0,0.0,0.0
87579,0,0,0,5,5,0.0,0.0,0.0
5781,0,0,0,3,3,0.0,0.0,0.0
79227,0,1,0,9,10,0.0,0.1111,0.0
94704,0,0,0,48,48,0.0,0.0,0.0
91339,0,0,0,4,4,0.0,0.0,0.0
15714,0,0,0,3,3,0.0,0.0,0.0
55633,0,0,0,3,3,0.0,0.0,0.0
22754,0,0,0,19,19,0.0,0.0,0.0
45937,0,0,0,8,8,0.0,0.0,0.0
5696,0,0,0,1,1,0.0,0.0,0.0
8728,0,0,0,12,12,0.0,0.0,0.0
34542,0,1,0,5,6,0.0,0.2,0.0
102165,0,0,0,10,10,0.0,0.0,0.0
28508,0,0,0,2,2,0.0,0.0,0.0
14243,0,0,0,1,1,0.0,0.0,0.0
39324,0,0,0,2,2,0.0,0.0,0.0
103348,0,0,0,3,3,0.0,0.0,0.0
13086,0,0,0,1,1,0.0,0.0,0.0
84427,0,0,0,3,3,0.0,0.0,0.0
13366,0,0,0,1,1,0.0,0.0,0.0
61310,0,0,1,3,4,0.0,0.0,0.3333
23486,0,0,0,3,3,0.0,0.0,0.0
33377,0,0,0,2,2,0.0,0.0,0.0
18849,1,0,0,20,21,0.05,0.0,0.0
86893,0,0,0,9,9,0.0,0.0,0.0
69701,0,0,0,2,2,0.0,0.0,0.0
88702,0,0,0,1,1,0.0,0.0,0.0
9686,0,0,1,3,4,0.0,0.0,0.3333
67959,0,0,0,12,12,0.0,0.0,0.0
80119,0,0,1,5,6,0.0,0.0,0.2
59804,0,0,0,9,9,0.0,0.0,0.0
47074,0,3,2,246,251,0.0,0.0122,0.0081
54924,0,2,0,29,31,0.0,0.069,0.0
53272,0,1,4,23,28,0.0,0.0435,0.1739
58809,0,2,1,85,88,0.0,0.0235,0.0118
81396,0,0,0,4,4,0.0,0.0,0.0
55769,0,0,0,22,22,0.0,0.0,0.0
103480,0,0,0,5,5,0.0,0.0,0.0
7100,0,1,0,45,46,0.0,0.0222,0.0
87365,1,2,1,75,79,0.0133,0.0267,0.0133
47917,0,0,0,24,24,0.0,0.0,0.0
59242,0,0,0,9,9,0.0,0.0,0.0
58562,0,0,0,5,5,0.0,0.0,0.0
8298,0,2,1,63,66,0.0,0.0317,0.0159
95538,0,1,0,9,10,0.0,0.1111,0.0
40928,0,0,0,1,1,0.0,0.0,0.0
77652,1,0,0,31,32,0.0323,0.0,0.0
75989,0,0,0,4,4,0.0,0.0,0.0
21679,0,0,0,11,11,0.0,0.0,0.0
50940,0,0,0,32,32,0.0,0.0,0.0
9567,0,0,0,4,4,0.0,0.0,0.0
62191,0,0,0,8,8,0.0,0.0,0.0
45264,0,1,0,10,11,0.0,0.1,0.0
12624,0,0,0,1,1,0.0,0.0,0.0
1502,0,0,1,42,43,0.0,0.0,0.0238
41009,0,0,2,109,111,0.0,0.0,0.0183
21560,2,3,3,60,68,0.0333,0.05,0.05
36402,0,0,0,10,10,0.0,0.0,0.0
25230,0,0,0,2,2,0.0,0.0,0.0
35919,0,2,1,52,55,0.0,0.0385,0.0192
29448,0,0,0,2,2,0.0,0.0,0.0
75071,0,1,0,6,7,0.0,0.1667,0.0
68270,0,1,1,31,33,0.0,0.0323,0.0323
47035,0,0,0,27,27,0.0,0.0,0.0
61963,0,3,0,55,58,0.0,0.0545,0.0
33957,0,0,0,68,68,0.0,0.0,0.0
35136,0,0,0,2,2,0.0,0.0,0.0
76217,0,0,0,1,1,0.0,0.0,0.0
40868,0,0,0,17,17,0.0,0.0,0.0
90981,0,0,0,30,30,0.0,0.0,0.0
37572,0,0,0,1,1,0.0,0.0,0.0
59320,0,0,1,5,6,0.0,0.0,0.2
19784,0,0,0,5,5,0.0,0.0,0.0
16508,0,0,0,1,1,0.0,0.0,0.0
92199,0,0,0,5,5,0.0,0.0,0.0
85108,0,0,0,3,3,0.0,0.0,0.0
57714,0,1,0,25,26,0.0,0.04,0.0
93765,0,0,0,1,1,0.0,0.0,0.0
35048,0,0,0,3,3,0.0,0.0,0.0
97495,0,0,2,40,42,0.0,0.0,0.05
81039,0,0,0,8,8,0.0,0.0,0.0
59261,0,0,0,1,1,0.0,0.0,0.0
30270,0,0,0,2,2,0.0,0.0,0.0
96137,0,0,0,4,4,0.0,0.0,0.0
89199,0,0,0,48,48,0.0,0.0,0.0
55592,0,0,0,1,1,0.0,0.0,0.0
69166,0,0,0,6,6,0.0,0.0,0.0
16403,0,0,0,1,1,0.0,0.0,0.0
94647,0,0,0,16,16,0.0,0.0,0.0
14969,0,0,0,1,1,0.0,0.0,0.0
35131,0,0,0,1,1,0.0,0.0,0.0
76945,0,0,0,2,2,0.0,0.0,0.0
42918,0,0,0,1,1,0.0,0.0,0.0
32928,0,0,0,1,1,0.0,0.0,0.0
60387,0,0,0,2,2,0.0,0.0,0.0
69900,0,0,0,3,3,0.0,0.0,0.0
65255,0,0,0,7,7,0.0,0.0,0.0
63130,0,0,0,2,2,0.0,0.0,0.0
68112,0,0,0,3,3,0.0,0.0,0.0
15082,0,0,0,7,7,0.0,0.0,0.0
73562,0,0,1,2,3,0.0,0.0,0.5
86579,0,0,0,3,3,0.0,0.0,0.0
56413,0,0,0,2,2,0.0,0.0,0.0
31148,0,1,0,14,15,0.0,0.0714,0.0
95289,0,0,0,3,3,0.0,0.0,0.0
93867,0,0,0,2,2,0.0,0.0,0.0
60466,0,1,0,13,14,0.0,0.0769,0.0
59895,1,0,5,54,60,0.0185,0.0,0.0926
57976,1,3,1,156,161,0.0064,0.0192,0.0064
9358,0,0,0,2,2,0.0,0.0,0.0
39115,0,5,2,107,114,0.0,0.0467,0.0187
30140,0,0,0,1,1,0.0,0.0,0.0
36531,0,0,0,10,10,0.0,0.0,0.0
70207,0,0,0,21,21,0.0,0.0,0.0
518,0,0,0,3,3,0.0,0.0,0.0
64603,1,0,0,21,22,0.0476,0.0,0.0
5769,1,1,0,112,114,0.0089,0.0089,0.0
70536,0,0,0,4,4,0.0,0.0,0.0
89071,0,3,0,38,41,0.0,0.0789,0.0
51300,0,2,0,78,80,0.0,0.0256,0.0
18854,0,2,0,27,29,0.0,0.0741,0.0
19673,0,1,0,36,37,0.0,0.0278,0.0
24180,1,0,0,11,12,0.0909,0.0,0.0
15542,0,0,0,6,6,0.0,0.0,0.0
71216,0,0,0,4,4,0.0,0.0,0.0
77560,0,1,0,29,30,0.0,0.0345,0.0
5305,0,0,0,12,12,0.0,0.0,0.0
1214,1,0,0,13,14,0.0769,0.0,0.0
40156,0,0,0,16,16,0.0,0.0,0.0
77924,1,1,7,154,163,0.0065,0.0065,0.0455
46227,0,0,0,22,22,0.0,0.0,0.0
52493,0,0,0,18,18,0.0,0.0,0.0
104381,0,1,1,36,38,0.0,0.0278,0.0278
60002,1,0,0,7,8,0.1429,0.0,0.0
22146,0,0,1,4,5,0.0,0.0,0.25
93040,0,0,0,39,39,0.0,0.0,0.0
17893,0,1,0,9,10,0.0,0.1111,0.0
95356,0,1,0,11,12,0.0,0.0909,0.0
93410,0,0,0,170,170,0.0,0.0,0.0
16084,0,0,0,25,25,0.0,0.0,0.0
97893,1,1,0,78,80,0.0128,0.0128,0.0
26025,0,0,0,8,8,0.0,0.0,0.0
103168,0,0,0,12,12,0.0,0.0,0.0
68958,0,0,0,19,19,0.0,0.0,0.0
34337,0,0,0,29,29,0.0,0.0,0.0
73186,0,1,0,20,21,0.0,0.05,0.0
37255,1,0,0,0,1,0.0,0.0,0.0
81895,0,0,0,41,41,0.0,0.0,0.0
85202,0,0,0,1,1,0.0,0.0,0.0
31940,0,0,0,1,1,0.0,0.0,0.0
44065,0,0,0,4,4,0.0,0.0,0.0
7920,0,0,1,3,4,0.0,0.0,0.3333
104184,3,1,0,31,35,0.0968,0.0323,0.0
3518,0,1,0,3,4,0.0,0.3333,0.0
57603,0,0,0,1,1,0.0,0.0,0.0
101023,0,0,0,3,3,0.0,0.0,0.0
74711,0,0,0,1,1,0.0,0.0,0.0
42136,0,0,0,3,3,0.0,0.0,0.0
48810,0,0,0,2,2,0.0,0.0,0.0
57248,0,0,0,3,3,0.0,0.0,0.0
36742,0,0,0,1,1,0.0,0.0,0.0
54279,0,0,0,1,1,0.0,0.0,0.0
64704,0,0,0,5,5,0.0,0.0,0.0
90323,0,0,0,3,3,0.0,0.0,0.0
35660,0,4,0,55,59,0.0,0.0727,0.0
25899,0,0,0,2,2,0.0,0.0,0.0
60362,0,0,0,1,1,0.0,0.0,0.0
100278,0,0,0,1,1,0.0,0.0,0.0
49195,0,2,0,3,5,0.0,0.6667,0.0
37984,0,0,0,1,1,0.0,0.0,0.0
51915,0,0,0,1,1,0.0,0.0,0.0
87550,0,0,0,2,2,0.0,0.0,0.0
64805,0,0,0,1,1,0.0,0.0,0.0
77068,0,0,0,1,1,0.0,0.0,0.0
83888,0,1,1,2,4,0.0,0.5,0.5
26749,0,0,0,1,1,0.0,0.0,0.0
26542,0,0,0,2,2,0.0,0.0,0.0
61401,0,0,0,1,1,0.0,0.0,0.0
54201,0,1,0,7,8,0.0,0.1429,0.0
86794,0,0,0,4,4,0.0,0.0,0.0
25170,2,0,2,119,123,0.0168,0.0,0.0168
19012,0,0,0,2,2,0.0,0.0,0.0
91986,0,2,0,38,40,0.0,0.0526,0.0
93366,0,0,2,39,41,0.0,0.0,0.0513
65601,0,1,0,4,5,0.0,0.25,0.0
82295,0,0,0,5,5,0.0,0.0,0.0
78861,2,0,0,4,6,0.5,0.0,0.0
66673,0,0,0,23,23,0.0,0.0,0.0
48996,0,0,0,5,5,0.0,0.0,0.0
21533,2,2,0,105,109,0.019,0.019,0.0
64209,0,0,1,2,3,0.0,0.0,0.5
95818,0,2,1,120,123,0.0,0.0167,0.0083
36774,0,0,0,1,1,0.0,0.0,0.0
26347,0,0,0,19,19,0.0,0.0,0.0
6918,0,0,0,14,14,0.0,0.0,0.0
71753,0,0,0,4,4,0.0,0.0,0.0
98598,0,0,0,3,3,0.0,0.0,0.0
44481,0,0,0,4,4,0.0,0.0,0.0
55304,0,1,1,83,85,0.0,0.012,0.012
101104,0,0,0,11,11,0.0,0.0,0.0
65526,0,0,0,2,2,0.0,0.0,0.0
54359,2,4,0,165,171,0.0121,0.0242,0.0
93207,0,0,0,5,5,0.0,0.0,0.0
92726,1,0,1,98,100,0.0102,0.0,0.0102
33473,0,0,0,9,9,0.0,0.0,0.0
64558,0,0,0,8,8,0.0,0.0,0.0
19635,0,0,0,3,3,0.0,0.0,0.0
22832,0,0,0,3,3,0.0,0.0,0.0
91766,0,1,0,28,29,0.0,0.0357,0.0
83287,0,1,0,3,4,0.0,0.3333,0.0
10356,0,0,0,9,9,0.0,0.0,0.0
72827,0,2,2,104,108,0.0,0.0192,0.0192
16245,0,0,0,6,6,0.0,0.0,0.0
65325,0,0,0,3,3,0.0,0.0,0.0
25173,0,0,0,7,7,0.0,0.0,0.0
404,0,3,0,71,74,0.0,0.0423,0.0
9634,0,0,4,7,11,0.0,0.0,0.5714
56843,0,1,0,6,7,0.0,0.1667,0.0
87760,0,1,0,1,2,0.0,1.0,0.0
97611,0,0,0,3,3,0.0,0.0,0.0
103366,0,0,0,4,4,0.0,0.0,0.0
91876,0,0,0,1,1,0.0,0.0,0.0
43789,0,0,5,23,28,0.0,0.0,0.2174
103239,0,0,0,2,2,0.0,0.0,0.0
74353,0,0,0,8,8,0.0,0.0,0.0
13590,0,0,0,2,2,0.0,0.0,0.0
94005,0,0,0,1,1,0.0,0.0,0.0
64446,0,0,0,4,4,0.0,0.0,0.0
92754,0,0,1,5,6,0.0,0.0,0.2
5776,0,0,0,8,8,0.0,0.0,0.0
72947,0,0,0,3,3,0.0,0.0,0.0
62433,0,0,0,1,1,0.0,0.0,0.0
70679,0,0,0,2,2,0.0,0.0,0.0
98405,0,0,0,2,2,0.0,0.0,0.0
58753,0,0,0,1,1,0.0,0.0,0.0
67970,0,0,0,2,2,0.0,0.0,0.0
83334,0,0,0,20,20,0.0,0.0,0.0
85483,0,0,0,1,1,0.0,0.0,0.0
4340,0,0,0,1,1,0.0,0.0,0.0
31219,0,0,0,5,5,0.0,0.0,0.0
32433,0,0,0,2,2,0.0,0.0,0.0
47359,0,0,0,10,10,0.0,0.0,0.0
104247,0,3,2,139,144,0.0,0.0216,0.0144
90424,0,1,1,41,43,0.0,0.0244,0.0244
33634,0,0,0,7,7,0.0,0.0,0.0
70250,1,0,0,9,10,0.1111,0.0,0.0
13208,0,0,0,5,5,0.0,0.0,0.0
101626,0,0,0,4,4,0.0,0.0,0.0
77038,1,0,0,26,27,0.0385,0.0,0.0
60251,0,1,1,21,23,0.0,0.0476,0.0476
37692,0,0,0,2,2,0.0,0.0,0.0
95909,0,0,0,8,8,0.0,0.0,0.0
8717,0,1,0,2,3,0.0,0.5,0.0
43094,0,0,0,7,7,0.0,0.0,0.0
80385,0,0,0,3,3,0.0,0.0,0.0
35416,1,0,0,9,10,0.1111,0.0,0.0
30845,1,3,5,101,110,0.0099,0.0297,0.0495
29934,0,2,0,18,20,0.0,0.1111,0.0
13731,0,0,0,5,5,0.0,0.0,0.0
74540,1,1,2,103,107,0.0097,0.0097,0.0194
27598,0,0,0,3,3,0.0,0.0,0.0
17990,0,0,0,2,2,0.0,0.0,0.0
86414,0,0,0,35,35,0.0,0.0,0.0
10408,0,1,0,3,4,0.0,0.3333,0.0
102945,0,0,0,1,1,0.0,0.0,0.0
98693,0,0,0,1,1,0.0,0.0,0.0
39184,0,0,0,9,9,0.0,0.0,0.0
94460,2,0,1,13,16,0.1538,0.0,0.0769
62351,0,0,0,1,1,0.0,0.0,0.0
93253,0,0,0,5,5,0.0,0.0,0.0
79233,0,0,0,3,3,0.0,0.0,0.0
86875,2,2,0,97,101,0.0206,0.0206,0.0
20023,3,0,0,79,82,0.038,0.0,0.0
100655,0,0,1,7,8,0.0,0.0,0.1429
40757,0,0,0,1,1,0.0,0.0,0.0
71253,0,0,0,2,2,0.0,0.0,0.0
14581,0,0,0,3,3,0.0,0.0,0.0
44817,0,0,0,1,1,0.0,0.0,0.0
92065,2,1,0,40,43,0.05,0.025,0.0
39939,0,0,0,12,12,0.0,0.0,0.0
54774,0,0,0,5,5,0.0,0.0,0.0
60196,0,0,0,1,1,0.0,0.0,0.0
46625,0,0,0,28,28,0.0,0.0,0.0
30149,0,0,0,3,3,0.0,0.0,0.0
5172,0,0,0,11,11,0.0,0.0,0.0
81423,0,0,0,7,7,0.0,0.0,0.0
86744,0,0,0,2,2,0.0,0.0,0.0
6535,0,0,0,1,1,0.0,0.0,0.0
16210,0,0,0,14,14,0.0,0.0,0.0
9804,0,0,0,5,5,0.0,0.0,0.0
8233,0,0,1,3,4,0.0,0.0,0.3333
76727,0,0,0,3,3,0.0,0.0,0.0
67023,0,1,0,18,19,0.0,0.0556,0.0
31048,0,0,0,4,4,0.0,0.0,0.0
39849,0,0,0,12,12,0.0,0.0,0.0
12537,0,0,0,1,1,0.0,0.0,0.0
93753,0,0,0,4,4,0.0,0.0,0.0
56275,0,0,0,1,1,0.0,0.0,0.0
3724,0,0,0,4,4,0.0,0.0,0.0
21747,0,0,0,6,6,0.0,0.0,0.0
31693,0,0,0,2,2,0.0,0.0,0.0
2608,0,0,0,1,1,0.0,0.0,0.0
69063,0,0,0,1,1,0.0,0.0,0.0
12430,0,0,0,7,7,0.0,0.0,0.0
95944,0,0,0,1,1,0.0,0.0,0.0
41438,0,0,0,1,1,0.0,0.0,0.0
3618,0,0,0,3,3,0.0,0.0,0.0
54754,0,0,0,1,1,0.0,0.0,0.0
77277,0,0,0,1,1,0.0,0.0,0.0
85702,0,0,0,1,1,0.0,0.0,0.0
73207,0,0,0,1,1,0.0,0.0,0.0
62716,0,0,0,1,1,0.0,0.0,0.0
9933,0,1,0,8,9,0.0,0.125,0.0
19795,0,0,0,1,1,0.0,0.0,0.0
50038,0,0,0,1,1,0.0,0.0,0.0
11605,0,0,0,3,3,0.0,0.0,0.0
2788,0,0,0,2,2,0.0,0.0,0.0
85958,0,0,0,4,4,0.0,0.0,0.0
101274,0,0,0,1,1,0.0,0.0,0.0
28208,0,0,0,1,1,0.0,0.0,0.0
99476,0,0,0,1,1,0.0,0.0,0.0
80953,0,1,0,5,6,0.0,0.2,0.0
1320,0,0,0,2,2,0.0,0.0,0.0
102114,0,0,0,5,5,0.0,0.0,0.0
39588,0,0,0,2,2,0.0,0.0,0.0
11163,2,0,0,45,47,0.0444,0.0,0.0
13069,0,0,0,54,54,0.0,0.0,0.0
48627,2,0,0,51,53,0.0392,0.0,0.0
30732,0,0,0,1,1,0.0,0.0,0.0
47276,0,0,0,8,8,0.0,0.0,0.0
85222,0,0,0,13,13,0.0,0.0,0.0
31649,0,0,0,5,5,0.0,0.0,0.0
48454,0,1,1,33,35,0.0,0.0303,0.0303
25295,0,2,0,12,14,0.0,0.1667,0.0
29322,0,0,1,1,2,0.0,0.0,1.0
31860,3,1,0,45,49,0.0667,0.0222,0.0
10129,0,0,0,1,1,0.0,0.0,0.0
6640,0,0,0,5,5,0.0,0.0,0.0
37531,0,0,0,23,23,0.0,0.0,0.0
88086,0,0,1,4,5,0.0,0.0,0.25
52022,0,0,2,13,15,0.0,0.0,0.1538
37495,0,0,0,2,2,0.0,0.0,0.0
51842,0,0,4,46,50,0.0,0.0,0.087
102138,0,0,0,1,1,0.0,0.0,0.0
43920,0,0,0,2,2,0.0,0.0,0.0
80182,0,1,0,4,5,0.0,0.25,0.0
1039,0,1,0,98,99,0.0,0.0102,0.0
86452,0,0,0,2,2,0.0,0.0,0.0
79523,0,0,0,1,1,0.0,0.0,0.0
11895,0,0,0,2,2,0.0,0.0,0.0
14259,1,0,2,40,43,0.025,0.0,0.05
84280,0,4,0,62,66,0.0,0.0645,0.0
64639,0,4,2,44,50,0.0,0.0909,0.0455
102350,1,0,0,4,5,0.25,0.0,0.0
18322,0,0,0,1,1,0.0,0.0,0.0
19695,0,0,0,4,4,0.0,0.0,0.0
11022,0,0,0,5,5,0.0,0.0,0.0
96832,0,0,0,6,6,0.0,0.0,0.0
98985,0,0,0,4,4,0.0,0.0,0.0
10858,0,0,0,6,6,0.0,0.0,0.0
33496,2,4,1,37,44,0.0541,0.1081,0.027
99619,0,1,0,108,109,0.0,0.0093,0.0
82487,0,1,0,22,23,0.0,0.0455,0.0
24007,0,1,0,33,34,0.0,0.0303,0.0
45867,0,0,0,4,4,0.0,0.0,0.0
95070,0,0,0,14,14,0.0,0.0,0.0
80149,0,0,0,1,1,0.0,0.0,0.0
17845,0,0,0,14,14,0.0,0.0,0.0
26192,0,0,0,4,4,0.0,0.0,0.0
34126,0,0,0,2,2,0.0,0.0,0.0
75396,0,0,0,1,1,0.0,0.0,0.0
58387,0,0,0,1,1,0.0,0.0,0.0
63555,0,0,0,3,3,0.0,0.0,0.0
1667,0,0,0,2,2,0.0,0.0,0.0
28860,0,0,0,13,13,0.0,0.0,0.0
45166,0,0,0,1,1,0.0,0.0,0.0
93355,0,0,0,1,1,0.0,0.0,0.0
83238,2,0,0,25,27,0.08,0.0,0.0
70222,0,0,1,22,23,0.0,0.0,0.0455
43663,0,0,1,5,6,0.0,0.0,0.2
72325,0,0,0,4,4,0.0,0.0,0.0
9463,0,0,0,3,3,0.0,0.0,0.0
15033,0,1,0,2,3,0.0,0.5,0.0
84721,2,0,0,9,11,0.2222,0.0,0.0
51492,0,0,0,1,1,0.0,0.0,0.0
95690,0,1,0,7,8,0.0,0.1429,0.0
81344,0,0,0,1,1,0.0,0.0,0.0
952,0,0,0,3,3,0.0,0.0,0.0
23142,0,0,0,3,3,0.0,0.0,0.0
69343,0,0,0,1,1,0.0,0.0,0.0
60879,0,0,0,1,1,0.0,0.0,0.0
88431,4,0,0,76,80,0.0526,0.0,0.0
86556,0,0,0,16,16,0.0,0.0,0.0
58359,0,0,0,14,14,0.0,0.0,0.0
52531,1,0,1,47,49,0.0213,0.0,0.0213
58314,0,0,0,8,8,0.0,0.0,0.0
51114,0,1,2,39,42,0.0,0.0256,0.0513
33396,0,0,1,26,27,0.0,0.0,0.0385
33155,0,0,0,6,6,0.0,0.0,0.0
82759,0,0,0,2,2,0.0,0.0,0.0
55518,3,5,3,418,429,0.0072,0.012,0.0072
71422,0,0,0,2,2,0.0,0.0,0.0
98490,0,0,0,2,2,0.0,0.0,0.0
96151,0,0,0,4,4,0.0,0.0,0.0
87652,0,0,0,2,2,0.0,0.0,0.0
103703,0,0,0,7,7,0.0,0.0,0.0
72049,2,1,2,34,39,0.0588,0.0294,0.0588
69985,0,1,0,41,42,0.0,0.0244,0.0
70880,0,1,1,11,13,0.0,0.0909,0.0909
95544,0,0,0,1,1,0.0,0.0,0.0
37027,0,0,0,5,5,0.0,0.0,0.0
33408,0,2,4,54,60,0.0,0.037,0.0741
50427,0,0,0,10,10,0.0,0.0,0.0
38167,3,2,0,44,49,0.0682,0.0455,0.0
95836,0,0,0,8,8,0.0,0.0,0.0
53924,1,0,1,59,61,0.0169,0.0,0.0169
53880,0,0,2,6,8,0.0,0.0,0.3333
61144,0,0,0,4,4,0.0,0.0,0.0
7674,1,1,0,5,7,0.2,0.2,0.0
96012,0,0,0,13,13,0.0,0.0,0.0
41034,0,0,0,1,1,0.0,0.0,0.0
100335,0,0,0,13,13,0.0,0.0,0.0
14279,1,1,0,36,38,0.0278,0.0278,0.0
38,0,1,0,7,8,0.0,0.1429,0.0
91194,0,0,0,24,24,0.0,0.0,0.0
51422,0,1,0,16,17,0.0,0.0625,0.0
44919,0,0,0,7,7,0.0,0.0,0.0
90641,0,0,0,15,15,0.0,0.0,0.0
33608,0,0,0,43,43,0.0,0.0,0.0
88656,0,0,0,3,3,0.0,0.0,0.0
26753,0,0,0,7,7,0.0,0.0,0.0
48696,0,0,0,1,1,0.0,0.0,0.0
11362,0,0,0,1,1,0.0,0.0,0.0
44797,0,0,0,26,26,0.0,0.0,0.0
86863,0,0,0,2,2,0.0,0.0,0.0
93309,0,0,0,9,9,0.0,0.0,0.0
43437,0,0,0,4,4,0.0,0.0,0.0
34573,0,0,0,1,1,0.0,0.0,0.0
77567,0,0,0,1,1,0.0,0.0,0.0
45534,0,0,0,2,2,0.0,0.0,0.0
74962,0,0,0,1,1,0.0,0.0,0.0
74678,1,0,0,10,11,0.1,0.0,0.0
9962,0,0,0,1,1,0.0,0.0,0.0
20182,0,0,0,1,1,0.0,0.0,0.0
22013,0,0,0,7,7,0.0,0.0,0.0
82562,0,0,0,1,1,0.0,0.0,0.0
102266,0,1,0,4,5,0.0,0.25,0.0
82434,0,0,0,2,2,0.0,0.0,0.0
96957,0,0,0,1,1,0.0,0.0,0.0
9041,2,0,0,21,23,0.0952,0.0,0.0
63051,0,0,0,8,8,0.0,0.0,0.0
9600,0,0,0,3,3,0.0,0.0,0.0
94811,0,0,0,1,1,0.0,0.0,0.0
43509,0,0,0,4,4,0.0,0.0,0.0
57364,0,0,0,1,1,0.0,0.0,0.0
44554,0,0,1,3,4,0.0,0.0,0.3333
16083,0,0,0,1,1,0.0,0.0,0.0
92768,0,0,0,1,1,0.0,0.0,0.0
60300,4,4,0,217,225,0.0184,0.0184,0.0
94627,0,0,1,19,20,0.0,0.0,0.0526
25144,0,1,0,7,8,0.0,0.1429,0.0
96233,0,0,0,1,1,0.0,0.0,0.0
18004,0,2,0,19,21,0.0,0.1053,0.0
44171,0,0,1,21,22,0.0,0.0,0.0476
33198,0,0,0,12,12,0.0,0.0,0.0
31436,0,0,0,2,2,0.0,0.0,0.0
78360,0,0,0,20,20,0.0,0.0,0.0
13059,0,0,0,2,2,0.0,0.0,0.0
95670,5,0,1,18,24,0.2778,0.0,0.0556
74895,0,2,6,39,47,0.0,0.0513,0.1538
95009,1,1,3,54,59,0.0185,0.0185,0.0556
83909,0,0,0,40,40,0.0,0.0,0.0
78541,0,0,0,30,30,0.0,0.0,0.0
57662,0,0,0,36,36,0.0,0.0,0.0
69139,0,0,0,14,14,0.0,0.0,0.0
28563,0,2,0,42,44,0.0,0.0476,0.0
51628,1,0,0,7,8,0.1429,0.0,0.0
69793,0,0,0,9,9,0.0,0.0,0.0
2568,0,0,0,1,1,0.0,0.0,0.0
87930,1,1,0,2,4,0.5,0.5,0.0
24073,0,0,0,6,6,0.0,0.0,0.0
39853,1,0,0,15,16,0.0667,0.0,0.0
66951,2,5,0,53,60,0.0377,0.0943,0.0
91977,0,2,1,55,58,0.0,0.0364,0.0182
26105,0,0,0,3,3,0.0,0.0,0.0
23814,0,1,0,11,12,0.0,0.0909,0.0
41711,0,0,0,1,1,0.0,0.0,0.0
87806,0,0,0,4,4,0.0,0.0,0.0
52678,0,0,0,5,5,0.0,0.0,0.0
27711,0,0,0,12,12,0.0,0.0,0.0
40641,0,2,0,35,37,0.0,0.0571,0.0
86864,3,6,6,139,154,0.0216,0.0432,0.0432
32946,1,0,0,11,12,0.0909,0.0,0.0
50594,0,0,0,34,34,0.0,0.0,0.0
33579,0,0,0,1,1,0.0,0.0,0.0
37479,0,0,0,12,12,0.0,0.0,0.0
18321,0,0,0,21,21,0.0,0.0,0.0
39018,1,1,0,52,54,0.0192,0.0192,0.0
39209,0,0,1,22,23,0.0,0.0,0.0455
94149,0,0,0,2,2,0.0,0.0,0.0
52661,0,0,0,7,7,0.0,0.0,0.0
103513,0,0,0,5,5,0.0,0.0,0.0
45753,0,0,0,13,13,0.0,0.0,0.0
61489,0,0,0,3,3,0.0,0.0,0.0
50356,0,0,0,1,1,0.0,0.0,0.0
11238,0,0,0,6,6,0.0,0.0,0.0
92992,0,1,0,2,3,0.0,0.5,0.0
4879,0,0,0,2,2,0.0,0.0,0.0
14835,0,0,0,1,1,0.0,0.0,0.0
55056,0,0,2,4,6,0.0,0.0,0.5
68576,0,0,0,15,15,0.0,0.0,0.0
64670,0,0,0,2,2,0.0,0.0,0.0
73176,0,0,0,1,1,0.0,0.0,0.0
12958,0,0,0,4,4,0.0,0.0,0.0
69819,0,0,0,3,3,0.0,0.0,0.0
33814,0,0,0,4,4,0.0,0.0,0.0
76641,0,0,0,4,4,0.0,0.0,0.0
6320,0,0,0,1,1,0.0,0.0,0.0
54874,1,0,0,8,9,0.125,0.0,0.0
86404,0,0,0,1,1,0.0,0.0,0.0
45632,0,0,0,1,1,0.0,0.0,0.0
41144,0,0,0,2,2,0.0,0.0,0.0
83129,0,0,0,2,2,0.0,0.0,0.0
26108,0,0,0,1,1,0.0,0.0,0.0
13103,0,0,0,1,1,0.0,0.0,0.0
68581,0,0,0,1,1,0.0,0.0,0.0
4370,0,2,0,1,3,0.0,2.0,0.0
36758,0,0,0,1,1,0.0,0.0,0.0
98548,0,0,1,14,15,0.0,0.0,0.0714
3478,0,0,0,19,19,0.0,0.0,0.0
26658,0,0,0,34,34,0.0,0.0,0.0
72648,0,1,0,15,16,0.0,0.0667,0.0
73943,0,0,0,8,8,0.0,0.0,0.0
75316,0,2,0,73,75,0.0,0.0274,0.0
45263,0,2,0,9,11,0.0,0.2222,0.0
101590,0,0,0,8,8,0.0,0.0,0.0
93955,0,1,0,6,7,0.0,0.1667,0.0
87857,0,5,1,64,70,0.0,0.0781,0.0156
21791,0,0,0,2,2,0.0,0.0,0.0
91529,0,0,1,54,55,0.0,0.0,0.0185
29016,0,1,2,11,14,0.0,0.0909,0.1818
103105,0,1,0,30,31,0.0,0.0333,0.0
20998,0,2,0,61,63,0.0,0.0328,0.0
23890,0,2,0,25,27,0.0,0.08,0.0
61209,0,0,0,14,14,0.0,0.0,0.0
80070,0,2,1,30,33,0.0,0.0667,0.0333
78726,0,0,0,10,10,0.0,0.0,0.0
24394,0,0,0,11,11,0.0,0.0,0.0
51267,0,0,0,5,5,0.0,0.0,0.0
14939,0,0,0,19,19,0.0,0.0,0.0
71738,0,0,0,1,1,0.0,0.0,0.0
18785,0,1,0,49,50,0.0,0.0204,0.0
63308,0,0,0,14,14,0.0,0.0,0.0
89554,0,0,0,10,10,0.0,0.0,0.0
2055,0,0,0,11,11,0.0,0.0,0.0
102967,0,0,0,3,3,0.0,0.0,0.0
44747,0,0,0,23,23,0.0,0.0,0.0
68765,0,0,0,3,3,0.0,0.0,0.0
48516,0,0,0,13,13,0.0,0.0,0.0
50642,0,0,2,3,5,0.0,0.0,0.6667
34856,0,0,0,8,8,0.0,0.0,0.0
78254,0,0,0,1,1,0.0,0.0,0.0
55348,0,0,0,1,1,0.0,0.0,0.0
63457,0,0,0,3,3,0.0,0.0,0.0
40174,0,1,1,15,17,0.0,0.0667,0.0667
14388,0,0,0,1,1,0.0,0.0,0.0
33416,0,0,0,8,8,0.0,0.0,0.0
60472,0,0,1,2,3,0.0,0.0,0.5
5378,0,0,0,6,6,0.0,0.0,0.0
60215,0,0,0,2,2,0.0,0.0,0.0
14763,0,0,2,2,4,0.0,0.0,1.0
15153,0,0,0,3,3,0.0,0.0,0.0
49930,0,0,0,1,1,0.0,0.0,0.0
70589,0,0,0,5,5,0.0,0.0,0.0
60164,0,0,0,33,33,0.0,0.0,0.0
52279,0,0,0,3,3,0.0,0.0,0.0
35708,0,0,0,9,9,0.0,0.0,0.0
45079,2,0,0,21,23,0.0952,0.0,0.0
48533,0,0,0,1,1,0.0,0.0,0.0
78062,0,0,0,1,1,0.0,0.0,0.0
93956,0,0,0,3,3,0.0,0.0,0.0
64625,0,0,0,4,4,0.0,0.0,0.0
47152,0,0,0,9,9,0.0,0.0,0.0
66237,0,0,0,4,4,0.0,0.0,0.0
63044,0,0,1,26,27,0.0,0.0,0.0385
23075,0,0,0,1,1,0.0,0.0,0.0
48459,0,0,0,1,1,0.0,0.0,0.0
73711,0,0,0,1,1,0.0,0.0,0.0
12417,0,0,0,1,1,0.0,0.0,0.0
6004,0,0,0,1,1,0.0,0.0,0.0
88873,0,0,0,10,10,0.0,0.0,0.0
45600,0,0,0,11,11,0.0,0.0,0.0
63526,0,0,0,14,14,0.0,0.0,0.0
95025,1,1,0,14,16,0.0714,0.0714,0.0
90531,1,10,1,213,225,0.0047,0.0469,0.0047
71293,0,1,0,6,7,0.0,0.1667,0.0
57458,0,0,0,61,61,0.0,0.0,0.0
96248,1,0,2,114,117,0.0088,0.0,0.0175
97384,0,1,0,10,11,0.0,0.1,0.0
62982,0,0,0,10,10,0.0,0.0,0.0
356,0,0,0,3,3,0.0,0.0,0.0
99062,5,0,0,25,30,0.2,0.0,0.0
54824,0,0,0,1,1,0.0,0.0,0.0
72665,0,0,0,42,42,0.0,0.0,0.0
12714,1,1,0,18,20,0.0556,0.0556,0.0
53113,0,0,1,10,11,0.0,0.0,0.1
49064,0,0,0,36,36,0.0,0.0,0.0
48061,0,0,0,7,7,0.0,0.0,0.0
24206,0,0,0,31,31,0.0,0.0,0.0
55106,0,0,0,3,3,0.0,0.0,0.0
71227,0,0,0,54,54,0.0,0.0,0.0
15722,0,0,0,3,3,0.0,0.0,0.0
27291,0,0,0,3,3,0.0,0.0,0.0
38577,0,0,0,27,27,0.0,0.0,0.0
56164,0,0,0,22,22,0.0,0.0,0.0
60519,0,0,0,13,13,0.0,0.0,0.0
30160,0,0,0,18,18,0.0,0.0,0.0
29490,0,0,0,9,9,0.0,0.0,0.0
58939,0,0,0,5,5,0.0,0.0,0.0
51016,2,5,4,132,143,0.0152,0.0379,0.0303
43621,0,1,0,5,6,0.0,0.2,0.0
46858,0,0,0,1,1,0.0,0.0,0.0
84712,0,0,0,7,7,0.0,0.0,0.0
22239,0,0,0,1,1,0.0,0.0,0.0
101414,0,0,0,1,1,0.0,0.0,0.0
30819,0,0,0,1,1,0.0,0.0,0.0
71415,0,0,0,6,6,0.0,0.0,0.0
38722,0,0,0,2,2,0.0,0.0,0.0
96876,0,0,0,1,1,0.0,0.0,0.0
93156,0,0,0,4,4,0.0,0.0,0.0
44731,0,0,0,5,5,0.0,0.0,0.0
67141,0,0,0,1,1,0.0,0.0,0.0
103464,0,0,0,8,8,0.0,0.0,0.0
61767,0,0,0,1,1,0.0,0.0,0.0
32293,0,0,0,1,1,0.0,0.0,0.0
64790,0,0,0,3,3,0.0,0.0,0.0
11472,0,0,0,4,4,0.0,0.0,0.0
15306,0,0,0,9,9,0.0,0.0,0.0
67773,0,0,0,2,2,0.0,0.0,0.0
28325,0,0,0,5,5,0.0,0.0,0.0
32792,0,0,0,6,6,0.0,0.0,0.0
889,0,0,0,1,1,0.0,0.0,0.0
32064,0,0,0,2,2,0.0,0.0,0.0
24005,0,1,0,5,6,0.0,0.2,0.0
104002,0,0,0,1,1,0.0,0.0,0.0
17823,0,0,0,17,17,0.0,0.0,0.0
56457,0,0,0,2,2,0.0,0.0,0.0
11576,1,0,0,6,7,0.1667,0.0,0.0
73073,0,0,0,5,5,0.0,0.0,0.0
90346,0,0,0,1,1,0.0,0.0,0.0
9440,0,0,0,1,1,0.0,0.0,0.0
31666,0,0,0,1,1,0.0,0.0,0.0
65681,1,1,0,42,44,0.0238,0.0238,0.0
54720,0,0,0,1,1,0.0,0.0,0.0
55546,0,0,0,2,2,0.0,0.0,0.0
32434,0,0,0,1,1,0.0,0.0,0.0
22757,0,0,0,1,1,0.0,0.0,0.0
12960,0,0,0,5,5,0.0,0.0,0.0
99575,0,0,0,26,26,0.0,0.0,0.0
28851,0,0,2,6,8,0.0,0.0,0.3333
82152,0,0,0,3,3,0.0,0.0,0.0
25224,2,0,0,13,15,0.1538,0.0,0.0
16638,0,0,1,70,71,0.0,0.0,0.0143
93934,2,0,1,7,10,0.2857,0.0,0.1429
73848,0,0,0,9,9,0.0,0.0,0.0
61494,1,0,0,13,14,0.0769,0.0,0.0
99405,0,0,1,21,22,0.0,0.0,0.0476
57811,0,1,0,40,41,0.0,0.025,0.0
24353,2,2,3,342,349,0.0058,0.0058,0.0088
9188,2,0,0,33,35,0.0606,0.0,0.0
96609,0,0,0,7,7,0.0,0.0,0.0
24302,2,0,0,82,84,0.0244,0.0,0.0
94150,0,3,10,261,274,0.0,0.0115,0.0383
9196,0,0,0,4,4,0.0,0.0,0.0
49072,2,6,3,280,291,0.0071,0.0214,0.0107
91615,0,0,1,10,11,0.0,0.0,0.1
95273,0,0,0,1,1,0.0,0.0,0.0
65943,0,0,1,8,9,0.0,0.0,0.125
43827,0,0,0,4,4,0.0,0.0,0.0
66350,2,3,3,177,185,0.0113,0.0169,0.0169
30616,5,5,6,370,386,0.0135,0.0135,0.0162
73310,1,0,4,23,28,0.0435,0.0,0.1739
57507,1,0,0,5,6,0.2,0.0,0.0
20792,0,0,0,10,10,0.0,0.0,0.0
102674,0,0,0,44,44,0.0,0.0,0.0
15423,0,0,0,3,3,0.0,0.0,0.0
63872,0,4,0,51,55,0.0,0.0784,0.0
45766,0,0,0,1,1,0.0,0.0,0.0
8777,0,1,0,14,15,0.0,0.0714,0.0
56095,0,0,0,5,5,0.0,0.0,0.0
70233,4,2,0,58,64,0.069,0.0345,0.0
90600,0,0,0,3,3,0.0,0.0,0.0
65050,0,0,0,12,12,0.0,0.0,0.0
55543,0,3,0,21,24,0.0,0.1429,0.0
24705,1,1,0,11,13,0.0909,0.0909,0.0
39294,0,0,0,1,1,0.0,0.0,0.0
69351,3,1,2,69,75,0.0435,0.0145,0.029
66301,0,0,0,6,6,0.0,0.0,0.0
55771,0,0,0,15,15,0.0,0.0,0.0
47147,0,0,2,30,32,0.0,0.0,0.0667
85279,0,0,1,11,12,0.0,0.0,0.0909
85863,0,0,0,9,9,0.0,0.0,0.0
102886,0,0,0,25,25,0.0,0.0,0.0
3318,0,0,0,1,1,0.0,0.0,0.0
74695,0,0,0,3,3,0.0,0.0,0.0
83924,0,0,0,1,1,0.0,0.0,0.0
24861,1,2,1,31,35,0.0323,0.0645,0.0323
65377,0,0,0,10,10,0.0,0.0,0.0
46139,2,1,0,9,12,0.2222,0.1111,0.0
27817,0,0,0,3,3,0.0,0.0,0.0
102567,0,0,0,3,3,0.0,0.0,0.0
17309,0,0,0,66,66,0.0,0.0,0.0
99537,0,0,0,3,3,0.0,0.0,0.0
9635,0,0,0,1,1,0.0,0.0,0.0
52693,0,0,0,6,6,0.0,0.0,0.0
52327,0,0,0,3,3,0.0,0.0,0.0
88529,0,0,0,4,4,0.0,0.0,0.0
43494,0,0,0,1,1,0.0,0.0,0.0
8397,0,2,0,3,5,0.0,0.6667,0.0
62974,0,0,0,3,3,0.0,0.0,0.0
46920,0,0,0,3,3,0.0,0.0,0.0
62414,0,0,0,12,12,0.0,0.0,0.0
87332,0,0,0,1,1,0.0,0.0,0.0
69966,0,0,0,3,3,0.0,0.0,0.0
9150,0,0,0,1,1,0.0,0.0,0.0
21105,0,0,0,1,1,0.0,0.0,0.0
80678,0,0,0,1,1,0.0,0.0,0.0
90441,0,0,0,1,1,0.0,0.0,0.0
79834,0,0,0,5,5,0.0,0.0,0.0
41588,4,5,1,46,56,0.087,0.1087,0.0217
94233,0,0,0,6,6,0.0,0.0,0.0
15911,0,1,1,9,11,0.0,0.1111,0.1111
34524,0,0,0,13,13,0.0,0.0,0.0
43579,0,0,0,10,10,0.0,0.0,0.0
51693,0,0,0,4,4,0.0,0.0,0.0
16812,0,0,0,12,12,0.0,0.0,0.0
7821,0,0,0,17,17,0.0,0.0,0.0
47065,0,0,0,7,7,0.0,0.0,0.0
19266,0,1,0,56,57,0.0,0.0179,0.0
60354,0,0,0,2,2,0.0,0.0,0.0
6545,0,0,1,39,40,0.0,0.0,0.0256
77364,1,2,0,51,54,0.0196,0.0392,0.0
102465,0,1,1,29,31,0.0,0.0345,0.0345
78873,0,0,0,2,2,0.0,0.0,0.0
10174,1,0,0,87,88,0.0115,0.0,0.0
94666,0,0,0,24,24,0.0,0.0,0.0
88882,0,0,0,2,2,0.0,0.0,0.0
54853,0,3,1,199,203,0.0,0.0151,0.005
46872,0,0,0,2,2,0.0,0.0,0.0
44457,0,0,1,9,10,0.0,0.0,0.1111
5794,3,0,1,128,132,0.0234,0.0,0.0078
25522,0,3,0,64,67,0.0,0.0469,0.0
80770,1,0,0,2,3,0.5,0.0,0.0
76668,0,0,0,4,4,0.0,0.0,0.0
73877,0,0,0,3,3,0.0,0.0,0.0
55711,0,0,0,4,4,0.0,0.0,0.0
10152,0,0,0,1,1,0.0,0.0,0.0
21060,1,0,2,31,34,0.0323,0.0,0.0645
100964,0,0,0,11,11,0.0,0.0,0.0
82951,0,0,0,2,2,0.0,0.0,0.0
15020,0,0,0,17,17,0.0,0.0,0.0
98060,0,0,1,46,47,0.0,0.0,0.0217
19543,0,0,0,1,1,0.0,0.0,0.0
35333,0,1,1,18,20,0.0,0.0556,0.0556
57876,0,0,0,1,1,0.0,0.0,0.0
5323,0,0,0,15,15,0.0,0.0,0.0
81922,0,0,0,2,2,0.0,0.0,0.0
96240,0,0,0,8,8,0.0,0.0,0.0
53135,1,0,0,5,6,0.2,0.0,0.0
55693,0,0,0,8,8,0.0,0.0,0.0
81775,0,0,0,2,2,0.0,0.0,0.0
47720,0,3,2,55,60,0.0,0.0545,0.0364
100089,0,0,0,5,5,0.0,0.0,0.0
84815,0,0,0,27,27,0.0,0.0,0.0
22801,0,0,0,4,4,0.0,0.0,0.0
50259,0,2,0,18,20,0.0,0.1111,0.0
3461,0,0,0,7,7,0.0,0.0,0.0
62310,0,0,0,1,1,0.0,0.0,0.0
81371,0,0,0,1,1,0.0,0.0,0.0
43104,0,0,0,4,4,0.0,0.0,0.0
48760,0,0,0,1,1,0.0,0.0,0.0
50705,0,0,0,8,8,0.0,0.0,0.0
92102,1,1,0,14,16,0.0714,0.0714,0.0
4926,0,0,0,12,12,0.0,0.0,0.0
59759,0,0,0,2,2,0.0,0.0,0.0
71473,0,0,0,6,6,0.0,0.0,0.0
46107,0,0,0,1,1,0.0,0.0,0.0
68364,0,0,0,3,3,0.0,0.0,0.0
14633,0,0,0,1,1,0.0,0.0,0.0
95166,0,1,0,4,5,0.0,0.25,0.0
38457,0,0,0,3,3,0.0,0.0,0.0
51896,0,0,0,1,1,0.0,0.0,0.0
81964,0,0,0,2,2,0.0,0.0,0.0
60676,0,0,0,1,1,0.0,0.0,0.0
32810,0,1,0,1,2,0.0,1.0,0.0
17820,0,0,0,1,1,0.0,0.0,0.0
34758,0,0,0,12,12,0.0,0.0,0.0
30240,0,0,0,4,4,0.0,0.0,0.0
31053,0,0,1,1,2,0.0,0.0,1.0
71962,0,0,0,1,1,0.0,0.0,0.0
35976,0,0,0,15,15,0.0,0.0,0.0
39841,1,0,0,27,28,0.037,0.0,0.0
52650,0,0,1,26,27,0.0,0.0,0.0385
5850,0,0,0,35,35,0.0,0.0,0.0
58511,0,2,0,34,36,0.0,0.0588,0.0
82987,0,0,0,15,15,0.0,0.0,0.0
102962,0,1,3,171,175,0.0,0.0058,0.0175
98599,0,1,0,77,78,0.0,0.013,0.0
33208,0,0,1,4,5,0.0,0.0,0.25
43471,0,0,0,5,5,0.0,0.0,0.0
2899,0,0,0,4,4,0.0,0.0,0.0
95258,0,0,0,6,6,0.0,0.0,0.0
69011,0,0,0,20,20,0.0,0.0,0.0
25940,0,0,0,19,19,0.0,0.0,0.0
7845,1,2,0,104,107,0.0096,0.0192,0.0
90387,0,1,0,12,13,0.0,0.0833,0.0
24025,1,0,2,73,76,0.0137,0.0,0.0274
10631,0,0,0,2,2,0.0,0.0,0.0
43216,0,1,0,7,8,0.0,0.1429,0.0
72718,0,0,1,2,3,0.0,0.0,0.5
92743,0,0,0,1,1,0.0,0.0,0.0
63553,2,0,2,14,18,0.1429,0.0,0.1429
62204,4,7,5,216,232,0.0185,0.0324,0.0231
12154,0,1,1,4,6,0.0,0.25,0.25
76868,0,0,0,9,9,0.0,0.0,0.0
35149,0,0,0,10,10,0.0,0.0,0.0
63995,0,1,0,2,3,0.0,0.5,0.0
37758,0,0,1,27,28,0.0,0.0,0.037
41295,0,0,0,3,3,0.0,0.0,0.0
9214,0,0,0,7,7,0.0,0.0,0.0
90892,0,0,0,13,13,0.0,0.0,0.0
28552,3,6,3,131,143,0.0229,0.0458,0.0229
18685,0,0,0,3,3,0.0,0.0,0.0
48724,0,1,0,5,6,0.0,0.2,0.0
90084,0,1,0,48,49,0.0,0.0208,0.0
99756,0,0,0,6,6,0.0,0.0,0.0
76035,0,0,1,12,13,0.0,0.0,0.0833
14262,0,0,1,12,13,0.0,0.0,0.0833
90521,1,1,0,10,12,0.1,0.1,0.0
46097,1,0,0,11,12,0.0909,0.0,0.0
63059,0,0,0,1,1,0.0,0.0,0.0
94098,0,0,0,1,1,0.0,0.0,0.0
66064,0,0,0,1,1,0.0,0.0,0.0
103173,0,0,0,6,6,0.0,0.0,0.0
29598,0,0,0,4,4,0.0,0.0,0.0
40233,0,0,0,1,1,0.0,0.0,0.0
44249,0,1,0,13,14,0.0,0.0769,0.0
51686,0,0,0,9,9,0.0,0.0,0.0
101390,0,0,0,1,1,0.0,0.0,0.0
93933,0,0,0,1,1,0.0,0.0,0.0
53454,0,0,0,4,4,0.0,0.0,0.0
86666,0,0,0,5,5,0.0,0.0,0.0
99688,0,0,0,1,1,0.0,0.0,0.0
50017,0,0,0,2,2,0.0,0.0,0.0
75345,0,0,0,4,4,0.0,0.0,0.0
91308,0,0,0,4,4,0.0,0.0,0.0
61249,0,0,0,1,1,0.0,0.0,0.0
36526,0,0,0,1,1,0.0,0.0,0.0
49836,0,0,0,1,1,0.0,0.0,0.0
38434,0,0,0,6,6,0.0,0.0,0.0
82067,0,0,0,1,1,0.0,0.0,0.0
87674,0,0,1,11,12,0.0,0.0,0.0909
52811,0,0,0,2,2,0.0,0.0,0.0
50508,0,0,0,1,1,0.0,0.0,0.0
78791,0,0,0,2,2,0.0,0.0,0.0
85151,1,2,0,120,123,0.0083,0.0167,0.0
8033,0,0,1,31,32,0.0,0.0,0.0323
52633,0,2,1,11,14,0.0,0.1818,0.0909
48829,0,0,0,1,1,0.0,0.0,0.0
98289,0,0,0,29,29,0.0,0.0,0.0
15288,1,0,0,44,45,0.0227,0.0,0.0
85617,0,0,0,2,2,0.0,0.0,0.0
54389,0,1,1,95,97,0.0,0.0105,0.0105
17810,1,7,0,270,278,0.0037,0.0259,0.0
5027,2,3,0,61,66,0.0328,0.0492,0.0
99285,0,1,0,16,17,0.0,0.0625,0.0
101251,1,4,2,90,97,0.0111,0.0444,0.0222
86284,0,1,0,35,36,0.0,0.0286,0.0
61022,0,0,0,9,9,0.0,0.0,0.0
62023,0,0,0,3,3,0.0,0.0,0.0
18010,0,1,0,18,19,0.0,0.0556,0.0
63980,0,1,0,10,11,0.0,0.1,0.0
54113,0,0,0,3,3,0.0,0.0,0.0
37007,0,0,0,2,2,0.0,0.0,0.0
25564,0,0,0,19,19,0.0,0.0,0.0
89391,0,0,0,3,3,0.0,0.0,0.0
56700,0,0,0,1,1,0.0,0.0,0.0
31595,0,0,0,1,1,0.0,0.0,0.0
101877,0,0,0,3,3,0.0,0.0,0.0
76448,0,1,1,39,41,0.0,0.0256,0.0256
59469,1,3,5,132,141,0.0076,0.0227,0.0379
61857,0,0,1,7,8,0.0,0.0,0.1429
101397,0,0,0,3,3,0.0,0.0,0.0
53566,0,0,0,2,2,0.0,0.0,0.0
50126,0,0,0,96,96,0.0,0.0,0.0
80803,0,0,2,37,39,0.0,0.0,0.0541
14212,0,0,0,1,1,0.0,0.0,0.0
15697,0,0,0,3,3,0.0,0.0,0.0
20796,0,0,0,8,8,0.0,0.0,0.0
46939,0,0,0,2,2,0.0,0.0,0.0
101026,0,0,0,1,1,0.0,0.0,0.0
72283,0,0,0,9,9,0.0,0.0,0.0
41907,0,0,0,1,1,0.0,0.0,0.0
70571,0,0,0,4,4,0.0,0.0,0.0
96536,0,1,0,4,5,0.0,0.25,0.0
93509,0,0,0,15,15,0.0,0.0,0.0
19121,0,0,0,3,3,0.0,0.0,0.0
55695,0,0,0,29,29,0.0,0.0,0.0
82728,2,2,0,38,42,0.0526,0.0526,0.0
65696,0,0,0,1,1,0.0,0.0,0.0
98507,0,1,1,5,7,0.0,0.2,0.2
51638,0,0,0,20,20,0.0,0.0,0.0
88885,0,0,0,5,5,0.0,0.0,0.0
29005,0,0,0,1,1,0.0,0.0,0.0
59344,0,0,0,1,1,0.0,0.0,0.0
77425,0,0,0,1,1,0.0,0.0,0.0
85394,0,0,0,2,2,0.0,0.0,0.0
54872,0,0,0,1,1,0.0,0.0,0.0
11535,0,0,0,1,1,0.0,0.0,0.0
16730,0,1,0,3,4,0.0,0.3333,0.0
60006,0,0,0,1,1,0.0,0.0,0.0
72459,0,0,0,1,1,0.0,0.0,0.0
16308,0,0,0,1,1,0.0,0.0,0.0
25432,0,0,0,2,2,0.0,0.0,0.0
81812,0,0,0,1,1,0.0,0.0,0.0
18784,0,0,0,1,1,0.0,0.0,0.0
60007,0,1,0,4,5,0.0,0.25,0.0
27346,0,0,0,7,7,0.0,0.0,0.0
74017,0,0,0,18,18,0.0,0.0,0.0
28849,0,0,0,2,2,0.0,0.0,0.0
96984,2,4,2,131,139,0.0153,0.0305,0.0153
34387,2,0,0,24,26,0.0833,0.0,0.0
11772,0,1,1,45,47,0.0,0.0222,0.0222
52768,0,1,3,40,44,0.0,0.025,0.075
76646,0,0,0,9,9,0.0,0.0,0.0
96804,2,0,0,4,6,0.5,0.0,0.0
63666,0,0,1,21,22,0.0,0.0,0.0476
27779,1,0,0,9,10,0.1111,0.0,0.0
20008,1,0,0,27,28,0.037,0.0,0.0
23637,0,0,0,42,42,0.0,0.0,0.0
9580,0,0,0,3,3,0.0,0.0,0.0
50192,0,0,0,5,5,0.0,0.0,0.0
99551,0,0,0,3,3,0.0,0.0,0.0
26127,0,1,1,97,99,0.0,0.0103,0.0103
95837,0,1,0,7,8,0.0,0.1429,0.0
9227,0,0,0,12,12,0.0,0.0,0.0
52860,0,4,2,84,90,0.0,0.0476,0.0238
63993,0,0,0,7,7,0.0,0.0,0.0
91112,0,0,0,7,7,0.0,0.0,0.0
46617,0,0,0,18,18,0.0,0.0,0.0
78376,2,0,0,53,55,0.0377,0.0,0.0
88117,0,0,0,63,63,0.0,0.0,0.0
6012,0,0,0,3,3,0.0,0.0,0.0
39343,0,0,0,38,38,0.0,0.0,0.0
49163,0,0,0,8,8,0.0,0.0,0.0
52941,1,1,0,6,8,0.1667,0.1667,0.0
43807,0,0,0,13,13,0.0,0.0,0.0
100137,0,0,0,8,8,0.0,0.0,0.0
39577,0,0,0,23,23,0.0,0.0,0.0
58828,0,0,0,1,1,0.0,0.0,0.0
98933,4,3,0,60,67,0.0667,0.05,0.0
75834,0,0,0,3,3,0.0,0.0,0.0
75461,0,1,0,54,55,0.0,0.0185,0.0
43229,0,0,0,2,2,0.0,0.0,0.0
56470,0,0,0,1,1,0.0,0.0,0.0
91147,0,0,0,4,4,0.0,0.0,0.0
79602,0,0,0,17,17,0.0,0.0,0.0
95374,1,0,1,61,63,0.0164,0.0,0.0164
20005,1,1,0,23,25,0.0435,0.0435,0.0
100521,0,0,0,1,1,0.0,0.0,0.0
34380,0,0,0,20,20,0.0,0.0,0.0
92549,0,0,0,16,16,0.0,0.0,0.0
63518,0,0,0,10,10,0.0,0.0,0.0
89398,0,0,0,1,1,0.0,0.0,0.0
22439,0,0,1,6,7,0.0,0.0,0.1667
97220,0,0,0,1,1,0.0,0.0,0.0
79510,0,0,0,3,3,0.0,0.0,0.0
48274,0,0,0,1,1,0.0,0.0,0.0
5207,0,0,0,2,2,0.0,0.0,0.0
59099,0,0,0,3,3,0.0,0.0,0.0
36233,0,0,0,2,2,0.0,0.0,0.0
59656,0,0,0,9,9,0.0,0.0,0.0
41760,0,0,0,1,1,0.0,0.0,0.0
54951,0,0,0,1,1,0.0,0.0,0.0
97106,0,0,0,1,1,0.0,0.0,0.0
94617,0,0,0,9,9,0.0,0.0,0.0
20745,0,0,0,1,1,0.0,0.0,0.0
45592,0,0,0,1,1,0.0,0.0,0.0
70337,0,0,0,1,1,0.0,0.0,0.0
93923,0,0,1,2,3,0.0,0.0,0.5
40948,0,0,0,1,1,0.0,0.0,0.0
97134,0,0,0,15,15,0.0,0.0,0.0
2529,6,10,4,299,319,0.0201,0.0334,0.0134
96563,3,19,13,591,626,0.0051,0.0321,0.022
69003,0,0,0,2,2,0.0,0.0,0.0
33502,0,0,0,5,5,0.0,0.0,0.0
60845,2,2,1,179,184,0.0112,0.0112,0.0056
91154,0,0,0,9,9,0.0,0.0,0.0
35604,1,0,2,68,71,0.0147,0.0,0.0294
76084,0,0,0,1,1,0.0,0.0,0.0
97111,0,0,0,2,2,0.0,0.0,0.0
76476,4,3,1,93,101,0.043,0.0323,0.0108
86040,0,0,0,5,5,0.0,0.0,0.0
53442,0,0,0,2,2,0.0,0.0,0.0
26316,0,0,0,4,4,0.0,0.0,0.0
79036,0,0,0,30,30,0.0,0.0,0.0
57904,0,6,0,6,12,0.0,1.0,0.0
43790,0,0,0,3,3,0.0,0.0,0.0
30111,0,0,0,1,1,0.0,0.0,0.0
102420,0,0,0,21,21,0.0,0.0,0.0
73749,0,0,0,2,2,0.0,0.0,0.0
44782,1,0,1,17,19,0.0588,0.0,0.0588
44788,0,0,0,16,16,0.0,0.0,0.0
39712,0,0,1,31,32,0.0,0.0,0.0323
49831,0,0,0,1,1,0.0,0.0,0.0
99390,0,0,0,2,2,0.0,0.0,0.0
47523,6,1,1,81,89,0.0741,0.0123,0.0123
104324,0,0,0,1,1,0.0,0.0,0.0
63409,0,0,0,3,3,0.0,0.0,0.0
11867,0,0,0,1,1,0.0,0.0,0.0
94838,0,0,0,1,1,0.0,0.0,0.0
14489,0,0,0,11,11,0.0,0.0,0.0
15608,0,0,1,17,18,0.0,0.0,0.0588
60421,2,0,0,33,35,0.0606,0.0,0.0
11495,0,0,0,9,9,0.0,0.0,0.0
98358,0,1,0,11,12,0.0,0.0909,0.0
18658,0,0,0,12,12,0.0,0.0,0.0
34371,0,0,2,63,65,0.0,0.0,0.0317
25045,0,0,0,1,1,0.0,0.0,0.0
90198,0,0,0,36,36,0.0,0.0,0.0
9310,0,0,1,6,7,0.0,0.0,0.1667
61012,0,0,0,2,2,0.0,0.0,0.0
15084,1,0,0,43,44,0.0233,0.0,0.0
15372,0,0,1,9,10,0.0,0.0,0.1111
3265,0,0,0,1,1,0.0,0.0,0.0
32004,0,0,0,3,3,0.0,0.0,0.0
66479,0,0,0,54,54,0.0,0.0,0.0
25577,0,0,0,3,3,0.0,0.0,0.0
60532,2,0,1,39,42,0.0513,0.0,0.0256
58972,0,0,0,5,5,0.0,0.0,0.0
27173,0,0,0,2,2,0.0,0.0,0.0
77987,0,0,0,2,2,0.0,0.0,0.0
92580,0,1,0,8,9,0.0,0.125,0.0
99850,0,0,0,1,1,0.0,0.0,0.0
72446,0,0,0,10,10,0.0,0.0,0.0
88628,0,0,0,3,3,0.0,0.0,0.0
87687,0,0,0,1,1,0.0,0.0,0.0
93490,0,0,0,28,28,0.0,0.0,0.0
80661,0,0,0,5,5,0.0,0.0,0.0
23744,0,0,0,1,1,0.0,0.0,0.0
7652,0,0,0,2,2,0.0,0.0,0.0
10696,0,0,0,28,28,0.0,0.0,0.0
43786,0,0,0,2,2,0.0,0.0,0.0
101396,0,0,0,9,9,0.0,0.0,0.0
72653,0,0,0,1,1,0.0,0.0,0.0
63476,0,0,0,1,1,0.0,0.0,0.0
74511,0,1,0,4,5,0.0,0.25,0.0
27155,0,0,0,3,3,0.0,0.0,0.0
65559,0,0,0,2,2,0.0,0.0,0.0
99836,0,0,1,1,2,0.0,0.0,1.0
10641,0,0,0,1,1,0.0,0.0,0.0
65069,0,0,0,6,6,0.0,0.0,0.0
90013,0,0,0,1,1,0.0,0.0,0.0
37716,0,0,0,7,7,0.0,0.0,0.0
100248,0,0,0,2,2,0.0,0.0,0.0
98462,0,0,0,1,1,0.0,0.0,0.0
70621,0,0,0,9,9,0.0,0.0,0.0
14171,0,0,0,1,1,0.0,0.0,0.0
44677,0,0,0,2,2,0.0,0.0,0.0
74733,0,0,0,1,1,0.0,0.0,0.0
61316,0,0,0,4,4,0.0,0.0,0.0
16440,0,0,0,1,1,0.0,0.0,0.0
57794,0,0,0,2,2,0.0,0.0,0.0
72384,0,0,0,2,2,0.0,0.0,0.0
65383,0,0,0,2,2,0.0,0.0,0.0
54040,0,0,0,2,2,0.0,0.0,0.0
20217,0,0,0,1,1,0.0,0.0,0.0
61404,0,0,1,3,4,0.0,0.0,0.3333
90675,0,0,0,5,5,0.0,0.0,0.0
76023,0,0,0,1,1,0.0,0.0,0.0
56698,0,0,1,8,9,0.0,0.0,0.125
77440,0,0,0,1,1,0.0,0.0,0.0
98477,1,4,1,80,86,0.0125,0.05,0.0125
65483,0,3,3,93,99,0.0,0.0323,0.0323
43635,0,0,0,2,2,0.0,0.0,0.0
72742,0,0,0,17,17,0.0,0.0,0.0
48001,1,0,0,63,64,0.0159,0.0,0.0
44243,0,1,0,115,116,0.0,0.0087,0.0
16620,0,2,1,10,13,0.0,0.2,0.1
87454,0,0,0,1,1,0.0,0.0,0.0
2878,0,2,0,20,22,0.0,0.1,0.0
67145,0,1,0,4,5,0.0,0.25,0.0
44540,0,2,0,7,9,0.0,0.2857,0.0
65890,0,0,2,9,11,0.0,0.0,0.2222
70306,0,0,0,1,1,0.0,0.0,0.0
44439,0,0,0,23,23,0.0,0.0,0.0
58284,0,0,1,6,7,0.0,0.0,0.1667
96805,0,0,2,52,54,0.0,0.0,0.0385
4053,0,0,0,13,13,0.0,0.0,0.0
8540,0,0,0,1,1,0.0,0.0,0.0
56692,1,0,0,21,22,0.0476,0.0,0.0
65444,0,0,0,5,5,0.0,0.0,0.0
19322,0,1,1,23,25,0.0,0.0435,0.0435
21794,0,0,0,2,2,0.0,0.0,0.0
76972,0,0,0,14,14,0.0,0.0,0.0
17514,0,0,0,8,8,0.0,0.0,0.0
33832,0,0,0,15,15,0.0,0.0,0.0
7201,0,0,0,3,3,0.0,0.0,0.0
19323,0,0,0,1,1,0.0,0.0,0.0
94934,0,1,3,101,105,0.0,0.0099,0.0297
8810,0,0,0,1,1,0.0,0.0,0.0
41734,2,0,0,3,5,0.6667,0.0,0.0
25082,0,1,0,15,16,0.0,0.0667,0.0
90337,0,0,0,16,16,0.0,0.0,0.0
86565,0,0,0,4,4,0.0,0.0,0.0
50148,1,1,0,17,19,0.0588,0.0588,0.0
43182,0,1,0,45,46,0.0,0.0222,0.0
91053,0,0,0,13,13,0.0,0.0,0.0
17248,0,0,0,16,16,0.0,0.0,0.0
97881,0,0,0,31,31,0.0,0.0,0.0
88140,0,0,4,49,53,0.0,0.0,0.0816
83932,0,0,0,6,6,0.0,0.0,0.0
9506,0,0,1,28,29,0.0,0.0,0.0357
34888,0,0,0,6,6,0.0,0.0,0.0
100231,0,0,1,37,38,0.0,0.0,0.027
39134,0,0,0,5,5,0.0,0.0,0.0
25937,0,0,0,15,15,0.0,0.0,0.0
37947,0,0,0,57,57,0.0,0.0,0.0
7512,0,0,0,4,4,0.0,0.0,0.0
85208,0,3,0,72,75,0.0,0.0417,0.0
103504,0,0,0,4,4,0.0,0.0,0.0
79606,0,0,0,5,5,0.0,0.0,0.0
480,0,0,0,3,3,0.0,0.0,0.0
90492,0,0,1,3,4,0.0,0.0,0.3333
32226,0,0,0,1,1,0.0,0.0,0.0
12684,0,1,0,5,6,0.0,0.2,0.0
33106,0,0,0,6,6,0.0,0.0,0.0
70000,0,0,0,4,4,0.0,0.0,0.0
57336,0,0,0,3,3,0.0,0.0,0.0
43201,0,0,0,1,1,0.0,0.0,0.0
77691,0,0,0,3,3,0.0,0.0,0.0
98743,0,0,0,9,9,0.0,0.0,0.0
100683,0,0,0,4,4,0.0,0.0,0.0
50875,0,0,0,2,2,0.0,0.0,0.0
91914,0,0,0,18,18,0.0,0.0,0.0
42239,0,0,0,2,2,0.0,0.0,0.0
31892,0,0,0,4,4,0.0,0.0,0.0
58319,0,0,0,6,6,0.0,0.0,0.0
61798,0,0,0,1,1,0.0,0.0,0.0
42921,0,0,0,1,1,0.0,0.0,0.0
86363,0,0,3,27,30,0.0,0.0,0.1111
95010,0,0,1,2,3,0.0,0.0,0.5
55872,0,0,0,1,1,0.0,0.0,0.0
101067,0,0,0,1,1,0.0,0.0,0.0
77905,0,0,0,1,1,0.0,0.0,0.0
73395,0,0,0,1,1,0.0,0.0,0.0
81736,0,0,0,3,3,0.0,0.0,0.0
69624,0,0,0,4,4,0.0,0.0,0.0
73767,0,0,0,5,5,0.0,0.0,0.0
21640,0,0,0,1,1,0.0,0.0,0.0
51837,0,0,0,23,23,0.0,0.0,0.0
82257,0,1,1,40,42,0.0,0.025,0.025
15773,0,0,0,3,3,0.0,0.0,0.0
64756,0,0,0,1,1,0.0,0.0,0.0
79269,0,0,0,9,9,0.0,0.0,0.0
25821,4,2,0,78,84,0.0513,0.0256,0.0
83486,0,1,0,19,20,0.0,0.0526,0.0
33712,0,1,0,15,16,0.0,0.0667,0.0
42002,0,0,0,37,37,0.0,0.0,0.0
4705,4,0,0,6,10,0.6667,0.0,0.0
102444,1,0,1,66,68,0.0152,0.0,0.0152
44701,0,0,0,20,20,0.0,0.0,0.0
39423,0,0,0,9,9,0.0,0.0,0.0
16207,0,3,3,36,42,0.0,0.0833,0.0833
61426,0,0,0,14,14,0.0,0.0,0.0
17520,0,0,0,1,1,0.0,0.0,0.0
90077,0,1,0,17,18,0.0,0.0588,0.0
86286,0,0,0,4,4,0.0,0.0,0.0
45914,0,0,1,3,4,0.0,0.0,0.3333
100766,0,1,0,11,12,0.0,0.0909,0.0
29548,0,1,0,52,53,0.0,0.0192,0.0
29126,1,2,1,34,38,0.0294,0.0588,0.0294
18426,0,1,0,114,115,0.0,0.0088,0.0
74228,0,0,0,71,71,0.0,0.0,0.0
71335,1,0,0,28,29,0.0357,0.0,0.0
40192,0,0,1,5,6,0.0,0.0,0.2
70559,0,0,1,12,13,0.0,0.0,0.0833
63416,1,0,0,31,32,0.0323,0.0,0.0
78029,0,0,1,2,3,0.0,0.0,0.5
3530,0,0,0,1,1,0.0,0.0,0.0
3828,0,0,0,4,4,0.0,0.0,0.0
83276,0,0,0,4,4,0.0,0.0,0.0
11019,0,0,0,1,1,0.0,0.0,0.0
85724,0,1,0,11,12,0.0,0.0909,0.0
62810,0,0,0,5,5,0.0,0.0,0.0
61372,1,0,0,25,26,0.04,0.0,0.0
9835,0,0,0,1,1,0.0,0.0,0.0
102149,0,0,0,18,18,0.0,0.0,0.0
83398,0,0,0,12,12,0.0,0.0,0.0
24108,0,0,0,1,1,0.0,0.0,0.0
57009,0,0,0,2,2,0.0,0.0,0.0
27237,0,0,0,4,4,0.0,0.0,0.0
27139,0,0,0,3,3,0.0,0.0,0.0
82092,0,1,0,8,9,0.0,0.125,0.0
81698,1,1,0,12,14,0.0833,0.0833,0.0
96823,0,0,0,13,13,0.0,0.0,0.0
84931,0,0,0,1,1,0.0,0.0,0.0
70979,0,0,0,5,5,0.0,0.0,0.0
25685,0,0,0,3,3,0.0,0.0,0.0
87542,0,0,0,1,1,0.0,0.0,0.0
19415,0,0,0,7,7,0.0,0.0,0.0
50412,0,0,0,7,7,0.0,0.0,0.0
48820,0,0,0,6,6,0.0,0.0,0.0
23045,0,1,0,5,6,0.0,0.2,0.0
13043,0,0,0,1,1,0.0,0.0,0.0
38604,0,0,0,2,2,0.0,0.0,0.0
97311,0,0,0,2,2,0.0,0.0,0.0
58286,0,0,0,1,1,0.0,0.0,0.0
103723,0,0,0,1,1,0.0,0.0,0.0
92716,0,0,0,8,8,0.0,0.0,0.0
77112,0,0,0,1,1,0.0,0.0,0.0
94574,0,0,0,2,2,0.0,0.0,0.0
19590,1,0,0,6,7,0.1667,0.0,0.0
56808,0,0,0,2,2,0.0,0.0,0.0
93541,0,0,0,2,2,0.0,0.0,0.0
54571,0,0,0,2,2,0.0,0.0,0.0
89170,0,0,0,1,1,0.0,0.0,0.0
94629,0,0,0,1,1,0.0,0.0,0.0
80384,0,0,0,13,13,0.0,0.0,0.0
21775,0,0,1,12,13,0.0,0.0,0.0833
1423,0,0,2,6,8,0.0,0.0,0.3333
51945,0,0,0,4,4,0.0,0.0,0.0
86043,0,0,0,17,17,0.0,0.0,0.0
89211,0,0,0,7,7,0.0,0.0,0.0
78997,0,0,1,34,35,0.0,0.0,0.0294
42216,0,0,0,3,3,0.0,0.0,0.0
45488,0,1,0,25,26,0.0,0.04,0.0
58684,0,0,0,22,22,0.0,0.0,0.0
80100,0,1,0,7,8,0.0,0.1429,0.0
79960,2,1,0,28,31,0.0714,0.0357,0.0
87832,1,1,0,22,24,0.0455,0.0455,0.0
64050,0,1,0,66,67,0.0,0.0152,0.0
25950,0,0,0,1,1,0.0,0.0,0.0
102315,0,0,0,18,18,0.0,0.0,0.0
80104,0,0,0,2,2,0.0,0.0,0.0
73160,0,0,0,1,1,0.0,0.0,0.0
28861,0,0,0,10,10,0.0,0.0,0.0
22648,2,0,2,6,10,0.3333,0.0,0.3333
24421,3,5,4,127,139,0.0236,0.0394,0.0315
92711,3,0,0,35,38,0.0857,0.0,0.0
101063,0,0,0,8,8,0.0,0.0,0.0
58073,1,0,1,45,47,0.0222,0.0,0.0222
46785,0,0,0,3,3,0.0,0.0,0.0
92440,0,0,0,3,3,0.0,0.0,0.0
41950,0,0,0,3,3,0.0,0.0,0.0
10066,0,3,1,19,23,0.0,0.1579,0.0526
13131,0,0,0,4,4,0.0,0.0,0.0
37066,0,2,0,87,89,0.0,0.023,0.0
45034,0,0,0,27,27,0.0,0.0,0.0
10880,0,0,0,2,2,0.0,0.0,0.0
75141,0,0,1,27,28,0.0,0.0,0.037
4887,0,0,1,18,19,0.0,0.0,0.0556
71961,0,0,0,3,3,0.0,0.0,0.0
9774,0,1,0,28,29,0.0,0.0357,0.0
27647,0,0,0,5,5,0.0,0.0,0.0
53359,0,0,0,2,2,0.0,0.0,0.0
49638,0,0,0,1,1,0.0,0.0,0.0
36956,0,0,0,2,2,0.0,0.0,0.0
19779,0,0,0,2,2,0.0,0.0,0.0
13035,0,0,0,3,3,0.0,0.0,0.0
44264,0,0,0,5,5,0.0,0.0,0.0
91475,0,0,0,7,7,0.0,0.0,0.0
90673,1,0,0,1,2,1.0,0.0,0.0
76884,0,0,0,2,2,0.0,0.0,0.0
66856,0,2,0,10,12,0.0,0.2,0.0
27032,0,0,0,8,8,0.0,0.0,0.0
63892,0,0,0,1,1,0.0,0.0,0.0
53232,1,1,0,18,20,0.0556,0.0556,0.0
41815,0,0,0,4,4,0.0,0.0,0.0
68810,0,1,0,13,14,0.0,0.0769,0.0
66019,0,0,0,3,3,0.0,0.0,0.0
41875,0,0,0,2,2,0.0,0.0,0.0
47594,0,0,0,5,5,0.0,0.0,0.0
48431,0,0,0,1,1,0.0,0.0,0.0
19508,0,0,0,1,1,0.0,0.0,0.0
1740,0,0,0,1,1,0.0,0.0,0.0
40929,0,0,0,2,2,0.0,0.0,0.0
96208,0,0,0,4,4,0.0,0.0,0.0
75832,0,0,0,2,2,0.0,0.0,0.0
82234,0,0,0,3,3,0.0,0.0,0.0
97761,0,0,0,8,8,0.0,0.0,0.0
103368,0,1,2,85,88,0.0,0.0118,0.0235
57455,0,0,1,31,32,0.0,0.0,0.0323
39234,0,2,4,71,77,0.0,0.0282,0.0563
7419,0,0,0,1,1,0.0,0.0,0.0
73484,0,0,1,9,10,0.0,0.0,0.1111
19562,0,0,1,8,9,0.0,0.0,0.125
70464,0,0,0,1,1,0.0,0.0,0.0
47920,0,0,0,5,5,0.0,0.0,0.0
95714,0,0,0,13,13,0.0,0.0,0.0
41113,0,0,0,1,1,0.0,0.0,0.0
59174,0,0,0,2,2,0.0,0.0,0.0
87544,0,2,0,27,29,0.0,0.0741,0.0
46564,0,0,0,1,1,0.0,0.0,0.0
54946,0,0,1,7,8,0.0,0.0,0.1429
93312,0,0,0,4,4,0.0,0.0,0.0
81782,1,2,0,44,47,0.0227,0.0455,0.0
103486,0,0,0,35,35,0.0,0.0,0.0
87140,0,0,0,3,3,0.0,0.0,0.0
83257,0,0,0,4,4,0.0,0.0,0.0
82268,0,0,0,1,1,0.0,0.0,0.0
3136,0,0,0,3,3,0.0,0.0,0.0
27443,0,0,0,2,2,0.0,0.0,0.0
46873,0,2,2,34,38,0.0,0.0588,0.0588
66404,0,1,0,3,4,0.0,0.3333,0.0
24906,0,0,0,4,4,0.0,0.0,0.0
51005,2,0,0,92,94,0.0217,0.0,0.0
99359,0,0,0,27,27,0.0,0.0,0.0
99042,0,0,0,1,1,0.0,0.0,0.0
49625,1,0,0,5,6,0.2,0.0,0.0
74447,0,0,0,17,17,0.0,0.0,0.0
61085,0,0,0,6,6,0.0,0.0,0.0
80231,0,0,0,69,69,0.0,0.0,0.0
8878,0,0,0,1,1,0.0,0.0,0.0
50531,0,0,0,1,1,0.0,0.0,0.0
57925,0,0,0,15,15,0.0,0.0,0.0
21893,0,0,0,8,8,0.0,0.0,0.0
42212,0,0,0,13,13,0.0,0.0,0.0
47407,0,0,0,9,9,0.0,0.0,0.0
22575,1,1,0,19,21,0.0526,0.0526,0.0
64096,0,0,0,6,6,0.0,0.0,0.0
56223,0,0,0,1,1,0.0,0.0,0.0
56894,0,0,1,3,4,0.0,0.0,0.3333
71125,0,0,0,19,19,0.0,0.0,0.0
94194,0,0,0,1,1,0.0,0.0,0.0
23896,0,0,0,1,1,0.0,0.0,0.0
12277,0,0,0,4,4,0.0,0.0,0.0
28324,0,1,0,6,7,0.0,0.1667,0.0
39187,0,0,0,6,6,0.0,0.0,0.0
60524,0,0,0,1,1,0.0,0.0,0.0
49324,0,0,0,12,12,0.0,0.0,0.0
97659,0,0,1,38,39,0.0,0.0,0.0263
54615,0,0,0,1,1,0.0,0.0,0.0
32420,0,0,0,15,15,0.0,0.0,0.0
47257,0,0,0,18,18,0.0,0.0,0.0
90837,0,0,0,1,1,0.0,0.0,0.0
23315,0,0,0,1,1,0.0,0.0,0.0
27164,0,0,0,1,1,0.0,0.0,0.0
18225,1,0,0,27,28,0.037,0.0,0.0
55123,0,0,0,1,1,0.0,0.0,0.0
31041,0,0,0,2,2,0.0,0.0,0.0
73081,0,0,0,3,3,0.0,0.0,0.0
32244,0,0,0,1,1,0.0,0.0,0.0
36194,0,0,0,2,2,0.0,0.0,0.0
30633,0,0,0,1,1,0.0,0.0,0.0
35326,0,0,0,10,10,0.0,0.0,0.0
38634,0,0,0,4,4,0.0,0.0,0.0
17512,0,0,0,2,2,0.0,0.0,0.0
40099,0,0,0,20,20,0.0,0.0,0.0
83721,1,0,1,34,36,0.0294,0.0,0.0294
77751,0,0,0,1,1,0.0,0.0,0.0
31547,2,2,1,89,94,0.0225,0.0225,0.0112
9183,0,1,0,28,29,0.0,0.0357,0.0
46468,0,0,0,6,6,0.0,0.0,0.0
54904,0,0,2,19,21,0.0,0.0,0.1053
69477,0,1,0,14,15,0.0,0.0714,0.0
36868,0,1,0,7,8,0.0,0.1429,0.0
44586,0,0,0,14,14,0.0,0.0,0.0
41928,0,0,2,28,30,0.0,0.0,0.0714
103613,2,0,0,30,32,0.0667,0.0,0.0
70933,0,0,0,2,2,0.0,0.0,0.0
3911,0,0,0,16,16,0.0,0.0,0.0
102259,0,2,0,40,42,0.0,0.05,0.0
81126,0,0,0,7,7,0.0,0.0,0.0
16151,0,0,0,14,14,0.0,0.0,0.0
95582,0,0,0,14,14,0.0,0.0,0.0
29774,0,0,0,21,21,0.0,0.0,0.0
69756,0,0,0,3,3,0.0,0.0,0.0
78226,0,1,0,9,10,0.0,0.1111,0.0
19771,0,3,0,20,23,0.0,0.15,0.0
49757,0,1,2,54,57,0.0,0.0185,0.037
102784,0,0,1,59,60,0.0,0.0,0.0169
56336,1,0,0,22,23,0.0455,0.0,0.0
30461,0,0,2,71,73,0.0,0.0,0.0282
45295,0,2,0,9,11,0.0,0.2222,0.0
59079,0,0,0,7,7,0.0,0.0,0.0
71938,1,5,0,26,32,0.0385,0.1923,0.0
40241,0,0,0,4,4,0.0,0.0,0.0
84312,0,0,0,4,4,0.0,0.0,0.0
10023,0,0,0,5,5,0.0,0.0,0.0
34354,0,0,0,6,6,0.0,0.0,0.0
70386,0,0,0,2,2,0.0,0.0,0.0
27046,0,1,0,8,9,0.0,0.125,0.0
71043,0,0,0,1,1,0.0,0.0,0.0
58580,0,0,1,24,25,0.0,0.0,0.0417
82350,2,2,2,49,55,0.0408,0.0408,0.0408
4098,1,1,0,50,52,0.02,0.02,0.0
103724,0,1,0,19,20,0.0,0.0526,0.0
87884,0,0,0,2,2,0.0,0.0,0.0
7716,1,0,1,81,83,0.0123,0.0,0.0123
15609,0,0,0,1,1,0.0,0.0,0.0
48619,0,0,0,7,7,0.0,0.0,0.0
94386,0,1,0,26,27,0.0,0.0385,0.0
37090,0,0,1,3,4,0.0,0.0,0.3333
94850,0,0,0,2,2,0.0,0.0,0.0
59164,0,0,0,18,18,0.0,0.0,0.0
20862,0,0,0,1,1,0.0,0.0,0.0
87526,0,0,0,2,2,0.0,0.0,0.0
98681,0,0,0,2,2,0.0,0.0,0.0
52147,1,0,0,16,17,0.0625,0.0,0.0
102875,1,2,0,28,31,0.0357,0.0714,0.0
80155,0,0,0,2,2,0.0,0.0,0.0
13058,0,0,0,1,1,0.0,0.0,0.0
76750,0,0,1,11,12,0.0,0.0,0.0909
40982,0,0,0,4,4,0.0,0.0,0.0
1289,0,0,0,6,6,0.0,0.0,0.0
18395,0,0,0,14,14,0.0,0.0,0.0
24665,0,0,0,4,4,0.0,0.0,0.0
38517,0,0,0,2,2,0.0,0.0,0.0
30747,0,0,0,3,3,0.0,0.0,0.0
66701,0,0,0,1,1,0.0,0.0,0.0
9003,0,0,0,3,3,0.0,0.0,0.0
81819,0,0,0,1,1,0.0,0.0,0.0
75424,1,2,0,9,12,0.1111,0.2222,0.0
31382,0,0,0,8,8,0.0,0.0,0.0
103360,0,0,0,3,3,0.0,0.0,0.0
28647,0,0,0,10,10,0.0,0.0,0.0
14270,0,0,0,7,7,0.0,0.0,0.0
96773,0,0,0,25,25,0.0,0.0,0.0
103335,0,0,1,6,7,0.0,0.0,0.1667
31812,0,0,0,1,1,0.0,0.0,0.0
84387,0,0,0,1,1,0.0,0.0,0.0
9248,0,0,0,9,9,0.0,0.0,0.0
91852,0,0,0,1,1,0.0,0.0,0.0
66732,0,0,0,1,1,0.0,0.0,0.0
464,0,0,0,2,2,0.0,0.0,0.0
59156,0,0,0,3,3,0.0,0.0,0.0
56033,0,0,0,3,3,0.0,0.0,0.0
54887,0,0,0,3,3,0.0,0.0,0.0
35060,0,0,0,1,1,0.0,0.0,0.0
67627,0,0,0,5,5,0.0,0.0,0.0
73718,2,0,0,68,70,0.0294,0.0,0.0
75447,1,0,0,105,106,0.0095,0.0,0.0
30474,0,0,0,6,6,0.0,0.0,0.0
71840,5,0,1,240,246,0.0208,0.0,0.0042
30743,0,0,0,3,3,0.0,0.0,0.0
81573,1,0,0,30,31,0.0333,0.0,0.0
62198,0,0,0,10,10,0.0,0.0,0.0
32438,0,0,0,5,5,0.0,0.0,0.0
57435,0,0,0,1,1,0.0,0.0,0.0
83450,0,0,0,3,3,0.0,0.0,0.0
79533,0,0,0,2,2,0.0,0.0,0.0
23281,0,0,0,3,3,0.0,0.0,0.0
46415,0,0,0,7,7,0.0,0.0,0.0
62182,0,0,0,1,1,0.0,0.0,0.0
99827,0,0,0,5,5,0.0,0.0,0.0
28443,0,1,0,28,29,0.0,0.0357,0.0
102685,0,0,0,13,13,0.0,0.0,0.0
25830,0,0,0,57,57,0.0,0.0,0.0
2201,0,0,0,1,1,0.0,0.0,0.0
78482,0,1,0,13,14,0.0,0.0769,0.0
37416,0,0,0,19,19,0.0,0.0,0.0
72495,0,1,1,52,54,0.0,0.0192,0.0192
90909,0,0,1,14,15,0.0,0.0,0.0714
64611,0,0,0,3,3,0.0,0.0,0.0
12551,0,0,0,4,4,0.0,0.0,0.0
5161,0,0,0,6,6,0.0,0.0,0.0
54193,0,2,0,18,20,0.0,0.1111,0.0
83796,0,0,1,74,75,0.0,0.0,0.0135
68504,0,0,0,7,7,0.0,0.0,0.0
31766,0,0,0,15,15,0.0,0.0,0.0
32020,0,0,0,6,6,0.0,0.0,0.0
79636,0,0,0,12,12,0.0,0.0,0.0
73658,0,0,0,9,9,0.0,0.0,0.0
34737,0,3,0,30,33,0.0,0.1,0.0
60433,0,0,0,1,1,0.0,0.0,0.0
70639,0,0,0,13,13,0.0,0.0,0.0
35602,0,1,4,92,97,0.0,0.0109,0.0435
99728,0,0,0,9,9,0.0,0.0,0.0
3064,0,0,0,4,4,0.0,0.0,0.0
33633,0,1,0,9,10,0.0,0.1111,0.0
13816,0,1,0,14,15,0.0,0.0714,0.0
88671,0,4,1,89,94,0.0,0.0449,0.0112
56983,1,0,0,46,47,0.0217,0.0,0.0
95691,0,0,1,44,45,0.0,0.0,0.0227
11084,0,0,0,1,1,0.0,0.0,0.0
42560,0,1,0,9,10,0.0,0.1111,0.0
89755,0,1,0,14,15,0.0,0.0714,0.0
50772,0,0,0,6,6,0.0,0.0,0.0
10441,0,0,0,5,5,0.0,0.0,0.0
79513,0,0,0,1,1,0.0,0.0,0.0
13559,0,0,0,1,1,0.0,0.0,0.0
69519,0,0,0,8,8,0.0,0.0,0.0
60464,0,0,0,1,1,0.0,0.0,0.0
40225,0,0,0,14,14,0.0,0.0,0.0
97121,0,0,0,4,4,0.0,0.0,0.0
66001,0,0,0,6,6,0.0,0.0,0.0
59414,0,0,0,1,1,0.0,0.0,0.0
39535,0,0,0,4,4,0.0,0.0,0.0
103959,1,0,0,11,12,0.0909,0.0,0.0
69728,0,1,1,4,6,0.0,0.25,0.25
99897,0,0,0,1,1,0.0,0.0,0.0
73672,0,0,0,3,3,0.0,0.0,0.0
88071,0,0,0,1,1,0.0,0.0,0.0
9200,0,0,0,1,1,0.0,0.0,0.0
83875,0,0,0,1,1,0.0,0.0,0.0
29449,0,0,0,1,1,0.0,0.0,0.0
73196,0,0,0,8,8,0.0,0.0,0.0
84495,1,1,0,5,7,0.2,0.2,0.0
59717,0,0,0,3,3,0.0,0.0,0.0
89360,0,2,0,1,3,0.0,2.0,0.0
71145,0,0,0,2,2,0.0,0.0,0.0
16365,0,0,0,1,1,0.0,0.0,0.0
3233,0,0,0,1,1,0.0,0.0,0.0
65331,0,0,0,5,5,0.0,0.0,0.0
58304,0,0,0,2,2,0.0,0.0,0.0
63396,0,0,0,15,15,0.0,0.0,0.0
84443,0,0,0,5,5,0.0,0.0,0.0
44167,0,0,0,36,36,0.0,0.0,0.0
5723,0,0,1,29,30,0.0,0.0,0.0345
19381,2,0,0,24,26,0.0833,0.0,0.0
51401,0,0,0,1,1,0.0,0.0,0.0
71698,1,2,3,122,128,0.0082,0.0164,0.0246
52958,0,0,0,1,1,0.0,0.0,0.0
39707,0,0,0,3,3,0.0,0.0,0.0
16551,0,0,3,22,25,0.0,0.0,0.1364
93650,0,0,0,3,3,0.0,0.0,0.0
92157,0,0,0,2,2,0.0,0.0,0.0
94701,0,0,1,7,8,0.0,0.0,0.1429
1283,0,1,0,12,13,0.0,0.0833,0.0
3872,0,0,0,2,2,0.0,0.0,0.0
38662,0,0,0,7,7,0.0,0.0,0.0
82174,0,0,0,7,7,0.0,0.0,0.0
88281,0,0,0,32,32,0.0,0.0,0.0
55323,4,2,0,137,143,0.0292,0.0146,0.0
99559,1,0,0,19,20,0.0526,0.0,0.0
38603,1,0,2,21,24,0.0476,0.0,0.0952
59105,0,0,0,9,9,0.0,0.0,0.0
92588,0,0,1,61,62,0.0,0.0,0.0164
87127,0,0,0,7,7,0.0,0.0,0.0
41259,0,0,0,2,2,0.0,0.0,0.0
101737,1,0,0,29,30,0.0345,0.0,0.0
34918,0,0,0,6,6,0.0,0.0,0.0
76528,0,0,0,7,7,0.0,0.0,0.0
76389,0,1,0,31,32,0.0,0.0323,0.0
95727,0,0,0,6,6,0.0,0.0,0.0
6398,1,0,0,43,44,0.0233,0.0,0.0
65124,0,0,0,6,6,0.0,0.0,0.0
1465,0,0,0,1,1,0.0,0.0,0.0
53639,0,0,0,2,2,0.0,0.0,0.0
14223,0,0,0,2,2,0.0,0.0,0.0
2544,0,1,1,3,5,0.0,0.3333,0.3333
87113,0,0,0,1,1,0.0,0.0,0.0
15195,0,0,0,1,1,0.0,0.0,0.0
23628,0,0,0,1,1,0.0,0.0,0.0
2843,0,0,0,5,5,0.0,0.0,0.0
68562,0,0,0,1,1,0.0,0.0,0.0
91705,1,2,0,22,25,0.0455,0.0909,0.0
9656,0,0,0,2,2,0.0,0.0,0.0
18625,0,0,0,12,12,0.0,0.0,0.0
8175,0,0,1,48,49,0.0,0.0,0.0208
40126,0,0,0,1,1,0.0,0.0,0.0
94475,0,0,0,2,2,0.0,0.0,0.0
38218,0,0,0,8,8,0.0,0.0,0.0
26934,0,2,0,3,5,0.0,0.6667,0.0
97693,0,0,0,8,8,0.0,0.0,0.0
88929,0,0,0,1,1,0.0,0.0,0.0
71229,0,0,0,1,1,0.0,0.0,0.0
34161,0,0,0,1,1,0.0,0.0,0.0
25774,0,0,0,2,2,0.0,0.0,0.0
88536,0,0,0,1,1,0.0,0.0,0.0
84133,0,0,0,1,1,0.0,0.0,0.0
39428,0,0,0,2,2,0.0,0.0,0.0
59352,0,0,0,4,4,0.0,0.0,0.0
54979,0,0,0,1,1,0.0,0.0,0.0
74973,0,0,0,2,2,0.0,0.0,0.0
54247,0,0,0,7,7,0.0,0.0,0.0
87476,0,0,0,1,1,0.0,0.0,0.0
102092,1,2,0,80,83,0.0125,0.025,0.0
67969,0,0,0,3,3,0.0,0.0,0.0
93992,0,0,0,5,5,0.0,0.0,0.0
97152,0,1,0,24,25,0.0,0.0417,0.0
99197,0,0,1,6,7,0.0,0.0,0.1667
103354,0,0,0,6,6,0.0,0.0,0.0
38854,1,0,2,86,89,0.0116,0.0,0.0233
85229,0,0,0,18,18,0.0,0.0,0.0
89812,1,0,1,30,32,0.0333,0.0,0.0333
47247,0,0,0,20,20,0.0,0.0,0.0
60423,0,0,0,2,2,0.0,0.0,0.0
95600,0,0,0,5,5,0.0,0.0,0.0
8567,0,0,0,1,1,0.0,0.0,0.0
94336,0,1,0,33,34,0.0,0.0303,0.0
15830,0,0,2,8,10,0.0,0.0,0.25
68749,0,0,0,16,16,0.0,0.0,0.0
43283,0,1,0,23,24,0.0,0.0435,0.0
95880,0,1,1,35,37,0.0,0.0286,0.0286
45831,0,0,0,24,24,0.0,0.0,0.0
46741,0,1,0,48,49,0.0,0.0208,0.0
46942,0,0,0,2,2,0.0,0.0,0.0
37280,0,0,0,1,1,0.0,0.0,0.0
86695,0,2,1,89,92,0.0,0.0225,0.0112
41578,0,0,0,8,8,0.0,0.0,0.0
39746,0,0,0,4,4,0.0,0.0,0.0
34522,4,3,3,118,128,0.0339,0.0254,0.0254
103812,0,0,0,1,1,0.0,0.0,0.0
26653,0,1,1,6,8,0.0,0.1667,0.1667
51577,2,0,0,12,14,0.1667,0.0,0.0
58952,1,2,1,18,22,0.0556,0.1111,0.0556
55296,0,0,0,6,6,0.0,0.0,0.0
41962,0,0,0,5,5,0.0,0.0,0.0
35898,0,0,0,23,23,0.0,0.0,0.0
5686,0,0,0,11,11,0.0,0.0,0.0
93060,0,0,1,8,9,0.0,0.0,0.125
3775,0,0,0,4,4,0.0,0.0,0.0
63179,0,0,0,2,2,0.0,0.0,0.0
40444,0,0,0,2,2,0.0,0.0,0.0
49615,0,0,0,1,1,0.0,0.0,0.0
78295,0,0,0,8,8,0.0,0.0,0.0
92676,0,0,0,3,3,0.0,0.0,0.0
12674,0,0,0,44,44,0.0,0.0,0.0
7036,0,0,0,1,1,0.0,0.0,0.0
39033,0,0,0,3,3,0.0,0.0,0.0
60311,0,0,0,1,1,0.0,0.0,0.0
49004,0,0,0,3,3,0.0,0.0,0.0
25790,0,0,1,2,3,0.0,0.0,0.5
47375,0,0,0,3,3,0.0,0.0,0.0
38317,0,0,0,1,1,0.0,0.0,0.0
74718,0,0,0,1,1,0.0,0.0,0.0
5637,0,1,0,3,4,0.0,0.3333,0.0
44341,0,0,0,2,2,0.0,0.0,0.0
14955,0,0,0,3,3,0.0,0.0,0.0
11360,0,0,0,6,6,0.0,0.0,0.0
102124,0,0,0,4,4,0.0,0.0,0.0
69699,0,0,0,2,2,0.0,0.0,0.0
5416,0,0,0,3,3,0.0,0.0,0.0
74088,0,0,0,2,2,0.0,0.0,0.0
97486,0,0,4,68,72,0.0,0.0,0.0588
63397,0,0,2,19,21,0.0,0.0,0.1053
39332,1,0,0,34,35,0.0294,0.0,0.0
77566,0,1,0,32,33,0.0,0.0313,0.0
6569,0,0,1,25,26,0.0,0.0,0.04
75556,1,10,17,482,510,0.0021,0.0207,0.0353
83210,0,0,1,2,3,0.0,0.0,0.5
23180,0,0,0,24,24,0.0,0.0,0.0
61267,0,0,0,1,1,0.0,0.0,0.0
83963,0,0,0,4,4,0.0,0.0,0.0
73062,0,0,0,13,13,0.0,0.0,0.0
99858,0,0,0,6,6,0.0,0.0,0.0
101746,0,0,0,6,6,0.0,0.0,0.0
84252,0,0,0,7,7,0.0,0.0,0.0
68888,0,0,0,2,2,0.0,0.0,0.0
66413,0,0,0,1,1,0.0,0.0,0.0
11079,0,1,0,18,19,0.0,0.0556,0.0
62537,0,0,0,9,9,0.0,0.0,0.0
53036,0,2,4,57,63,0.0,0.0351,0.0702
37775,0,0,0,7,7,0.0,0.0,0.0
49853,0,0,0,36,36,0.0,0.0,0.0
64851,0,0,1,15,16,0.0,0.0,0.0667
78624,0,0,0,3,3,0.0,0.0,0.0
56391,0,0,0,34,34,0.0,0.0,0.0
52084,0,0,1,2,3,0.0,0.0,0.5
101170,2,0,0,7,9,0.2857,0.0,0.0
103141,0,0,0,20,20,0.0,0.0,0.0
81993,0,0,0,3,3,0.0,0.0,0.0
2016,0,0,0,7,7,0.0,0.0,0.0
103020,1,2,3,179,185,0.0056,0.0112,0.0168
56053,0,0,0,31,31,0.0,0.0,0.0
56559,0,0,0,15,15,0.0,0.0,0.0
16737,1,1,1,84,87,0.0119,0.0119,0.0119
1042,0,0,0,2,2,0.0,0.0,0.0
100180,0,1,0,35,36,0.0,0.0286,0.0
55115,0,0,0,5,5,0.0,0.0,0.0
91439,0,0,1,14,15,0.0,0.0,0.0714
16555,0,0,0,1,1,0.0,0.0,0.0
53201,0,0,0,3,3,0.0,0.0,0.0
71398,0,0,0,3,3,0.0,0.0,0.0
38100,0,0,0,3,3,0.0,0.0,0.0
30172,0,0,0,2,2,0.0,0.0,0.0
81334,0,1,0,3,4,0.0,0.3333,0.0
49560,0,0,0,3,3,0.0,0.0,0.0
30834,0,0,0,2,2,0.0,0.0,0.0
4275,0,0,0,1,1,0.0,0.0,0.0
97669,0,0,2,45,47,0.0,0.0,0.0444
27656,0,0,0,1,1,0.0,0.0,0.0
3507,0,0,0,2,2,0.0,0.0,0.0
22316,0,0,0,2,2,0.0,0.0,0.0
1257,0,0,0,1,1,0.0,0.0,0.0
22122,0,0,0,2,2,0.0,0.0,0.0
26906,0,0,0,16,16,0.0,0.0,0.0
86455,0,0,0,25,25,0.0,0.0,0.0
37159,0,0,0,1,1,0.0,0.0,0.0
37461,0,0,0,14,14,0.0,0.0,0.0
56269,0,0,0,4,4,0.0,0.0,0.0
25030,2,0,0,21,23,0.0952,0.0,0.0
84077,0,0,0,1,1,0.0,0.0,0.0
9646,0,0,0,1,1,0.0,0.0,0.0
34094,0,0,0,3,3,0.0,0.0,0.0
15867,0,0,0,1,1,0.0,0.0,0.0
80890,0,0,0,6,6,0.0,0.0,0.0
14934,0,0,0,1,1,0.0,0.0,0.0
45853,0,0,0,6,6,0.0,0.0,0.0
1936,0,0,0,3,3,0.0,0.0,0.0
43556,1,0,0,13,14,0.0769,0.0,0.0
83894,0,0,0,5,5,0.0,0.0,0.0
43560,0,0,0,1,1,0.0,0.0,0.0
102029,0,0,0,3,3,0.0,0.0,0.0
28864,0,0,0,1,1,0.0,0.0,0.0
36881,0,0,0,1,1,0.0,0.0,0.0
71553,0,0,0,2,2,0.0,0.0,0.0
102403,1,2,0,26,29,0.0385,0.0769,0.0
89015,0,1,1,14,16,0.0,0.0714,0.0714
93699,0,0,0,4,4,0.0,0.0,0.0
57137,0,0,0,1,1,0.0,0.0,0.0
44331,0,0,0,1,1,0.0,0.0,0.0
60345,0,0,1,5,6,0.0,0.0,0.2
88786,0,0,1,13,14,0.0,0.0,0.0769
37611,1,0,0,9,10,0.1111,0.0,0.0
37801,0,0,0,3,3,0.0,0.0,0.0
16919,1,1,0,17,19,0.0588,0.0588,0.0
38189,0,5,2,141,148,0.0,0.0355,0.0142
96332,0,1,0,4,5,0.0,0.25,0.0
54296,0,0,0,6,6,0.0,0.0,0.0
97667,0,0,0,12,12,0.0,0.0,0.0
33356,0,0,0,2,2,0.0,0.0,0.0
75609,0,1,0,12,13,0.0,0.0833,0.0
103787,0,0,0,24,24,0.0,0.0,0.0
75182,0,0,1,2,3,0.0,0.0,0.5
39920,0,0,0,17,17,0.0,0.0,0.0
2435,0,0,1,46,47,0.0,0.0,0.0217
68564,1,5,0,165,171,0.0061,0.0303,0.0
29695,0,0,0,35,35,0.0,0.0,0.0
76881,0,0,0,1,1,0.0,0.0,0.0
38953,0,0,0,1,1,0.0,0.0,0.0
94895,0,0,0,13,13,0.0,0.0,0.0
70564,0,0,1,18,19,0.0,0.0,0.0556
44996,0,2,0,183,185,0.0,0.0109,0.0
17421,0,0,0,9,9,0.0,0.0,0.0
56298,0,0,0,2,2,0.0,0.0,0.0
43017,0,1,0,18,19,0.0,0.0556,0.0
79157,2,0,3,171,176,0.0117,0.0,0.0175
56222,0,0,1,2,3,0.0,0.0,0.5
94315,0,0,0,22,22,0.0,0.0,0.0
16625,0,0,1,4,5,0.0,0.0,0.25
20439,0,0,0,3,3,0.0,0.0,0.0
37905,1,0,0,61,62,0.0164,0.0,0.0
11819,1,0,1,26,28,0.0385,0.0,0.0385
82297,0,0,2,12,14,0.0,0.0,0.1667
22829,0,1,0,53,54,0.0,0.0189,0.0
1168,0,0,0,2,2,0.0,0.0,0.0
8889,0,0,0,2,2,0.0,0.0,0.0
77552,0,0,0,1,1,0.0,0.0,0.0
96032,0,0,0,2,2,0.0,0.0,0.0
91115,0,0,0,4,4,0.0,0.0,0.0
29756,0,0,0,1,1,0.0,0.0,0.0
64302,0,1,0,1,2,0.0,1.0,0.0
93786,0,0,0,1,1,0.0,0.0,0.0
5352,0,1,3,19,23,0.0,0.0526,0.1579
101470,0,0,0,7,7,0.0,0.0,0.0
14899,0,1,0,6,7,0.0,0.1667,0.0
19629,0,0,0,12,12,0.0,0.0,0.0
95276,0,0,0,2,2,0.0,0.0,0.0
80087,0,0,0,1,1,0.0,0.0,0.0
96034,1,0,0,2,3,0.5,0.0,0.0
43709,0,0,0,4,4,0.0,0.0,0.0
42914,0,0,0,6,6,0.0,0.0,0.0
38078,0,0,0,1,1,0.0,0.0,0.0
24773,0,0,0,1,1,0.0,0.0,0.0
64192,0,2,0,52,54,0.0,0.0385,0.0
11826,0,1,0,5,6,0.0,0.2,0.0
52523,0,0,0,1,1,0.0,0.0,0.0
89371,0,0,0,1,1,0.0,0.0,0.0
87529,0,0,0,3,3,0.0,0.0,0.0
79447,0,0,0,7,7,0.0,0.0,0.0
78291,0,0,0,2,2,0.0,0.0,0.0
63365,0,0,0,1,1,0.0,0.0,0.0
37842,0,0,0,6,6,0.0,0.0,0.0
13245,0,0,0,1,1,0.0,0.0,0.0
23030,0,0,0,2,2,0.0,0.0,0.0
74773,1,0,0,6,7,0.1667,0.0,0.0
65362,0,1,1,11,13,0.0,0.0909,0.0909
38241,0,0,0,1,1,0.0,0.0,0.0
6364,0,0,0,7,7,0.0,0.0,0.0
35772,0,0,0,1,1,0.0,0.0,0.0
101917,0,0,0,1,1,0.0,0.0,0.0
64819,0,0,0,4,4,0.0,0.0,0.0
19999,0,0,0,1,1,0.0,0.0,0.0
58172,0,0,0,4,4,0.0,0.0,0.0
8182,0,0,0,4,4,0.0,0.0,0.0
9520,0,0,0,1,1,0.0,0.0,0.0
54982,4,5,1,137,147,0.0292,0.0365,0.0073
89869,0,0,0,6,6,0.0,0.0,0.0
42025,0,0,0,64,64,0.0,0.0,0.0
68861,1,0,0,3,4,0.3333,0.0,0.0
20300,2,1,0,9,12,0.2222,0.1111,0.0
93972,0,1,0,2,3,0.0,0.5,0.0
38729,0,0,0,14,14,0.0,0.0,0.0
55169,0,0,0,11,11,0.0,0.0,0.0
86118,0,0,0,1,1,0.0,0.0,0.0
767,7,8,5,446,466,0.0157,0.0179,0.0112
30684,0,0,0,3,3,0.0,0.0,0.0
50914,0,1,0,11,12,0.0,0.0909,0.0
34230,0,0,0,32,32,0.0,0.0,0.0
83480,0,0,0,4,4,0.0,0.0,0.0
27012,0,0,1,17,18,0.0,0.0,0.0588
56514,3,5,4,281,293,0.0107,0.0178,0.0142
15610,0,0,0,15,15,0.0,0.0,0.0
24187,0,0,0,8,8,0.0,0.0,0.0
78422,0,1,1,75,77,0.0,0.0133,0.0133
50739,0,0,0,8,8,0.0,0.0,0.0
75517,0,0,0,25,25,0.0,0.0,0.0
100574,0,0,1,16,17,0.0,0.0,0.0625
63604,3,0,0,69,72,0.0435,0.0,0.0
67509,0,0,0,5,5,0.0,0.0,0.0
54118,0,2,2,29,33,0.0,0.069,0.069
44455,0,0,0,5,5,0.0,0.0,0.0
89063,0,1,0,53,54,0.0,0.0189,0.0
64745,0,0,0,1,1,0.0,0.0,0.0
68287,0,0,0,2,2,0.0,0.0,0.0
47499,0,4,0,105,109,0.0,0.0381,0.0
67907,0,1,0,20,21,0.0,0.05,0.0
86065,0,2,0,14,16,0.0,0.1429,0.0
21100,0,0,0,5,5,0.0,0.0,0.0
20547,0,0,0,12,12,0.0,0.0,0.0
14224,0,0,0,4,4,0.0,0.0,0.0
97930,0,0,0,1,1,0.0,0.0,0.0
103250,0,4,1,86,91,0.0,0.0465,0.0116
80507,0,2,0,24,26,0.0,0.0833,0.0
29859,1,0,0,10,11,0.1,0.0,0.0
95665,0,0,0,1,1,0.0,0.0,0.0
99132,0,0,0,8,8,0.0,0.0,0.0
86998,1,0,1,55,57,0.0182,0.0,0.0182
57667,0,0,0,20,20,0.0,0.0,0.0
47051,0,1,2,45,48,0.0,0.0222,0.0444
38724,0,0,0,3,3,0.0,0.0,0.0
89458,0,0,0,2,2,0.0,0.0,0.0
97337,0,0,0,3,3,0.0,0.0,0.0
68070,1,1,0,15,17,0.0667,0.0667,0.0
85957,0,2,0,31,33,0.0,0.0645,0.0
40594,0,0,2,31,33,0.0,0.0,0.0645
39149,0,1,0,58,59,0.0,0.0172,0.0
91280,0,0,0,2,2,0.0,0.0,0.0
101249,0,0,0,3,3,0.0,0.0,0.0
12764,0,0,0,4,4,0.0,0.0,0.0
50157,0,1,0,8,9,0.0,0.125,0.0
76900,0,0,1,11,12,0.0,0.0,0.0909
8926,0,0,0,8,8,0.0,0.0,0.0
93045,0,0,0,4,4,0.0,0.0,0.0
98047,0,1,0,3,4,0.0,0.3333,0.0
99840,0,1,1,8,10,0.0,0.125,0.125
50295,0,0,0,2,2,0.0,0.0,0.0
2314,0,0,0,1,1,0.0,0.0,0.0
71644,0,0,0,1,1,0.0,0.0,0.0
37573,0,0,0,4,4,0.0,0.0,0.0
95757,0,0,0,1,1,0.0,0.0,0.0
42047,0,0,0,5,5,0.0,0.0,0.0
83064,0,0,0,1,1,0.0,0.0,0.0
100242,0,0,0,6,6,0.0,0.0,0.0
8041,0,0,0,10,10,0.0,0.0,0.0
42559,0,0,0,2,2,0.0,0.0,0.0
12324,0,0,0,4,4,0.0,0.0,0.0
49512,0,0,0,2,2,0.0,0.0,0.0
12010,0,2,0,4,6,0.0,0.5,0.0
86269,0,0,0,1,1,0.0,0.0,0.0
46768,0,0,0,1,1,0.0,0.0,0.0
102478,0,0,0,4,4,0.0,0.0,0.0
81310,0,0,0,3,3,0.0,0.0,0.0
25935,0,0,0,2,2,0.0,0.0,0.0
48978,0,0,0,4,4,0.0,0.0,0.0
42586,0,0,0,1,1,0.0,0.0,0.0
43543,0,0,0,1,1,0.0,0.0,0.0
55691,0,1,0,2,3,0.0,0.5,0.0
33646,0,0,0,1,1,0.0,0.0,0.0
57407,0,0,0,80,80,0.0,0.0,0.0
84845,0,0,0,1,1,0.0,0.0,0.0
34199,0,0,0,2,2,0.0,0.0,0.0
30346,0,0,0,2,2,0.0,0.0,0.0
47817,0,1,0,6,7,0.0,0.1667,0.0
33269,0,0,0,8,8,0.0,0.0,0.0
92103,1,1,1,82,85,0.0122,0.0122,0.0122
86869,1,3,1,42,47,0.0238,0.0714,0.0238
93857,0,0,0,2,2,0.0,0.0,0.0
17310,0,3,0,30,33,0.0,0.1,0.0
1712,0,0,0,2,2,0.0,0.0,0.0
88259,0,1,0,18,19,0.0,0.0556,0.0
53668,0,0,0,6,6,0.0,0.0,0.0
24502,0,0,0,36,36,0.0,0.0,0.0
6625,5,4,3,242,254,0.0207,0.0165,0.0124
12017,0,0,2,6,8,0.0,0.0,0.3333
73811,0,1,1,8,10,0.0,0.125,0.125
87743,0,0,0,3,3,0.0,0.0,0.0
25040,0,3,2,6,11,0.0,0.5,0.3333
54716,1,0,1,6,8,0.1667,0.0,0.1667
80833,1,0,0,2,3,0.5,0.0,0.0
102050,0,0,0,1,1,0.0,0.0,0.0
87391,0,1,0,17,18,0.0,0.0588,0.0
54445,0,2,0,17,19,0.0,0.1176,0.0
22358,0,0,0,1,1,0.0,0.0,0.0
56418,0,0,0,4,4,0.0,0.0,0.0
81808,0,3,0,100,103,0.0,0.03,0.0
91470,0,0,0,3,3,0.0,0.0,0.0
28043,0,1,0,3,4,0.0,0.3333,0.0
47511,2,2,1,110,115,0.0182,0.0182,0.0091
39499,0,1,0,53,54,0.0,0.0189,0.0
19157,1,4,1,43,49,0.0233,0.093,0.0233
8778,0,0,0,9,9,0.0,0.0,0.0
96517,0,0,0,48,48,0.0,0.0,0.0
27360,0,0,0,6,6,0.0,0.0,0.0
28887,0,1,0,25,26,0.0,0.04,0.0
65953,0,0,0,5,5,0.0,0.0,0.0
91608,0,1,1,24,26,0.0,0.0417,0.0417
7547,0,0,0,2,2,0.0,0.0,0.0
55856,0,1,0,19,20,0.0,0.0526,0.0
6796,0,0,0,3,3,0.0,0.0,0.0
28311,0,0,0,5,5,0.0,0.0,0.0
37109,0,0,1,9,10,0.0,0.0,0.1111
48013,0,0,0,1,1,0.0,0.0,0.0
102013,0,0,1,46,47,0.0,0.0,0.0217
21185,0,0,0,21,21,0.0,0.0,0.0
3077,0,0,0,2,2,0.0,0.0,0.0
104181,0,0,0,2,2,0.0,0.0,0.0
99264,0,0,0,1,1,0.0,0.0,0.0
101218,0,0,0,1,1,0.0,0.0,0.0
22892,2,0,0,11,13,0.1818,0.0,0.0
14953,0,0,0,3,3,0.0,0.0,0.0
8149,0,0,0,4,4,0.0,0.0,0.0
13537,0,0,0,1,1,0.0,0.0,0.0
82593,0,0,0,2,2,0.0,0.0,0.0
15552,0,0,0,12,12,0.0,0.0,0.0
40561,0,0,0,1,1,0.0,0.0,0.0
32526,0,0,0,2,2,0.0,0.0,0.0
10139,0,0,0,1,1,0.0,0.0,0.0
97582,0,1,0,3,4,0.0,0.3333,0.0
12557,0,1,0,3,4,0.0,0.3333,0.0
74763,1,0,0,2,3,0.5,0.0,0.0
91234,0,0,0,6,6,0.0,0.0,0.0
21152,0,0,0,2,2,0.0,0.0,0.0
95897,0,3,0,16,19,0.0,0.1875,0.0
93140,0,0,0,5,5,0.0,0.0,0.0
3945,0,0,0,8,8,0.0,0.0,0.0
100333,0,0,0,4,4,0.0,0.0,0.0
88982,0,0,0,7,7,0.0,0.0,0.0
69792,0,0,0,1,1,0.0,0.0,0.0
42618,0,1,0,5,6,0.0,0.2,0.0
58692,0,0,0,8,8,0.0,0.0,0.0
70214,0,0,0,5,5,0.0,0.0,0.0
39380,0,0,0,1,1,0.0,0.0,0.0
39103,0,0,0,4,4,0.0,0.0,0.0
11806,0,0,0,1,1,0.0,0.0,0.0
41049,0,0,0,1,1,0.0,0.0,0.0
72721,0,0,0,1,1,0.0,0.0,0.0
56696,0,0,0,6,6,0.0,0.0,0.0
40548,0,0,0,3,3,0.0,0.0,0.0
62837,0,0,0,2,2,0.0,0.0,0.0
63024,0,0,0,2,2,0.0,0.0,0.0
75537,0,0,0,1,1,0.0,0.0,0.0
51303,0,0,0,2,2,0.0,0.0,0.0
88323,0,0,0,3,3,0.0,0.0,0.0
29984,0,0,0,1,1,0.0,0.0,0.0
85984,0,0,0,2,2,0.0,0.0,0.0
31474,0,0,0,1,1,0.0,0.0,0.0
40524,0,0,0,1,1,0.0,0.0,0.0
42355,0,0,0,8,8,0.0,0.0,0.0
52166,1,1,0,75,77,0.0133,0.0133,0.0
63015,0,0,0,18,18,0.0,0.0,0.0
56947,0,1,0,15,16,0.0,0.0667,0.0
76087,0,1,0,21,22,0.0,0.0476,0.0
44531,0,1,0,3,4,0.0,0.3333,0.0
72608,0,0,0,16,16,0.0,0.0,0.0
62785,2,1,1,38,42,0.0526,0.0263,0.0263
31709,1,0,0,20,21,0.05,0.0,0.0
3237,0,1,0,19,20,0.0,0.0526,0.0
6259,0,0,0,2,2,0.0,0.0,0.0
13548,1,0,0,19,20,0.0526,0.0,0.0
65995,0,0,0,16,16,0.0,0.0,0.0
43940,0,0,1,1,2,0.0,0.0,1.0
26019,0,0,1,13,14,0.0,0.0,0.0769
14756,0,1,1,45,47,0.0,0.0222,0.0222
85716,0,0,1,7,8,0.0,0.0,0.1429
39615,0,0,0,18,18,0.0,0.0,0.0
81826,0,0,0,15,15,0.0,0.0,0.0
39876,0,1,0,9,10,0.0,0.1111,0.0
25561,0,0,0,6,6,0.0,0.0,0.0
98968,0,0,0,2,2,0.0,0.0,0.0
25584,0,0,0,2,2,0.0,0.0,0.0
43395,0,0,1,34,35,0.0,0.0,0.0294
22719,0,1,1,73,75,0.0,0.0137,0.0137
79018,0,1,0,7,8,0.0,0.1429,0.0
44360,0,0,0,2,2,0.0,0.0,0.0
6586,0,0,0,16,16,0.0,0.0,0.0
72770,0,0,0,10,10,0.0,0.0,0.0
63678,0,0,0,1,1,0.0,0.0,0.0
56036,0,0,0,1,1,0.0,0.0,0.0
41598,0,2,0,1,3,0.0,2.0,0.0
9535,0,1,0,17,18,0.0,0.0588,0.0
53292,0,0,0,1,1,0.0,0.0,0.0
33540,0,0,0,2,2,0.0,0.0,0.0
92878,0,0,0,1,1,0.0,0.0,0.0
58910,0,0,0,4,4,0.0,0.0,0.0
20111,0,0,0,2,2,0.0,0.0,0.0
84117,0,0,0,1,1,0.0,0.0,0.0
96797,0,0,0,1,1,0.0,0.0,0.0
83748,0,0,0,1,1,0.0,0.0,0.0
60969,0,0,0,2,2,0.0,0.0,0.0
25554,0,2,0,3,5,0.0,0.6667,0.0
66688,0,0,0,1,1,0.0,0.0,0.0
22891,0,0,0,3,3,0.0,0.0,0.0
84875,0,0,0,5,5,0.0,0.0,0.0
65521,0,0,0,1,1,0.0,0.0,0.0
2098,0,0,0,1,1,0.0,0.0,0.0
12810,0,0,0,3,3,0.0,0.0,0.0
74408,0,5,4,102,111,0.0,0.049,0.0392
97130,0,0,0,2,2,0.0,0.0,0.0
85661,2,5,3,131,141,0.0153,0.0382,0.0229
40842,0,5,2,102,109,0.0,0.049,0.0196
55339,1,4,3,141,149,0.0071,0.0284,0.0213
28821,0,0,1,21,22,0.0,0.0,0.0476
55208,0,0,0,2,2,0.0,0.0,0.0
80961,0,0,0,7,7,0.0,0.0,0.0
8227,1,0,2,30,33,0.0333,0.0,0.0667
55941,0,0,0,5,5,0.0,0.0,0.0
43415,0,0,0,2,2,0.0,0.0,0.0
13962,1,0,0,7,8,0.1429,0.0,0.0
67703,0,0,0,70,70,0.0,0.0,0.0
76080,1,2,0,75,78,0.0133,0.0267,0.0
6783,0,0,0,6,6,0.0,0.0,0.0
102498,0,0,4,63,67,0.0,0.0,0.0635
7010,0,0,0,13,13,0.0,0.0,0.0
58786,0,0,0,3,3,0.0,0.0,0.0
29740,0,0,0,2,2,0.0,0.0,0.0
2491,0,0,3,27,30,0.0,0.0,0.1111
17181,5,15,2,296,318,0.0169,0.0507,0.0068
19668,0,1,0,6,7,0.0,0.1667,0.0
100770,0,0,0,14,14,0.0,0.0,0.0
66295,0,0,0,17,17,0.0,0.0,0.0
26508,0,1,0,6,7,0.0,0.1667,0.0
86634,0,0,0,2,2,0.0,0.0,0.0
38839,0,1,0,19,20,0.0,0.0526,0.0
45389,0,0,0,6,6,0.0,0.0,0.0
87992,1,0,0,10,11,0.1,0.0,0.0
53324,3,1,0,22,26,0.1364,0.0455,0.0
78284,0,0,0,4,4,0.0,0.0,0.0
46511,0,0,0,2,2,0.0,0.0,0.0
36498,0,0,0,14,14,0.0,0.0,0.0
80039,4,2,2,93,101,0.043,0.0215,0.0215
63919,0,0,0,1,1,0.0,0.0,0.0
87804,0,0,0,2,2,0.0,0.0,0.0
27516,1,0,0,3,4,0.3333,0.0,0.0
75727,1,2,0,92,95,0.0109,0.0217,0.0
19386,0,0,0,16,16,0.0,0.0,0.0
60931,0,0,0,9,9,0.0,0.0,0.0
77429,0,0,0,4,4,0.0,0.0,0.0
69528,0,0,0,6,6,0.0,0.0,0.0
15712,0,0,0,2,2,0.0,0.0,0.0
85854,0,0,0,2,2,0.0,0.0,0.0
30580,0,0,0,6,6,0.0,0.0,0.0
49916,0,0,0,1,1,0.0,0.0,0.0
31977,0,0,0,36,36,0.0,0.0,0.0
90831,0,0,0,13,13,0.0,0.0,0.0
77416,0,2,2,30,34,0.0,0.0667,0.0667
85035,0,0,0,1,1,0.0,0.0,0.0
69375,0,0,0,3,3,0.0,0.0,0.0
77074,0,0,0,2,2,0.0,0.0,0.0
40947,0,0,0,1,1,0.0,0.0,0.0
68458,0,0,0,17,17,0.0,0.0,0.0
70512,0,0,0,4,4,0.0,0.0,0.0
102643,0,2,1,9,12,0.0,0.2222,0.1111
9952,0,0,0,1,1,0.0,0.0,0.0
1282,0,0,0,36,36,0.0,0.0,0.0
38396,0,0,0,3,3,0.0,0.0,0.0
18276,0,0,0,4,4,0.0,0.0,0.0
103644,0,0,2,103,105,0.0,0.0,0.0194
95535,0,1,0,2,3,0.0,0.5,0.0
27569,0,1,0,9,10,0.0,0.1111,0.0
88325,0,0,0,8,8,0.0,0.0,0.0
64109,0,0,0,3,3,0.0,0.0,0.0
3311,0,0,0,2,2,0.0,0.0,0.0
74901,0,0,0,3,3,0.0,0.0,0.0
29344,0,0,0,1,1,0.0,0.0,0.0
88584,0,0,0,1,1,0.0,0.0,0.0
63803,0,0,0,4,4,0.0,0.0,0.0
60589,0,0,0,1,1,0.0,0.0,0.0
34544,0,0,0,3,3,0.0,0.0,0.0
60516,0,0,0,1,1,0.0,0.0,0.0
44473,0,0,0,1,1,0.0,0.0,0.0
86094,0,0,0,2,2,0.0,0.0,0.0
630,0,0,0,3,3,0.0,0.0,0.0
75181,0,0,0,18,18,0.0,0.0,0.0
53763,0,2,2,60,64,0.0,0.0333,0.0333
91222,0,2,3,184,189,0.0,0.0109,0.0163
67362,0,1,0,4,5,0.0,0.25,0.0
59909,0,0,0,13,13,0.0,0.0,0.0
50989,0,0,0,6,6,0.0,0.0,0.0
18287,0,0,0,3,3,0.0,0.0,0.0
91948,0,3,3,52,58,0.0,0.0577,0.0577
73765,0,0,0,4,4,0.0,0.0,0.0
55535,0,0,0,6,6,0.0,0.0,0.0
43571,0,0,0,2,2,0.0,0.0,0.0
17649,0,0,1,2,3,0.0,0.0,0.5
42629,0,0,0,15,15,0.0,0.0,0.0
47562,0,0,1,96,97,0.0,0.0,0.0104
34072,0,3,0,11,14,0.0,0.2727,0.0
86132,0,4,2,38,44,0.0,0.1053,0.0526
52383,0,0,0,25,25,0.0,0.0,0.0
20297,0,0,0,5,5,0.0,0.0,0.0
53719,0,0,0,3,3,0.0,0.0,0.0
29532,0,1,0,38,39,0.0,0.0263,0.0
88526,0,0,1,6,7,0.0,0.0,0.1667
28278,0,0,0,2,2,0.0,0.0,0.0
17352,0,0,1,13,14,0.0,0.0,0.0769
63959,0,0,0,11,11,0.0,0.0,0.0
83266,0,0,0,16,16,0.0,0.0,0.0
27040,0,0,0,8,8,0.0,0.0,0.0
57376,0,0,1,6,7,0.0,0.0,0.1667
29767,0,0,0,11,11,0.0,0.0,0.0
9881,0,0,0,8,8,0.0,0.0,0.0
98466,0,0,0,9,9,0.0,0.0,0.0
23508,0,0,0,4,4,0.0,0.0,0.0
12294,0,0,1,16,17,0.0,0.0,0.0625
29221,0,0,0,2,2,0.0,0.0,0.0
28624,0,0,0,3,3,0.0,0.0,0.0
56809,0,0,0,10,10,0.0,0.0,0.0
36229,1,0,1,39,41,0.0256,0.0,0.0256
14858,0,0,0,4,4,0.0,0.0,0.0
60705,0,1,0,1,2,0.0,1.0,0.0
57353,0,0,0,11,11,0.0,0.0,0.0
31970,0,0,0,7,7,0.0,0.0,0.0
75839,0,0,0,2,2,0.0,0.0,0.0
1668,0,0,0,5,5,0.0,0.0,0.0
94431,0,0,0,5,5,0.0,0.0,0.0
56666,0,0,0,2,2,0.0,0.0,0.0
48578,0,0,1,2,3,0.0,0.0,0.5
68881,0,0,0,12,12,0.0,0.0,0.0
457,0,1,0,9,10,0.0,0.1111,0.0
47396,0,0,0,15,15,0.0,0.0,0.0
78112,0,0,0,1,1,0.0,0.0,0.0
101492,0,0,0,1,1,0.0,0.0,0.0
640,0,0,0,1,1,0.0,0.0,0.0
5483,0,0,0,1,1,0.0,0.0,0.0
88245,0,0,0,14,14,0.0,0.0,0.0
43011,0,0,0,3,3,0.0,0.0,0.0
98069,0,0,0,5,5,0.0,0.0,0.0
10314,0,0,0,1,1,0.0,0.0,0.0
31522,0,1,0,20,21,0.0,0.05,0.0
12977,0,0,0,19,19,0.0,0.0,0.0
15487,0,0,0,1,1,0.0,0.0,0.0
52959,0,0,0,1,1,0.0,0.0,0.0
40611,0,6,0,4,10,0.0,1.5,0.0
81818,0,0,0,4,4,0.0,0.0,0.0
30818,0,0,0,1,1,0.0,0.0,0.0
59614,0,0,0,2,2,0.0,0.0,0.0
66855,0,0,0,1,1,0.0,0.0,0.0
43073,0,0,0,6,6,0.0,0.0,0.0
82697,0,0,0,1,1,0.0,0.0,0.0
61054,0,0,0,4,4,0.0,0.0,0.0
12642,0,0,0,3,3,0.0,0.0,0.0
59102,0,1,0,22,23,0.0,0.0455,0.0
20983,0,2,0,59,61,0.0,0.0339,0.0
59470,0,0,0,2,2,0.0,0.0,0.0
23330,0,0,0,3,3,0.0,0.0,0.0
42728,1,0,0,19,20,0.0526,0.0,0.0
92075,0,0,1,8,9,0.0,0.0,0.125
64607,1,2,1,16,20,0.0625,0.125,0.0625
55456,0,1,0,37,38,0.0,0.027,0.0
63746,2,1,0,29,32,0.069,0.0345,0.0
38814,0,0,0,23,23,0.0,0.0,0.0
36121,0,0,0,18,18,0.0,0.0,0.0
85135,0,0,0,27,27,0.0,0.0,0.0
21821,1,0,0,23,24,0.0435,0.0,0.0
55737,0,0,0,37,37,0.0,0.0,0.0
94459,0,0,0,17,17,0.0,0.0,0.0
10577,0,0,0,21,21,0.0,0.0,0.0
29199,0,1,0,11,12,0.0,0.0909,0.0
899,0,0,0,1,1,0.0,0.0,0.0
25483,0,3,0,13,16,0.0,0.2308,0.0
37235,3,1,3,62,69,0.0484,0.0161,0.0484
81008,0,0,0,12,12,0.0,0.0,0.0
96373,0,0,0,5,5,0.0,0.0,0.0
41308,4,3,0,49,56,0.0816,0.0612,0.0
13503,0,0,1,1,2,0.0,0.0,1.0
78889,0,0,0,8,8,0.0,0.0,0.0
93660,0,0,0,23,23,0.0,0.0,0.0
6791,0,0,1,32,33,0.0,0.0,0.0313
53783,0,0,3,26,29,0.0,0.0,0.1154
151,0,0,1,3,4,0.0,0.0,0.3333
41681,0,0,1,16,17,0.0,0.0,0.0625
40453,0,0,0,1,1,0.0,0.0,0.0
46930,0,2,0,57,59,0.0,0.0351,0.0
99648,0,1,2,168,171,0.0,0.006,0.0119
65703,0,2,0,98,100,0.0,0.0204,0.0
86807,2,6,2,284,294,0.007,0.0211,0.007
35012,0,0,0,1,1,0.0,0.0,0.0
13550,0,0,0,3,3,0.0,0.0,0.0
16293,0,0,0,6,6,0.0,0.0,0.0
48970,2,0,0,42,44,0.0476,0.0,0.0
39326,0,0,0,4,4,0.0,0.0,0.0
52525,0,1,0,11,12,0.0,0.0909,0.0
18069,0,0,0,3,3,0.0,0.0,0.0
78126,0,0,0,1,1,0.0,0.0,0.0
20392,0,0,0,3,3,0.0,0.0,0.0
44257,0,0,0,8,8,0.0,0.0,0.0
37555,0,0,0,2,2,0.0,0.0,0.0
70728,0,0,0,2,2,0.0,0.0,0.0
94094,0,0,0,11,11,0.0,0.0,0.0
11055,0,0,0,1,1,0.0,0.0,0.0
66945,0,1,1,20,22,0.0,0.05,0.05
64462,0,0,0,1,1,0.0,0.0,0.0
79372,0,0,0,2,2,0.0,0.0,0.0
47128,0,0,0,1,1,0.0,0.0,0.0
59920,0,0,0,2,2,0.0,0.0,0.0
99437,0,0,0,5,5,0.0,0.0,0.0
71447,0,0,0,3,3,0.0,0.0,0.0
51843,0,0,1,4,5,0.0,0.0,0.25
27707,0,0,0,1,1,0.0,0.0,0.0
55483,0,1,0,6,7,0.0,0.1667,0.0
71135,2,0,0,21,23,0.0952,0.0,0.0
37635,0,0,0,1,1,0.0,0.0,0.0
65747,0,0,0,2,2,0.0,0.0,0.0
58151,0,0,0,1,1,0.0,0.0,0.0
53747,0,0,0,2,2,0.0,0.0,0.0
30042,0,0,0,1,1,0.0,0.0,0.0
17597,0,0,0,1,1,0.0,0.0,0.0
11726,0,0,0,1,1,0.0,0.0,0.0
90913,0,0,0,2,2,0.0,0.0,0.0
65462,0,0,0,18,18,0.0,0.0,0.0
86824,0,0,0,1,1,0.0,0.0,0.0
32989,0,0,0,4,4,0.0,0.0,0.0
38841,0,0,0,1,1,0.0,0.0,0.0
35468,0,0,1,12,13,0.0,0.0,0.0833
37279,0,0,0,1,1,0.0,0.0,0.0
25703,0,0,0,5,5,0.0,0.0,0.0
69144,2,4,2,241,249,0.0083,0.0166,0.0083
36670,0,0,1,8,9,0.0,0.0,0.125
93652,0,0,1,4,5,0.0,0.0,0.25
43882,2,0,0,46,48,0.0435,0.0,0.0
89766,0,0,0,8,8,0.0,0.0,0.0
72305,0,2,0,14,16,0.0,0.1429,0.0
60843,5,0,0,117,122,0.0427,0.0,0.0
13692,0,0,0,7,7,0.0,0.0,0.0
52516,0,0,1,8,9,0.0,0.0,0.125
16940,0,0,0,17,17,0.0,0.0,0.0
85757,0,0,0,9,9,0.0,0.0,0.0
56623,0,0,0,7,7,0.0,0.0,0.0
73712,0,0,0,11,11,0.0,0.0,0.0
54099,0,0,1,46,47,0.0,0.0,0.0217
953,1,2,2,167,172,0.006,0.012,0.012
36486,0,0,0,13,13,0.0,0.0,0.0
66172,0,0,0,2,2,0.0,0.0,0.0
39560,0,1,0,31,32,0.0,0.0323,0.0
30768,0,0,1,23,24,0.0,0.0,0.0435
13055,2,2,1,23,28,0.087,0.087,0.0435
47150,0,1,1,73,75,0.0,0.0137,0.0137
50496,0,0,0,3,3,0.0,0.0,0.0
32753,0,1,1,13,15,0.0,0.0769,0.0769
67705,0,0,1,12,13,0.0,0.0,0.0833
92575,2,0,1,113,116,0.0177,0.0,0.0088
74106,0,0,0,27,27,0.0,0.0,0.0
70622,0,0,0,9,9,0.0,0.0,0.0
32966,0,0,1,29,30,0.0,0.0,0.0345
55922,1,0,1,56,58,0.0179,0.0,0.0179
6736,0,0,0,12,12,0.0,0.0,0.0
63548,0,0,0,2,2,0.0,0.0,0.0
68542,2,0,1,82,85,0.0244,0.0,0.0122
69259,2,0,0,16,18,0.125,0.0,0.0
103207,0,0,0,30,30,0.0,0.0,0.0
20869,0,0,0,1,1,0.0,0.0,0.0
62720,0,0,0,8,8,0.0,0.0,0.0
55358,0,0,0,11,11,0.0,0.0,0.0
60030,0,0,0,6,6,0.0,0.0,0.0
38869,0,1,0,19,20,0.0,0.0526,0.0
81092,0,0,0,3,3,0.0,0.0,0.0
54168,0,0,0,2,2,0.0,0.0,0.0
80205,0,0,0,1,1,0.0,0.0,0.0
34840,0,0,0,5,5,0.0,0.0,0.0
90137,0,0,0,1,1,0.0,0.0,0.0
22744,0,0,0,3,3,0.0,0.0,0.0
102807,0,0,1,2,3,0.0,0.0,0.5
5747,0,0,0,5,5,0.0,0.0,0.0
69804,0,0,0,6,6,0.0,0.0,0.0
58424,0,0,0,2,2,0.0,0.0,0.0
20988,0,0,0,3,3,0.0,0.0,0.0
34020,0,0,0,8,8,0.0,0.0,0.0
25613,0,1,0,3,4,0.0,0.3333,0.0
11236,2,0,0,21,23,0.0952,0.0,0.0
27062,0,0,0,1,1,0.0,0.0,0.0
73700,2,0,0,3,5,0.6667,0.0,0.0
61498,0,0,1,14,15,0.0,0.0,0.0714
45760,0,0,0,4,4,0.0,0.0,0.0
2503,0,0,0,39,39,0.0,0.0,0.0
81135,2,3,0,159,164,0.0126,0.0189,0.0
42195,0,0,0,8,8,0.0,0.0,0.0
28755,7,6,0,47,60,0.1489,0.1277,0.0
100827,0,1,2,38,41,0.0,0.0263,0.0526
89802,1,0,0,6,7,0.1667,0.0,0.0
90888,0,0,0,3,3,0.0,0.0,0.0
7413,0,0,0,1,1,0.0,0.0,0.0
64080,0,0,1,3,4,0.0,0.0,0.3333
56952,0,0,0,7,7,0.0,0.0,0.0
35923,0,0,0,3,3,0.0,0.0,0.0
64163,0,0,0,1,1,0.0,0.0,0.0
96414,0,0,0,16,16,0.0,0.0,0.0
55349,1,0,1,15,17,0.0667,0.0,0.0667
94032,0,8,6,170,184,0.0,0.0471,0.0353
71067,0,0,0,7,7,0.0,0.0,0.0
79943,0,0,0,7,7,0.0,0.0,0.0
54047,1,2,2,92,97,0.0109,0.0217,0.0217
24712,4,0,0,95,99,0.0421,0.0,0.0
14358,2,0,0,26,28,0.0769,0.0,0.0
55727,0,7,4,54,65,0.0,0.1296,0.0741
16307,3,3,0,24,30,0.125,0.125,0.0
3041,0,0,0,1,1,0.0,0.0,0.0
11337,3,4,0,104,111,0.0288,0.0385,0.0
81473,0,0,1,19,20,0.0,0.0,0.0526
13764,0,0,0,14,14,0.0,0.0,0.0
14309,0,1,0,21,22,0.0,0.0476,0.0
17695,0,0,0,5,5,0.0,0.0,0.0
83096,3,2,3,159,167,0.0189,0.0126,0.0189
59875,0,0,0,2,2,0.0,0.0,0.0
71515,0,0,0,1,1,0.0,0.0,0.0
104150,1,2,0,47,50,0.0213,0.0426,0.0
27968,0,0,0,14,14,0.0,0.0,0.0
60578,0,0,0,5,5,0.0,0.0,0.0
7126,0,0,0,10,10,0.0,0.0,0.0
72260,0,0,0,3,3,0.0,0.0,0.0
4287,0,0,0,4,4,0.0,0.0,0.0
69906,0,0,0,4,4,0.0,0.0,0.0
66581,0,0,0,1,1,0.0,0.0,0.0
56239,0,1,0,7,8,0.0,0.1429,0.0
50912,0,0,0,1,1,0.0,0.0,0.0
57532,0,0,0,1,1,0.0,0.0,0.0
26880,0,0,0,1,1,0.0,0.0,0.0
35690,0,0,0,4,4,0.0,0.0,0.0
76140,0,0,1,7,8,0.0,0.0,0.1429
81747,0,0,0,5,5,0.0,0.0,0.0
49186,0,0,0,2,2,0.0,0.0,0.0
69285,1,0,0,14,15,0.0714,0.0,0.0
18928,0,0,1,2,3,0.0,0.0,0.5
95762,0,0,0,30,30,0.0,0.0,0.0
31488,1,0,0,0,1,0.0,0.0,0.0
25758,0,0,0,2,2,0.0,0.0,0.0
68474,0,0,0,3,3,0.0,0.0,0.0
101212,0,0,0,2,2,0.0,0.0,0.0
59399,0,0,0,5,5,0.0,0.0,0.0
16983,0,0,0,5,5,0.0,0.0,0.0
80536,0,0,0,1,1,0.0,0.0,0.0
5928,0,0,0,1,1,0.0,0.0,0.0
38188,0,0,0,1,1,0.0,0.0,0.0
46998,0,0,0,5,5,0.0,0.0,0.0
55731,0,2,0,11,13,0.0,0.1818,0.0
74103,0,0,1,1,2,0.0,0.0,1.0
74751,0,0,0,5,5,0.0,0.0,0.0
42429,0,0,1,2,3,0.0,0.0,0.5
35276,0,1,0,4,5,0.0,0.25,0.0
37926,0,0,0,1,1,0.0,0.0,0.0
35434,0,0,0,1,1,0.0,0.0,0.0
69858,0,1,1,80,82,0.0,0.0125,0.0125
80428,2,3,0,147,152,0.0136,0.0204,0.0
18702,0,0,1,62,63,0.0,0.0,0.0161
18142,0,1,3,29,33,0.0,0.0345,0.1034
55574,1,1,0,17,19,0.0588,0.0588,0.0
57214,0,3,0,27,30,0.0,0.1111,0.0
46924,0,0,0,24,24,0.0,0.0,0.0
69651,6,8,13,676,703,0.0089,0.0118,0.0192
23964,0,3,2,76,81,0.0,0.0395,0.0263
50588,0,1,0,11,12,0.0,0.0909,0.0
101819,0,0,0,9,9,0.0,0.0,0.0
31554,0,0,0,22,22,0.0,0.0,0.0
67948,0,0,0,3,3,0.0,0.0,0.0
61459,1,0,5,100,106,0.01,0.0,0.05
20454,0,0,1,95,96,0.0,0.0,0.0105
45589,0,0,0,4,4,0.0,0.0,0.0
98899,0,0,0,5,5,0.0,0.0,0.0
79469,0,0,0,1,1,0.0,0.0,0.0
53314,0,0,0,3,3,0.0,0.0,0.0
21046,0,0,0,10,10,0.0,0.0,0.0
36767,0,0,0,3,3,0.0,0.0,0.0
37569,2,0,2,18,22,0.1111,0.0,0.1111
89306,0,0,1,41,42,0.0,0.0,0.0244
34917,0,0,0,1,1,0.0,0.0,0.0
57471,0,2,1,50,53,0.0,0.04,0.02
19169,0,0,0,4,4,0.0,0.0,0.0
77392,0,2,0,18,20,0.0,0.1111,0.0
15525,0,0,0,4,4,0.0,0.0,0.0
81623,0,0,0,16,16,0.0,0.0,0.0
61843,0,0,0,11,11,0.0,0.0,0.0
77279,0,0,0,5,5,0.0,0.0,0.0
46945,0,0,1,10,11,0.0,0.0,0.1
61775,0,0,0,4,4,0.0,0.0,0.0
940,0,0,0,1,1,0.0,0.0,0.0
25413,0,0,0,10,10,0.0,0.0,0.0
103749,0,0,1,21,22,0.0,0.0,0.0476
16249,0,0,0,1,1,0.0,0.0,0.0
52596,0,0,0,4,4,0.0,0.0,0.0
30947,1,2,0,18,21,0.0556,0.1111,0.0
17942,0,0,0,2,2,0.0,0.0,0.0
51533,0,0,0,1,1,0.0,0.0,0.0
65246,0,0,0,14,14,0.0,0.0,0.0
96645,0,0,0,7,7,0.0,0.0,0.0
26748,0,0,0,2,2,0.0,0.0,0.0
43067,0,0,1,7,8,0.0,0.0,0.1429
73649,0,0,0,1,1,0.0,0.0,0.0
23795,0,0,0,6,6,0.0,0.0,0.0
11009,0,0,0,1,1,0.0,0.0,0.0
92732,0,0,0,1,1,0.0,0.0,0.0
88669,0,0,0,13,13,0.0,0.0,0.0
1726,0,0,0,10,10,0.0,0.0,0.0
74192,0,0,0,2,2,0.0,0.0,0.0
91117,0,0,0,1,1,0.0,0.0,0.0
10971,0,0,0,1,1,0.0,0.0,0.0
87076,0,0,0,2,2,0.0,0.0,0.0
35464,0,0,0,2,2,0.0,0.0,0.0
13891,0,0,0,1,1,0.0,0.0,0.0
83431,0,0,0,1,1,0.0,0.0,0.0
76444,0,0,0,1,1,0.0,0.0,0.0
84347,0,0,0,1,1,0.0,0.0,0.0
92948,0,0,0,1,1,0.0,0.0,0.0
52336,0,0,1,2,3,0.0,0.0,0.5
3019,1,0,0,6,7,0.1667,0.0,0.0
77050,0,0,0,5,5,0.0,0.0,0.0
82983,0,1,0,16,17,0.0,0.0625,0.0
82365,2,0,0,35,37,0.0571,0.0,0.0
94273,0,0,1,33,34,0.0,0.0,0.0303
64157,0,1,0,10,11,0.0,0.1,0.0
46016,0,1,0,2,3,0.0,0.5,0.0
64977,0,0,0,5,5,0.0,0.0,0.0
92950,4,1,0,82,87,0.0488,0.0122,0.0
5528,0,1,0,8,9,0.0,0.125,0.0
99256,0,0,0,29,29,0.0,0.0,0.0
99889,0,0,0,7,7,0.0,0.0,0.0
80499,0,2,0,25,27,0.0,0.08,0.0
58383,0,2,0,6,8,0.0,0.3333,0.0
77936,0,0,0,1,1,0.0,0.0,0.0
64620,5,4,1,100,110,0.05,0.04,0.01
51354,0,0,0,2,2,0.0,0.0,0.0
23918,0,0,0,2,2,0.0,0.0,0.0
23678,0,0,1,41,42,0.0,0.0,0.0244
27589,0,0,2,38,40,0.0,0.0,0.0526
23710,0,0,0,1,1,0.0,0.0,0.0
57340,2,0,0,10,12,0.2,0.0,0.0
55344,0,1,0,55,56,0.0,0.0182,0.0
56669,0,0,0,5,5,0.0,0.0,0.0
78246,0,0,0,5,5,0.0,0.0,0.0
1686,0,1,0,12,13,0.0,0.0833,0.0
80154,0,0,0,24,24,0.0,0.0,0.0
62756,0,0,0,9,9,0.0,0.0,0.0
89590,0,0,0,6,6,0.0,0.0,0.0
84546,0,0,0,45,45,0.0,0.0,0.0
70317,0,0,0,2,2,0.0,0.0,0.0
3879,1,1,1,74,77,0.0135,0.0135,0.0135
73142,0,0,0,7,7,0.0,0.0,0.0
15754,0,0,0,1,1,0.0,0.0,0.0
102966,0,0,2,44,46,0.0,0.0,0.0455
50037,0,1,0,75,76,0.0,0.0133,0.0
84410,0,0,0,12,12,0.0,0.0,0.0
26482,0,0,1,17,18,0.0,0.0,0.0588
70345,0,0,0,6,6,0.0,0.0,0.0
97482,0,0,0,2,2,0.0,0.0,0.0
62267,0,0,0,8,8,0.0,0.0,0.0
53398,0,1,1,65,67,0.0,0.0154,0.0154
99492,0,0,0,4,4,0.0,0.0,0.0
77733,0,0,0,22,22,0.0,0.0,0.0
6121,0,0,0,7,7,0.0,0.0,0.0
54976,0,0,0,1,1,0.0,0.0,0.0
97637,0,0,0,7,7,0.0,0.0,0.0
46001,0,0,0,1,1,0.0,0.0,0.0
5952,0,0,0,3,3,0.0,0.0,0.0
68595,0,0,0,4,4,0.0,0.0,0.0
20522,0,0,0,1,1,0.0,0.0,0.0
65548,0,0,0,10,10,0.0,0.0,0.0
23431,0,0,0,1,1,0.0,0.0,0.0
97351,0,1,0,10,11,0.0,0.1,0.0
11003,0,0,0,1,1,0.0,0.0,0.0
43348,0,0,0,1,1,0.0,0.0,0.0
94029,0,0,1,19,20,0.0,0.0,0.0526
49578,0,0,0,2,2,0.0,0.0,0.0
87289,0,1,0,20,21,0.0,0.05,0.0
40726,0,0,0,4,4,0.0,0.0,0.0
29423,0,0,0,10,10,0.0,0.0,0.0
86247,0,0,0,1,1,0.0,0.0,0.0
57260,0,0,0,2,2,0.0,0.0,0.0
86535,0,0,0,16,16,0.0,0.0,0.0
46428,0,0,0,10,10,0.0,0.0,0.0
90956,0,0,0,5,5,0.0,0.0,0.0
70087,0,0,0,1,1,0.0,0.0,0.0
74326,0,0,0,5,5,0.0,0.0,0.0
74513,0,0,0,1,1,0.0,0.0,0.0
39603,0,0,0,3,3,0.0,0.0,0.0
1854,0,0,0,2,2,0.0,0.0,0.0
12209,0,0,0,1,1,0.0,0.0,0.0
72409,0,0,0,18,18,0.0,0.0,0.0
92006,0,0,0,2,2,0.0,0.0,0.0
36320,0,0,0,1,1,0.0,0.0,0.0
53818,0,0,0,7,7,0.0,0.0,0.0
81004,0,0,0,1,1,0.0,0.0,0.0
103076,1,0,0,1,2,1.0,0.0,0.0
72976,0,0,0,3,3,0.0,0.0,0.0
94419,0,0,0,1,1,0.0,0.0,0.0
77297,0,0,0,2,2,0.0,0.0,0.0
32865,0,0,0,1,1,0.0,0.0,0.0
47085,0,0,0,1,1,0.0,0.0,0.0
28230,0,0,0,6,6,0.0,0.0,0.0
31515,0,0,0,2,2,0.0,0.0,0.0
12623,0,0,0,2,2,0.0,0.0,0.0
16632,0,0,0,1,1,0.0,0.0,0.0
17234,0,0,0,25,25,0.0,0.0,0.0
88761,0,0,0,4,4,0.0,0.0,0.0
37035,0,0,0,50,50,0.0,0.0,0.0
97244,0,0,0,29,29,0.0,0.0,0.0
19982,0,0,0,1,1,0.0,0.0,0.0
97612,0,0,3,23,26,0.0,0.0,0.1304
54627,0,0,0,12,12,0.0,0.0,0.0
31587,0,0,0,1,1,0.0,0.0,0.0
104216,0,1,0,3,4,0.0,0.3333,0.0
4942,0,1,0,14,15,0.0,0.0714,0.0
3559,0,0,0,2,2,0.0,0.0,0.0
20564,0,0,0,1,1,0.0,0.0,0.0
52943,0,0,1,8,9,0.0,0.0,0.125
17766,0,0,0,13,13,0.0,0.0,0.0
2390,0,0,0,1,1,0.0,0.0,0.0
74677,0,0,0,2,2,0.0,0.0,0.0
23182,0,0,0,8,8,0.0,0.0,0.0
76037,0,0,0,6,6,0.0,0.0,0.0
67262,0,0,0,2,2,0.0,0.0,0.0
68425,0,0,0,12,12,0.0,0.0,0.0
85534,0,0,0,55,55,0.0,0.0,0.0
68695,0,0,0,6,6,0.0,0.0,0.0
48637,0,2,1,57,60,0.0,0.0351,0.0175
10221,0,0,0,5,5,0.0,0.0,0.0
35797,0,0,0,7,7,0.0,0.0,0.0
42973,0,0,0,2,2,0.0,0.0,0.0
11913,0,0,0,2,2,0.0,0.0,0.0
26507,0,0,1,31,32,0.0,0.0,0.0323
12721,0,0,0,2,2,0.0,0.0,0.0
92384,0,0,0,2,2,0.0,0.0,0.0
64278,0,0,0,5,5,0.0,0.0,0.0
53743,0,0,0,4,4,0.0,0.0,0.0
101180,0,0,1,3,4,0.0,0.0,0.3333
68223,0,0,1,3,4,0.0,0.0,0.3333
82989,0,0,0,1,1,0.0,0.0,0.0
89290,0,0,0,1,1,0.0,0.0,0.0
33053,0,0,0,1,1,0.0,0.0,0.0
17921,0,0,0,6,6,0.0,0.0,0.0
19469,0,0,0,1,1,0.0,0.0,0.0
83043,1,1,1,9,12,0.1111,0.1111,0.1111
28600,0,0,0,1,1,0.0,0.0,0.0
34472,0,0,0,4,4,0.0,0.0,0.0
67418,0,0,0,2,2,0.0,0.0,0.0
20273,0,0,0,1,1,0.0,0.0,0.0
62286,0,0,0,1,1,0.0,0.0,0.0
95782,0,0,0,5,5,0.0,0.0,0.0
16896,1,0,0,8,9,0.125,0.0,0.0
56953,0,0,0,1,1,0.0,0.0,0.0
20169,1,1,1,15,18,0.0667,0.0667,0.0667
8357,0,0,0,1,1,0.0,0.0,0.0
57411,0,0,0,1,1,0.0,0.0,0.0
45132,0,0,2,26,28,0.0,0.0,0.0769
29509,0,2,0,24,26,0.0,0.0833,0.0
15284,0,0,0,2,2,0.0,0.0,0.0
92749,4,12,0,297,313,0.0135,0.0404,0.0
76730,0,0,2,4,6,0.0,0.0,0.5
32243,0,0,0,5,5,0.0,0.0,0.0
47462,0,1,0,26,27,0.0,0.0385,0.0
45692,0,3,0,37,40,0.0,0.0811,0.0
37054,0,0,0,10,10,0.0,0.0,0.0
67430,0,0,0,5,5,0.0,0.0,0.0
40145,0,0,0,11,11,0.0,0.0,0.0
45351,1,0,0,35,36,0.0286,0.0,0.0
39909,0,1,1,15,17,0.0,0.0667,0.0667
50398,0,3,0,36,39,0.0,0.0833,0.0
66719,0,2,0,32,34,0.0,0.0625,0.0
91101,0,0,0,2,2,0.0,0.0,0.0
57266,1,1,0,45,47,0.0222,0.0222,0.0
70171,0,0,0,9,9,0.0,0.0,0.0
25894,0,3,0,75,78,0.0,0.04,0.0
76004,0,0,0,1,1,0.0,0.0,0.0
101115,0,0,0,27,27,0.0,0.0,0.0
75826,0,0,0,5,5,0.0,0.0,0.0
57365,0,0,1,4,5,0.0,0.0,0.25
104026,0,0,0,18,18,0.0,0.0,0.0
63903,0,0,0,13,13,0.0,0.0,0.0
18587,0,0,0,5,5,0.0,0.0,0.0
84749,0,0,0,4,4,0.0,0.0,0.0
84729,0,1,0,12,13,0.0,0.0833,0.0
28268,0,0,0,3,3,0.0,0.0,0.0
28771,0,1,0,2,3,0.0,0.5,0.0
61194,1,0,0,9,10,0.1111,0.0,0.0
41052,0,0,0,2,2,0.0,0.0,0.0
83504,0,0,0,5,5,0.0,0.0,0.0
47820,0,0,0,4,4,0.0,0.0,0.0
57997,0,0,0,9,9,0.0,0.0,0.0
49412,0,0,0,47,47,0.0,0.0,0.0
80739,0,1,0,12,13,0.0,0.0833,0.0
64600,0,0,0,5,5,0.0,0.0,0.0
76878,0,0,1,22,23,0.0,0.0,0.0455
57220,1,2,0,62,65,0.0161,0.0323,0.0
1196,0,0,0,1,1,0.0,0.0,0.0
76910,0,0,0,12,12,0.0,0.0,0.0
99377,0,0,0,5,5,0.0,0.0,0.0
72660,0,0,0,1,1,0.0,0.0,0.0
97933,0,0,0,1,1,0.0,0.0,0.0
65652,0,0,0,3,3,0.0,0.0,0.0
13578,0,0,0,3,3,0.0,0.0,0.0
103819,0,0,0,5,5,0.0,0.0,0.0
38588,0,0,0,2,2,0.0,0.0,0.0
71595,1,0,0,36,37,0.0278,0.0,0.0
100862,0,0,0,1,1,0.0,0.0,0.0
36050,0,0,0,11,11,0.0,0.0,0.0
30358,0,0,0,3,3,0.0,0.0,0.0
42266,0,0,0,1,1,0.0,0.0,0.0
78090,0,0,0,2,2,0.0,0.0,0.0
26514,1,0,2,21,24,0.0476,0.0,0.0952
23595,0,0,0,1,1,0.0,0.0,0.0
30328,0,0,0,1,1,0.0,0.0,0.0
40518,0,0,0,1,1,0.0,0.0,0.0
18017,0,0,1,13,14,0.0,0.0,0.0769
18493,0,0,0,1,1,0.0,0.0,0.0
49758,0,0,0,3,3,0.0,0.0,0.0
89183,0,0,0,1,1,0.0,0.0,0.0
42193,1,0,0,3,4,0.3333,0.0,0.0
10931,0,0,0,6,6,0.0,0.0,0.0
30763,0,1,0,1,2,0.0,1.0,0.0
65582,0,0,0,3,3,0.0,0.0,0.0
3977,0,0,0,1,1,0.0,0.0,0.0
5263,0,0,0,2,2,0.0,0.0,0.0
38652,0,0,0,1,1,0.0,0.0,0.0
51618,0,0,0,3,3,0.0,0.0,0.0
45072,0,0,0,1,1,0.0,0.0,0.0
25047,0,0,0,1,1,0.0,0.0,0.0
53627,0,0,0,6,6,0.0,0.0,0.0
103572,2,1,1,147,151,0.0136,0.0068,0.0068
4462,0,0,0,18,18,0.0,0.0,0.0
3342,0,1,0,6,7,0.0,0.1667,0.0
28998,0,1,1,4,6,0.0,0.25,0.25
24469,0,1,0,8,9,0.0,0.125,0.0
2527,0,0,0,7,7,0.0,0.0,0.0
71963,1,2,1,68,72,0.0147,0.0294,0.0147
32032,0,0,0,7,7,0.0,0.0,0.0
98095,0,0,0,20,20,0.0,0.0,0.0
59188,0,0,2,37,39,0.0,0.0,0.0541
71943,0,0,0,3,3,0.0,0.0,0.0
40685,0,0,0,1,1,0.0,0.0,0.0
47621,1,3,1,93,98,0.0108,0.0323,0.0108
13376,0,0,0,2,2,0.0,0.0,0.0
14727,0,0,0,6,6,0.0,0.0,0.0
23111,0,2,0,6,8,0.0,0.3333,0.0
48434,0,0,0,25,25,0.0,0.0,0.0
65141,0,0,0,6,6,0.0,0.0,0.0
48629,0,0,0,4,4,0.0,0.0,0.0
68583,0,0,0,24,24,0.0,0.0,0.0
55793,0,1,0,7,8,0.0,0.1429,0.0
17581,0,0,0,7,7,0.0,0.0,0.0
11575,0,0,0,1,1,0.0,0.0,0.0
51720,0,0,0,1,1,0.0,0.0,0.0
71920,0,1,1,30,32,0.0,0.0333,0.0333
47114,0,0,0,8,8,0.0,0.0,0.0
87735,0,0,1,21,22,0.0,0.0,0.0476
58242,2,2,3,68,75,0.0294,0.0294,0.0441
79494,0,0,0,1,1,0.0,0.0,0.0
84962,0,0,2,4,6,0.0,0.0,0.5
71918,0,1,0,23,24,0.0,0.0435,0.0
21005,0,0,0,2,2,0.0,0.0,0.0
71256,2,9,1,152,164,0.0132,0.0592,0.0066
7939,2,1,0,47,50,0.0426,0.0213,0.0
95246,0,2,0,8,10,0.0,0.25,0.0
66765,0,1,0,8,9,0.0,0.125,0.0
94553,0,0,0,2,2,0.0,0.0,0.0
36119,0,0,0,2,2,0.0,0.0,0.0
23490,0,2,0,30,32,0.0,0.0667,0.0
3892,0,0,0,1,1,0.0,0.0,0.0
22957,1,0,0,0,1,0.0,0.0,0.0
40958,0,0,0,1,1,0.0,0.0,0.0
32205,0,0,0,16,16,0.0,0.0,0.0
14639,0,0,0,1,1,0.0,0.0,0.0
10148,0,1,0,20,21,0.0,0.05,0.0
33218,1,0,0,8,9,0.125,0.0,0.0
93069,2,0,0,41,43,0.0488,0.0,0.0
57598,0,0,0,4,4,0.0,0.0,0.0
38901,0,0,0,14,14,0.0,0.0,0.0
96742,0,0,0,8,8,0.0,0.0,0.0
10575,0,0,0,1,1,0.0,0.0,0.0
27772,0,0,0,2,2,0.0,0.0,0.0
783,0,1,0,8,9,0.0,0.125,0.0
13176,0,0,0,1,1,0.0,0.0,0.0
35035,0,0,0,1,1,0.0,0.0,0.0
66545,0,0,0,2,2,0.0,0.0,0.0
17390,0,0,0,2,2,0.0,0.0,0.0
65143,0,0,0,1,1,0.0,0.0,0.0
50578,0,0,0,1,1,0.0,0.0,0.0
55497,0,0,0,1,1,0.0,0.0,0.0
31690,0,0,0,2,2,0.0,0.0,0.0
30946,0,0,0,12,12,0.0,0.0,0.0
103136,0,0,0,3,3,0.0,0.0,0.0
11044,0,0,0,4,4,0.0,0.0,0.0
39369,0,0,0,2,2,0.0,0.0,0.0
16599,0,0,0,3,3,0.0,0.0,0.0
58177,0,0,0,1,1,0.0,0.0,0.0
26900,0,0,0,1,1,0.0,0.0,0.0
92983,0,0,0,5,5,0.0,0.0,0.0
68677,0,0,0,1,1,0.0,0.0,0.0
91719,0,0,0,3,3,0.0,0.0,0.0
1758,0,0,0,1,1,0.0,0.0,0.0
65515,0,0,0,1,1,0.0,0.0,0.0
97735,0,0,0,5,5,0.0,0.0,0.0
32114,0,0,0,8,8,0.0,0.0,0.0
72002,2,4,3,125,134,0.016,0.032,0.024
30806,0,0,0,1,1,0.0,0.0,0.0
40268,12,2,0,174,188,0.069,0.0115,0.0
44841,0,0,0,5,5,0.0,0.0,0.0
16945,1,0,0,11,12,0.0909,0.0,0.0
10588,0,1,0,3,4,0.0,0.3333,0.0
52498,0,0,1,15,16,0.0,0.0,0.0667
97157,1,4,2,66,73,0.0152,0.0606,0.0303
56828,0,0,0,11,11,0.0,0.0,0.0
89598,0,0,0,2,2,0.0,0.0,0.0
370,0,2,0,16,18,0.0,0.125,0.0
34944,0,0,0,1,1,0.0,0.0,0.0
52305,3,2,0,115,120,0.0261,0.0174,0.0
64143,4,3,1,136,144,0.0294,0.0221,0.0074
66000,1,1,0,33,35,0.0303,0.0303,0.0
21024,0,0,0,13,13,0.0,0.0,0.0
88570,0,0,0,8,8,0.0,0.0,0.0
39226,0,0,0,28,28,0.0,0.0,0.0
72759,0,0,0,7,7,0.0,0.0,0.0
56072,0,1,1,29,31,0.0,0.0345,0.0345
82263,0,0,3,23,26,0.0,0.0,0.1304
102582,0,0,1,17,18,0.0,0.0,0.0588
65799,0,0,0,1,1,0.0,0.0,0.0
48198,0,0,0,2,2,0.0,0.0,0.0
98798,0,0,0,6,6,0.0,0.0,0.0
80637,0,0,1,14,15,0.0,0.0,0.0714
78027,0,0,0,34,34,0.0,0.0,0.0
79518,0,0,0,17,17,0.0,0.0,0.0
64149,0,0,0,16,16,0.0,0.0,0.0
99268,0,1,0,28,29,0.0,0.0357,0.0
25201,0,0,0,2,2,0.0,0.0,0.0
102199,0,0,0,2,2,0.0,0.0,0.0
26574,0,6,0,108,114,0.0,0.0556,0.0
19471,0,0,0,3,3,0.0,0.0,0.0
99844,0,0,0,1,1,0.0,0.0,0.0
90605,1,1,1,79,82,0.0127,0.0127,0.0127
66655,0,0,1,15,16,0.0,0.0,0.0667
59592,0,0,0,13,13,0.0,0.0,0.0
80080,0,2,2,88,92,0.0,0.0227,0.0227
67530,0,3,2,60,65,0.0,0.05,0.0333
22136,0,1,0,2,3,0.0,0.5,0.0
69709,0,0,0,1,1,0.0,0.0,0.0
37730,0,0,0,6,6,0.0,0.0,0.0
41837,0,1,0,5,6,0.0,0.2,0.0
64680,0,0,0,2,2,0.0,0.0,0.0
13359,0,0,1,49,50,0.0,0.0,0.0204
20832,0,0,0,3,3,0.0,0.0,0.0
85780,0,0,0,1,1,0.0,0.0,0.0
11186,0,0,0,11,11,0.0,0.0,0.0
3472,0,0,0,7,7,0.0,0.0,0.0
95511,0,0,0,1,1,0.0,0.0,0.0
32115,0,0,0,1,1,0.0,0.0,0.0
43082,0,0,0,3,3,0.0,0.0,0.0
17212,0,0,0,2,2,0.0,0.0,0.0
55517,0,0,0,2,2,0.0,0.0,0.0
18855,0,0,0,6,6,0.0,0.0,0.0
27625,0,0,0,3,3,0.0,0.0,0.0
47297,0,0,0,6,6,0.0,0.0,0.0
50853,0,0,0,1,1,0.0,0.0,0.0
103452,0,0,0,2,2,0.0,0.0,0.0
70367,0,0,0,1,1,0.0,0.0,0.0
76731,1,0,0,4,5,0.25,0.0,0.0
33910,0,0,0,1,1,0.0,0.0,0.0
14962,0,0,0,2,2,0.0,0.0,0.0
102644,0,0,0,1,1,0.0,0.0,0.0
33487,0,0,0,2,2,0.0,0.0,0.0
53237,0,1,0,6,7,0.0,0.1667,0.0
58044,0,0,0,4,4,0.0,0.0,0.0
83976,0,0,0,2,2,0.0,0.0,0.0
43838,0,0,0,1,1,0.0,0.0,0.0
83521,0,0,0,3,3,0.0,0.0,0.0
65723,0,1,0,2,3,0.0,0.5,0.0
66736,0,0,0,10,10,0.0,0.0,0.0
59983,0,0,1,5,6,0.0,0.0,0.2
84220,0,1,0,36,37,0.0,0.0278,0.0
23578,7,17,4,512,540,0.0137,0.0332,0.0078
80333,2,0,0,25,27,0.08,0.0,0.0
74121,0,0,0,6,6,0.0,0.0,0.0
60279,0,0,0,2,2,0.0,0.0,0.0
6743,0,0,0,18,18,0.0,0.0,0.0
50170,1,1,0,64,66,0.0156,0.0156,0.0
48977,0,0,0,6,6,0.0,0.0,0.0
70712,0,0,1,8,9,0.0,0.0,0.125
9593,2,0,0,29,31,0.069,0.0,0.0
31054,0,0,1,2,3,0.0,0.0,0.5
91960,0,0,0,4,4,0.0,0.0,0.0
65619,0,0,1,2,3,0.0,0.0,0.5
18492,0,1,2,14,17,0.0,0.0714,0.1429
57623,1,5,0,79,85,0.0127,0.0633,0.0
61236,0,0,0,9,9,0.0,0.0,0.0
35550,0,1,0,54,55,0.0,0.0185,0.0
68743,0,0,3,23,26,0.0,0.0,0.1304
726,0,0,2,40,42,0.0,0.0,0.05
12588,0,4,1,68,73,0.0,0.0588,0.0147
27710,0,1,0,18,19,0.0,0.0556,0.0
59962,3,3,0,49,55,0.0612,0.0612,0.0
68675,2,0,0,31,33,0.0645,0.0,0.0
92421,0,1,1,10,12,0.0,0.1,0.1
88651,0,0,0,10,10,0.0,0.0,0.0
43681,0,0,0,3,3,0.0,0.0,0.0
93225,0,0,0,6,6,0.0,0.0,0.0
32687,0,0,0,10,10,0.0,0.0,0.0
5349,0,0,0,2,2,0.0,0.0,0.0
26074,0,0,0,3,3,0.0,0.0,0.0
53018,0,0,0,2,2,0.0,0.0,0.0
2347,0,0,0,6,6,0.0,0.0,0.0
49677,0,0,0,3,3,0.0,0.0,0.0
99880,0,0,0,7,7,0.0,0.0,0.0
3849,0,0,0,46,46,0.0,0.0,0.0
49525,0,0,0,2,2,0.0,0.0,0.0
6733,0,0,0,7,7,0.0,0.0,0.0
26671,1,1,2,10,14,0.1,0.1,0.2
75253,0,0,0,41,41,0.0,0.0,0.0
86777,0,0,0,6,6,0.0,0.0,0.0
94953,0,0,0,4,4,0.0,0.0,0.0
64775,0,0,0,1,1,0.0,0.0,0.0
75210,0,0,0,16,16,0.0,0.0,0.0
50092,0,0,0,1,1,0.0,0.0,0.0
12594,0,0,0,3,3,0.0,0.0,0.0
69260,0,1,0,14,15,0.0,0.0714,0.0
60857,0,0,0,1,1,0.0,0.0,0.0
76497,0,0,0,4,4,0.0,0.0,0.0
88023,0,0,0,30,30,0.0,0.0,0.0
98910,0,0,0,1,1,0.0,0.0,0.0
88354,1,0,0,10,11,0.1,0.0,0.0
20393,0,1,0,11,12,0.0,0.0909,0.0
11846,0,0,0,3,3,0.0,0.0,0.0
5805,0,0,0,1,1,0.0,0.0,0.0
8623,0,0,1,10,11,0.0,0.0,0.1
55974,0,0,0,1,1,0.0,0.0,0.0
4328,0,0,0,4,4,0.0,0.0,0.0
32809,0,0,0,3,3,0.0,0.0,0.0
78826,0,2,0,3,5,0.0,0.6667,0.0
77251,0,0,0,6,6,0.0,0.0,0.0
87318,1,0,0,11,12,0.0909,0.0,0.0
2632,0,0,0,1,1,0.0,0.0,0.0
81024,0,0,0,1,1,0.0,0.0,0.0
5236,0,0,0,2,2,0.0,0.0,0.0
73446,0,0,0,3,3,0.0,0.0,0.0
63154,0,0,0,6,6,0.0,0.0,0.0
86108,0,0,0,4,4,0.0,0.0,0.0
61203,0,2,2,22,26,0.0,0.0909,0.0909
17460,0,1,0,1,2,0.0,1.0,0.0
84092,0,1,1,11,13,0.0,0.0909,0.0909
86601,0,0,0,1,1,0.0,0.0,0.0
73281,0,0,0,4,4,0.0,0.0,0.0
57582,0,0,0,4,4,0.0,0.0,0.0
63052,0,0,1,7,8,0.0,0.0,0.1429
3362,0,0,0,1,1,0.0,0.0,0.0
7654,0,0,0,2,2,0.0,0.0,0.0
47877,0,0,0,7,7,0.0,0.0,0.0
1794,0,0,0,6,6,0.0,0.0,0.0
88154,2,2,1,180,185,0.0111,0.0111,0.0056
39331,0,1,0,16,17,0.0,0.0625,0.0
27669,1,0,0,41,42,0.0244,0.0,0.0
31771,0,0,0,76,76,0.0,0.0,0.0
100147,0,0,0,3,3,0.0,0.0,0.0
14168,0,2,0,23,25,0.0,0.087,0.0
68164,0,1,2,24,27,0.0,0.0417,0.0833
50913,0,0,0,2,2,0.0,0.0,0.0
24762,2,4,0,84,90,0.0238,0.0476,0.0
22310,0,0,0,2,2,0.0,0.0,0.0
54843,0,0,0,1,1,0.0,0.0,0.0
44587,3,0,0,54,57,0.0556,0.0,0.0
99246,0,0,0,3,3,0.0,0.0,0.0
48022,0,0,0,6,6,0.0,0.0,0.0
23616,0,0,0,1,1,0.0,0.0,0.0
41147,0,0,1,2,3,0.0,0.0,0.5
103481,2,1,1,22,26,0.0909,0.0455,0.0455
90041,0,0,0,8,8,0.0,0.0,0.0
83953,0,0,0,1,1,0.0,0.0,0.0
45751,0,0,1,6,7,0.0,0.0,0.1667
88641,0,0,1,3,4,0.0,0.0,0.3333
81904,2,5,0,101,108,0.0198,0.0495,0.0
9891,0,0,0,1,1,0.0,0.0,0.0
82910,0,0,0,6,6,0.0,0.0,0.0
46647,0,0,1,16,17,0.0,0.0,0.0625
68444,0,0,0,4,4,0.0,0.0,0.0
6305,0,0,0,11,11,0.0,0.0,0.0
82811,0,0,0,11,11,0.0,0.0,0.0
75659,0,0,0,28,28,0.0,0.0,0.0
60259,0,2,2,74,78,0.0,0.027,0.027
85302,1,0,0,10,11,0.1,0.0,0.0
11,0,1,0,10,11,0.0,0.1,0.0
2121,0,0,0,1,1,0.0,0.0,0.0
19533,0,0,0,4,4,0.0,0.0,0.0
96255,0,0,0,1,1,0.0,0.0,0.0
4213,0,0,0,2,2,0.0,0.0,0.0
68783,0,0,0,1,1,0.0,0.0,0.0
75717,0,0,0,9,9,0.0,0.0,0.0
26418,0,0,0,1,1,0.0,0.0,0.0
86205,0,0,0,2,2,0.0,0.0,0.0
78994,0,0,0,4,4,0.0,0.0,0.0
55625,0,0,0,1,1,0.0,0.0,0.0
73937,0,0,0,3,3,0.0,0.0,0.0
13032,0,0,0,1,1,0.0,0.0,0.0
32640,0,0,0,49,49,0.0,0.0,0.0
42785,0,0,0,3,3,0.0,0.0,0.0
16086,0,0,0,8,8,0.0,0.0,0.0
101401,0,0,0,3,3,0.0,0.0,0.0
72669,0,0,0,2,2,0.0,0.0,0.0
57575,0,1,0,1,2,0.0,1.0,0.0
1024,0,0,0,1,1,0.0,0.0,0.0
87273,0,0,0,4,4,0.0,0.0,0.0
36698,0,0,0,6,6,0.0,0.0,0.0
28121,0,0,0,1,1,0.0,0.0,0.0
37840,0,0,0,1,1,0.0,0.0,0.0
78845,0,0,0,2,2,0.0,0.0,0.0
53258,0,0,0,2,2,0.0,0.0,0.0
74802,0,0,0,1,1,0.0,0.0,0.0
80239,0,0,0,7,7,0.0,0.0,0.0
56030,0,0,0,8,8,0.0,0.0,0.0
22686,0,0,0,3,3,0.0,0.0,0.0
72302,0,1,0,9,10,0.0,0.1111,0.0
29996,0,0,0,1,1,0.0,0.0,0.0
37507,0,0,0,3,3,0.0,0.0,0.0
48788,0,0,0,1,1,0.0,0.0,0.0
77523,0,2,0,56,58,0.0,0.0357,0.0
25273,0,0,0,2,2,0.0,0.0,0.0
25450,0,0,0,1,1,0.0,0.0,0.0
27188,1,0,2,26,29,0.0385,0.0,0.0769
48355,0,0,0,4,4,0.0,0.0,0.0
51849,1,3,1,115,120,0.0087,0.0261,0.0087
30843,0,2,0,39,41,0.0,0.0513,0.0
58373,0,0,0,1,1,0.0,0.0,0.0
84725,0,0,0,11,11,0.0,0.0,0.0
100397,3,2,0,105,110,0.0286,0.019,0.0
3223,0,4,0,41,45,0.0,0.0976,0.0
50495,0,0,0,6,6,0.0,0.0,0.0
37303,2,1,1,60,64,0.0333,0.0167,0.0167
86772,0,1,1,73,75,0.0,0.0137,0.0137
63289,0,0,1,7,8,0.0,0.0,0.1429
101315,1,2,1,24,28,0.0417,0.0833,0.0417
35147,1,1,0,51,53,0.0196,0.0196,0.0
34216,0,0,0,19,19,0.0,0.0,0.0
30955,0,0,1,2,3,0.0,0.0,0.5
45674,0,0,0,22,22,0.0,0.0,0.0
92755,0,0,2,31,33,0.0,0.0,0.0645
74207,0,0,0,2,2,0.0,0.0,0.0
47083,0,0,0,4,4,0.0,0.0,0.0
61913,0,0,0,2,2,0.0,0.0,0.0
47793,0,2,1,35,38,0.0,0.0571,0.0286
57687,0,0,0,9,9,0.0,0.0,0.0
67686,0,0,0,11,11,0.0,0.0,0.0
6589,0,1,0,1,2,0.0,1.0,0.0
54730,0,0,0,12,12,0.0,0.0,0.0
17676,0,0,0,25,25,0.0,0.0,0.0
62990,0,0,0,1,1,0.0,0.0,0.0
22172,0,0,0,2,2,0.0,0.0,0.0
25474,0,0,0,13,13,0.0,0.0,0.0
29564,0,0,0,3,3,0.0,0.0,0.0
87174,0,0,0,16,16,0.0,0.0,0.0
96485,0,0,0,7,7,0.0,0.0,0.0
97768,0,4,1,192,197,0.0,0.0208,0.0052
28355,1,0,0,41,42,0.0244,0.0,0.0
9314,0,0,0,3,3,0.0,0.0,0.0
67035,0,0,0,14,14,0.0,0.0,0.0
40271,0,0,0,1,1,0.0,0.0,0.0
26123,0,0,0,2,2,0.0,0.0,0.0
68501,0,0,1,5,6,0.0,0.0,0.2
541,0,0,0,1,1,0.0,0.0,0.0
34206,0,0,0,5,5,0.0,0.0,0.0
25188,0,0,0,2,2,0.0,0.0,0.0
12060,0,0,0,6,6,0.0,0.0,0.0
18114,0,0,0,10,10,0.0,0.0,0.0
77079,0,0,1,5,6,0.0,0.0,0.2
19419,0,0,0,2,2,0.0,0.0,0.0
94761,0,0,0,1,1,0.0,0.0,0.0
58220,0,0,0,4,4,0.0,0.0,0.0
97378,0,0,0,1,1,0.0,0.0,0.0
29545,0,0,0,2,2,0.0,0.0,0.0
57469,0,0,0,1,1,0.0,0.0,0.0
75643,0,0,0,2,2,0.0,0.0,0.0
52155,2,0,0,6,8,0.3333,0.0,0.0
85158,0,0,0,1,1,0.0,0.0,0.0
34135,0,0,0,1,1,0.0,0.0,0.0
30034,0,0,0,1,1,0.0,0.0,0.0
5654,0,0,0,1,1,0.0,0.0,0.0
40697,0,2,2,75,79,0.0,0.0267,0.0267
60136,4,1,5,182,192,0.022,0.0055,0.0275
12274,0,0,0,2,2,0.0,0.0,0.0
57928,4,1,0,32,37,0.125,0.0313,0.0
2307,0,0,2,61,63,0.0,0.0,0.0328
79160,0,0,0,3,3,0.0,0.0,0.0
18325,0,0,0,12,12,0.0,0.0,0.0
81121,0,0,0,1,1,0.0,0.0,0.0
18122,0,0,0,7,7,0.0,0.0,0.0
82497,0,0,0,24,24,0.0,0.0,0.0
49619,0,1,0,46,47,0.0,0.0217,0.0
9838,0,0,0,5,5,0.0,0.0,0.0
56627,0,0,0,4,4,0.0,0.0,0.0
7369,0,0,0,14,14,0.0,0.0,0.0
50851,0,1,0,45,46,0.0,0.0222,0.0
57165,0,0,0,38,38,0.0,0.0,0.0
34949,0,0,0,4,4,0.0,0.0,0.0
46258,1,1,0,39,41,0.0256,0.0256,0.0
49645,0,0,0,22,22,0.0,0.0,0.0
65859,0,0,0,7,7,0.0,0.0,0.0
12528,1,0,0,13,14,0.0769,0.0,0.0
40481,0,0,0,2,2,0.0,0.0,0.0
15874,0,2,1,88,91,0.0,0.0227,0.0114
27982,1,2,2,53,58,0.0189,0.0377,0.0377
22875,0,0,0,15,15,0.0,0.0,0.0
97532,0,0,0,5,5,0.0,0.0,0.0
12726,0,0,0,4,4,0.0,0.0,0.0
23101,0,0,0,6,6,0.0,0.0,0.0
39808,0,0,0,1,1,0.0,0.0,0.0
35111,0,0,0,4,4,0.0,0.0,0.0
47517,0,0,0,9,9,0.0,0.0,0.0
37451,0,0,0,13,13,0.0,0.0,0.0
83848,0,0,0,1,1,0.0,0.0,0.0
34226,0,0,0,6,6,0.0,0.0,0.0
61979,0,1,0,35,36,0.0,0.0286,0.0
14926,0,0,0,5,5,0.0,0.0,0.0
37886,1,3,1,173,178,0.0058,0.0173,0.0058
7598,0,1,0,10,11,0.0,0.1,0.0
5674,0,0,0,6,6,0.0,0.0,0.0
32788,0,0,0,3,3,0.0,0.0,0.0
94410,0,0,0,9,9,0.0,0.0,0.0
61986,0,0,0,27,27,0.0,0.0,0.0
74743,0,0,1,36,37,0.0,0.0,0.0278
10644,0,0,0,4,4,0.0,0.0,0.0
62717,0,0,0,1,1,0.0,0.0,0.0
15787,0,0,0,1,1,0.0,0.0,0.0
61318,0,0,0,25,25,0.0,0.0,0.0
89879,0,0,0,1,1,0.0,0.0,0.0
2474,0,0,0,2,2,0.0,0.0,0.0
65727,0,1,0,12,13,0.0,0.0833,0.0
41059,0,0,0,4,4,0.0,0.0,0.0
67677,0,0,0,1,1,0.0,0.0,0.0
19650,0,0,0,24,24,0.0,0.0,0.0
27864,0,0,0,9,9,0.0,0.0,0.0
12826,0,0,0,3,3,0.0,0.0,0.0
41186,0,0,0,1,1,0.0,0.0,0.0
94360,0,0,0,1,1,0.0,0.0,0.0
19373,0,0,0,7,7,0.0,0.0,0.0
21720,0,0,0,3,3,0.0,0.0,0.0
85541,0,0,0,2,2,0.0,0.0,0.0
2459,0,0,0,3,3,0.0,0.0,0.0
4152,0,0,0,4,4,0.0,0.0,0.0
100299,0,0,0,3,3,0.0,0.0,0.0
9594,0,0,0,1,1,0.0,0.0,0.0
55656,0,0,0,6,6,0.0,0.0,0.0
70799,0,0,0,6,6,0.0,0.0,0.0
39649,0,0,0,1,1,0.0,0.0,0.0
92003,0,0,0,4,4,0.0,0.0,0.0
51312,0,0,0,4,4,0.0,0.0,0.0
91035,0,0,0,2,2,0.0,0.0,0.0
85855,0,0,0,2,2,0.0,0.0,0.0
37112,0,0,0,1,1,0.0,0.0,0.0
15139,0,0,0,1,1,0.0,0.0,0.0
46512,0,0,0,1,1,0.0,0.0,0.0
18566,0,0,0,1,1,0.0,0.0,0.0
58973,0,0,0,5,5,0.0,0.0,0.0
24975,0,0,0,1,1,0.0,0.0,0.0
34170,1,3,3,291,298,0.0034,0.0103,0.0103
26678,0,0,0,1,1,0.0,0.0,0.0
97902,1,2,2,90,95,0.0111,0.0222,0.0222
61039,0,0,0,9,9,0.0,0.0,0.0
37748,0,0,0,10,10,0.0,0.0,0.0
17621,2,3,1,163,169,0.0123,0.0184,0.0061
89086,1,1,1,33,36,0.0303,0.0303,0.0303
73228,1,0,0,126,127,0.0079,0.0,0.0
29283,0,0,0,6,6,0.0,0.0,0.0
84409,0,0,0,32,32,0.0,0.0,0.0
51885,0,0,0,1,1,0.0,0.0,0.0
40214,0,0,0,11,11,0.0,0.0,0.0
97000,0,0,0,3,3,0.0,0.0,0.0
88322,0,0,0,6,6,0.0,0.0,0.0
2353,0,0,0,13,13,0.0,0.0,0.0
37173,0,0,0,7,7,0.0,0.0,0.0
32350,0,3,2,70,75,0.0,0.0429,0.0286
31874,0,0,0,8,8,0.0,0.0,0.0
50861,0,0,0,8,8,0.0,0.0,0.0
77318,1,1,0,19,21,0.0526,0.0526,0.0
43144,1,0,1,45,47,0.0222,0.0,0.0222
100067,0,5,0,39,44,0.0,0.1282,0.0
89029,0,0,0,4,4,0.0,0.0,0.0
38771,0,2,0,18,20,0.0,0.1111,0.0
38090,0,0,1,17,18,0.0,0.0,0.0588
37564,0,0,2,24,26,0.0,0.0,0.0833
90702,0,0,0,4,4,0.0,0.0,0.0
69190,2,0,0,26,28,0.0769,0.0,0.0
14372,2,0,0,9,11,0.2222,0.0,0.0
46831,0,0,0,13,13,0.0,0.0,0.0
98869,0,0,0,4,4,0.0,0.0,0.0
86610,0,1,0,13,14,0.0,0.0769,0.0
24131,0,0,0,4,4,0.0,0.0,0.0
33360,0,0,0,1,1,0.0,0.0,0.0
18871,0,0,0,3,3,0.0,0.0,0.0
10952,0,0,0,3,3,0.0,0.0,0.0
21514,0,0,0,11,11,0.0,0.0,0.0
61831,0,0,0,1,1,0.0,0.0,0.0
17079,0,0,0,2,2,0.0,0.0,0.0
73138,2,0,0,21,23,0.0952,0.0,0.0
15226,0,0,0,2,2,0.0,0.0,0.0
57242,0,0,0,2,2,0.0,0.0,0.0
25936,0,0,0,4,4,0.0,0.0,0.0
26113,0,0,0,1,1,0.0,0.0,0.0
94795,0,0,0,2,2,0.0,0.0,0.0
21419,0,0,0,2,2,0.0,0.0,0.0
68545,0,0,0,7,7,0.0,0.0,0.0
51728,0,0,0,1,1,0.0,0.0,0.0
13110,0,0,0,1,1,0.0,0.0,0.0
27783,0,0,0,1,1,0.0,0.0,0.0
68615,0,0,0,1,1,0.0,0.0,0.0
29989,0,0,0,5,5,0.0,0.0,0.0
79187,0,0,0,1,1,0.0,0.0,0.0
40171,0,0,1,2,3,0.0,0.0,0.5
18155,0,0,0,1,1,0.0,0.0,0.0
104119,0,0,0,1,1,0.0,0.0,0.0
13353,0,0,0,30,30,0.0,0.0,0.0
29986,0,0,0,2,2,0.0,0.0,0.0
78723,0,0,0,1,1,0.0,0.0,0.0
19278,0,0,1,2,3,0.0,0.0,0.5
75005,0,0,0,4,4,0.0,0.0,0.0
32814,1,0,0,14,15,0.0714,0.0,0.0
89255,0,3,1,66,70,0.0,0.0455,0.0152
91950,0,0,0,5,5,0.0,0.0,0.0
84165,1,3,4,204,212,0.0049,0.0147,0.0196
48027,3,1,0,17,21,0.1765,0.0588,0.0
30394,0,0,0,4,4,0.0,0.0,0.0
48118,0,0,1,62,63,0.0,0.0,0.0161
61777,0,0,0,2,2,0.0,0.0,0.0
67039,0,0,0,43,43,0.0,0.0,0.0
74003,0,1,0,46,47,0.0,0.0217,0.0
59653,0,0,0,20,20,0.0,0.0,0.0
39591,0,0,0,6,6,0.0,0.0,0.0
27590,0,0,0,12,12,0.0,0.0,0.0
93412,0,0,0,2,2,0.0,0.0,0.0
84000,0,0,0,11,11,0.0,0.0,0.0
11957,0,0,0,19,19,0.0,0.0,0.0
88035,0,0,1,20,21,0.0,0.0,0.05
68891,0,0,0,6,6,0.0,0.0,0.0
12866,0,0,0,12,12,0.0,0.0,0.0
8052,0,0,0,6,6,0.0,0.0,0.0
18629,2,1,3,142,148,0.0141,0.007,0.0211
85365,6,2,2,170,180,0.0353,0.0118,0.0118
99020,0,0,1,19,20,0.0,0.0,0.0526
92147,0,0,1,37,38,0.0,0.0,0.027
6915,0,0,0,1,1,0.0,0.0,0.0
3680,0,0,1,16,17,0.0,0.0,0.0625
77712,0,0,0,12,12,0.0,0.0,0.0
55071,0,0,0,3,3,0.0,0.0,0.0
100328,3,5,4,151,163,0.0199,0.0331,0.0265
116,0,0,0,8,8,0.0,0.0,0.0
65217,0,0,0,13,13,0.0,0.0,0.0
51930,0,0,0,21,21,0.0,0.0,0.0
100628,0,0,0,8,8,0.0,0.0,0.0
68722,0,0,0,7,7,0.0,0.0,0.0
28644,1,2,2,70,75,0.0143,0.0286,0.0286
68452,0,0,0,8,8,0.0,0.0,0.0
74516,0,1,0,6,7,0.0,0.1667,0.0
80650,0,0,0,1,1,0.0,0.0,0.0
27574,0,0,0,2,2,0.0,0.0,0.0
60013,0,0,0,22,22,0.0,0.0,0.0
54245,0,0,0,4,4,0.0,0.0,0.0
80177,0,0,0,1,1,0.0,0.0,0.0
20638,0,1,0,3,4,0.0,0.3333,0.0
82527,0,0,0,4,4,0.0,0.0,0.0
38025,0,0,0,2,2,0.0,0.0,0.0
38267,0,0,0,1,1,0.0,0.0,0.0
98086,0,0,0,8,8,0.0,0.0,0.0
58097,0,3,0,44,47,0.0,0.0682,0.0
12465,0,0,0,1,1,0.0,0.0,0.0
76914,0,0,0,1,1,0.0,0.0,0.0
4949,0,0,0,1,1,0.0,0.0,0.0
40865,0,0,0,1,1,0.0,0.0,0.0
84792,0,0,0,1,1,0.0,0.0,0.0
90917,0,0,0,1,1,0.0,0.0,0.0
49280,0,0,0,1,1,0.0,0.0,0.0
22662,0,0,0,2,2,0.0,0.0,0.0
13217,0,0,0,2,2,0.0,0.0,0.0
48379,0,0,0,1,1,0.0,0.0,0.0
49063,0,0,0,1,1,0.0,0.0,0.0
98493,0,0,0,1,1,0.0,0.0,0.0
35089,0,0,0,1,1,0.0,0.0,0.0
41690,0,0,0,1,1,0.0,0.0,0.0
70309,0,0,0,3,3,0.0,0.0,0.0
21780,0,0,0,1,1,0.0,0.0,0.0
33306,0,0,0,4,4,0.0,0.0,0.0
92184,1,1,0,41,43,0.0244,0.0244,0.0
43477,0,0,0,9,9,0.0,0.0,0.0
61243,0,0,0,1,1,0.0,0.0,0.0
77023,0,0,0,1,1,0.0,0.0,0.0
9710,0,0,0,19,19,0.0,0.0,0.0
13867,0,0,1,49,50,0.0,0.0,0.0204
36618,0,0,0,1,1,0.0,0.0,0.0
102373,4,3,4,136,147,0.0294,0.0221,0.0294
38501,0,0,2,41,43,0.0,0.0,0.0488
26246,0,0,0,9,9,0.0,0.0,0.0
103206,0,0,1,4,5,0.0,0.0,0.25
37863,0,2,0,25,27,0.0,0.08,0.0
103438,0,0,2,21,23,0.0,0.0,0.0952
69253,0,1,0,14,15,0.0,0.0714,0.0
1680,1,0,0,36,37,0.0278,0.0,0.0
92787,0,1,0,3,4,0.0,0.3333,0.0
95265,0,0,0,5,5,0.0,0.0,0.0
102889,0,0,0,14,14,0.0,0.0,0.0
24243,0,0,0,1,1,0.0,0.0,0.0
92792,0,0,0,3,3,0.0,0.0,0.0
57442,0,0,0,12,12,0.0,0.0,0.0
64634,0,0,0,1,1,0.0,0.0,0.0
102661,0,1,1,56,58,0.0,0.0179,0.0179
82056,0,1,1,45,47,0.0,0.0222,0.0222
85259,0,1,0,27,28,0.0,0.037,0.0
11403,0,0,0,1,1,0.0,0.0,0.0
88172,0,0,0,14,14,0.0,0.0,0.0
98434,1,3,2,79,85,0.0127,0.038,0.0253
80566,0,0,0,3,3,0.0,0.0,0.0
83240,0,0,0,1,1,0.0,0.0,0.0
62648,0,0,0,2,2,0.0,0.0,0.0
91463,0,0,0,1,1,0.0,0.0,0.0
42199,0,0,0,2,2,0.0,0.0,0.0
58750,0,0,0,5,5,0.0,0.0,0.0
10258,0,0,0,34,34,0.0,0.0,0.0
36254,0,0,0,8,8,0.0,0.0,0.0
22762,0,0,0,11,11,0.0,0.0,0.0
35712,0,0,0,18,18,0.0,0.0,0.0
3533,0,0,0,14,14,0.0,0.0,0.0
75820,0,0,0,14,14,0.0,0.0,0.0
99990,0,0,0,2,2,0.0,0.0,0.0
65873,0,1,0,9,10,0.0,0.1111,0.0
101753,0,0,0,14,14,0.0,0.0,0.0
638,0,0,0,6,6,0.0,0.0,0.0
7474,0,0,0,26,26,0.0,0.0,0.0
50689,0,0,1,10,11,0.0,0.0,0.1
36842,0,0,0,5,5,0.0,0.0,0.0
7746,0,0,0,17,17,0.0,0.0,0.0
29373,0,0,0,3,3,0.0,0.0,0.0
52904,0,0,0,1,1,0.0,0.0,0.0
50793,0,0,0,3,3,0.0,0.0,0.0
59366,0,2,0,22,24,0.0,0.0909,0.0
72880,0,0,0,4,4,0.0,0.0,0.0
50520,0,0,0,5,5,0.0,0.0,0.0
48414,1,0,0,0,1,0.0,0.0,0.0
57525,0,0,0,5,5,0.0,0.0,0.0
69509,1,0,0,12,13,0.0833,0.0,0.0
59794,0,0,0,17,17,0.0,0.0,0.0
57669,0,0,0,2,2,0.0,0.0,0.0
30371,0,0,0,4,4,0.0,0.0,0.0
20293,0,0,0,11,11,0.0,0.0,0.0
11671,0,0,0,3,3,0.0,0.0,0.0
21125,0,0,0,4,4,0.0,0.0,0.0
22705,0,0,0,2,2,0.0,0.0,0.0
64861,0,0,0,7,7,0.0,0.0,0.0
65029,0,0,0,1,1,0.0,0.0,0.0
59629,0,0,0,1,1,0.0,0.0,0.0
13373,0,0,0,3,3,0.0,0.0,0.0
62636,0,0,0,2,2,0.0,0.0,0.0
2101,0,0,0,3,3,0.0,0.0,0.0
79264,0,0,0,2,2,0.0,0.0,0.0
3460,0,0,0,1,1,0.0,0.0,0.0
98785,0,0,0,3,3,0.0,0.0,0.0
52414,0,0,0,1,1,0.0,0.0,0.0
9579,0,0,0,2,2,0.0,0.0,0.0
27467,0,0,0,2,2,0.0,0.0,0.0
80324,0,0,0,1,1,0.0,0.0,0.0
43652,0,0,0,2,2,0.0,0.0,0.0
98262,0,0,0,9,9,0.0,0.0,0.0
13296,0,0,0,13,13,0.0,0.0,0.0
26808,0,1,1,57,59,0.0,0.0175,0.0175
24772,1,2,2,82,87,0.0122,0.0244,0.0244
25248,0,0,0,6,6,0.0,0.0,0.0
84358,0,0,0,29,29,0.0,0.0,0.0
49492,0,1,0,11,12,0.0,0.0909,0.0
78587,0,1,0,12,13,0.0,0.0833,0.0
26491,0,0,0,1,1,0.0,0.0,0.0
78374,1,10,1,260,272,0.0038,0.0385,0.0038
93807,0,0,0,3,3,0.0,0.0,0.0
70565,0,1,0,29,30,0.0,0.0345,0.0
58567,0,1,0,53,54,0.0,0.0189,0.0
42114,0,0,0,22,22,0.0,0.0,0.0
10707,0,0,0,6,6,0.0,0.0,0.0
93050,0,0,0,1,1,0.0,0.0,0.0
66721,0,0,0,16,16,0.0,0.0,0.0
2303,0,0,0,5,5,0.0,0.0,0.0
3623,0,0,0,6,6,0.0,0.0,0.0
67918,0,0,0,8,8,0.0,0.0,0.0
16023,0,0,0,2,2,0.0,0.0,0.0
77309,0,0,1,17,18,0.0,0.0,0.0588
78104,0,0,2,21,23,0.0,0.0,0.0952
52241,0,0,0,2,2,0.0,0.0,0.0
89501,0,0,0,2,2,0.0,0.0,0.0
94622,0,0,0,25,25,0.0,0.0,0.0
1658,0,0,0,4,4,0.0,0.0,0.0
39376,0,0,1,26,27,0.0,0.0,0.0385
43014,0,0,2,59,61,0.0,0.0,0.0339
20563,0,0,0,2,2,0.0,0.0,0.0
34722,0,0,0,3,3,0.0,0.0,0.0
91444,0,0,0,1,1,0.0,0.0,0.0
35463,0,0,0,21,21,0.0,0.0,0.0
70657,0,0,0,1,1,0.0,0.0,0.0
19818,0,0,0,1,1,0.0,0.0,0.0
31337,0,0,0,7,7,0.0,0.0,0.0
95885,0,0,0,5,5,0.0,0.0,0.0
59245,0,0,1,3,4,0.0,0.0,0.3333
92187,0,0,0,1,1,0.0,0.0,0.0
6475,0,0,0,1,1,0.0,0.0,0.0
67363,0,0,0,9,9,0.0,0.0,0.0
6492,0,0,0,2,2,0.0,0.0,0.0
60145,0,0,0,2,2,0.0,0.0,0.0
86417,0,0,0,2,2,0.0,0.0,0.0
9212,0,0,0,1,1,0.0,0.0,0.0
7307,0,0,0,1,1,0.0,0.0,0.0
57859,0,0,0,1,1,0.0,0.0,0.0
66281,0,0,0,16,16,0.0,0.0,0.0
73391,0,0,0,5,5,0.0,0.0,0.0
45342,0,0,0,11,11,0.0,0.0,0.0
101022,0,0,0,5,5,0.0,0.0,0.0
71180,0,0,0,7,7,0.0,0.0,0.0
73504,0,0,0,1,1,0.0,0.0,0.0
87787,0,0,0,1,1,0.0,0.0,0.0
102864,0,0,1,11,12,0.0,0.0,0.0909
72411,0,0,0,1,1,0.0,0.0,0.0
78167,0,0,1,3,4,0.0,0.0,0.3333
13981,0,0,0,2,2,0.0,0.0,0.0
31610,0,0,0,9,9,0.0,0.0,0.0
54628,0,0,0,1,1,0.0,0.0,0.0
11381,0,0,0,1,1,0.0,0.0,0.0
33249,0,0,0,2,2,0.0,0.0,0.0
48934,0,0,0,1,1,0.0,0.0,0.0
60500,0,0,0,4,4,0.0,0.0,0.0
90351,0,0,0,2,2,0.0,0.0,0.0
5011,0,0,0,2,2,0.0,0.0,0.0
30011,0,0,0,1,1,0.0,0.0,0.0
102181,0,1,0,35,36,0.0,0.0286,0.0
22036,0,0,0,5,5,0.0,0.0,0.0
19239,0,0,0,1,1,0.0,0.0,0.0
48736,0,0,0,36,36,0.0,0.0,0.0
48769,0,2,3,97,102,0.0,0.0206,0.0309
98455,0,0,2,70,72,0.0,0.0,0.0286
60200,0,2,0,41,43,0.0,0.0488,0.0
47170,0,0,0,2,2,0.0,0.0,0.0
43677,1,0,0,20,21,0.05,0.0,0.0
22092,2,2,0,13,17,0.1538,0.1538,0.0
101512,0,1,2,32,35,0.0,0.0313,0.0625
52713,0,1,0,3,4,0.0,0.3333,0.0
51706,0,1,1,7,9,0.0,0.1429,0.1429
14000,0,0,0,3,3,0.0,0.0,0.0
62981,0,0,0,4,4,0.0,0.0,0.0
101160,0,0,1,21,22,0.0,0.0,0.0476
95228,2,3,0,130,135,0.0154,0.0231,0.0
86537,0,0,0,49,49,0.0,0.0,0.0
44045,0,0,0,4,4,0.0,0.0,0.0
66399,1,0,1,28,30,0.0357,0.0,0.0357
15328,0,0,0,1,1,0.0,0.0,0.0
54463,1,0,1,40,42,0.025,0.0,0.025
97160,0,0,0,6,6,0.0,0.0,0.0
74667,0,0,0,7,7,0.0,0.0,0.0
11460,2,3,2,114,121,0.0175,0.0263,0.0175
47108,0,0,0,4,4,0.0,0.0,0.0
82330,0,0,1,28,29,0.0,0.0,0.0357
52673,0,0,0,9,9,0.0,0.0,0.0
66274,0,7,0,74,81,0.0,0.0946,0.0
30505,0,0,0,9,9,0.0,0.0,0.0
15472,0,0,0,1,1,0.0,0.0,0.0
30860,0,0,0,6,6,0.0,0.0,0.0
43766,0,0,0,5,5,0.0,0.0,0.0
80509,1,0,0,9,10,0.1111,0.0,0.0
51424,0,0,0,24,24,0.0,0.0,0.0
98225,1,0,0,93,94,0.0108,0.0,0.0
104363,1,0,0,25,26,0.04,0.0,0.0
37049,0,2,1,146,149,0.0,0.0137,0.0068
38844,0,0,0,1,1,0.0,0.0,0.0
100266,0,0,0,54,54,0.0,0.0,0.0
101522,1,0,1,23,25,0.0435,0.0,0.0435
50448,0,0,0,5,5,0.0,0.0,0.0
56799,0,0,0,9,9,0.0,0.0,0.0
55040,0,1,0,7,8,0.0,0.1429,0.0
32138,0,0,0,5,5,0.0,0.0,0.0
36782,0,0,0,10,10,0.0,0.0,0.0
94437,1,1,0,32,34,0.0313,0.0313,0.0
81188,0,0,0,2,2,0.0,0.0,0.0
70502,0,0,0,20,20,0.0,0.0,0.0
11466,0,0,0,16,16,0.0,0.0,0.0
31648,0,0,0,6,6,0.0,0.0,0.0
98822,0,0,0,4,4,0.0,0.0,0.0
14319,0,0,0,1,1,0.0,0.0,0.0
22598,0,0,0,7,7,0.0,0.0,0.0
51094,0,0,0,2,2,0.0,0.0,0.0
97329,0,0,0,9,9,0.0,0.0,0.0
82875,0,1,1,70,72,0.0,0.0143,0.0143
32606,0,1,0,15,16,0.0,0.0667,0.0
342,0,0,0,1,1,0.0,0.0,0.0
36614,0,0,0,3,3,0.0,0.0,0.0
57817,0,0,2,11,13,0.0,0.0,0.1818
85030,0,3,0,6,9,0.0,0.5,0.0
832,0,0,0,1,1,0.0,0.0,0.0
45503,0,0,0,2,2,0.0,0.0,0.0
13935,0,0,0,4,4,0.0,0.0,0.0
18556,0,0,0,6,6,0.0,0.0,0.0
48084,1,0,0,20,21,0.05,0.0,0.0
48243,0,0,0,15,15,0.0,0.0,0.0
42115,0,0,0,1,1,0.0,0.0,0.0
45804,0,0,0,4,4,0.0,0.0,0.0
46200,0,0,0,1,1,0.0,0.0,0.0
38316,0,0,0,1,1,0.0,0.0,0.0
102452,0,0,0,1,1,0.0,0.0,0.0
30794,0,0,0,8,8,0.0,0.0,0.0
21628,0,0,0,1,1,0.0,0.0,0.0
74074,1,0,0,3,4,0.3333,0.0,0.0
81851,0,0,0,1,1,0.0,0.0,0.0
76070,0,1,0,33,34,0.0,0.0303,0.0
17118,0,0,0,3,3,0.0,0.0,0.0
23256,0,0,0,8,8,0.0,0.0,0.0
23824,0,0,0,4,4,0.0,0.0,0.0
41367,1,4,8,145,158,0.0069,0.0276,0.0552
38043,0,1,0,9,10,0.0,0.1111,0.0
41021,0,1,0,21,22,0.0,0.0476,0.0
54521,0,1,0,49,50,0.0,0.0204,0.0
94326,2,0,0,19,21,0.1053,0.0,0.0
45277,0,0,0,1,1,0.0,0.0,0.0
96250,0,1,1,34,36,0.0,0.0294,0.0294
46052,1,0,0,57,58,0.0175,0.0,0.0
96360,1,1,0,25,27,0.04,0.04,0.0
30932,0,0,0,8,8,0.0,0.0,0.0
103068,0,0,0,15,15,0.0,0.0,0.0
22635,1,0,0,30,31,0.0333,0.0,0.0
37227,0,0,0,2,2,0.0,0.0,0.0
15198,0,0,0,6,6,0.0,0.0,0.0
89300,0,2,0,4,6,0.0,0.5,0.0
79568,0,1,0,30,31,0.0,0.0333,0.0
52078,3,6,1,165,175,0.0182,0.0364,0.0061
8142,0,2,1,2,5,0.0,1.0,0.5
6114,0,0,0,26,26,0.0,0.0,0.0
29010,0,4,0,30,34,0.0,0.1333,0.0
94592,0,0,0,15,15,0.0,0.0,0.0
33829,0,0,0,5,5,0.0,0.0,0.0
39770,0,0,0,4,4,0.0,0.0,0.0
82507,0,0,1,30,31,0.0,0.0,0.0333
99312,0,0,0,7,7,0.0,0.0,0.0
80250,0,0,0,4,4,0.0,0.0,0.0
93372,0,0,0,7,7,0.0,0.0,0.0
29804,0,0,0,4,4,0.0,0.0,0.0
3535,0,0,0,1,1,0.0,0.0,0.0
3250,5,2,0,147,154,0.034,0.0136,0.0
94354,0,0,0,4,4,0.0,0.0,0.0
25245,0,0,0,16,16,0.0,0.0,0.0
22369,1,0,0,24,25,0.0417,0.0,0.0
26533,0,0,0,1,1,0.0,0.0,0.0
77205,0,0,0,27,27,0.0,0.0,0.0
68667,0,0,0,1,1,0.0,0.0,0.0
45212,0,0,0,1,1,0.0,0.0,0.0
71823,0,0,0,9,9,0.0,0.0,0.0
49588,0,0,0,8,8,0.0,0.0,0.0
91331,0,0,0,4,4,0.0,0.0,0.0
66174,0,0,0,4,4,0.0,0.0,0.0
67505,0,0,0,3,3,0.0,0.0,0.0
63654,0,0,0,3,3,0.0,0.0,0.0
92884,0,0,0,2,2,0.0,0.0,0.0
199,0,0,0,12,12,0.0,0.0,0.0
41534,0,0,0,1,1,0.0,0.0,0.0
55112,0,0,0,3,3,0.0,0.0,0.0
34720,0,0,0,1,1,0.0,0.0,0.0
30081,1,0,1,11,13,0.0909,0.0,0.0909
29111,0,0,0,7,7,0.0,0.0,0.0
98682,0,0,0,7,7,0.0,0.0,0.0
23044,0,0,0,1,1,0.0,0.0,0.0
66324,0,0,0,4,4,0.0,0.0,0.0
51223,0,0,0,1,1,0.0,0.0,0.0
13258,0,0,0,4,4,0.0,0.0,0.0
62108,0,0,0,2,2,0.0,0.0,0.0
61167,2,0,2,14,18,0.1429,0.0,0.1429
42996,0,0,1,5,6,0.0,0.0,0.2
87362,0,0,0,1,1,0.0,0.0,0.0
7308,0,0,0,1,1,0.0,0.0,0.0
43168,0,0,0,2,2,0.0,0.0,0.0
34124,0,0,0,1,1,0.0,0.0,0.0
32388,0,2,0,1,3,0.0,2.0,0.0
86435,0,0,0,2,2,0.0,0.0,0.0
8617,0,0,0,2,2,0.0,0.0,0.0
36962,0,0,0,1,1,0.0,0.0,0.0
19454,0,0,0,1,1,0.0,0.0,0.0
30863,0,0,1,27,28,0.0,0.0,0.037
9149,0,0,0,3,3,0.0,0.0,0.0
31026,1,1,4,70,76,0.0143,0.0143,0.0571
8195,0,0,0,8,8,0.0,0.0,0.0
30185,0,0,0,42,42,0.0,0.0,0.0
80463,0,0,0,1,1,0.0,0.0,0.0
65250,0,3,0,24,27,0.0,0.125,0.0
50949,1,8,3,258,270,0.0039,0.031,0.0116
100693,0,0,0,3,3,0.0,0.0,0.0
57587,0,1,0,11,12,0.0,0.0909,0.0
101379,0,1,0,70,71,0.0,0.0143,0.0
54375,2,2,0,61,65,0.0328,0.0328,0.0
9356,0,0,0,4,4,0.0,0.0,0.0
101611,0,2,0,18,20,0.0,0.1111,0.0
44612,1,0,0,14,15,0.0714,0.0,0.0
98508,0,1,0,41,42,0.0,0.0244,0.0
90426,0,0,0,16,16,0.0,0.0,0.0
32070,0,0,0,30,30,0.0,0.0,0.0
78655,0,0,0,14,14,0.0,0.0,0.0
50271,0,1,1,13,15,0.0,0.0769,0.0769
103989,1,1,0,23,25,0.0435,0.0435,0.0
96350,2,0,0,19,21,0.1053,0.0,0.0
22614,0,0,0,3,3,0.0,0.0,0.0
95949,0,2,0,55,57,0.0,0.0364,0.0
69370,0,0,0,10,10,0.0,0.0,0.0
99964,0,0,0,2,2,0.0,0.0,0.0
69445,0,0,0,1,1,0.0,0.0,0.0
93679,0,0,0,1,1,0.0,0.0,0.0
69502,0,0,0,4,4,0.0,0.0,0.0
88446,0,0,0,34,34,0.0,0.0,0.0
68309,0,0,0,7,7,0.0,0.0,0.0
1106,0,0,0,2,2,0.0,0.0,0.0
45749,1,3,0,51,55,0.0196,0.0588,0.0
98705,0,0,0,11,11,0.0,0.0,0.0
30724,0,0,0,15,15,0.0,0.0,0.0
54961,0,0,0,10,10,0.0,0.0,0.0
23102,0,0,0,6,6,0.0,0.0,0.0
76574,0,1,0,3,4,0.0,0.3333,0.0
66203,0,0,0,8,8,0.0,0.0,0.0
66270,0,0,0,4,4,0.0,0.0,0.0
3946,0,0,0,4,4,0.0,0.0,0.0
93971,0,0,0,3,3,0.0,0.0,0.0
98779,0,0,0,2,2,0.0,0.0,0.0
20963,0,0,0,5,5,0.0,0.0,0.0
24245,0,0,0,1,1,0.0,0.0,0.0
35740,0,0,0,2,2,0.0,0.0,0.0
99115,0,0,0,4,4,0.0,0.0,0.0
4934,0,0,0,55,55,0.0,0.0,0.0
9392,0,0,0,32,32,0.0,0.0,0.0
95324,0,3,0,15,18,0.0,0.2,0.0
81516,0,0,0,1,1,0.0,0.0,0.0
3948,0,1,0,56,57,0.0,0.0179,0.0
18856,0,0,0,1,1,0.0,0.0,0.0
81421,0,0,0,9,9,0.0,0.0,0.0
49791,0,0,0,1,1,0.0,0.0,0.0
42887,0,0,0,1,1,0.0,0.0,0.0
40007,0,0,0,1,1,0.0,0.0,0.0
35373,0,1,1,11,13,0.0,0.0909,0.0909
25942,0,0,0,1,1,0.0,0.0,0.0
22201,0,0,0,15,15,0.0,0.0,0.0
55148,0,0,0,1,1,0.0,0.0,0.0
68822,0,0,0,8,8,0.0,0.0,0.0
36890,0,0,0,1,1,0.0,0.0,0.0
85769,0,0,0,1,1,0.0,0.0,0.0
36826,0,0,0,10,10,0.0,0.0,0.0
1312,0,1,0,44,45,0.0,0.0227,0.0
51195,0,0,0,5,5,0.0,0.0,0.0
87939,0,0,0,1,1,0.0,0.0,0.0
53480,0,0,2,7,9,0.0,0.0,0.2857
90086,0,0,0,1,1,0.0,0.0,0.0
11097,3,0,3,48,54,0.0625,0.0,0.0625
97905,2,2,0,57,61,0.0351,0.0351,0.0
34880,0,0,0,10,10,0.0,0.0,0.0
14797,0,0,0,10,10,0.0,0.0,0.0
21492,2,2,1,91,96,0.022,0.022,0.011
72911,0,1,0,25,26,0.0,0.04,0.0
97603,0,0,0,20,20,0.0,0.0,0.0
51476,0,0,1,12,13,0.0,0.0,0.0833
14759,0,0,0,4,4,0.0,0.0,0.0
100012,0,0,0,1,1,0.0,0.0,0.0
56793,0,0,0,2,2,0.0,0.0,0.0
22533,0,0,0,19,19,0.0,0.0,0.0
13970,0,1,0,26,27,0.0,0.0385,0.0
48631,0,0,1,21,22,0.0,0.0,0.0476
53131,0,0,0,7,7,0.0,0.0,0.0
64321,0,0,0,3,3,0.0,0.0,0.0
51725,1,2,0,15,18,0.0667,0.1333,0.0
24411,0,0,0,81,81,0.0,0.0,0.0
59713,1,0,0,80,81,0.0125,0.0,0.0
16963,0,0,0,23,23,0.0,0.0,0.0
99666,0,0,0,10,10,0.0,0.0,0.0
100890,0,0,0,8,8,0.0,0.0,0.0
61211,0,0,0,1,1,0.0,0.0,0.0
94992,0,0,0,4,4,0.0,0.0,0.0
6889,0,0,0,14,14,0.0,0.0,0.0
60778,1,3,1,63,68,0.0159,0.0476,0.0159
98799,2,0,2,14,18,0.1429,0.0,0.1429
48823,0,0,0,17,17,0.0,0.0,0.0
31355,0,0,0,12,12,0.0,0.0,0.0
38977,0,0,0,4,4,0.0,0.0,0.0
69498,0,0,0,2,2,0.0,0.0,0.0
32234,0,1,0,9,10,0.0,0.1111,0.0
72731,0,0,0,10,10,0.0,0.0,0.0
28452,0,0,0,2,2,0.0,0.0,0.0
7016,1,0,0,21,22,0.0476,0.0,0.0
88147,0,0,1,2,3,0.0,0.0,0.5
71868,0,1,0,38,39,0.0,0.0263,0.0
88058,0,0,0,4,4,0.0,0.0,0.0
41343,0,0,0,72,72,0.0,0.0,0.0
80471,0,0,0,13,13,0.0,0.0,0.0
84010,0,0,0,5,5,0.0,0.0,0.0
11857,0,0,0,1,1,0.0,0.0,0.0
38737,0,0,0,1,1,0.0,0.0,0.0
5991,0,0,0,1,1,0.0,0.0,0.0
54452,0,0,0,3,3,0.0,0.0,0.0
66093,0,0,0,2,2,0.0,0.0,0.0
77085,0,0,0,1,1,0.0,0.0,0.0
88170,0,0,0,1,1,0.0,0.0,0.0
40326,0,0,0,1,1,0.0,0.0,0.0
25967,0,0,0,4,4,0.0,0.0,0.0
40184,0,0,0,2,2,0.0,0.0,0.0
59000,1,0,0,13,14,0.0769,0.0,0.0
65730,0,0,0,1,1,0.0,0.0,0.0
45160,0,0,0,4,4,0.0,0.0,0.0
59607,0,0,0,1,1,0.0,0.0,0.0
94093,0,0,0,1,1,0.0,0.0,0.0
33250,0,0,0,2,2,0.0,0.0,0.0
60820,0,4,0,8,12,0.0,0.5,0.0
68577,0,0,0,4,4,0.0,0.0,0.0
30424,0,0,0,1,1,0.0,0.0,0.0
81168,0,0,0,5,5,0.0,0.0,0.0
48525,0,0,0,1,1,0.0,0.0,0.0
56558,0,0,0,3,3,0.0,0.0,0.0
21208,0,0,0,1,1,0.0,0.0,0.0
82312,0,0,0,6,6,0.0,0.0,0.0
36036,0,1,1,20,22,0.0,0.05,0.05
56083,0,2,0,25,27,0.0,0.08,0.0
32555,2,2,1,167,172,0.012,0.012,0.006
71441,1,0,1,95,97,0.0105,0.0,0.0105
20629,0,0,0,6,6,0.0,0.0,0.0
34367,0,0,0,12,12,0.0,0.0,0.0
18159,0,0,0,2,2,0.0,0.0,0.0
50173,0,0,0,13,13,0.0,0.0,0.0
8944,0,1,0,19,20,0.0,0.0526,0.0
26389,0,1,0,31,32,0.0,0.0323,0.0
103413,0,0,0,20,20,0.0,0.0,0.0
9796,0,0,0,17,17,0.0,0.0,0.0
15803,3,1,0,73,77,0.0411,0.0137,0.0
32325,0,1,0,13,14,0.0,0.0769,0.0
58068,0,1,0,2,3,0.0,0.5,0.0
47966,0,0,0,11,11,0.0,0.0,0.0
31780,0,0,0,23,23,0.0,0.0,0.0
100672,0,0,1,37,38,0.0,0.0,0.027
82045,0,3,0,54,57,0.0,0.0556,0.0
57999,0,1,1,33,35,0.0,0.0303,0.0303
84863,0,3,0,16,19,0.0,0.1875,0.0
67255,2,1,3,108,114,0.0185,0.0093,0.0278
72354,0,0,0,17,17,0.0,0.0,0.0
98607,0,0,0,32,32,0.0,0.0,0.0
80869,1,2,3,186,192,0.0054,0.0108,0.0161
93122,0,0,0,7,7,0.0,0.0,0.0
28798,0,0,0,6,6,0.0,0.0,0.0
86787,0,0,0,3,3,0.0,0.0,0.0
6519,0,0,0,4,4,0.0,0.0,0.0
17673,0,3,0,70,73,0.0,0.0429,0.0
86542,0,0,0,7,7,0.0,0.0,0.0
69345,0,0,0,21,21,0.0,0.0,0.0
53068,0,0,0,1,1,0.0,0.0,0.0
55464,0,0,0,1,1,0.0,0.0,0.0
56548,0,2,0,23,25,0.0,0.087,0.0
9398,0,1,0,3,4,0.0,0.3333,0.0
33313,0,0,0,1,1,0.0,0.0,0.0
72208,0,0,1,4,5,0.0,0.0,0.25
38458,3,3,0,103,109,0.0291,0.0291,0.0
43672,0,0,0,2,2,0.0,0.0,0.0
56113,0,0,0,4,4,0.0,0.0,0.0
51427,0,0,0,4,4,0.0,0.0,0.0
102880,0,0,0,4,4,0.0,0.0,0.0
69468,0,2,0,12,14,0.0,0.1667,0.0
29640,0,0,0,3,3,0.0,0.0,0.0
41174,0,0,0,3,3,0.0,0.0,0.0
102598,0,0,0,61,61,0.0,0.0,0.0
74313,0,0,0,19,19,0.0,0.0,0.0
32656,0,0,2,8,10,0.0,0.0,0.25
11559,0,0,0,4,4,0.0,0.0,0.0
66640,0,0,0,2,2,0.0,0.0,0.0
56531,0,2,0,3,5,0.0,0.6667,0.0
46614,0,0,0,6,6,0.0,0.0,0.0
84500,0,0,0,3,3,0.0,0.0,0.0
100725,0,0,0,5,5,0.0,0.0,0.0
69240,0,0,0,11,11,0.0,0.0,0.0
78533,0,0,0,8,8,0.0,0.0,0.0
98183,0,0,0,1,1,0.0,0.0,0.0
10256,0,1,0,3,4,0.0,0.3333,0.0
2162,0,0,0,5,5,0.0,0.0,0.0
26314,0,0,0,6,6,0.0,0.0,0.0
18275,0,0,0,1,1,0.0,0.0,0.0
12747,0,0,0,1,1,0.0,0.0,0.0
90935,0,0,0,8,8,0.0,0.0,0.0
81002,0,0,0,1,1,0.0,0.0,0.0
101425,0,0,0,4,4,0.0,0.0,0.0
64687,0,0,0,10,10,0.0,0.0,0.0
3130,0,0,0,17,17,0.0,0.0,0.0
45585,2,3,0,152,157,0.0132,0.0197,0.0
45374,0,0,0,2,2,0.0,0.0,0.0
101168,0,0,0,2,2,0.0,0.0,0.0
73054,0,0,0,2,2,0.0,0.0,0.0
8444,0,0,0,10,10,0.0,0.0,0.0
34578,0,1,2,25,28,0.0,0.04,0.08
62138,0,0,0,4,4,0.0,0.0,0.0
56934,0,0,1,33,34,0.0,0.0,0.0303
27167,0,0,0,2,2,0.0,0.0,0.0
81339,0,0,1,33,34,0.0,0.0,0.0303
92395,0,0,3,113,116,0.0,0.0,0.0265
19147,0,0,1,31,32,0.0,0.0,0.0323
31069,0,0,0,1,1,0.0,0.0,0.0
49080,0,0,3,47,50,0.0,0.0,0.0638
25689,0,2,2,54,58,0.0,0.037,0.037
44152,1,0,0,12,13,0.0833,0.0,0.0
5228,0,0,0,5,5,0.0,0.0,0.0
81575,0,0,0,1,1,0.0,0.0,0.0
25361,4,8,4,272,288,0.0147,0.0294,0.0147
63478,0,0,0,10,10,0.0,0.0,0.0
55982,2,1,1,45,49,0.0444,0.0222,0.0222
17459,0,0,2,11,13,0.0,0.0,0.1818
45614,0,1,0,8,9,0.0,0.125,0.0
99123,7,13,9,392,421,0.0179,0.0332,0.023
65054,0,2,0,46,48,0.0,0.0435,0.0
8050,1,0,0,50,51,0.02,0.0,0.0
60111,0,0,0,4,4,0.0,0.0,0.0
3107,0,0,0,13,13,0.0,0.0,0.0
99109,0,0,0,1,1,0.0,0.0,0.0
53567,0,0,1,15,16,0.0,0.0,0.0667
27216,1,0,0,6,7,0.1667,0.0,0.0
83181,0,0,0,3,3,0.0,0.0,0.0
95269,4,0,0,59,63,0.0678,0.0,0.0
78949,0,0,0,3,3,0.0,0.0,0.0
131,0,0,0,4,4,0.0,0.0,0.0
94403,1,0,0,63,64,0.0159,0.0,0.0
91369,0,0,0,4,4,0.0,0.0,0.0
47408,0,1,0,10,11,0.0,0.1,0.0
22482,0,0,0,2,2,0.0,0.0,0.0
15395,0,0,0,7,7,0.0,0.0,0.0
84008,0,0,0,3,3,0.0,0.0,0.0
24827,0,0,0,1,1,0.0,0.0,0.0
100969,1,1,0,17,19,0.0588,0.0588,0.0
21776,0,0,2,6,8,0.0,0.0,0.3333
1070,0,0,0,1,1,0.0,0.0,0.0
92541,0,0,0,2,2,0.0,0.0,0.0
38319,1,0,0,10,11,0.1,0.0,0.0
73527,0,0,0,33,33,0.0,0.0,0.0
58489,0,0,0,2,2,0.0,0.0,0.0
55301,0,0,0,9,9,0.0,0.0,0.0
45506,0,0,0,7,7,0.0,0.0,0.0
94904,0,0,0,2,2,0.0,0.0,0.0
59731,0,1,0,10,11,0.0,0.1,0.0
44096,0,0,0,1,1,0.0,0.0,0.0
90877,0,0,0,1,1,0.0,0.0,0.0
5314,0,0,0,1,1,0.0,0.0,0.0
59269,0,0,0,2,2,0.0,0.0,0.0
59718,0,0,0,3,3,0.0,0.0,0.0
49989,0,2,0,3,5,0.0,0.6667,0.0
35719,0,2,0,3,5,0.0,0.6667,0.0
39307,0,0,0,4,4,0.0,0.0,0.0
74729,0,0,0,1,1,0.0,0.0,0.0
44223,0,0,0,4,4,0.0,0.0,0.0
7670,0,1,0,5,6,0.0,0.2,0.0
77944,0,0,0,1,1,0.0,0.0,0.0
2624,0,0,0,2,2,0.0,0.0,0.0
4065,0,0,0,38,38,0.0,0.0,0.0
10749,0,0,0,4,4,0.0,0.0,0.0
67402,0,1,0,12,13,0.0,0.0833,0.0
95699,0,0,0,1,1,0.0,0.0,0.0
48879,0,0,0,1,1,0.0,0.0,0.0
41376,0,4,1,220,225,0.0,0.0182,0.0045
45236,1,2,2,99,104,0.0101,0.0202,0.0202
25753,0,0,0,40,40,0.0,0.0,0.0
93456,1,0,0,48,49,0.0208,0.0,0.0
21218,0,3,0,22,25,0.0,0.1364,0.0
52685,2,6,2,250,260,0.008,0.024,0.008
103209,0,0,0,14,14,0.0,0.0,0.0
99032,0,0,0,2,2,0.0,0.0,0.0
57424,0,0,0,6,6,0.0,0.0,0.0
96148,0,0,1,5,6,0.0,0.0,0.2
71591,0,1,0,13,14,0.0,0.0769,0.0
77829,0,0,0,25,25,0.0,0.0,0.0
28571,0,0,0,2,2,0.0,0.0,0.0
89413,0,4,1,152,157,0.0,0.0263,0.0066
67328,1,0,0,2,3,0.5,0.0,0.0
96982,0,0,1,54,55,0.0,0.0,0.0185
72677,0,0,0,1,1,0.0,0.0,0.0
28979,0,0,0,2,2,0.0,0.0,0.0
53277,0,0,0,6,6,0.0,0.0,0.0
55494,1,0,0,19,20,0.0526,0.0,0.0
60224,0,2,0,126,128,0.0,0.0159,0.0
41446,0,0,1,21,22,0.0,0.0,0.0476
365,0,0,0,1,1,0.0,0.0,0.0
67365,1,1,0,35,37,0.0286,0.0286,0.0
4194,0,0,0,41,41,0.0,0.0,0.0
60053,0,0,0,41,41,0.0,0.0,0.0
47650,0,0,0,3,3,0.0,0.0,0.0
7288,0,3,0,51,54,0.0,0.0588,0.0
34400,0,2,0,61,63,0.0,0.0328,0.0
6681,0,0,0,1,1,0.0,0.0,0.0
8535,0,0,1,1,2,0.0,0.0,1.0
25745,0,1,0,3,4,0.0,0.3333,0.0
44402,0,0,0,21,21,0.0,0.0,0.0
68027,0,0,0,6,6,0.0,0.0,0.0
98908,0,2,4,136,142,0.0,0.0147,0.0294
8991,0,0,0,14,14,0.0,0.0,0.0
16825,0,1,0,14,15,0.0,0.0714,0.0
76266,0,2,0,24,26,0.0,0.0833,0.0
100312,0,0,0,16,16,0.0,0.0,0.0
49957,0,0,0,3,3,0.0,0.0,0.0
88400,0,0,0,4,4,0.0,0.0,0.0
43110,1,0,0,36,37,0.0278,0.0,0.0
97312,0,0,0,32,32,0.0,0.0,0.0
92573,0,0,0,11,11,0.0,0.0,0.0
89836,0,0,0,10,10,0.0,0.0,0.0
72460,0,0,0,7,7,0.0,0.0,0.0
103332,0,0,0,7,7,0.0,0.0,0.0
54004,0,0,0,5,5,0.0,0.0,0.0
33977,0,0,0,1,1,0.0,0.0,0.0
60740,2,0,0,44,46,0.0455,0.0,0.0
7045,0,0,2,2,4,0.0,0.0,1.0
88430,0,0,0,1,1,0.0,0.0,0.0
55064,0,0,0,4,4,0.0,0.0,0.0
59430,0,0,1,7,8,0.0,0.0,0.1429
15225,0,0,0,4,4,0.0,0.0,0.0
99548,0,0,0,13,13,0.0,0.0,0.0
90132,0,0,0,1,1,0.0,0.0,0.0
17961,0,1,0,2,3,0.0,0.5,0.0
18470,0,0,0,1,1,0.0,0.0,0.0
34359,0,0,0,4,4,0.0,0.0,0.0
16815,0,0,0,1,1,0.0,0.0,0.0
55764,0,0,0,1,1,0.0,0.0,0.0
3344,0,0,0,1,1,0.0,0.0,0.0
6208,0,0,0,12,12,0.0,0.0,0.0
91532,0,0,0,1,1,0.0,0.0,0.0
66403,5,10,1,248,264,0.0202,0.0403,0.004
60800,0,0,0,24,24,0.0,0.0,0.0
54527,0,0,7,92,99,0.0,0.0,0.0761
54018,0,0,0,5,5,0.0,0.0,0.0
19946,0,0,0,9,9,0.0,0.0,0.0
51211,0,1,0,22,23,0.0,0.0455,0.0
97728,0,0,1,12,13,0.0,0.0,0.0833
68496,2,15,1,215,233,0.0093,0.0698,0.0047
24590,0,1,0,7,8,0.0,0.1429,0.0
94752,0,0,0,77,77,0.0,0.0,0.0
22285,0,0,0,6,6,0.0,0.0,0.0
5617,2,2,2,37,43,0.0541,0.0541,0.0541
96741,0,0,0,1,1,0.0,0.0,0.0
43721,0,0,0,4,4,0.0,0.0,0.0
67539,0,0,2,15,17,0.0,0.0,0.1333
70509,0,0,1,37,38,0.0,0.0,0.027
98140,0,1,0,7,8,0.0,0.1429,0.0
7496,0,0,0,10,10,0.0,0.0,0.0
96077,0,0,1,28,29,0.0,0.0,0.0357
73406,0,0,0,3,3,0.0,0.0,0.0
1612,0,0,0,26,26,0.0,0.0,0.0
32927,0,0,0,14,14,0.0,0.0,0.0
70088,0,0,0,10,10,0.0,0.0,0.0
84369,0,0,0,24,24,0.0,0.0,0.0
60616,0,0,0,17,17,0.0,0.0,0.0
27130,0,0,0,7,7,0.0,0.0,0.0
75096,0,0,0,14,14,0.0,0.0,0.0
7577,0,0,0,3,3,0.0,0.0,0.0
98988,0,0,0,32,32,0.0,0.0,0.0
82679,0,0,0,1,1,0.0,0.0,0.0
49218,0,0,0,12,12,0.0,0.0,0.0
96489,0,0,0,3,3,0.0,0.0,0.0
15101,0,0,0,1,1,0.0,0.0,0.0
8781,0,0,0,3,3,0.0,0.0,0.0
19626,0,0,0,2,2,0.0,0.0,0.0
41455,0,0,0,3,3,0.0,0.0,0.0
20691,0,2,1,31,34,0.0,0.0645,0.0323
7356,0,0,0,1,1,0.0,0.0,0.0
17632,0,0,0,4,4,0.0,0.0,0.0
55310,0,0,0,1,1,0.0,0.0,0.0
35125,0,0,0,3,3,0.0,0.0,0.0
56137,0,0,0,8,8,0.0,0.0,0.0
7374,0,0,0,1,1,0.0,0.0,0.0
102781,0,0,0,1,1,0.0,0.0,0.0
6777,0,0,0,3,3,0.0,0.0,0.0
47430,0,0,0,5,5,0.0,0.0,0.0
9541,0,0,0,4,4,0.0,0.0,0.0
71513,0,0,0,13,13,0.0,0.0,0.0
47678,0,0,0,1,1,0.0,0.0,0.0
37212,0,0,0,1,1,0.0,0.0,0.0
87094,0,2,0,3,5,0.0,0.6667,0.0
56106,0,0,1,2,3,0.0,0.0,0.5
31719,0,0,0,1,1,0.0,0.0,0.0
10048,0,1,0,3,4,0.0,0.3333,0.0
55082,0,0,0,1,1,0.0,0.0,0.0
6596,0,0,0,4,4,0.0,0.0,0.0
11392,0,0,0,1,1,0.0,0.0,0.0
59733,0,0,0,2,2,0.0,0.0,0.0
4836,0,0,0,2,2,0.0,0.0,0.0
101458,0,0,0,1,1,0.0,0.0,0.0
102627,0,0,0,3,3,0.0,0.0,0.0
84101,0,1,1,11,13,0.0,0.0909,0.0909
12521,0,0,0,2,2,0.0,0.0,0.0
83147,0,0,0,2,2,0.0,0.0,0.0
44168,0,0,0,1,1,0.0,0.0,0.0
44804,0,0,0,2,2,0.0,0.0,0.0
4783,0,0,0,4,4,0.0,0.0,0.0
19961,0,0,0,2,2,0.0,0.0,0.0
63314,0,2,0,23,25,0.0,0.087,0.0
29258,2,12,1,109,124,0.0183,0.1101,0.0092
10160,0,0,0,28,28,0.0,0.0,0.0
17557,0,0,0,6,6,0.0,0.0,0.0
86790,0,0,0,1,1,0.0,0.0,0.0
95605,0,0,0,23,23,0.0,0.0,0.0
72174,4,3,6,269,282,0.0149,0.0112,0.0223
64207,0,0,0,2,2,0.0,0.0,0.0
24922,0,0,0,9,9,0.0,0.0,0.0
60063,1,3,0,32,36,0.0313,0.0938,0.0
53275,0,0,0,16,16,0.0,0.0,0.0
58131,0,0,0,2,2,0.0,0.0,0.0
50755,0,1,1,31,33,0.0,0.0323,0.0323
87640,0,0,0,1,1,0.0,0.0,0.0
45133,0,0,0,6,6,0.0,0.0,0.0
56534,0,0,0,7,7,0.0,0.0,0.0
49837,1,0,0,8,9,0.125,0.0,0.0
81281,0,0,0,2,2,0.0,0.0,0.0
93489,0,0,0,5,5,0.0,0.0,0.0
29140,0,1,0,11,12,0.0,0.0909,0.0
43055,0,1,0,11,12,0.0,0.0909,0.0
85057,1,0,1,11,13,0.0909,0.0,0.0909
35376,0,0,0,9,9,0.0,0.0,0.0
70004,0,0,0,16,16,0.0,0.0,0.0
5873,0,0,0,14,14,0.0,0.0,0.0
90852,0,0,1,15,16,0.0,0.0,0.0667
92002,0,0,0,9,9,0.0,0.0,0.0
91870,0,0,0,2,2,0.0,0.0,0.0
11756,0,0,0,3,3,0.0,0.0,0.0
104395,0,2,0,79,81,0.0,0.0253,0.0
66864,0,0,3,48,51,0.0,0.0,0.0625
72486,0,0,2,18,20,0.0,0.0,0.1111
66838,2,2,2,180,186,0.0111,0.0111,0.0111
17401,0,0,1,12,13,0.0,0.0,0.0833
81943,0,0,0,6,6,0.0,0.0,0.0
27408,0,0,0,7,7,0.0,0.0,0.0
38939,0,0,0,10,10,0.0,0.0,0.0
64930,0,0,0,9,9,0.0,0.0,0.0
36477,0,0,0,14,14,0.0,0.0,0.0
101850,1,0,0,37,38,0.027,0.0,0.0
48367,0,1,0,16,17,0.0,0.0625,0.0
573,0,0,0,8,8,0.0,0.0,0.0
33074,0,0,0,2,2,0.0,0.0,0.0
67283,0,0,0,6,6,0.0,0.0,0.0
7658,0,0,0,1,1,0.0,0.0,0.0
42496,0,0,0,1,1,0.0,0.0,0.0
48130,0,0,0,7,7,0.0,0.0,0.0
10185,0,0,0,1,1,0.0,0.0,0.0
38837,0,0,0,2,2,0.0,0.0,0.0
37707,0,0,0,1,1,0.0,0.0,0.0
91598,0,0,0,3,3,0.0,0.0,0.0
87933,0,0,0,2,2,0.0,0.0,0.0
84428,0,0,0,1,1,0.0,0.0,0.0
78361,1,1,0,16,18,0.0625,0.0625,0.0
78203,0,0,0,1,1,0.0,0.0,0.0
84339,0,0,0,1,1,0.0,0.0,0.0
53869,0,0,0,1,1,0.0,0.0,0.0
3329,0,0,0,1,1,0.0,0.0,0.0
25302,0,0,0,2,2,0.0,0.0,0.0
78308,0,0,0,1,1,0.0,0.0,0.0
47461,0,0,0,5,5,0.0,0.0,0.0
55175,0,0,0,1,1,0.0,0.0,0.0
64929,0,0,0,1,1,0.0,0.0,0.0
6645,0,0,0,7,7,0.0,0.0,0.0
10175,0,0,0,3,3,0.0,0.0,0.0
103497,0,0,0,1,1,0.0,0.0,0.0
19637,0,0,0,4,4,0.0,0.0,0.0
4236,0,0,0,6,6,0.0,0.0,0.0
47004,0,0,0,1,1,0.0,0.0,0.0
42941,0,0,0,1,1,0.0,0.0,0.0
104334,0,0,0,2,2,0.0,0.0,0.0
95543,1,1,0,201,203,0.005,0.005,0.0
34538,0,0,1,1,2,0.0,0.0,1.0
82095,0,0,0,18,18,0.0,0.0,0.0
82694,0,0,0,4,4,0.0,0.0,0.0
89622,1,0,2,27,30,0.037,0.0,0.0741
16600,0,1,0,27,28,0.0,0.037,0.0
26321,0,0,0,1,1,0.0,0.0,0.0
38384,0,0,0,5,5,0.0,0.0,0.0
20525,0,0,0,1,1,0.0,0.0,0.0
12498,0,0,0,2,2,0.0,0.0,0.0
60020,0,0,2,148,150,0.0,0.0,0.0135
55739,0,0,0,8,8,0.0,0.0,0.0
57094,0,4,0,40,44,0.0,0.1,0.0
95452,0,0,0,26,26,0.0,0.0,0.0
74850,0,0,0,9,9,0.0,0.0,0.0
87691,0,3,1,102,106,0.0,0.0294,0.0098
42964,0,0,0,2,2,0.0,0.0,0.0
4146,0,0,0,10,10,0.0,0.0,0.0
74551,0,1,0,5,6,0.0,0.2,0.0
38822,0,0,0,1,1,0.0,0.0,0.0
44693,0,0,0,2,2,0.0,0.0,0.0
60447,0,0,0,16,16,0.0,0.0,0.0
63237,0,0,0,32,32,0.0,0.0,0.0
67697,0,0,0,5,5,0.0,0.0,0.0
69926,0,0,0,9,9,0.0,0.0,0.0
95317,0,1,0,9,10,0.0,0.1111,0.0
54377,0,0,0,3,3,0.0,0.0,0.0
100489,0,1,0,30,31,0.0,0.0333,0.0
76039,2,1,1,67,71,0.0299,0.0149,0.0149
79336,0,0,0,1,1,0.0,0.0,0.0
36713,0,0,0,1,1,0.0,0.0,0.0
52628,0,0,0,4,4,0.0,0.0,0.0
12135,0,0,0,10,10,0.0,0.0,0.0
42725,0,0,3,91,94,0.0,0.0,0.033
88326,0,0,0,5,5,0.0,0.0,0.0
44036,0,0,0,13,13,0.0,0.0,0.0
74988,0,0,0,29,29,0.0,0.0,0.0
64438,0,0,2,7,9,0.0,0.0,0.2857
33163,0,0,0,1,1,0.0,0.0,0.0
84451,0,0,0,2,2,0.0,0.0,0.0
38035,0,0,0,1,1,0.0,0.0,0.0
46665,0,2,2,54,58,0.0,0.037,0.037
8891,0,1,0,16,17,0.0,0.0625,0.0
45418,0,0,0,2,2,0.0,0.0,0.0
57954,0,0,1,4,5,0.0,0.0,0.25
63651,0,0,0,4,4,0.0,0.0,0.0
61909,0,0,0,4,4,0.0,0.0,0.0
82048,0,0,0,6,6,0.0,0.0,0.0
79096,0,0,0,1,1,0.0,0.0,0.0
36581,0,0,0,4,4,0.0,0.0,0.0
52334,0,1,0,1,2,0.0,1.0,0.0
38360,0,0,0,4,4,0.0,0.0,0.0
33778,0,1,0,3,4,0.0,0.3333,0.0
90685,0,0,0,1,1,0.0,0.0,0.0
9856,0,0,0,1,1,0.0,0.0,0.0
23925,0,0,0,16,16,0.0,0.0,0.0
74403,0,0,0,9,9,0.0,0.0,0.0
19751,0,0,0,2,2,0.0,0.0,0.0
68566,0,0,1,2,3,0.0,0.0,0.5
59745,0,0,0,4,4,0.0,0.0,0.0
55101,0,0,0,1,1,0.0,0.0,0.0
87732,0,0,0,1,1,0.0,0.0,0.0
85732,0,0,0,10,10,0.0,0.0,0.0
57080,1,3,1,83,88,0.012,0.0361,0.012
87954,0,0,0,8,8,0.0,0.0,0.0
74320,0,0,0,36,36,0.0,0.0,0.0
3768,0,0,0,14,14,0.0,0.0,0.0
65756,0,0,1,22,23,0.0,0.0,0.0455
45988,0,1,0,14,15,0.0,0.0714,0.0
51587,0,0,0,29,29,0.0,0.0,0.0
45015,0,0,0,1,1,0.0,0.0,0.0
18644,0,0,0,2,2,0.0,0.0,0.0
54711,0,9,2,128,139,0.0,0.0703,0.0156
79172,1,0,0,7,8,0.1429,0.0,0.0
38256,0,0,0,4,4,0.0,0.0,0.0
96615,0,0,0,7,7,0.0,0.0,0.0
68543,0,2,0,14,16,0.0,0.1429,0.0
62984,0,0,2,49,51,0.0,0.0,0.0408
32156,0,0,0,13,13,0.0,0.0,0.0
25679,1,1,1,43,46,0.0233,0.0233,0.0233
35164,0,3,0,29,32,0.0,0.1034,0.0
100665,0,0,0,1,1,0.0,0.0,0.0
57156,0,0,0,1,1,0.0,0.0,0.0
28662,1,1,0,17,19,0.0588,0.0588,0.0
40651,0,0,0,1,1,0.0,0.0,0.0
55090,0,0,0,15,15,0.0,0.0,0.0
24242,0,0,0,3,3,0.0,0.0,0.0
100873,0,3,1,97,101,0.0,0.0309,0.0103
61670,0,0,0,5,5,0.0,0.0,0.0
61575,0,3,0,66,69,0.0,0.0455,0.0
77887,0,0,0,1,1,0.0,0.0,0.0
57344,1,0,0,12,13,0.0833,0.0,0.0
40294,0,0,1,48,49,0.0,0.0,0.0208
74468,0,0,0,3,3,0.0,0.0,0.0
68020,0,0,0,4,4,0.0,0.0,0.0
34325,0,0,0,4,4,0.0,0.0,0.0
70975,0,1,0,15,16,0.0,0.0667,0.0
24723,0,0,0,6,6,0.0,0.0,0.0
63186,0,0,1,2,3,0.0,0.0,0.5
52522,0,0,0,12,12,0.0,0.0,0.0
13144,0,0,3,14,17,0.0,0.0,0.2143
65682,0,0,1,9,10,0.0,0.0,0.1111
39367,0,0,0,3,3,0.0,0.0,0.0
17516,0,0,0,2,2,0.0,0.0,0.0
57751,0,0,0,1,1,0.0,0.0,0.0
28188,0,0,0,4,4,0.0,0.0,0.0
100187,0,0,0,2,2,0.0,0.0,0.0
4955,0,0,0,5,5,0.0,0.0,0.0
72395,0,0,0,3,3,0.0,0.0,0.0
48377,0,0,0,1,1,0.0,0.0,0.0
45926,0,0,0,5,5,0.0,0.0,0.0
45874,0,0,0,2,2,0.0,0.0,0.0
98436,0,0,0,1,1,0.0,0.0,0.0
46503,0,0,0,1,1,0.0,0.0,0.0
40485,0,0,0,3,3,0.0,0.0,0.0
32451,0,0,0,3,3,0.0,0.0,0.0
69976,0,0,0,6,6,0.0,0.0,0.0
48205,0,0,0,19,19,0.0,0.0,0.0
78647,0,0,0,6,6,0.0,0.0,0.0
96613,0,0,0,1,1,0.0,0.0,0.0
10436,0,0,0,1,1,0.0,0.0,0.0
52998,0,0,0,1,1,0.0,0.0,0.0
11448,0,0,0,2,2,0.0,0.0,0.0
18726,0,0,0,1,1,0.0,0.0,0.0
77613,0,0,0,2,2,0.0,0.0,0.0
9080,0,0,0,3,3,0.0,0.0,0.0
101257,1,0,1,19,21,0.0526,0.0,0.0526
12019,0,0,0,1,1,0.0,0.0,0.0
83716,0,0,0,2,2,0.0,0.0,0.0
21293,0,0,0,3,3,0.0,0.0,0.0
3110,0,0,0,8,8,0.0,0.0,0.0
82273,0,0,0,1,1,0.0,0.0,0.0
18674,0,0,0,2,2,0.0,0.0,0.0
97441,0,1,0,3,4,0.0,0.3333,0.0
58247,0,0,0,2,2,0.0,0.0,0.0
44245,0,0,0,20,20,0.0,0.0,0.0
74387,0,0,0,4,4,0.0,0.0,0.0
88004,0,0,1,2,3,0.0,0.0,0.5
60774,0,2,0,61,63,0.0,0.0328,0.0
27008,0,0,1,38,39,0.0,0.0,0.0263
42372,0,1,0,2,3,0.0,0.5,0.0
28326,0,0,0,9,9,0.0,0.0,0.0
20468,0,3,0,22,25,0.0,0.1364,0.0
96174,0,1,0,9,10,0.0,0.1111,0.0
62205,0,0,4,24,28,0.0,0.0,0.1667
104065,2,1,0,80,83,0.025,0.0125,0.0
49768,0,0,0,8,8,0.0,0.0,0.0
91341,0,0,0,1,1,0.0,0.0,0.0
86726,0,0,0,1,1,0.0,0.0,0.0
29489,0,0,0,6,6,0.0,0.0,0.0
104171,1,4,0,41,46,0.0244,0.0976,0.0
84564,0,0,0,20,20,0.0,0.0,0.0
102908,0,0,2,33,35,0.0,0.0,0.0606
45485,0,0,0,3,3,0.0,0.0,0.0
46023,0,0,0,22,22,0.0,0.0,0.0
87367,0,0,1,12,13,0.0,0.0,0.0833
100636,0,0,0,10,10,0.0,0.0,0.0
8908,0,0,0,5,5,0.0,0.0,0.0
27175,0,0,0,26,26,0.0,0.0,0.0
34064,0,0,0,9,9,0.0,0.0,0.0
59334,0,0,0,3,3,0.0,0.0,0.0
63834,0,0,0,4,4,0.0,0.0,0.0
98254,0,0,1,2,3,0.0,0.0,0.5
31243,0,0,0,7,7,0.0,0.0,0.0
62960,0,0,0,21,21,0.0,0.0,0.0
2243,0,0,0,4,4,0.0,0.0,0.0
74803,0,0,0,11,11,0.0,0.0,0.0
87643,0,0,0,4,4,0.0,0.0,0.0
45005,0,0,0,3,3,0.0,0.0,0.0
49049,0,0,0,1,1,0.0,0.0,0.0
73529,0,0,0,1,1,0.0,0.0,0.0
71279,0,0,0,2,2,0.0,0.0,0.0
99196,0,0,0,1,1,0.0,0.0,0.0
26021,0,0,0,1,1,0.0,0.0,0.0
20112,0,0,0,12,12,0.0,0.0,0.0
39948,0,0,0,2,2,0.0,0.0,0.0
31506,0,1,0,2,3,0.0,0.5,0.0
4860,0,0,0,4,4,0.0,0.0,0.0
16222,0,0,0,18,18,0.0,0.0,0.0
10429,0,0,0,3,3,0.0,0.0,0.0
58211,0,0,0,2,2,0.0,0.0,0.0
72924,0,0,0,1,1,0.0,0.0,0.0
56347,0,0,0,2,2,0.0,0.0,0.0
42427,0,0,0,1,1,0.0,0.0,0.0
26861,0,0,0,1,1,0.0,0.0,0.0
49445,0,0,0,7,7,0.0,0.0,0.0
41087,0,0,0,1,1,0.0,0.0,0.0
20952,0,0,0,23,23,0.0,0.0,0.0
39514,0,0,0,76,76,0.0,0.0,0.0
57911,0,0,0,2,2,0.0,0.0,0.0
103118,0,0,2,34,36,0.0,0.0,0.0588
92492,2,4,0,98,104,0.0204,0.0408,0.0
52827,0,1,0,6,7,0.0,0.1667,0.0
50319,0,2,3,30,35,0.0,0.0667,0.1
20636,0,0,0,6,6,0.0,0.0,0.0
12223,0,0,0,12,12,0.0,0.0,0.0
34559,0,2,0,7,9,0.0,0.2857,0.0
91262,2,1,0,49,52,0.0408,0.0204,0.0
8077,0,0,0,15,15,0.0,0.0,0.0
97097,0,0,0,19,19,0.0,0.0,0.0
65434,4,2,0,86,92,0.0465,0.0233,0.0
87593,0,2,1,39,42,0.0,0.0513,0.0256
29821,0,0,1,54,55,0.0,0.0,0.0185
65122,1,11,6,226,244,0.0044,0.0487,0.0265
84114,0,0,0,6,6,0.0,0.0,0.0
22896,0,3,0,74,77,0.0,0.0405,0.0
16453,0,0,0,1,1,0.0,0.0,0.0
78448,0,0,0,2,2,0.0,0.0,0.0
14963,0,0,0,13,13,0.0,0.0,0.0
8114,1,0,0,37,38,0.027,0.0,0.0
55939,0,0,0,4,4,0.0,0.0,0.0
24605,0,1,0,6,7,0.0,0.1667,0.0
42203,0,0,0,8,8,0.0,0.0,0.0
9773,0,0,0,27,27,0.0,0.0,0.0
35695,0,1,0,19,20,0.0,0.0526,0.0
70968,0,1,1,14,16,0.0,0.0714,0.0714
104314,0,1,1,96,98,0.0,0.0104,0.0104
38787,0,0,0,8,8,0.0,0.0,0.0
101533,0,1,0,12,13,0.0,0.0833,0.0
84373,0,0,0,35,35,0.0,0.0,0.0
68917,0,0,0,45,45,0.0,0.0,0.0
43368,0,0,0,14,14,0.0,0.0,0.0
26857,0,1,0,7,8,0.0,0.1429,0.0
63740,0,0,0,15,15,0.0,0.0,0.0
24188,0,0,0,12,12,0.0,0.0,0.0
64328,0,7,6,317,330,0.0,0.0221,0.0189
31156,0,0,0,3,3,0.0,0.0,0.0
74580,1,0,0,18,19,0.0556,0.0,0.0
79490,0,0,0,4,4,0.0,0.0,0.0
14699,0,0,0,1,1,0.0,0.0,0.0
62440,0,0,0,9,9,0.0,0.0,0.0
8812,0,0,0,5,5,0.0,0.0,0.0
63565,0,0,0,6,6,0.0,0.0,0.0
56908,0,0,0,3,3,0.0,0.0,0.0
85375,0,0,0,1,1,0.0,0.0,0.0
96505,0,0,0,2,2,0.0,0.0,0.0
3033,0,0,0,5,5,0.0,0.0,0.0
46904,0,0,0,9,9,0.0,0.0,0.0
40049,0,0,0,1,1,0.0,0.0,0.0
17770,0,0,0,6,6,0.0,0.0,0.0
83966,0,1,0,5,6,0.0,0.2,0.0
93610,0,0,0,1,1,0.0,0.0,0.0
20668,0,0,0,1,1,0.0,0.0,0.0
63502,0,0,0,2,2,0.0,0.0,0.0
64457,0,0,0,2,2,0.0,0.0,0.0
86456,0,0,0,4,4,0.0,0.0,0.0
63985,0,0,0,6,6,0.0,0.0,0.0
16228,0,0,0,1,1,0.0,0.0,0.0
67563,0,1,0,1,2,0.0,1.0,0.0
313,0,0,0,1,1,0.0,0.0,0.0
2543,0,0,0,1,1,0.0,0.0,0.0
53797,0,0,0,2,2,0.0,0.0,0.0
35728,0,2,0,3,5,0.0,0.6667,0.0
12142,0,0,0,2,2,0.0,0.0,0.0
4996,0,1,0,5,6,0.0,0.2,0.0
39763,0,0,0,22,22,0.0,0.0,0.0
29164,0,0,0,5,5,0.0,0.0,0.0
8224,0,0,0,2,2,0.0,0.0,0.0
53348,0,0,0,1,1,0.0,0.0,0.0
48193,0,0,0,2,2,0.0,0.0,0.0
6627,0,0,0,1,1,0.0,0.0,0.0
64091,0,0,0,1,1,0.0,0.0,0.0
93558,0,0,0,1,1,0.0,0.0,0.0
47036,0,0,0,1,1,0.0,0.0,0.0
69006,0,0,0,2,2,0.0,0.0,0.0
97936,0,2,0,4,6,0.0,0.5,0.0
30425,0,0,0,5,5,0.0,0.0,0.0
99669,1,0,1,51,53,0.0196,0.0,0.0196
23380,0,0,0,48,48,0.0,0.0,0.0
64633,0,0,0,1,1,0.0,0.0,0.0
63050,0,0,2,6,8,0.0,0.0,0.3333
101405,0,0,0,1,1,0.0,0.0,0.0
16665,0,0,0,1,1,0.0,0.0,0.0
75942,0,1,0,21,22,0.0,0.0476,0.0
67553,0,0,0,6,6,0.0,0.0,0.0
37462,0,0,2,55,57,0.0,0.0,0.0364
97258,2,0,0,58,60,0.0345,0.0,0.0
37095,0,0,0,3,3,0.0,0.0,0.0
95552,0,0,1,32,33,0.0,0.0,0.0313
60019,0,1,0,17,18,0.0,0.0588,0.0
87153,0,0,0,2,2,0.0,0.0,0.0
73272,0,2,0,8,10,0.0,0.25,0.0
55182,3,0,0,65,68,0.0462,0.0,0.0
51953,0,0,1,58,59,0.0,0.0,0.0172
73318,0,5,1,148,154,0.0,0.0338,0.0068
76347,0,0,0,3,3,0.0,0.0,0.0
20775,0,0,0,7,7,0.0,0.0,0.0
91184,0,1,0,11,12,0.0,0.0909,0.0
18463,0,0,2,5,7,0.0,0.0,0.4
14055,0,0,0,18,18,0.0,0.0,0.0
87842,0,0,0,15,15,0.0,0.0,0.0
23446,1,0,3,15,19,0.0667,0.0,0.2
85236,0,0,0,23,23,0.0,0.0,0.0
54975,1,0,0,2,3,0.5,0.0,0.0
58264,0,2,3,52,57,0.0,0.0385,0.0577
92566,0,0,0,6,6,0.0,0.0,0.0
58464,0,0,0,27,27,0.0,0.0,0.0
54105,0,0,0,10,10,0.0,0.0,0.0
5164,0,0,0,1,1,0.0,0.0,0.0
36207,0,0,0,9,9,0.0,0.0,0.0
4029,0,0,0,1,1,0.0,0.0,0.0
7922,0,0,0,1,1,0.0,0.0,0.0
46229,2,2,0,68,72,0.0294,0.0294,0.0
89346,0,0,0,1,1,0.0,0.0,0.0
62152,0,0,0,1,1,0.0,0.0,0.0
100989,0,0,0,1,1,0.0,0.0,0.0
85891,0,0,0,12,12,0.0,0.0,0.0
71224,0,0,0,1,1,0.0,0.0,0.0
69084,0,0,0,5,5,0.0,0.0,0.0
15774,0,0,0,1,1,0.0,0.0,0.0
67280,0,1,0,3,4,0.0,0.3333,0.0
98873,0,0,0,2,2,0.0,0.0,0.0
22181,0,0,0,4,4,0.0,0.0,0.0
10890,0,0,0,1,1,0.0,0.0,0.0
35395,0,1,0,2,3,0.0,0.5,0.0
9266,0,0,0,3,3,0.0,0.0,0.0
87903,0,0,0,12,12,0.0,0.0,0.0
71001,0,0,0,1,1,0.0,0.0,0.0
28388,0,0,0,1,1,0.0,0.0,0.0
78116,0,0,0,3,3,0.0,0.0,0.0
28330,0,0,0,2,2,0.0,0.0,0.0
67491,0,0,1,13,14,0.0,0.0,0.0769
17073,0,0,0,3,3,0.0,0.0,0.0
4748,0,1,0,12,13,0.0,0.0833,0.0
80438,0,0,0,4,4,0.0,0.0,0.0
62096,0,0,0,1,1,0.0,0.0,0.0
100401,0,0,0,3,3,0.0,0.0,0.0
99936,0,0,0,3,3,0.0,0.0,0.0
84188,0,0,0,2,2,0.0,0.0,0.0
22072,0,0,0,1,1,0.0,0.0,0.0
40855,0,0,0,4,4,0.0,0.0,0.0
36664,0,0,0,5,5,0.0,0.0,0.0
90183,0,0,0,1,1,0.0,0.0,0.0
78224,0,0,0,1,1,0.0,0.0,0.0
87860,0,0,0,3,3,0.0,0.0,0.0
75317,0,0,0,4,4,0.0,0.0,0.0
69675,0,0,0,1,1,0.0,0.0,0.0
61776,0,0,0,2,2,0.0,0.0,0.0
101523,2,4,6,162,174,0.0123,0.0247,0.037
28353,0,0,3,15,18,0.0,0.0,0.2
23394,0,0,0,5,5,0.0,0.0,0.0
32935,5,0,5,36,46,0.1389,0.0,0.1389
49858,0,0,0,5,5,0.0,0.0,0.0
23056,1,1,0,5,7,0.2,0.2,0.0
91547,0,2,0,41,43,0.0,0.0488,0.0
79713,0,0,0,26,26,0.0,0.0,0.0
103364,0,0,0,2,2,0.0,0.0,0.0
28095,1,3,1,135,140,0.0074,0.0222,0.0074
9889,2,3,0,76,81,0.0263,0.0395,0.0
21362,2,6,6,220,234,0.0091,0.0273,0.0273
98443,2,0,0,49,51,0.0408,0.0,0.0
49290,0,1,1,40,42,0.0,0.025,0.025
35537,0,0,0,2,2,0.0,0.0,0.0
96608,0,0,0,2,2,0.0,0.0,0.0
91268,0,0,2,10,12,0.0,0.0,0.2
74082,0,0,1,21,22,0.0,0.0,0.0476
23011,0,1,0,9,10,0.0,0.1111,0.0
82786,0,0,0,8,8,0.0,0.0,0.0
4776,1,1,0,21,23,0.0476,0.0476,0.0
5882,0,0,1,10,11,0.0,0.0,0.1
55303,0,0,0,2,2,0.0,0.0,0.0
63028,0,0,0,15,15,0.0,0.0,0.0
58830,0,0,0,6,6,0.0,0.0,0.0
62715,0,0,0,8,8,0.0,0.0,0.0
86846,0,0,0,3,3,0.0,0.0,0.0
63092,0,0,0,2,2,0.0,0.0,0.0
2949,0,0,0,11,11,0.0,0.0,0.0
104300,3,6,0,82,91,0.0366,0.0732,0.0
32732,0,0,0,1,1,0.0,0.0,0.0
2504,2,0,0,17,19,0.1176,0.0,0.0
10970,0,0,0,21,21,0.0,0.0,0.0
72456,0,1,0,7,8,0.0,0.1429,0.0
54670,0,0,0,9,9,0.0,0.0,0.0
28880,0,0,0,18,18,0.0,0.0,0.0
74721,0,0,0,2,2,0.0,0.0,0.0
36546,0,0,0,21,21,0.0,0.0,0.0
85084,0,0,0,6,6,0.0,0.0,0.0
36427,0,0,0,11,11,0.0,0.0,0.0
34982,0,0,0,10,10,0.0,0.0,0.0
101635,0,1,0,2,3,0.0,0.5,0.0
8733,0,0,0,2,2,0.0,0.0,0.0
16858,0,0,0,1,1,0.0,0.0,0.0
28459,0,0,0,1,1,0.0,0.0,0.0
46,0,0,0,1,1,0.0,0.0,0.0
44417,0,0,0,2,2,0.0,0.0,0.0
31242,0,0,0,1,1,0.0,0.0,0.0
60198,0,0,0,1,1,0.0,0.0,0.0
91627,0,0,0,7,7,0.0,0.0,0.0
64419,0,0,0,3,3,0.0,0.0,0.0
10908,0,0,0,1,1,0.0,0.0,0.0
71402,0,0,0,7,7,0.0,0.0,0.0
58259,5,0,1,82,88,0.061,0.0,0.0122
87913,1,2,0,33,36,0.0303,0.0606,0.0
32017,0,0,0,2,2,0.0,0.0,0.0
64364,1,1,1,31,34,0.0323,0.0323,0.0323
70343,0,1,7,99,107,0.0,0.0101,0.0707
51832,0,1,0,13,14,0.0,0.0769,0.0
31503,2,6,2,98,108,0.0204,0.0612,0.0204
50418,0,1,1,22,24,0.0,0.0455,0.0455
99583,1,1,0,24,26,0.0417,0.0417,0.0
19375,0,0,0,3,3,0.0,0.0,0.0
83497,0,0,1,18,19,0.0,0.0,0.0556
1851,0,0,0,12,12,0.0,0.0,0.0
39567,0,0,0,2,2,0.0,0.0,0.0
16787,0,0,0,15,15,0.0,0.0,0.0
68680,0,0,0,1,1,0.0,0.0,0.0
59648,1,0,0,25,26,0.04,0.0,0.0
30587,1,0,0,20,21,0.05,0.0,0.0
43614,0,0,0,9,9,0.0,0.0,0.0
19952,5,2,1,102,110,0.049,0.0196,0.0098
90463,0,0,0,21,21,0.0,0.0,0.0
38736,0,0,0,2,2,0.0,0.0,0.0
60261,0,6,2,67,75,0.0,0.0896,0.0299
83157,0,0,0,2,2,0.0,0.0,0.0
59860,2,1,0,8,11,0.25,0.125,0.0
87490,0,0,0,16,16,0.0,0.0,0.0
37602,2,0,1,8,11,0.25,0.0,0.125
60946,0,0,0,33,33,0.0,0.0,0.0
12527,0,0,0,15,15,0.0,0.0,0.0
52971,0,0,0,9,9,0.0,0.0,0.0
79170,0,1,0,20,21,0.0,0.05,0.0
21562,0,0,0,26,26,0.0,0.0,0.0
29137,0,0,0,38,38,0.0,0.0,0.0
32223,0,0,0,5,5,0.0,0.0,0.0
26262,0,1,0,10,11,0.0,0.1,0.0
10636,0,0,0,37,37,0.0,0.0,0.0
41107,0,0,0,3,3,0.0,0.0,0.0
90472,0,0,0,7,7,0.0,0.0,0.0
75058,0,0,0,9,9,0.0,0.0,0.0
4659,0,1,0,8,9,0.0,0.125,0.0
102310,0,0,0,1,1,0.0,0.0,0.0
9359,0,0,0,12,12,0.0,0.0,0.0
20092,0,0,0,5,5,0.0,0.0,0.0
64747,0,0,0,2,2,0.0,0.0,0.0
95215,0,0,0,3,3,0.0,0.0,0.0
27127,0,0,0,1,1,0.0,0.0,0.0
62142,0,0,0,1,1,0.0,0.0,0.0
80962,0,0,0,1,1,0.0,0.0,0.0
54873,0,0,0,4,4,0.0,0.0,0.0
33888,0,0,0,6,6,0.0,0.0,0.0
10500,0,0,0,1,1,0.0,0.0,0.0
81586,0,0,0,1,1,0.0,0.0,0.0
69691,0,0,0,7,7,0.0,0.0,0.0
103965,0,0,0,9,9,0.0,0.0,0.0
99736,0,0,0,1,1,0.0,0.0,0.0
18397,0,0,0,1,1,0.0,0.0,0.0
66103,0,0,0,3,3,0.0,0.0,0.0
16345,0,0,0,1,1,0.0,0.0,0.0
88916,0,0,0,1,1,0.0,0.0,0.0
73180,0,0,0,3,3,0.0,0.0,0.0
85441,0,0,0,7,7,0.0,0.0,0.0
61488,0,0,0,1,1,0.0,0.0,0.0
28193,0,0,0,1,1,0.0,0.0,0.0
45056,0,0,0,1,1,0.0,0.0,0.0
80298,0,0,0,2,2,0.0,0.0,0.0
616,0,2,1,82,85,0.0,0.0244,0.0122
50140,1,0,0,32,33,0.0313,0.0,0.0
50860,3,0,1,56,60,0.0536,0.0,0.0179
99902,2,12,9,541,564,0.0037,0.0222,0.0166
4677,1,1,1,75,78,0.0133,0.0133,0.0133
55298,0,0,0,3,3,0.0,0.0,0.0
41528,0,0,1,9,10,0.0,0.0,0.1111
95252,0,0,0,6,6,0.0,0.0,0.0
82236,1,0,1,37,39,0.027,0.0,0.027
54299,2,3,2,244,251,0.0082,0.0123,0.0082
62927,0,1,0,22,23,0.0,0.0455,0.0
65939,0,0,0,34,34,0.0,0.0,0.0
38540,1,4,3,162,170,0.0062,0.0247,0.0185
681,0,1,1,12,14,0.0,0.0833,0.0833
104045,0,0,2,33,35,0.0,0.0,0.0606
42651,0,0,0,3,3,0.0,0.0,0.0
50116,4,0,0,56,60,0.0714,0.0,0.0
65537,0,0,2,6,8,0.0,0.0,0.3333
69702,0,1,0,13,14,0.0,0.0769,0.0
66178,1,0,0,17,18,0.0588,0.0,0.0
14018,0,0,0,9,9,0.0,0.0,0.0
97808,0,0,0,6,6,0.0,0.0,0.0
49255,0,0,0,28,28,0.0,0.0,0.0
41226,0,0,0,10,10,0.0,0.0,0.0
55232,2,1,0,43,46,0.0465,0.0233,0.0
15965,0,0,0,23,23,0.0,0.0,0.0
95570,0,1,0,23,24,0.0,0.0435,0.0
20925,1,0,0,41,42,0.0244,0.0,0.0
19571,0,0,0,30,30,0.0,0.0,0.0
85240,0,0,0,6,6,0.0,0.0,0.0
96803,0,3,0,27,30,0.0,0.1111,0.0
81017,0,1,0,77,78,0.0,0.013,0.0
75268,0,0,0,4,4,0.0,0.0,0.0
45707,1,0,0,11,12,0.0909,0.0,0.0
97977,0,1,0,26,27,0.0,0.0385,0.0
59208,0,2,0,31,33,0.0,0.0645,0.0
93232,0,0,0,10,10,0.0,0.0,0.0
95746,0,0,0,1,1,0.0,0.0,0.0
78802,0,0,0,1,1,0.0,0.0,0.0
75680,2,2,0,66,70,0.0303,0.0303,0.0
29506,0,1,0,15,16,0.0,0.0667,0.0
85127,1,0,0,0,1,0.0,0.0,0.0
79912,0,0,0,1,1,0.0,0.0,0.0
3581,0,0,0,6,6,0.0,0.0,0.0
55930,0,0,0,4,4,0.0,0.0,0.0
42277,0,0,0,2,2,0.0,0.0,0.0
85537,0,0,0,1,1,0.0,0.0,0.0
9244,0,0,0,1,1,0.0,0.0,0.0
101450,0,0,0,8,8,0.0,0.0,0.0
71575,0,0,0,5,5,0.0,0.0,0.0
60360,0,0,1,3,4,0.0,0.0,0.3333
27689,0,0,0,4,4,0.0,0.0,0.0
26559,0,0,1,10,11,0.0,0.0,0.1
1392,0,0,0,1,1,0.0,0.0,0.0
35617,0,0,0,2,2,0.0,0.0,0.0
37336,0,0,0,2,2,0.0,0.0,0.0
82662,0,0,0,1,1,0.0,0.0,0.0
9304,0,0,0,12,12,0.0,0.0,0.0
14220,0,0,0,5,5,0.0,0.0,0.0
8013,0,0,0,4,4,0.0,0.0,0.0
41257,0,2,0,1,3,0.0,2.0,0.0
52783,0,0,0,1,1,0.0,0.0,0.0
46275,0,0,0,14,14,0.0,0.0,0.0
96340,0,0,0,1,1,0.0,0.0,0.0
34146,0,0,0,1,1,0.0,0.0,0.0
97920,0,0,0,3,3,0.0,0.0,0.0
74059,0,0,0,4,4,0.0,0.0,0.0
5419,0,0,0,3,3,0.0,0.0,0.0
35404,0,0,0,1,1,0.0,0.0,0.0
62549,0,0,0,2,2,0.0,0.0,0.0
42027,0,0,0,2,2,0.0,0.0,0.0
83677,0,0,0,2,2,0.0,0.0,0.0
82309,0,0,0,1,1,0.0,0.0,0.0
13604,0,0,0,1,1,0.0,0.0,0.0
96438,0,0,0,11,11,0.0,0.0,0.0
32479,0,0,0,20,20,0.0,0.0,0.0
103631,0,1,0,13,14,0.0,0.0769,0.0
43545,0,4,2,189,195,0.0,0.0212,0.0106
50318,1,7,2,185,195,0.0054,0.0378,0.0108
72359,0,0,0,5,5,0.0,0.0,0.0
27809,0,0,0,2,2,0.0,0.0,0.0
96974,0,0,2,98,100,0.0,0.0,0.0204
89098,0,0,2,23,25,0.0,0.0,0.087
35813,0,0,0,8,8,0.0,0.0,0.0
68493,1,4,2,158,165,0.0063,0.0253,0.0127
58570,0,0,0,2,2,0.0,0.0,0.0
103005,0,0,0,3,3,0.0,0.0,0.0
75249,0,0,0,1,1,0.0,0.0,0.0
99924,1,2,0,42,45,0.0238,0.0476,0.0
84088,0,0,0,1,1,0.0,0.0,0.0
16087,0,0,0,6,6,0.0,0.0,0.0
70161,0,0,0,1,1,0.0,0.0,0.0
10515,1,0,0,8,9,0.125,0.0,0.0
48324,0,1,0,9,10,0.0,0.1111,0.0
29152,0,1,0,16,17,0.0,0.0625,0.0
78236,1,0,1,15,17,0.0667,0.0,0.0667
39235,0,0,0,1,1,0.0,0.0,0.0
53652,0,0,0,23,23,0.0,0.0,0.0
19251,0,1,0,5,6,0.0,0.2,0.0
40683,1,0,0,29,30,0.0345,0.0,0.0
26208,0,1,0,4,5,0.0,0.25,0.0
22252,0,0,0,2,2,0.0,0.0,0.0
43074,0,0,0,2,2,0.0,0.0,0.0
86577,0,0,0,7,7,0.0,0.0,0.0
71802,0,0,1,4,5,0.0,0.0,0.25
26516,0,0,0,10,10,0.0,0.0,0.0
51505,0,0,0,2,2,0.0,0.0,0.0
1674,0,0,0,1,1,0.0,0.0,0.0
89793,0,0,0,10,10,0.0,0.0,0.0
16939,0,0,0,7,7,0.0,0.0,0.0
62056,0,0,0,3,3,0.0,0.0,0.0
14157,0,0,0,10,10,0.0,0.0,0.0
65085,0,0,0,1,1,0.0,0.0,0.0
27893,0,0,0,8,8,0.0,0.0,0.0
57034,0,0,0,2,2,0.0,0.0,0.0
45549,0,0,0,1,1,0.0,0.0,0.0
45539,0,0,0,1,1,0.0,0.0,0.0
32932,0,0,0,2,2,0.0,0.0,0.0
8209,2,0,0,21,23,0.0952,0.0,0.0
58417,0,0,0,2,2,0.0,0.0,0.0
80784,0,0,0,3,3,0.0,0.0,0.0
34434,0,0,0,2,2,0.0,0.0,0.0
82994,0,0,0,1,1,0.0,0.0,0.0
7904,0,0,0,1,1,0.0,0.0,0.0
79393,0,0,0,3,3,0.0,0.0,0.0
3363,0,0,0,26,26,0.0,0.0,0.0
42718,0,0,0,2,2,0.0,0.0,0.0
54302,0,0,0,1,1,0.0,0.0,0.0
49816,0,0,0,2,2,0.0,0.0,0.0
97242,0,0,0,5,5,0.0,0.0,0.0
5073,0,0,2,5,7,0.0,0.0,0.4
67851,0,1,0,5,6,0.0,0.2,0.0
75226,0,0,0,5,5,0.0,0.0,0.0
1948,0,0,0,3,3,0.0,0.0,0.0
31099,1,0,0,54,55,0.0185,0.0,0.0
48483,0,0,0,22,22,0.0,0.0,0.0
65144,0,0,1,18,19,0.0,0.0,0.0556
45579,0,0,0,1,1,0.0,0.0,0.0
25368,0,0,1,36,37,0.0,0.0,0.0278
48204,0,2,0,72,74,0.0,0.0278,0.0
7527,0,0,0,12,12,0.0,0.0,0.0
16392,0,0,0,4,4,0.0,0.0,0.0
37358,0,0,0,12,12,0.0,0.0,0.0
30682,0,0,1,25,26,0.0,0.0,0.04
86467,0,0,0,3,3,0.0,0.0,0.0
89549,0,1,6,79,86,0.0,0.0127,0.0759
36141,0,0,0,18,18,0.0,0.0,0.0
98193,0,0,0,1,1,0.0,0.0,0.0
864,0,0,0,1,1,0.0,0.0,0.0
42761,0,0,0,17,17,0.0,0.0,0.0
93035,1,0,1,37,39,0.027,0.0,0.027
93692,0,0,3,29,32,0.0,0.0,0.1034
56927,0,0,0,33,33,0.0,0.0,0.0
51385,1,0,1,33,35,0.0303,0.0,0.0303
24606,0,0,0,6,6,0.0,0.0,0.0
91110,0,0,1,14,15,0.0,0.0,0.0714
82708,0,0,2,7,9,0.0,0.0,0.2857
23584,0,0,0,1,1,0.0,0.0,0.0
75091,0,0,0,4,4,0.0,0.0,0.0
38012,7,3,2,110,122,0.0636,0.0273,0.0182
102613,0,1,1,21,23,0.0,0.0476,0.0476
48080,0,1,0,3,4,0.0,0.3333,0.0
41920,0,0,0,1,1,0.0,0.0,0.0
33939,0,3,0,14,17,0.0,0.2143,0.0
96894,0,0,1,1,2,0.0,0.0,1.0
15848,0,0,0,6,6,0.0,0.0,0.0
91562,0,0,1,3,4,0.0,0.0,0.3333
95075,0,0,1,22,23,0.0,0.0,0.0455
53669,0,1,1,28,30,0.0,0.0357,0.0357
60396,0,0,0,3,3,0.0,0.0,0.0
54096,1,0,0,16,17,0.0625,0.0,0.0
51202,0,0,0,29,29,0.0,0.0,0.0
32249,1,1,1,67,70,0.0149,0.0149,0.0149
15015,0,1,0,29,30,0.0,0.0345,0.0
101366,0,0,0,8,8,0.0,0.0,0.0
93481,0,1,0,10,11,0.0,0.1,0.0
63430,0,0,0,5,5,0.0,0.0,0.0
27586,1,1,0,4,6,0.25,0.25,0.0
72172,0,0,0,4,4,0.0,0.0,0.0
96681,0,0,0,5,5,0.0,0.0,0.0
102387,0,0,0,2,2,0.0,0.0,0.0
101241,1,0,0,2,3,0.5,0.0,0.0
16030,0,0,0,1,1,0.0,0.0,0.0
57331,0,0,1,1,2,0.0,0.0,1.0
53749,0,0,0,2,2,0.0,0.0,0.0
49407,0,0,0,1,1,0.0,0.0,0.0
94897,0,0,0,1,1,0.0,0.0,0.0
59293,0,0,0,1,1,0.0,0.0,0.0
24441,0,1,0,5,6,0.0,0.2,0.0
73428,0,0,0,3,3,0.0,0.0,0.0
63856,2,0,0,8,10,0.25,0.0,0.0
75528,0,0,0,27,27,0.0,0.0,0.0
30429,0,0,0,3,3,0.0,0.0,0.0
28444,0,0,0,2,2,0.0,0.0,0.0
10809,0,0,0,4,4,0.0,0.0,0.0
12413,0,0,0,2,2,0.0,0.0,0.0
66522,0,0,0,1,1,0.0,0.0,0.0
42648,1,0,0,6,7,0.1667,0.0,0.0
63527,0,0,0,1,1,0.0,0.0,0.0
49142,0,0,0,1,1,0.0,0.0,0.0
11157,0,0,0,1,1,0.0,0.0,0.0
63222,0,0,0,1,1,0.0,0.0,0.0
18994,0,0,0,1,1,0.0,0.0,0.0
20249,0,0,0,34,34,0.0,0.0,0.0
91853,1,0,0,19,20,0.0526,0.0,0.0
85673,0,0,0,2,2,0.0,0.0,0.0
62909,0,0,0,3,3,0.0,0.0,0.0
51530,0,1,1,13,15,0.0,0.0769,0.0769
98549,1,0,0,7,8,0.1429,0.0,0.0
49229,0,0,0,22,22,0.0,0.0,0.0
69673,0,0,0,6,6,0.0,0.0,0.0
22999,0,0,2,22,24,0.0,0.0,0.0909
103447,0,2,2,20,24,0.0,0.1,0.1
94301,0,0,0,1,1,0.0,0.0,0.0
24157,0,0,2,7,9,0.0,0.0,0.2857
30196,0,0,0,19,19,0.0,0.0,0.0
27416,0,1,0,17,18,0.0,0.0588,0.0
11218,1,0,0,36,37,0.0278,0.0,0.0
65864,1,2,0,33,36,0.0303,0.0606,0.0
103921,1,1,1,78,81,0.0128,0.0128,0.0128
57605,0,0,0,1,1,0.0,0.0,0.0
19348,0,1,0,3,4,0.0,0.3333,0.0
3838,0,0,0,24,24,0.0,0.0,0.0
44922,0,0,0,1,1,0.0,0.0,0.0
1862,0,0,3,45,48,0.0,0.0,0.0667
25177,0,0,0,1,1,0.0,0.0,0.0
81108,0,0,0,2,2,0.0,0.0,0.0
20343,0,0,3,10,13,0.0,0.0,0.3
90279,0,0,0,1,1,0.0,0.0,0.0
24549,0,0,0,2,2,0.0,0.0,0.0
64991,0,1,0,3,4,0.0,0.3333,0.0
50499,1,0,0,41,42,0.0244,0.0,0.0
92942,0,0,0,2,2,0.0,0.0,0.0
24967,0,1,0,11,12,0.0,0.0909,0.0
38243,0,5,1,57,63,0.0,0.0877,0.0175
102716,0,0,0,15,15,0.0,0.0,0.0
99591,0,0,1,30,31,0.0,0.0,0.0333
97477,0,0,0,6,6,0.0,0.0,0.0
79928,0,0,0,2,2,0.0,0.0,0.0
60617,0,0,1,13,14,0.0,0.0,0.0769
65453,0,0,0,3,3,0.0,0.0,0.0
53366,0,0,0,1,1,0.0,0.0,0.0
87813,0,0,0,13,13,0.0,0.0,0.0
62988,0,0,0,2,2,0.0,0.0,0.0
64103,0,0,0,1,1,0.0,0.0,0.0
8471,0,0,0,1,1,0.0,0.0,0.0
86266,0,0,0,1,1,0.0,0.0,0.0
59377,0,0,0,9,9,0.0,0.0,0.0
9111,0,0,0,27,27,0.0,0.0,0.0
85118,0,0,0,1,1,0.0,0.0,0.0
68120,0,1,0,25,26,0.0,0.04,0.0
77115,0,0,0,3,3,0.0,0.0,0.0
23646,0,0,0,1,1,0.0,0.0,0.0
78123,0,0,0,1,1,0.0,0.0,0.0
75309,0,0,0,1,1,0.0,0.0,0.0
15644,1,0,0,10,11,0.1,0.0,0.0
4108,0,0,0,1,1,0.0,0.0,0.0
8275,0,0,0,1,1,0.0,0.0,0.0
25138,0,0,0,2,2,0.0,0.0,0.0
4303,0,0,0,1,1,0.0,0.0,0.0
1067,0,0,0,8,8,0.0,0.0,0.0
33009,0,0,0,17,17,0.0,0.0,0.0
84659,0,0,0,3,3,0.0,0.0,0.0
24964,0,0,0,1,1,0.0,0.0,0.0
31333,0,0,0,1,1,0.0,0.0,0.0
15888,0,0,0,1,1,0.0,0.0,0.0
29032,0,0,0,1,1,0.0,0.0,0.0
76964,2,14,1,372,389,0.0054,0.0376,0.0027
64970,0,5,4,85,94,0.0,0.0588,0.0471
5275,0,0,0,33,33,0.0,0.0,0.0
20715,0,1,0,24,25,0.0,0.0417,0.0
37873,0,0,0,14,14,0.0,0.0,0.0
14229,0,0,0,1,1,0.0,0.0,0.0
53681,0,1,0,9,10,0.0,0.1111,0.0
64444,1,0,0,4,5,0.25,0.0,0.0
23163,0,0,1,35,36,0.0,0.0,0.0286
56469,0,0,0,12,12,0.0,0.0,0.0
91374,6,0,0,16,22,0.375,0.0,0.0
24701,0,0,1,8,9,0.0,0.0,0.125
75604,0,0,0,18,18,0.0,0.0,0.0
44483,0,0,0,20,20,0.0,0.0,0.0
27601,0,0,0,12,12,0.0,0.0,0.0
34080,0,0,0,15,15,0.0,0.0,0.0
103920,0,0,0,3,3,0.0,0.0,0.0
63374,0,3,0,50,53,0.0,0.06,0.0
41483,0,0,0,9,9,0.0,0.0,0.0
99751,0,0,0,7,7,0.0,0.0,0.0
7135,0,0,0,15,15,0.0,0.0,0.0
73219,0,0,1,30,31,0.0,0.0,0.0333
9666,2,0,3,95,100,0.0211,0.0,0.0316
34351,2,0,0,8,10,0.25,0.0,0.0
53540,0,1,0,10,11,0.0,0.1,0.0
56834,0,0,0,15,15,0.0,0.0,0.0
3980,0,1,1,31,33,0.0,0.0323,0.0323
78209,0,0,0,4,4,0.0,0.0,0.0
67621,0,3,1,92,96,0.0,0.0326,0.0109
52125,0,0,0,8,8,0.0,0.0,0.0
98513,1,1,0,34,36,0.0294,0.0294,0.0
34646,0,1,0,28,29,0.0,0.0357,0.0
86150,3,1,0,23,27,0.1304,0.0435,0.0
43497,0,0,0,9,9,0.0,0.0,0.0
12105,1,1,0,9,11,0.1111,0.1111,0.0
90775,0,0,0,8,8,0.0,0.0,0.0
32512,0,0,0,53,53,0.0,0.0,0.0
66510,0,0,0,5,5,0.0,0.0,0.0
51184,0,0,0,21,21,0.0,0.0,0.0
74909,0,0,0,13,13,0.0,0.0,0.0
94531,0,0,0,4,4,0.0,0.0,0.0
58588,0,0,1,21,22,0.0,0.0,0.0476
65236,0,0,0,12,12,0.0,0.0,0.0
46311,0,0,0,3,3,0.0,0.0,0.0
19640,0,0,1,3,4,0.0,0.0,0.3333
41727,0,0,0,26,26,0.0,0.0,0.0
73708,0,0,0,4,4,0.0,0.0,0.0
61172,0,0,0,17,17,0.0,0.0,0.0
33423,0,0,0,5,5,0.0,0.0,0.0
12754,0,1,0,25,26,0.0,0.04,0.0
30376,0,0,0,5,5,0.0,0.0,0.0
59014,0,0,1,18,19,0.0,0.0,0.0556
37975,0,1,0,2,3,0.0,0.5,0.0
52306,1,0,0,19,20,0.0526,0.0,0.0
11093,0,0,0,1,1,0.0,0.0,0.0
38538,0,0,0,15,15,0.0,0.0,0.0
8072,0,0,0,3,3,0.0,0.0,0.0
59857,0,0,0,3,3,0.0,0.0,0.0
85678,0,0,0,3,3,0.0,0.0,0.0
90146,4,0,0,42,46,0.0952,0.0,0.0
32450,0,0,0,2,2,0.0,0.0,0.0
64282,0,0,0,4,4,0.0,0.0,0.0
85941,0,0,0,1,1,0.0,0.0,0.0
43301,0,0,0,1,1,0.0,0.0,0.0
19527,1,0,0,6,7,0.1667,0.0,0.0
16588,0,0,0,1,1,0.0,0.0,0.0
34444,0,0,0,1,1,0.0,0.0,0.0
50970,0,0,0,1,1,0.0,0.0,0.0
17287,0,0,0,2,2,0.0,0.0,0.0
95178,0,0,0,1,1,0.0,0.0,0.0
73780,0,0,0,1,1,0.0,0.0,0.0
8304,0,0,0,1,1,0.0,0.0,0.0
69981,0,0,0,1,1,0.0,0.0,0.0
39995,0,0,0,15,15,0.0,0.0,0.0
83305,0,0,0,1,1,0.0,0.0,0.0
93913,0,0,0,2,2,0.0,0.0,0.0
58815,0,0,0,1,1,0.0,0.0,0.0
57657,0,3,0,17,20,0.0,0.1765,0.0
71878,0,0,1,21,22,0.0,0.0,0.0476
42989,0,2,0,57,59,0.0,0.0351,0.0
10242,0,0,2,18,20,0.0,0.0,0.1111
50820,0,0,0,1,1,0.0,0.0,0.0
99458,3,7,1,133,144,0.0226,0.0526,0.0075
21135,1,0,1,19,21,0.0526,0.0,0.0526
91244,0,0,2,70,72,0.0,0.0,0.0286
42590,0,2,1,39,42,0.0,0.0513,0.0256
15912,0,0,0,9,9,0.0,0.0,0.0
35103,1,0,1,74,76,0.0135,0.0,0.0135
56645,0,0,0,10,10,0.0,0.0,0.0
18192,0,0,2,4,6,0.0,0.0,0.5
44898,0,0,0,16,16,0.0,0.0,0.0
75886,0,0,0,1,1,0.0,0.0,0.0
102080,0,0,0,3,3,0.0,0.0,0.0
28538,2,0,0,34,36,0.0588,0.0,0.0
64806,0,0,0,24,24,0.0,0.0,0.0
98695,0,0,0,12,12,0.0,0.0,0.0
70598,0,0,0,20,20,0.0,0.0,0.0
75913,0,0,0,16,16,0.0,0.0,0.0
66432,3,4,1,88,96,0.0341,0.0455,0.0114
47182,0,0,0,2,2,0.0,0.0,0.0
21559,0,0,0,6,6,0.0,0.0,0.0
16442,0,0,0,2,2,0.0,0.0,0.0
74666,0,0,0,2,2,0.0,0.0,0.0
38500,0,0,0,2,2,0.0,0.0,0.0
91353,0,0,0,24,24,0.0,0.0,0.0
67098,0,0,0,2,2,0.0,0.0,0.0
86148,0,0,1,7,8,0.0,0.0,0.1429
60714,0,0,0,4,4,0.0,0.0,0.0
99154,0,0,0,1,1,0.0,0.0,0.0
23885,0,0,0,1,1,0.0,0.0,0.0
45733,0,0,0,1,1,0.0,0.0,0.0
23477,0,0,0,1,1,0.0,0.0,0.0
53457,1,0,0,10,11,0.1,0.0,0.0
85156,0,0,0,10,10,0.0,0.0,0.0
72453,0,0,0,10,10,0.0,0.0,0.0
89985,0,0,0,1,1,0.0,0.0,0.0
745,0,0,0,1,1,0.0,0.0,0.0
92298,0,0,0,3,3,0.0,0.0,0.0
20621,0,0,0,1,1,0.0,0.0,0.0
29537,0,0,0,7,7,0.0,0.0,0.0
74637,0,0,0,2,2,0.0,0.0,0.0
48037,0,0,0,1,1,0.0,0.0,0.0
51495,0,0,0,1,1,0.0,0.0,0.0
39943,0,0,0,2,2,0.0,0.0,0.0
99140,0,0,0,2,2,0.0,0.0,0.0
8518,0,0,0,3,3,0.0,0.0,0.0
88562,0,0,1,2,3,0.0,0.0,0.5
46331,0,0,0,1,1,0.0,0.0,0.0
94915,0,0,0,5,5,0.0,0.0,0.0
52630,0,0,0,1,1,0.0,0.0,0.0
61856,0,0,0,4,4,0.0,0.0,0.0
64782,0,0,0,1,1,0.0,0.0,0.0
51614,0,0,0,4,4,0.0,0.0,0.0
47964,0,0,0,1,1,0.0,0.0,0.0
52601,2,2,0,8,12,0.25,0.25,0.0
2658,0,0,0,2,2,0.0,0.0,0.0
23530,0,0,0,2,2,0.0,0.0,0.0
55463,0,0,0,1,1,0.0,0.0,0.0
18561,0,0,0,1,1,0.0,0.0,0.0
13232,0,0,0,5,5,0.0,0.0,0.0
51861,0,0,0,9,9,0.0,0.0,0.0
67176,0,0,0,3,3,0.0,0.0,0.0
98723,0,0,0,16,16,0.0,0.0,0.0
59906,0,0,1,16,17,0.0,0.0,0.0625
32283,0,0,0,1,1,0.0,0.0,0.0
48381,1,1,0,20,22,0.05,0.05,0.0
50559,0,0,0,6,6,0.0,0.0,0.0
20720,1,0,1,43,45,0.0233,0.0,0.0233
52657,0,0,0,4,4,0.0,0.0,0.0
9250,0,0,1,2,3,0.0,0.0,0.5
98802,0,0,0,3,3,0.0,0.0,0.0
47365,0,1,2,49,52,0.0,0.0204,0.0408
20306,1,0,0,42,43,0.0238,0.0,0.0
27844,0,0,0,2,2,0.0,0.0,0.0
53148,1,0,0,56,57,0.0179,0.0,0.0
19849,0,0,0,6,6,0.0,0.0,0.0
72658,0,0,1,7,8,0.0,0.0,0.1429
50075,0,3,0,71,74,0.0,0.0423,0.0
56688,0,0,0,6,6,0.0,0.0,0.0
2117,0,0,0,5,5,0.0,0.0,0.0
67377,0,0,1,9,10,0.0,0.0,0.1111
76808,0,0,0,9,9,0.0,0.0,0.0
74495,0,0,0,5,5,0.0,0.0,0.0
26503,0,0,0,33,33,0.0,0.0,0.0
92359,0,0,0,41,41,0.0,0.0,0.0
90635,0,0,0,8,8,0.0,0.0,0.0
12448,0,0,1,8,9,0.0,0.0,0.125
46881,0,0,0,1,1,0.0,0.0,0.0
1719,0,0,1,13,14,0.0,0.0,0.0769
51813,0,0,0,6,6,0.0,0.0,0.0
7459,0,0,0,64,64,0.0,0.0,0.0
80545,0,0,0,9,9,0.0,0.0,0.0
56961,0,1,1,43,45,0.0,0.0233,0.0233
46117,0,0,0,1,1,0.0,0.0,0.0
51931,1,1,0,31,33,0.0323,0.0323,0.0
21707,0,1,0,23,24,0.0,0.0435,0.0
22411,0,0,0,2,2,0.0,0.0,0.0
72780,0,1,0,62,63,0.0,0.0161,0.0
4707,0,0,0,15,15,0.0,0.0,0.0
88564,0,0,1,22,23,0.0,0.0,0.0455
62607,0,0,0,1,1,0.0,0.0,0.0
21459,0,0,0,18,18,0.0,0.0,0.0
62801,0,1,0,31,32,0.0,0.0323,0.0
87086,1,0,0,26,27,0.0385,0.0,0.0
64168,0,0,0,2,2,0.0,0.0,0.0
44984,0,0,0,1,1,0.0,0.0,0.0
24366,0,0,0,4,4,0.0,0.0,0.0
61967,0,2,1,25,28,0.0,0.08,0.04
38405,0,0,1,2,3,0.0,0.0,0.5
83576,0,0,0,15,15,0.0,0.0,0.0
71890,0,0,0,1,1,0.0,0.0,0.0
45638,0,0,0,8,8,0.0,0.0,0.0
64485,0,0,0,1,1,0.0,0.0,0.0
42840,0,0,0,14,14,0.0,0.0,0.0
42882,0,0,0,1,1,0.0,0.0,0.0
32566,0,0,0,1,1,0.0,0.0,0.0
53856,0,0,0,10,10,0.0,0.0,0.0
38610,0,0,0,1,1,0.0,0.0,0.0
70523,0,0,0,4,4,0.0,0.0,0.0
25342,0,0,0,1,1,0.0,0.0,0.0
81847,0,0,0,3,3,0.0,0.0,0.0
70785,0,0,1,7,8,0.0,0.0,0.1429
24969,0,0,0,1,1,0.0,0.0,0.0
54134,0,1,0,8,9,0.0,0.125,0.0
10581,0,0,0,4,4,0.0,0.0,0.0
42839,0,0,0,3,3,0.0,0.0,0.0
54126,0,0,0,12,12,0.0,0.0,0.0
4330,0,0,0,1,1,0.0,0.0,0.0
15857,0,1,0,2,3,0.0,0.5,0.0
42501,0,0,0,6,6,0.0,0.0,0.0
88231,0,1,1,7,9,0.0,0.1429,0.1429
54189,0,2,3,144,149,0.0,0.0139,0.0208
94423,2,1,0,87,90,0.023,0.0115,0.0
29201,0,0,0,13,13,0.0,0.0,0.0
97529,0,0,0,2,2,0.0,0.0,0.0
58890,2,1,4,77,84,0.026,0.013,0.0519
42524,0,1,0,42,43,0.0,0.0238,0.0
70655,1,0,0,11,12,0.0909,0.0,0.0
69513,0,0,0,4,4,0.0,0.0,0.0
90650,0,0,0,5,5,0.0,0.0,0.0
73030,1,2,0,33,36,0.0303,0.0606,0.0
48040,0,0,0,21,21,0.0,0.0,0.0
96944,0,0,0,3,3,0.0,0.0,0.0
24710,1,0,0,11,12,0.0909,0.0,0.0
68679,1,4,0,63,68,0.0159,0.0635,0.0
78019,0,0,0,6,6,0.0,0.0,0.0
12756,0,0,0,6,6,0.0,0.0,0.0
89340,0,1,0,21,22,0.0,0.0476,0.0
50504,0,0,0,5,5,0.0,0.0,0.0
42214,2,5,2,124,133,0.0161,0.0403,0.0161
89528,0,1,0,17,18,0.0,0.0588,0.0
79155,0,0,0,16,16,0.0,0.0,0.0
74084,0,0,0,1,1,0.0,0.0,0.0
41824,0,0,0,4,4,0.0,0.0,0.0
50845,0,0,0,3,3,0.0,0.0,0.0
99675,0,0,0,3,3,0.0,0.0,0.0
36193,0,0,0,26,26,0.0,0.0,0.0
53889,0,0,0,4,4,0.0,0.0,0.0
42831,0,0,0,27,27,0.0,0.0,0.0
99308,0,1,0,8,9,0.0,0.125,0.0
4574,0,0,0,13,13,0.0,0.0,0.0
28483,0,0,0,1,1,0.0,0.0,0.0
103397,0,0,0,7,7,0.0,0.0,0.0
65214,0,0,0,9,9,0.0,0.0,0.0
65496,0,0,1,3,4,0.0,0.0,0.3333
85465,0,0,0,5,5,0.0,0.0,0.0
24608,1,0,0,4,5,0.25,0.0,0.0
92446,0,0,0,2,2,0.0,0.0,0.0
17142,0,0,0,4,4,0.0,0.0,0.0
62177,0,0,0,9,9,0.0,0.0,0.0
55119,0,0,0,3,3,0.0,0.0,0.0
39107,0,0,0,1,1,0.0,0.0,0.0
4196,0,0,0,10,10,0.0,0.0,0.0
50983,0,1,0,1,2,0.0,1.0,0.0
88573,0,0,1,2,3,0.0,0.0,0.5
103329,0,0,0,2,2,0.0,0.0,0.0
85872,1,0,0,11,12,0.0909,0.0,0.0
5673,0,0,0,1,1,0.0,0.0,0.0
39745,0,0,0,1,1,0.0,0.0,0.0
1117,0,0,0,9,9,0.0,0.0,0.0
101695,0,1,0,3,4,0.0,0.3333,0.0
60670,0,0,0,1,1,0.0,0.0,0.0
71417,0,0,0,2,2,0.0,0.0,0.0
93629,1,0,0,1,2,1.0,0.0,0.0
104357,0,0,0,2,2,0.0,0.0,0.0
11359,0,1,0,1,2,0.0,1.0,0.0
35440,0,0,0,1,1,0.0,0.0,0.0
95087,0,1,1,128,130,0.0,0.0078,0.0078
57638,4,5,0,242,251,0.0165,0.0207,0.0
79088,1,4,2,153,160,0.0065,0.0261,0.0131
61912,0,3,0,115,118,0.0,0.0261,0.0
14325,0,2,0,4,6,0.0,0.5,0.0
80273,0,0,0,3,3,0.0,0.0,0.0
62303,0,0,0,12,12,0.0,0.0,0.0
65955,3,6,1,193,203,0.0155,0.0311,0.0052
14190,7,15,7,515,544,0.0136,0.0291,0.0136
10893,2,1,0,53,56,0.0377,0.0189,0.0
35881,0,0,0,22,22,0.0,0.0,0.0
27028,4,0,0,32,36,0.125,0.0,0.0
81867,0,0,0,4,4,0.0,0.0,0.0
40555,0,1,0,9,10,0.0,0.1111,0.0
83646,0,2,1,124,127,0.0,0.0161,0.0081
31459,0,0,0,3,3,0.0,0.0,0.0
23509,0,0,0,3,3,0.0,0.0,0.0
80296,0,0,0,1,1,0.0,0.0,0.0
90885,0,0,0,3,3,0.0,0.0,0.0
86265,1,1,0,65,67,0.0154,0.0154,0.0
38511,2,1,1,82,86,0.0244,0.0122,0.0122
39927,0,0,0,3,3,0.0,0.0,0.0
54781,0,1,0,13,14,0.0,0.0769,0.0
82217,1,0,0,7,8,0.1429,0.0,0.0
59126,0,0,0,6,6,0.0,0.0,0.0
82172,0,0,0,4,4,0.0,0.0,0.0
65121,0,0,0,27,27,0.0,0.0,0.0
69362,0,0,0,27,27,0.0,0.0,0.0
51512,0,0,0,10,10,0.0,0.0,0.0
80020,0,0,0,33,33,0.0,0.0,0.0
7062,0,0,0,1,1,0.0,0.0,0.0
40714,0,0,0,1,1,0.0,0.0,0.0
46370,0,0,0,1,1,0.0,0.0,0.0
46025,0,1,0,10,11,0.0,0.1,0.0
13736,0,0,0,19,19,0.0,0.0,0.0
46424,0,0,0,1,1,0.0,0.0,0.0
75188,0,0,0,12,12,0.0,0.0,0.0
104031,0,0,2,7,9,0.0,0.0,0.2857
80646,0,2,0,15,17,0.0,0.1333,0.0
643,1,0,4,32,37,0.0313,0.0,0.125
84412,0,0,0,4,4,0.0,0.0,0.0
91438,0,0,0,5,5,0.0,0.0,0.0
78965,0,0,0,13,13,0.0,0.0,0.0
13851,0,2,0,8,10,0.0,0.25,0.0
79838,0,0,0,2,2,0.0,0.0,0.0
97096,0,1,0,6,7,0.0,0.1667,0.0
8394,0,0,0,1,1,0.0,0.0,0.0
73322,0,0,0,10,10,0.0,0.0,0.0
80880,0,0,0,5,5,0.0,0.0,0.0
4467,0,0,0,32,32,0.0,0.0,0.0
51004,0,0,0,2,2,0.0,0.0,0.0
44435,1,0,0,2,3,0.5,0.0,0.0
71245,0,0,0,6,6,0.0,0.0,0.0
84287,0,0,0,9,9,0.0,0.0,0.0
84524,0,0,1,4,5,0.0,0.0,0.25
80725,0,0,0,1,1,0.0,0.0,0.0
36806,0,0,0,2,2,0.0,0.0,0.0
87188,0,0,0,27,27,0.0,0.0,0.0
55980,0,0,0,76,76,0.0,0.0,0.0
79118,0,0,0,1,1,0.0,0.0,0.0
69686,0,0,0,2,2,0.0,0.0,0.0
93827,0,0,0,4,4,0.0,0.0,0.0
8502,0,0,0,1,1,0.0,0.0,0.0
89735,0,0,0,1,1,0.0,0.0,0.0
49746,0,0,0,1,1,0.0,0.0,0.0
48660,0,0,0,1,1,0.0,0.0,0.0
9626,0,0,0,1,1,0.0,0.0,0.0
94817,0,0,0,1,1,0.0,0.0,0.0
51700,0,1,1,7,9,0.0,0.1429,0.1429
33699,0,0,0,1,1,0.0,0.0,0.0
64867,0,0,0,1,1,0.0,0.0,0.0
65468,0,0,0,2,2,0.0,0.0,0.0
56162,0,0,0,2,2,0.0,0.0,0.0
72099,0,0,0,1,1,0.0,0.0,0.0
38870,0,1,0,1,2,0.0,1.0,0.0
6413,0,0,0,3,3,0.0,0.0,0.0
85455,0,0,0,1,1,0.0,0.0,0.0
29928,0,0,1,28,29,0.0,0.0,0.0357
36122,0,0,0,1,1,0.0,0.0,0.0
23358,0,0,0,12,12,0.0,0.0,0.0
59232,0,0,0,4,4,0.0,0.0,0.0
102755,0,0,0,11,11,0.0,0.0,0.0
100758,0,0,0,3,3,0.0,0.0,0.0
84823,0,1,0,1,2,0.0,1.0,0.0
97730,0,0,1,18,19,0.0,0.0,0.0556
64119,0,0,0,1,1,0.0,0.0,0.0
39893,0,0,0,3,3,0.0,0.0,0.0
46657,0,0,1,8,9,0.0,0.0,0.125
44081,0,0,0,19,19,0.0,0.0,0.0
134,0,1,0,11,12,0.0,0.0909,0.0
80301,1,4,1,75,81,0.0133,0.0533,0.0133
87606,1,0,0,27,28,0.037,0.0,0.0
23171,0,0,0,2,2,0.0,0.0,0.0
45290,1,0,1,94,96,0.0106,0.0,0.0106
103554,0,0,0,3,3,0.0,0.0,0.0
73934,0,0,1,11,12,0.0,0.0,0.0909
10488,1,1,0,25,27,0.04,0.04,0.0
10936,0,0,0,3,3,0.0,0.0,0.0
2110,0,0,0,15,15,0.0,0.0,0.0
7565,0,0,0,7,7,0.0,0.0,0.0
48317,0,6,2,133,141,0.0,0.0451,0.015
44164,0,0,0,12,12,0.0,0.0,0.0
69561,1,0,0,62,63,0.0161,0.0,0.0
5107,0,0,0,9,9,0.0,0.0,0.0
96754,0,2,0,32,34,0.0,0.0625,0.0
100183,0,1,0,17,18,0.0,0.0588,0.0
79252,0,0,0,13,13,0.0,0.0,0.0
87899,1,0,4,51,56,0.0196,0.0,0.0784
56212,0,0,0,7,7,0.0,0.0,0.0
102531,0,0,0,4,4,0.0,0.0,0.0
79219,0,0,0,2,2,0.0,0.0,0.0
65022,0,0,0,7,7,0.0,0.0,0.0
28779,1,2,0,79,82,0.0127,0.0253,0.0
76438,1,0,0,20,21,0.05,0.0,0.0
69070,0,0,0,3,3,0.0,0.0,0.0
38392,0,0,0,9,9,0.0,0.0,0.0
59800,0,0,0,1,1,0.0,0.0,0.0
32711,0,0,0,4,4,0.0,0.0,0.0
79569,0,0,0,7,7,0.0,0.0,0.0
73149,0,0,1,7,8,0.0,0.0,0.1429
90244,0,0,0,1,1,0.0,0.0,0.0
38440,0,0,0,1,1,0.0,0.0,0.0
33461,0,0,0,1,1,0.0,0.0,0.0
43771,0,0,0,2,2,0.0,0.0,0.0
32358,0,0,0,4,4,0.0,0.0,0.0
74046,0,0,0,4,4,0.0,0.0,0.0
75770,0,0,0,4,4,0.0,0.0,0.0
69616,0,0,0,3,3,0.0,0.0,0.0
27592,0,0,0,1,1,0.0,0.0,0.0
42209,0,0,1,5,6,0.0,0.0,0.2
39580,0,0,0,2,2,0.0,0.0,0.0
4234,0,0,0,5,5,0.0,0.0,0.0
55312,0,0,0,3,3,0.0,0.0,0.0
56478,0,1,1,109,111,0.0,0.0092,0.0092
52005,0,0,0,1,1,0.0,0.0,0.0
65245,0,0,0,4,4,0.0,0.0,0.0
54537,0,1,0,7,8,0.0,0.1429,0.0
102760,0,0,0,10,10,0.0,0.0,0.0
25585,0,0,0,3,3,0.0,0.0,0.0
71383,0,0,0,5,5,0.0,0.0,0.0
21188,0,0,0,1,1,0.0,0.0,0.0
55066,1,0,0,0,1,0.0,0.0,0.0
47333,0,0,0,12,12,0.0,0.0,0.0
83161,0,0,0,1,1,0.0,0.0,0.0
31130,0,0,0,2,2,0.0,0.0,0.0
90092,0,0,0,1,1,0.0,0.0,0.0
91126,0,0,0,3,3,0.0,0.0,0.0
58547,0,0,0,2,2,0.0,0.0,0.0
80916,0,0,0,1,1,0.0,0.0,0.0
72121,0,0,0,1,1,0.0,0.0,0.0
36702,0,0,0,2,2,0.0,0.0,0.0
584,0,0,0,1,1,0.0,0.0,0.0
12406,0,0,0,2,2,0.0,0.0,0.0
37815,0,0,0,2,2,0.0,0.0,0.0
69171,0,0,0,4,4,0.0,0.0,0.0
18892,0,0,0,1,1,0.0,0.0,0.0
100661,0,0,0,2,2,0.0,0.0,0.0
85518,3,1,1,99,104,0.0303,0.0101,0.0101
98952,0,1,0,4,5,0.0,0.25,0.0
98282,0,0,0,1,1,0.0,0.0,0.0
11485,0,0,0,7,7,0.0,0.0,0.0
29536,0,2,2,63,67,0.0,0.0317,0.0317
81040,0,0,0,1,1,0.0,0.0,0.0
65222,1,1,0,23,25,0.0435,0.0435,0.0
43097,0,0,0,20,20,0.0,0.0,0.0
29008,0,0,2,17,19,0.0,0.0,0.1176
21973,0,0,0,87,87,0.0,0.0,0.0
88660,0,0,0,24,24,0.0,0.0,0.0
93729,0,4,0,103,107,0.0,0.0388,0.0
97568,0,0,1,19,20,0.0,0.0,0.0526
92419,0,0,0,16,16,0.0,0.0,0.0
91636,0,0,0,8,8,0.0,0.0,0.0
74978,0,4,0,64,68,0.0,0.0625,0.0
49103,0,0,0,19,19,0.0,0.0,0.0
32749,0,2,0,47,49,0.0,0.0426,0.0
19422,0,1,0,25,26,0.0,0.04,0.0
100361,0,1,0,24,25,0.0,0.0417,0.0
15244,0,0,1,2,3,0.0,0.0,0.5
51170,0,1,0,4,5,0.0,0.25,0.0
70943,0,0,0,3,3,0.0,0.0,0.0
43808,0,0,0,12,12,0.0,0.0,0.0
95861,0,1,0,14,15,0.0,0.0714,0.0
95387,0,0,0,4,4,0.0,0.0,0.0
40779,0,0,0,17,17,0.0,0.0,0.0
58478,0,1,0,44,45,0.0,0.0227,0.0
75106,0,0,0,9,9,0.0,0.0,0.0
18048,0,0,0,2,2,0.0,0.0,0.0
95806,2,2,0,42,46,0.0476,0.0476,0.0
26800,0,1,1,62,64,0.0,0.0161,0.0161
94983,0,0,0,1,1,0.0,0.0,0.0
60541,0,0,0,44,44,0.0,0.0,0.0
96997,0,0,0,6,6,0.0,0.0,0.0
91524,0,0,0,1,1,0.0,0.0,0.0
51776,0,0,0,50,50,0.0,0.0,0.0
99655,0,0,0,9,9,0.0,0.0,0.0
94649,0,0,0,11,11,0.0,0.0,0.0
39629,0,0,0,2,2,0.0,0.0,0.0
71040,0,0,0,9,9,0.0,0.0,0.0
61079,0,0,0,11,11,0.0,0.0,0.0
5848,0,0,0,34,34,0.0,0.0,0.0
99533,0,0,0,4,4,0.0,0.0,0.0
64901,0,0,0,14,14,0.0,0.0,0.0
45521,3,3,0,60,66,0.05,0.05,0.0
49067,0,0,0,2,2,0.0,0.0,0.0
100828,0,0,0,4,4,0.0,0.0,0.0
72082,0,0,0,3,3,0.0,0.0,0.0
21133,0,0,0,2,2,0.0,0.0,0.0
21093,0,0,0,20,20,0.0,0.0,0.0
38107,0,0,0,2,2,0.0,0.0,0.0
33998,0,0,0,1,1,0.0,0.0,0.0
82820,0,0,0,2,2,0.0,0.0,0.0
55596,0,0,0,1,1,0.0,0.0,0.0
77455,0,0,0,4,4,0.0,0.0,0.0
48010,0,0,0,3,3,0.0,0.0,0.0
69619,0,0,1,18,19,0.0,0.0,0.0556
70926,2,0,1,8,11,0.25,0.0,0.125
34409,0,1,0,4,5,0.0,0.25,0.0
72303,0,0,0,1,1,0.0,0.0,0.0
57030,0,0,0,9,9,0.0,0.0,0.0
10566,0,0,0,8,8,0.0,0.0,0.0
79082,0,0,0,2,2,0.0,0.0,0.0
86285,0,0,0,18,18,0.0,0.0,0.0
34378,0,0,0,2,2,0.0,0.0,0.0
17587,0,0,0,2,2,0.0,0.0,0.0
28549,0,1,0,43,44,0.0,0.0233,0.0
5833,0,0,0,1,1,0.0,0.0,0.0
6799,0,0,0,1,1,0.0,0.0,0.0
9277,0,0,0,3,3,0.0,0.0,0.0
34595,0,0,0,1,1,0.0,0.0,0.0
78003,0,0,0,1,1,0.0,0.0,0.0
10420,0,0,0,2,2,0.0,0.0,0.0
49173,0,0,0,1,1,0.0,0.0,0.0
5530,0,0,0,3,3,0.0,0.0,0.0
88267,0,0,0,1,1,0.0,0.0,0.0
50119,0,0,0,10,10,0.0,0.0,0.0
26691,0,0,0,2,2,0.0,0.0,0.0
40076,0,1,0,11,12,0.0,0.0909,0.0
64418,0,0,0,13,13,0.0,0.0,0.0
60424,1,0,0,5,6,0.2,0.0,0.0
65130,0,0,0,22,22,0.0,0.0,0.0
81408,0,4,0,145,149,0.0,0.0276,0.0
104401,8,8,1,446,463,0.0179,0.0179,0.0022
63554,0,0,0,2,2,0.0,0.0,0.0
99372,0,1,0,2,3,0.0,0.5,0.0
34517,0,0,0,3,3,0.0,0.0,0.0
75635,0,0,0,3,3,0.0,0.0,0.0
25344,0,0,1,69,70,0.0,0.0,0.0145
72927,0,1,0,7,8,0.0,0.1429,0.0
64298,1,7,3,118,129,0.0085,0.0593,0.0254
34897,0,0,0,3,3,0.0,0.0,0.0
76375,0,1,1,18,20,0.0,0.0556,0.0556
7000,0,0,0,4,4,0.0,0.0,0.0
93448,0,1,0,147,148,0.0,0.0068,0.0
79642,0,1,0,23,24,0.0,0.0435,0.0
93483,0,0,0,2,2,0.0,0.0,0.0
73482,0,0,2,41,43,0.0,0.0,0.0488
53471,0,0,0,6,6,0.0,0.0,0.0
43405,0,0,0,1,1,0.0,0.0,0.0
56193,0,2,2,19,23,0.0,0.1053,0.1053
63887,0,0,0,17,17,0.0,0.0,0.0
77152,0,0,0,24,24,0.0,0.0,0.0
94362,0,0,0,10,10,0.0,0.0,0.0
100146,0,0,0,13,13,0.0,0.0,0.0
88377,0,0,0,1,1,0.0,0.0,0.0
53635,0,0,0,3,3,0.0,0.0,0.0
61349,0,0,0,13,13,0.0,0.0,0.0
90973,0,0,1,7,8,0.0,0.0,0.1429
85721,0,0,2,41,43,0.0,0.0,0.0488
48320,0,0,0,6,6,0.0,0.0,0.0
73618,0,0,0,1,1,0.0,0.0,0.0
16883,0,0,0,11,11,0.0,0.0,0.0
54902,0,0,0,16,16,0.0,0.0,0.0
55745,0,0,0,1,1,0.0,0.0,0.0
98265,0,0,0,4,4,0.0,0.0,0.0
94300,0,0,1,30,31,0.0,0.0,0.0333
102959,1,0,0,9,10,0.1111,0.0,0.0
68901,0,2,1,9,12,0.0,0.2222,0.1111
29460,0,0,0,1,1,0.0,0.0,0.0
52073,1,2,0,13,16,0.0769,0.1538,0.0
13817,0,0,0,2,2,0.0,0.0,0.0
56405,0,0,0,3,3,0.0,0.0,0.0
54210,0,0,0,5,5,0.0,0.0,0.0
33652,0,0,2,4,6,0.0,0.0,0.5
41235,0,0,0,28,28,0.0,0.0,0.0
39502,0,0,0,15,15,0.0,0.0,0.0
60035,0,0,0,1,1,0.0,0.0,0.0
42070,0,0,0,3,3,0.0,0.0,0.0
963,0,0,0,2,2,0.0,0.0,0.0
80581,0,1,0,3,4,0.0,0.3333,0.0
93497,0,0,0,3,3,0.0,0.0,0.0
18055,0,0,0,6,6,0.0,0.0,0.0
65292,2,0,0,25,27,0.08,0.0,0.0
89601,0,0,0,1,1,0.0,0.0,0.0
81331,0,2,0,3,5,0.0,0.6667,0.0
41099,0,0,0,2,2,0.0,0.0,0.0
32268,0,0,0,1,1,0.0,0.0,0.0
75277,0,0,0,1,1,0.0,0.0,0.0
32820,0,0,0,2,2,0.0,0.0,0.0
617,0,0,0,1,1,0.0,0.0,0.0
104085,0,0,0,30,30,0.0,0.0,0.0
48368,0,0,0,1,1,0.0,0.0,0.0
6496,0,0,0,4,4,0.0,0.0,0.0
25503,0,0,0,1,1,0.0,0.0,0.0
36219,0,0,0,3,3,0.0,0.0,0.0
87326,0,0,0,1,1,0.0,0.0,0.0
52325,0,2,1,115,118,0.0,0.0174,0.0087
102184,0,1,0,12,13,0.0,0.0833,0.0
3046,0,2,0,19,21,0.0,0.1053,0.0
27282,0,3,1,47,51,0.0,0.0638,0.0213
87393,0,0,0,3,3,0.0,0.0,0.0
41271,1,1,0,9,11,0.1111,0.1111,0.0
86559,0,0,0,10,10,0.0,0.0,0.0
14863,1,1,0,63,65,0.0159,0.0159,0.0
45608,1,1,0,16,18,0.0625,0.0625,0.0
24897,1,0,0,15,16,0.0667,0.0,0.0
74141,0,0,0,7,7,0.0,0.0,0.0
33789,0,2,3,42,47,0.0,0.0476,0.0714
23161,0,0,0,7,7,0.0,0.0,0.0
39708,1,0,0,8,9,0.125,0.0,0.0
32998,0,0,0,19,19,0.0,0.0,0.0
43754,0,0,0,1,1,0.0,0.0,0.0
2370,0,0,1,2,3,0.0,0.0,0.5
26961,0,0,0,4,4,0.0,0.0,0.0
95470,0,0,0,19,19,0.0,0.0,0.0
96049,0,0,0,11,11,0.0,0.0,0.0
102645,1,1,0,15,17,0.0667,0.0667,0.0
90937,1,0,0,27,28,0.037,0.0,0.0
3402,0,0,0,44,44,0.0,0.0,0.0
29226,0,0,0,8,8,0.0,0.0,0.0
70070,0,0,0,32,32,0.0,0.0,0.0
74156,0,2,1,31,34,0.0,0.0645,0.0323
29846,0,0,0,5,5,0.0,0.0,0.0
28973,0,5,3,175,183,0.0,0.0286,0.0171
47269,2,0,0,9,11,0.2222,0.0,0.0
94533,1,0,0,47,48,0.0213,0.0,0.0
34688,0,0,0,5,5,0.0,0.0,0.0
86216,0,0,0,9,9,0.0,0.0,0.0
61173,1,0,0,8,9,0.125,0.0,0.0
43973,3,1,0,107,111,0.028,0.0093,0.0
95346,0,1,0,17,18,0.0,0.0588,0.0
96153,2,0,2,39,43,0.0513,0.0,0.0513
51841,0,0,0,24,24,0.0,0.0,0.0
24748,0,0,0,2,2,0.0,0.0,0.0
83755,0,0,1,37,38,0.0,0.0,0.027
2208,0,0,0,1,1,0.0,0.0,0.0
90789,0,0,0,11,11,0.0,0.0,0.0
3444,0,0,0,5,5,0.0,0.0,0.0
33526,0,0,0,2,2,0.0,0.0,0.0
208,0,0,0,1,1,0.0,0.0,0.0
69952,0,0,0,4,4,0.0,0.0,0.0
12682,0,0,0,4,4,0.0,0.0,0.0
102857,0,0,0,6,6,0.0,0.0,0.0
82510,0,0,0,10,10,0.0,0.0,0.0
3778,0,0,0,4,4,0.0,0.0,0.0
68222,0,0,1,11,12,0.0,0.0,0.0909
5990,0,0,0,12,12,0.0,0.0,0.0
19376,0,0,3,39,42,0.0,0.0,0.0769
75667,0,0,0,1,1,0.0,0.0,0.0
60340,0,0,0,2,2,0.0,0.0,0.0
47675,0,0,0,1,1,0.0,0.0,0.0
24274,0,0,0,2,2,0.0,0.0,0.0
63162,0,0,0,1,1,0.0,0.0,0.0
53033,0,0,0,5,5,0.0,0.0,0.0
56166,0,0,1,2,3,0.0,0.0,0.5
77428,0,0,0,6,6,0.0,0.0,0.0
29165,0,0,0,5,5,0.0,0.0,0.0
30741,0,0,0,2,2,0.0,0.0,0.0
22518,0,0,0,1,1,0.0,0.0,0.0
27113,0,1,0,3,4,0.0,0.3333,0.0
35120,0,0,0,2,2,0.0,0.0,0.0
61649,0,0,0,1,1,0.0,0.0,0.0
27867,0,0,0,1,1,0.0,0.0,0.0
72668,0,0,0,8,8,0.0,0.0,0.0
94517,0,0,0,9,9,0.0,0.0,0.0
96095,0,0,0,3,3,0.0,0.0,0.0
44613,0,0,0,1,1,0.0,0.0,0.0
102325,0,2,0,13,15,0.0,0.1538,0.0
83962,4,1,1,34,40,0.1176,0.0294,0.0294
43227,0,1,1,17,19,0.0,0.0588,0.0588
12916,0,0,0,16,16,0.0,0.0,0.0
37529,1,1,1,76,79,0.0132,0.0132,0.0132
20076,0,0,2,28,30,0.0,0.0,0.0714
80190,0,0,0,13,13,0.0,0.0,0.0
96379,2,1,3,20,26,0.1,0.05,0.15
43429,0,0,0,1,1,0.0,0.0,0.0
48304,1,0,0,33,34,0.0303,0.0,0.0
89316,4,5,0,157,166,0.0255,0.0318,0.0
3910,0,1,0,22,23,0.0,0.0455,0.0
56284,0,0,1,27,28,0.0,0.0,0.037
69302,0,0,1,41,42,0.0,0.0,0.0244
104267,0,0,0,4,4,0.0,0.0,0.0
35768,1,1,0,28,30,0.0357,0.0357,0.0
37493,1,6,5,228,240,0.0044,0.0263,0.0219
6438,0,0,0,3,3,0.0,0.0,0.0
93068,0,0,0,1,1,0.0,0.0,0.0
103828,0,2,0,58,60,0.0,0.0345,0.0
60858,0,2,0,38,40,0.0,0.0526,0.0
97100,0,0,0,7,7,0.0,0.0,0.0
69438,0,0,0,4,4,0.0,0.0,0.0
100184,1,2,0,69,72,0.0145,0.029,0.0
3406,0,0,0,4,4,0.0,0.0,0.0
100346,0,0,4,69,73,0.0,0.0,0.058
103434,0,0,1,30,31,0.0,0.0,0.0333
55817,1,2,0,28,31,0.0357,0.0714,0.0
103659,0,5,2,116,123,0.0,0.0431,0.0172
52518,1,0,0,46,47,0.0217,0.0,0.0
68644,0,0,3,114,117,0.0,0.0,0.0263
89857,0,0,1,4,5,0.0,0.0,0.25
96292,1,0,1,32,34,0.0313,0.0,0.0313
100759,0,0,0,9,9,0.0,0.0,0.0
76159,0,1,0,35,36,0.0,0.0286,0.0
15651,0,0,0,16,16,0.0,0.0,0.0
97535,0,0,0,2,2,0.0,0.0,0.0
5391,0,0,0,6,6,0.0,0.0,0.0
46114,0,0,1,8,9,0.0,0.0,0.125
6078,0,0,0,19,19,0.0,0.0,0.0
17541,0,0,0,56,56,0.0,0.0,0.0
37206,0,0,0,7,7,0.0,0.0,0.0
29757,0,0,0,5,5,0.0,0.0,0.0
41802,0,0,0,17,17,0.0,0.0,0.0
57167,0,0,0,7,7,0.0,0.0,0.0
6153,0,0,0,1,1,0.0,0.0,0.0
46918,0,0,1,6,7,0.0,0.0,0.1667
68833,0,0,0,16,16,0.0,0.0,0.0
7999,0,0,0,4,4,0.0,0.0,0.0
96746,0,0,0,13,13,0.0,0.0,0.0
23438,0,0,0,22,22,0.0,0.0,0.0
24886,0,1,0,2,3,0.0,0.5,0.0
45180,0,0,0,2,2,0.0,0.0,0.0
8054,0,0,0,5,5,0.0,0.0,0.0
55153,1,1,0,19,21,0.0526,0.0526,0.0
6819,0,0,0,5,5,0.0,0.0,0.0
30625,0,0,0,6,6,0.0,0.0,0.0
32371,0,0,0,4,4,0.0,0.0,0.0
1413,0,0,0,4,4,0.0,0.0,0.0
23109,0,0,0,1,1,0.0,0.0,0.0
27248,0,0,0,12,12,0.0,0.0,0.0
85195,0,1,1,12,14,0.0,0.0833,0.0833
69730,0,0,0,1,1,0.0,0.0,0.0
14879,0,0,0,6,6,0.0,0.0,0.0
89065,0,0,0,1,1,0.0,0.0,0.0
14744,0,0,0,1,1,0.0,0.0,0.0
24932,0,0,0,1,1,0.0,0.0,0.0
18011,0,0,0,12,12,0.0,0.0,0.0
72454,0,0,0,1,1,0.0,0.0,0.0
41077,0,0,0,2,2,0.0,0.0,0.0
5581,0,0,0,4,4,0.0,0.0,0.0
100775,0,0,0,1,1,0.0,0.0,0.0
63325,0,0,0,1,1,0.0,0.0,0.0
17497,0,0,0,2,2,0.0,0.0,0.0
68627,0,0,0,1,1,0.0,0.0,0.0
47696,0,0,0,1,1,0.0,0.0,0.0
59508,0,0,0,1,1,0.0,0.0,0.0
88467,0,0,0,4,4,0.0,0.0,0.0
48550,0,0,0,1,1,0.0,0.0,0.0
24038,0,0,0,1,1,0.0,0.0,0.0
47901,0,0,0,1,1,0.0,0.0,0.0
82905,0,0,0,1,1,0.0,0.0,0.0
94187,0,0,0,1,1,0.0,0.0,0.0
61068,0,0,0,2,2,0.0,0.0,0.0
