adgroup_id,cate_id,campaign_id,customer,brand,price,userid,cms_segid,cms_group_id,final_gender_code,age_level,shopping_level,occupation,new_user_class_level ,pvalue_level,pid,clk,date,hour
1,9025.0,108570.0,1337.0,20169.0,17.0,581738,0.0,8.0,1.0,2.0,3.0,0.0,2.0,1.0,430548_1007,0,2017-05-07,6
4,7958.0,385883.0,39662.0,216840.0,85.0,914836,0.0,5.0,2.0,5.0,3.0,0.0,2.0,2.0,430548_1007,0,2017-05-13,4
5,7958.0,385883.0,39662.0,216840.0,60.0,914836,0.0,5.0,2.0,5.0,3.0,0.0,2.0,2.0,430548_1007,0,2017-05-13,4
8,1626.0,388290.0,42349.0,241359.0,63.0,399907,0.0,5.0,2.0,5.0,3.0,0.0,2.0,1.0,430548_1007,0,2017-05-09,4
9,9784.0,393714.0,32496.0,457216.0,396.0,628137,0.0,9.0,1.0,3.0,1.0,0.0,2.0,2.0,430548_1007,0,2017-05-11,17
9,9784.0,393714.0,32496.0,457216.0,396.0,298139,0.0,10.0,1.0,4.0,3.0,0.0,3.0,2.0,430539_1007,0,2017-05-11,0
11,5239.0,384809.0,25745.0,134255.0,176.0,555266,0.0,4.0,2.0,4.0,3.0,0.0,3.0,2.0,430539_1007,0,2017-05-09,5
11,5239.0,384809.0,25745.0,134255.0,176.0,117840,49.0,6.0,2.0,6.0,3.0,0.0,2.0,2.0,430548_1007,0,2017-05-06,2
11,5239.0,384809.0,25745.0,134255.0,176.0,739815,0.0,4.0,2.0,4.0,3.0,0.0,1.0,1.0,430539_1007,0,2017-05-07,0
11,5239.0,384809.0,25745.0,134255.0,176.0,623911,93.0,11.0,1.0,5.0,3.0,0.0,2.0,3.0,430548_1007,0,2017-05-12,21
11,5239.0,384809.0,25745.0,134255.0,176.0,623911,93.0,11.0,1.0,5.0,3.0,0.0,2.0,3.0,430548_1007,0,2017-05-10,21
11,5239.0,384809.0,25745.0,134255.0,176.0,421590,0.0,4.0,2.0,4.0,1.0,0.0,2.0,2.0,430548_1007,0,2017-05-06,1
13,7211.0,130458.0,6395.0,112840.0,289.0,976358,20.0,3.0,2.0,3.0,3.0,0.0,4.0,2.0,430548_1007,0,2017-05-07,11
13,7211.0,130458.0,6395.0,112840.0,289.0,286630,17.0,3.0,2.0,3.0,3.0,0.0,4.0,1.0,430539_1007,0,2017-05-08,4
13,7211.0,130458.0,6395.0,112840.0,289.0,286630,17.0,3.0,2.0,3.0,3.0,0.0,4.0,1.0,430539_1007,0,2017-05-09,0
13,7211.0,130458.0,6395.0,112840.0,289.0,771431,31.0,4.0,2.0,4.0,3.0,0.0,4.0,1.0,430548_1007,0,2017-05-07,10
13,7211.0,130458.0,6395.0,112840.0,289.0,530454,31.0,4.0,2.0,4.0,3.0,0.0,4.0,1.0,430548_1007,0,2017-05-09,1
13,7211.0,130458.0,6395.0,112840.0,289.0,212552,0.0,3.0,2.0,3.0,3.0,0.0,4.0,2.0,430548_1007,0,2017-05-12,6
13,7211.0,130458.0,6395.0,112840.0,289.0,812839,21.0,3.0,2.0,3.0,3.0,0.0,1.0,2.0,430539_1007,0,2017-05-09,6
13,7211.0,130458.0,6395.0,112840.0,289.0,251948,20.0,3.0,2.0,3.0,3.0,0.0,3.0,2.0,430539_1007,0,2017-05-08,22
13,7211.0,130458.0,6395.0,112840.0,289.0,560492,0.0,3.0,2.0,3.0,3.0,0.0,2.0,1.0,430539_1007,0,2017-05-11,23
13,7211.0,130458.0,6395.0,112840.0,289.0,384206,20.0,3.0,2.0,3.0,3.0,0.0,4.0,2.0,430539_1007,0,2017-05-11,4
13,7211.0,130458.0,6395.0,112840.0,289.0,251948,20.0,3.0,2.0,3.0,3.0,0.0,3.0,2.0,430539_1007,0,2017-05-11,22
13,7211.0,130458.0,6395.0,112840.0,289.0,866880,0.0,3.0,2.0,3.0,3.0,0.0,2.0,1.0,430548_1007,0,2017-05-07,2
15,7023.0,397386.0,51962.0,7465.0,65.0,1065947,0.0,5.0,2.0,5.0,3.0,0.0,2.0,2.0,430539_1007,0,2017-05-06,7
28,11166.0,396577.0,51088.0,304801.0,8.5,243365,0.0,10.0,1.0,4.0,3.0,0.0,2.0,1.0,430548_1007,0,2017-05-07,4
37,5467.0,398528.0,53136.0,1644.0,20.0,696122,0.0,9.0,1.0,3.0,3.0,0.0,4.0,2.0,430548_1007,0,2017-05-12,2
38,4535.0,394495.0,5122.0,387739.0,1800.0,826763,20.0,3.0,2.0,3.0,3.0,0.0,4.0,2.0,430539_1007,0,2017-05-09,5
38,4535.0,394495.0,5122.0,387739.0,1800.0,357293,0.0,4.0,2.0,4.0,3.0,0.0,3.0,1.0,430548_1007,0,2017-05-12,13
38,4535.0,394495.0,5122.0,387739.0,1800.0,329004,76.0,10.0,1.0,4.0,2.0,0.0,4.0,3.0,430548_1007,0,2017-05-06,14
38,4535.0,394495.0,5122.0,387739.0,1800.0,26279,0.0,9.0,1.0,3.0,3.0,0.0,2.0,2.0,430539_1007,0,2017-05-11,4
38,4535.0,394495.0,5122.0,387739.0,1800.0,789015,44.0,5.0,2.0,5.0,3.0,0.0,2.0,2.0,430539_1007,0,2017-05-09,13
38,4535.0,394495.0,5122.0,387739.0,1800.0,237042,66.0,9.0,1.0,3.0,3.0,0.0,2.0,2.0,430548_1007,0,2017-05-11,6
38,4535.0,394495.0,5122.0,387739.0,1800.0,368892,0.0,4.0,2.0,4.0,3.0,0.0,1.0,1.0,430539_1007,0,2017-05-08,13
38,4535.0,394495.0,5122.0,387739.0,1800.0,621099,0.0,10.0,1.0,4.0,2.0,0.0,2.0,1.0,430548_1007,0,2017-05-09,12
38,4535.0,394495.0,5122.0,387739.0,1800.0,940360,0.0,11.0,1.0,5.0,2.0,0.0,2.0,2.0,430548_1007,0,2017-05-10,1
38,4535.0,394495.0,5122.0,387739.0,1800.0,770798,0.0,8.0,1.0,2.0,3.0,0.0,4.0,1.0,430548_1007,0,2017-05-10,3
38,4535.0,394495.0,5122.0,387739.0,1800.0,992212,67.0,9.0,1.0,3.0,3.0,0.0,4.0,2.0,430539_1007,0,2017-05-10,12
38,4535.0,394495.0,5122.0,387739.0,1800.0,576962,88.0,11.0,1.0,5.0,3.0,0.0,1.0,1.0,430548_1007,0,2017-05-06,13
38,4535.0,394495.0,5122.0,387739.0,1800.0,770798,0.0,8.0,1.0,2.0,3.0,0.0,4.0,1.0,430548_1007,0,2017-05-12,14
38,4535.0,394495.0,5122.0,387739.0,1800.0,390805,0.0,3.0,2.0,3.0,3.0,0.0,2.0,2.0,430548_1007,0,2017-05-07,12
46,5467.0,398528.0,53136.0,1644.0,1.6,199003,0.0,3.0,2.0,3.0,3.0,0.0,2.0,2.0,430539_1007,0,2017-05-06,5
47,3303.0,395144.0,49555.0,31972.0,1.8,669432,0.0,10.0,1.0,4.0,3.0,0.0,2.0,2.0,430548_1007,0,2017-05-11,2
47,3303.0,395144.0,49555.0,31972.0,1.8,669432,0.0,10.0,1.0,4.0,3.0,0.0,2.0,2.0,430548_1007,0,2017-05-11,12
49,5302.0,388909.0,42997.0,297367.0,398.0,68522,0.0,3.0,2.0,3.0,3.0,0.0,4.0,2.0,430548_1007,0,2017-05-06,7
49,5302.0,388909.0,42997.0,297367.0,398.0,68522,0.0,3.0,2.0,3.0,3.0,0.0,4.0,2.0,430548_1007,0,2017-05-06,2
54,9766.0,133510.0,13651.0,449121.0,1900.0,206767,0.0,8.0,1.0,2.0,1.0,0.0,2.0,2.0,430548_1007,0,2017-05-08,5
59,4642.0,209616.0,20301.0,336362.0,968.0,310639,0.0,3.0,2.0,3.0,3.0,0.0,1.0,1.0,430539_1007,0,2017-05-11,12
59,4642.0,209616.0,20301.0,336362.0,968.0,678379,79.0,10.0,1.0,4.0,3.0,0.0,1.0,2.0,430539_1007,0,2017-05-06,13
60,11175.0,383995.0,30052.0,342477.0,19.0,60597,0.0,9.0,1.0,3.0,3.0,0.0,2.0,1.0,430548_1007,0,2017-05-12,17
60,11175.0,383995.0,30052.0,342477.0,19.0,183387,17.0,3.0,2.0,3.0,3.0,0.0,4.0,1.0,430548_1007,0,2017-05-06,5
60,11175.0,383995.0,30052.0,342477.0,19.0,183387,17.0,3.0,2.0,3.0,3.0,0.0,4.0,1.0,430548_1007,0,2017-05-06,13
60,11175.0,383995.0,30052.0,342477.0,19.0,183387,17.0,3.0,2.0,3.0,3.0,0.0,4.0,1.0,430548_1007,0,2017-05-06,12
60,11175.0,383995.0,30052.0,342477.0,19.0,720856,81.0,10.0,1.0,4.0,3.0,0.0,4.0,2.0,430539_1007,0,2017-05-07,8
60,11175.0,383995.0,30052.0,342477.0,19.0,628285,0.0,4.0,2.0,4.0,3.0,0.0,3.0,2.0,430539_1007,0,2017-05-09,23
60,11175.0,383995.0,30052.0,342477.0,19.0,122266,0.0,4.0,2.0,4.0,3.0,0.0,2.0,1.0,430548_1007,0,2017-05-12,10
60,11175.0,383995.0,30052.0,342477.0,19.0,766690,45.0,5.0,2.0,5.0,3.0,0.0,4.0,2.0,430539_1007,0,2017-05-13,6
64,9784.0,394964.0,6743.0,412482.0,2392.5,494196,0.0,11.0,1.0,5.0,1.0,0.0,2.0,2.0,430548_1007,0,2017-05-13,9
76,3372.0,228749.0,32045.0,58175.0,1980.0,893779,0.0,9.0,1.0,3.0,3.0,0.0,2.0,2.0,430539_1007,0,2017-05-13,2
76,3372.0,228749.0,32045.0,58175.0,1980.0,826133,0.0,10.0,1.0,4.0,1.0,0.0,2.0,1.0,430539_1007,0,2017-05-13,14
79,6379.0,148809.0,19444.0,336541.0,36.0,668765,0.0,4.0,2.0,4.0,3.0,0.0,2.0,2.0,430548_1007,0,2017-05-06,13
85,6873.0,398858.0,53487.0,443907.0,720.0,10772,0.0,4.0,2.0,4.0,3.0,0.0,3.0,2.0,430548_1007,0,2017-05-10,5
85,6873.0,398858.0,53487.0,443907.0,720.0,563874,21.0,3.0,2.0,3.0,3.0,0.0,1.0,2.0,430548_1007,0,2017-05-11,2
85,6873.0,398858.0,53487.0,443907.0,720.0,683451,0.0,11.0,1.0,5.0,3.0,0.0,4.0,2.0,430539_1007,0,2017-05-08,7
85,6873.0,398858.0,53487.0,443907.0,720.0,843030,54.0,8.0,1.0,2.0,3.0,1.0,2.0,1.0,430548_1007,0,2017-05-09,1
85,6873.0,398858.0,53487.0,443907.0,720.0,53386,0.0,3.0,2.0,3.0,3.0,0.0,1.0,2.0,430539_1007,0,2017-05-13,9
102,126.0,138148.0,20107.0,102457.0,98.0,918382,0.0,3.0,2.0,3.0,3.0,0.0,2.0,2.0,430539_1007,0,2017-05-08,23
102,126.0,138148.0,20107.0,102457.0,98.0,972042,0.0,2.0,2.0,2.0,3.0,0.0,1.0,2.0,430539_1007,0,2017-05-13,8
102,126.0,138148.0,20107.0,102457.0,98.0,378262,22.0,3.0,2.0,3.0,3.0,0.0,3.0,3.0,430539_1007,0,2017-05-09,10
102,126.0,138148.0,20107.0,102457.0,98.0,738208,34.0,4.0,2.0,4.0,3.0,0.0,4.0,2.0,430548_1007,0,2017-05-07,23
102,126.0,138148.0,20107.0,102457.0,98.0,878047,0.0,5.0,2.0,5.0,3.0,0.0,4.0,2.0,430539_1007,0,2017-05-11,13
102,126.0,138148.0,20107.0,102457.0,98.0,749715,0.0,11.0,1.0,5.0,1.0,0.0,2.0,1.0,430539_1007,0,2017-05-06,9
102,126.0,138148.0,20107.0,102457.0,98.0,378262,22.0,3.0,2.0,3.0,3.0,0.0,3.0,3.0,430539_1007,0,2017-05-13,13
102,126.0,138148.0,20107.0,102457.0,98.0,114993,19.0,3.0,2.0,3.0,3.0,0.0,2.0,2.0,430539_1007,0,2017-05-12,3
102,126.0,138148.0,20107.0,102457.0,98.0,974392,57.0,8.0,1.0,2.0,3.0,0.0,3.0,2.0,430539_1007,0,2017-05-08,10
102,126.0,138148.0,20107.0,102457.0,98.0,642854,8.0,2.0,2.0,2.0,3.0,0.0,3.0,2.0,430539_1007,1,2017-05-08,17
102,126.0,138148.0,20107.0,102457.0,98.0,443793,0.0,4.0,2.0,4.0,3.0,0.0,1.0,2.0,430539_1007,1,2017-05-07,11
102,126.0,138148.0,20107.0,102457.0,98.0,642854,8.0,2.0,2.0,2.0,3.0,0.0,3.0,2.0,430539_1007,0,2017-05-11,3
102,126.0,138148.0,20107.0,102457.0,98.0,443793,0.0,4.0,2.0,4.0,3.0,0.0,1.0,2.0,430539_1007,0,2017-05-11,9
102,126.0,138148.0,20107.0,102457.0,98.0,872834,0.0,3.0,2.0,3.0,3.0,0.0,4.0,1.0,430539_1007,0,2017-05-09,4
102,126.0,138148.0,20107.0,102457.0,98.0,644063,0.0,9.0,1.0,3.0,3.0,0.0,2.0,1.0,430548_1007,0,2017-05-12,23
102,126.0,138148.0,20107.0,102457.0,98.0,618501,0.0,10.0,1.0,4.0,3.0,0.0,2.0,2.0,430539_1007,0,2017-05-13,6
102,126.0,138148.0,20107.0,102457.0,98.0,416214,0.0,2.0,2.0,2.0,3.0,0.0,4.0,1.0,430539_1007,0,2017-05-10,4
102,126.0,138148.0,20107.0,102457.0,98.0,914080,0.0,3.0,2.0,3.0,3.0,0.0,3.0,1.0,430539_1007,0,2017-05-12,10
102,126.0,138148.0,20107.0,102457.0,98.0,914080,0.0,3.0,2.0,3.0,3.0,0.0,3.0,1.0,430539_1007,0,2017-05-09,11
102,126.0,138148.0,20107.0,102457.0,98.0,415870,0.0,3.0,2.0,3.0,3.0,0.0,2.0,2.0,430539_1007,0,2017-05-10,6
102,126.0,138148.0,20107.0,102457.0,98.0,695684,0.0,3.0,2.0,3.0,3.0,0.0,2.0,2.0,430539_1007,0,2017-05-12,11
102,126.0,138148.0,20107.0,102457.0,98.0,165841,0.0,4.0,2.0,4.0,3.0,0.0,4.0,1.0,430539_1007,0,2017-05-11,7
102,126.0,138148.0,20107.0,102457.0,98.0,567226,34.0,4.0,2.0,4.0,3.0,0.0,4.0,2.0,430539_1007,0,2017-05-11,23
102,126.0,138148.0,20107.0,102457.0,98.0,190272,20.0,3.0,2.0,3.0,3.0,0.0,3.0,2.0,430539_1007,0,2017-05-13,2
102,126.0,138148.0,20107.0,102457.0,98.0,859607,0.0,4.0,2.0,4.0,3.0,0.0,2.0,2.0,430539_1007,0,2017-05-13,9
102,126.0,138148.0,20107.0,102457.0,98.0,859607,0.0,4.0,2.0,4.0,3.0,0.0,2.0,2.0,430539_1007,0,2017-05-06,3
102,126.0,138148.0,20107.0,102457.0,98.0,633475,19.0,3.0,2.0,3.0,3.0,0.0,2.0,2.0,430539_1007,0,2017-05-10,10
102,126.0,138148.0,20107.0,102457.0,98.0,593147,19.0,3.0,2.0,3.0,3.0,0.0,2.0,2.0,430539_1007,0,2017-05-09,21
102,126.0,138148.0,20107.0,102457.0,98.0,593147,19.0,3.0,2.0,3.0,3.0,0.0,2.0,2.0,430539_1007,0,2017-05-12,20
102,126.0,138148.0,20107.0,102457.0,98.0,167978,33.0,4.0,2.0,4.0,3.0,0.0,2.0,2.0,430539_1007,0,2017-05-13,8
102,126.0,138148.0,20107.0,102457.0,98.0,389494,19.0,3.0,2.0,3.0,3.0,0.0,2.0,2.0,430548_1007,0,2017-05-09,8
102,126.0,138148.0,20107.0,102457.0,98.0,918382,0.0,3.0,2.0,3.0,3.0,0.0,2.0,2.0,430539_1007,0,2017-05-12,1
102,126.0,138148.0,20107.0,102457.0,98.0,132831,19.0,3.0,2.0,3.0,3.0,0.0,2.0,2.0,430539_1007,0,2017-05-11,13
102,126.0,138148.0,20107.0,102457.0,98.0,167978,33.0,4.0,2.0,4.0,3.0,0.0,2.0,2.0,430539_1007,0,2017-05-13,8
102,126.0,138148.0,20107.0,102457.0,98.0,633475,19.0,3.0,2.0,3.0,3.0,0.0,2.0,2.0,430539_1007,0,2017-05-07,1
102,126.0,138148.0,20107.0,102457.0,98.0,810283,0.0,3.0,2.0,3.0,3.0,0.0,3.0,1.0,430548_1007,0,2017-05-13,3
102,126.0,138148.0,20107.0,102457.0,98.0,810283,0.0,3.0,2.0,3.0,3.0,0.0,3.0,1.0,430548_1007,0,2017-05-10,4
102,126.0,138148.0,20107.0,102457.0,98.0,1049640,0.0,4.0,2.0,4.0,3.0,0.0,3.0,2.0,430548_1007,0,2017-05-07,5
102,126.0,138148.0,20107.0,102457.0,98.0,968165,0.0,4.0,2.0,4.0,3.0,0.0,2.0,2.0,430539_1007,0,2017-05-12,1
102,126.0,138148.0,20107.0,102457.0,98.0,1099979,0.0,3.0,2.0,3.0,3.0,0.0,2.0,1.0,430539_1007,0,2017-05-06,7
102,126.0,138148.0,20107.0,102457.0,98.0,541031,0.0,3.0,2.0,3.0,3.0,0.0,2.0,1.0,430539_1007,0,2017-05-13,0
102,126.0,138148.0,20107.0,102457.0,98.0,477776,0.0,3.0,2.0,3.0,3.0,0.0,4.0,1.0,430548_1007,0,2017-05-07,19
102,126.0,138148.0,20107.0,102457.0,98.0,895515,20.0,3.0,2.0,3.0,3.0,0.0,3.0,2.0,430539_1007,0,2017-05-07,9
102,126.0,138148.0,20107.0,102457.0,98.0,1620,0.0,3.0,2.0,3.0,3.0,0.0,4.0,2.0,430539_1007,0,2017-05-06,7
102,126.0,138148.0,20107.0,102457.0,98.0,106567,7.0,2.0,2.0,2.0,3.0,0.0,2.0,2.0,430548_1007,0,2017-05-08,5
102,126.0,138148.0,20107.0,102457.0,98.0,1620,0.0,3.0,2.0,3.0,3.0,0.0,4.0,2.0,430539_1007,0,2017-05-08,22
102,126.0,138148.0,20107.0,102457.0,98.0,284898,0.0,4.0,2.0,4.0,3.0,0.0,2.0,1.0,430548_1007,0,2017-05-12,17
102,126.0,138148.0,20107.0,102457.0,98.0,843459,0.0,3.0,2.0,3.0,3.0,0.0,2.0,2.0,430539_1007,0,2017-05-05,17
102,126.0,138148.0,20107.0,102457.0,98.0,1620,0.0,3.0,2.0,3.0,3.0,0.0,4.0,2.0,430539_1007,0,2017-05-13,4
102,126.0,138148.0,20107.0,102457.0,98.0,653256,0.0,4.0,2.0,4.0,3.0,0.0,1.0,1.0,430539_1007,0,2017-05-09,23
102,126.0,138148.0,20107.0,102457.0,98.0,1022975,33.0,4.0,2.0,4.0,3.0,0.0,2.0,2.0,430539_1007,0,2017-05-13,7
102,126.0,138148.0,20107.0,102457.0,98.0,1022975,33.0,4.0,2.0,4.0,3.0,0.0,2.0,2.0,430539_1007,0,2017-05-09,11
102,126.0,138148.0,20107.0,102457.0,98.0,379823,0.0,5.0,2.0,5.0,2.0,0.0,2.0,2.0,430539_1007,0,2017-05-08,21
102,126.0,138148.0,20107.0,102457.0,98.0,740169,19.0,3.0,2.0,3.0,3.0,0.0,2.0,2.0,430539_1007,0,2017-05-09,13
102,126.0,138148.0,20107.0,102457.0,98.0,59252,0.0,1.0,2.0,1.0,3.0,1.0,2.0,2.0,430539_1007,0,2017-05-08,2
102,126.0,138148.0,20107.0,102457.0,98.0,370072,0.0,5.0,2.0,5.0,3.0,0.0,1.0,2.0,430539_1007,0,2017-05-13,6
102,126.0,138148.0,20107.0,102457.0,98.0,258492,0.0,3.0,2.0,3.0,3.0,0.0,4.0,1.0,430539_1007,0,2017-05-07,12
102,126.0,138148.0,20107.0,102457.0,98.0,1062314,33.0,4.0,2.0,4.0,3.0,0.0,2.0,2.0,430539_1007,0,2017-05-06,14
102,126.0,138148.0,20107.0,102457.0,98.0,1062314,33.0,4.0,2.0,4.0,3.0,0.0,2.0,2.0,430539_1007,0,2017-05-10,2
102,126.0,138148.0,20107.0,102457.0,98.0,1062314,33.0,4.0,2.0,4.0,3.0,0.0,2.0,2.0,430539_1007,0,2017-05-12,10
102,126.0,138148.0,20107.0,102457.0,98.0,508760,33.0,4.0,2.0,4.0,3.0,0.0,2.0,2.0,430548_1007,0,2017-05-12,4
102,126.0,138148.0,20107.0,102457.0,98.0,856037,27.0,4.0,2.0,4.0,2.0,0.0,3.0,2.0,430539_1007,0,2017-05-12,4
102,126.0,138148.0,20107.0,102457.0,98.0,740042,0.0,3.0,2.0,3.0,3.0,0.0,2.0,1.0,430539_1007,0,2017-05-12,23
102,126.0,138148.0,20107.0,102457.0,98.0,739740,8.0,2.0,2.0,2.0,3.0,0.0,4.0,1.0,430539_1007,0,2017-05-09,22
102,126.0,138148.0,20107.0,102457.0,98.0,782351,8.0,2.0,2.0,2.0,3.0,0.0,4.0,1.0,430548_1007,0,2017-05-08,9
102,126.0,138148.0,20107.0,102457.0,98.0,278361,19.0,3.0,2.0,3.0,3.0,0.0,2.0,2.0,430539_1007,0,2017-05-07,18
102,126.0,138148.0,20107.0,102457.0,98.0,909001,0.0,3.0,2.0,3.0,3.0,0.0,1.0,3.0,430539_1007,0,2017-05-13,1
102,126.0,138148.0,20107.0,102457.0,98.0,699134,0.0,3.0,2.0,3.0,3.0,0.0,1.0,2.0,430548_1007,0,2017-05-08,5
102,126.0,138148.0,20107.0,102457.0,98.0,699748,21.0,3.0,2.0,3.0,3.0,0.0,1.0,3.0,430548_1007,0,2017-05-07,9
102,126.0,138148.0,20107.0,102457.0,98.0,357442,80.0,10.0,1.0,4.0,3.0,0.0,2.0,2.0,430539_1007,0,2017-05-11,5
102,126.0,138148.0,20107.0,102457.0,98.0,738208,34.0,4.0,2.0,4.0,3.0,0.0,4.0,2.0,430548_1007,0,2017-05-13,13
102,126.0,138148.0,20107.0,102457.0,98.0,114993,19.0,3.0,2.0,3.0,3.0,0.0,2.0,2.0,430539_1007,0,2017-05-09,3
102,126.0,138148.0,20107.0,102457.0,98.0,825977,16.0,3.0,2.0,3.0,3.0,0.0,2.0,1.0,430539_1007,0,2017-05-12,5
102,126.0,138148.0,20107.0,102457.0,98.0,825977,16.0,3.0,2.0,3.0,3.0,0.0,2.0,1.0,430539_1007,0,2017-05-08,13
102,126.0,138148.0,20107.0,102457.0,98.0,61628,0.0,3.0,2.0,3.0,3.0,0.0,2.0,1.0,430539_1007,0,2017-05-08,9
102,126.0,138148.0,20107.0,102457.0,98.0,355080,0.0,3.0,2.0,3.0,3.0,0.0,4.0,2.0,430539_1007,1,2017-05-11,8
102,126.0,138148.0,20107.0,102457.0,98.0,355080,0.0,3.0,2.0,3.0,3.0,0.0,4.0,2.0,430539_1007,0,2017-05-08,23
102,126.0,138148.0,20107.0,102457.0,98.0,61628,0.0,3.0,2.0,3.0,3.0,0.0,2.0,1.0,430539_1007,0,2017-05-12,2
102,126.0,138148.0,20107.0,102457.0,98.0,1051120,18.0,3.0,2.0,3.0,3.0,0.0,1.0,2.0,430548_1007,0,2017-05-09,21
102,126.0,138148.0,20107.0,102457.0,98.0,456530,20.0,3.0,2.0,3.0,3.0,0.0,3.0,2.0,430539_1007,0,2017-05-13,2
102,126.0,138148.0,20107.0,102457.0,98.0,642744,0.0,12.0,1.0,6.0,3.0,0.0,2.0,1.0,430539_1007,0,2017-05-10,5
102,126.0,138148.0,20107.0,102457.0,98.0,963330,0.0,3.0,2.0,3.0,3.0,0.0,3.0,2.0,430539_1007,0,2017-05-09,23
102,126.0,138148.0,20107.0,102457.0,98.0,715598,34.0,4.0,2.0,4.0,3.0,0.0,4.0,2.0,430539_1007,0,2017-05-07,16
102,126.0,138148.0,20107.0,102457.0,98.0,57185,19.0,3.0,2.0,3.0,3.0,0.0,2.0,2.0,430539_1007,0,2017-05-06,13
102,126.0,138148.0,20107.0,102457.0,98.0,57185,19.0,3.0,2.0,3.0,3.0,0.0,2.0,2.0,430539_1007,0,2017-05-12,16
102,126.0,138148.0,20107.0,102457.0,98.0,743980,68.0,9.0,1.0,3.0,3.0,0.0,2.0,2.0,430539_1007,0,2017-05-11,3
102,126.0,138148.0,20107.0,102457.0,98.0,269887,0.0,10.0,1.0,4.0,3.0,0.0,1.0,2.0,430539_1007,0,2017-05-08,3
102,126.0,138148.0,20107.0,102457.0,98.0,1083384,35.0,4.0,2.0,4.0,3.0,0.0,1.0,3.0,430548_1007,0,2017-05-06,20
102,126.0,138148.0,20107.0,102457.0,98.0,411417,0.0,3.0,2.0,3.0,3.0,0.0,2.0,1.0,430539_1007,0,2017-05-08,4
102,126.0,138148.0,20107.0,102457.0,98.0,411417,0.0,3.0,2.0,3.0,3.0,0.0,2.0,1.0,430539_1007,0,2017-05-12,5
102,126.0,138148.0,20107.0,102457.0,98.0,106567,7.0,2.0,2.0,2.0,3.0,0.0,2.0,2.0,430548_1007,0,2017-05-13,3
102,126.0,138148.0,20107.0,102457.0,98.0,519375,19.0,3.0,2.0,3.0,3.0,0.0,2.0,2.0,430539_1007,0,2017-05-07,2
102,126.0,138148.0,20107.0,102457.0,98.0,1003242,0.0,3.0,2.0,3.0,3.0,0.0,2.0,2.0,430539_1007,0,2017-05-07,13
102,126.0,138148.0,20107.0,102457.0,98.0,476604,0.0,10.0,1.0,4.0,3.0,0.0,4.0,1.0,430548_1007,0,2017-05-05,21
102,126.0,138148.0,20107.0,102457.0,98.0,476604,0.0,10.0,1.0,4.0,3.0,0.0,4.0,1.0,430548_1007,0,2017-05-08,1
102,126.0,138148.0,20107.0,102457.0,98.0,1074427,0.0,6.0,2.0,6.0,3.0,0.0,4.0,1.0,430539_1007,0,2017-05-12,10
102,126.0,138148.0,20107.0,102457.0,98.0,1074427,0.0,6.0,2.0,6.0,3.0,0.0,4.0,1.0,430539_1007,0,2017-05-12,8
102,126.0,138148.0,20107.0,102457.0,98.0,1074406,32.0,4.0,2.0,4.0,3.0,0.0,1.0,2.0,430539_1007,0,2017-05-13,13
102,126.0,138148.0,20107.0,102457.0,98.0,554945,0.0,9.0,1.0,3.0,3.0,1.0,2.0,1.0,430539_1007,0,2017-05-13,6
102,126.0,138148.0,20107.0,102457.0,98.0,476604,0.0,10.0,1.0,4.0,3.0,0.0,4.0,1.0,430548_1007,0,2017-05-10,21
102,126.0,138148.0,20107.0,102457.0,98.0,736458,0.0,3.0,2.0,3.0,3.0,0.0,3.0,3.0,430539_1007,0,2017-05-13,9
102,126.0,138148.0,20107.0,102457.0,98.0,516218,45.0,5.0,2.0,5.0,3.0,0.0,3.0,2.0,430539_1007,0,2017-05-09,16
102,126.0,138148.0,20107.0,102457.0,98.0,516218,45.0,5.0,2.0,5.0,3.0,0.0,3.0,2.0,430539_1007,0,2017-05-06,13
102,126.0,138148.0,20107.0,102457.0,98.0,896511,0.0,3.0,2.0,3.0,3.0,0.0,2.0,1.0,430539_1007,0,2017-05-13,9
102,126.0,138148.0,20107.0,102457.0,98.0,443823,81.0,10.0,1.0,4.0,3.0,0.0,3.0,2.0,430548_1007,0,2017-05-08,23
102,126.0,138148.0,20107.0,102457.0,98.0,909078,32.0,4.0,2.0,4.0,3.0,0.0,1.0,2.0,430539_1007,0,2017-05-06,1
102,126.0,138148.0,20107.0,102457.0,98.0,443823,81.0,10.0,1.0,4.0,3.0,0.0,3.0,2.0,430548_1007,0,2017-05-05,22
102,126.0,138148.0,20107.0,102457.0,98.0,789848,32.0,4.0,2.0,4.0,3.0,0.0,1.0,2.0,430539_1007,0,2017-05-10,13
102,126.0,138148.0,20107.0,102457.0,98.0,557468,22.0,3.0,2.0,3.0,3.0,0.0,3.0,2.0,430539_1007,0,2017-05-12,13
102,126.0,138148.0,20107.0,102457.0,98.0,508986,0.0,3.0,2.0,3.0,3.0,0.0,2.0,2.0,430539_1007,0,2017-05-13,9
102,126.0,138148.0,20107.0,102457.0,98.0,878147,0.0,10.0,1.0,4.0,3.0,0.0,3.0,2.0,430539_1007,0,2017-05-05,16
102,126.0,138148.0,20107.0,102457.0,98.0,878147,0.0,10.0,1.0,4.0,3.0,0.0,3.0,2.0,430539_1007,0,2017-05-09,17
102,126.0,138148.0,20107.0,102457.0,98.0,878147,0.0,10.0,1.0,4.0,3.0,0.0,3.0,2.0,430539_1007,0,2017-05-07,16
102,126.0,138148.0,20107.0,102457.0,98.0,878147,0.0,10.0,1.0,4.0,3.0,0.0,3.0,2.0,430539_1007,0,2017-05-12,14
102,126.0,138148.0,20107.0,102457.0,98.0,569950,0.0,3.0,2.0,3.0,3.0,0.0,2.0,1.0,430539_1007,0,2017-05-12,0
102,126.0,138148.0,20107.0,102457.0,98.0,129852,0.0,10.0,1.0,4.0,3.0,0.0,1.0,2.0,430539_1007,0,2017-05-06,23
102,126.0,138148.0,20107.0,102457.0,98.0,511567,0.0,6.0,2.0,6.0,3.0,0.0,2.0,2.0,430548_1007,0,2017-05-12,5
102,126.0,138148.0,20107.0,102457.0,98.0,239974,45.0,5.0,2.0,5.0,3.0,0.0,4.0,2.0,430548_1007,0,2017-05-09,2
102,126.0,138148.0,20107.0,102457.0,98.0,1074321,0.0,4.0,2.0,4.0,3.0,0.0,1.0,1.0,430539_1007,0,2017-05-12,11
102,126.0,138148.0,20107.0,102457.0,98.0,238493,0.0,4.0,2.0,4.0,3.0,0.0,2.0,2.0,430539_1007,0,2017-05-09,22
102,126.0,138148.0,20107.0,102457.0,98.0,238493,0.0,4.0,2.0,4.0,3.0,0.0,2.0,2.0,430539_1007,0,2017-05-12,5
102,126.0,138148.0,20107.0,102457.0,98.0,864155,49.0,6.0,2.0,6.0,3.0,0.0,1.0,2.0,430539_1007,0,2017-05-07,1
102,126.0,138148.0,20107.0,102457.0,98.0,830436,0.0,4.0,2.0,4.0,3.0,0.0,4.0,1.0,430548_1007,0,2017-05-06,8
102,126.0,138148.0,20107.0,102457.0,98.0,862449,0.0,3.0,2.0,3.0,3.0,0.0,3.0,2.0,430539_1007,0,2017-05-08,6
102,126.0,138148.0,20107.0,102457.0,98.0,745249,46.0,5.0,2.0,5.0,3.0,0.0,2.0,2.0,430548_1007,0,2017-05-06,13
102,126.0,138148.0,20107.0,102457.0,98.0,461795,27.0,4.0,2.0,4.0,2.0,0.0,3.0,2.0,430539_1007,0,2017-05-12,1
102,126.0,138148.0,20107.0,102457.0,98.0,869411,46.0,5.0,2.0,5.0,3.0,0.0,1.0,3.0,430539_1007,0,2017-05-09,23
102,126.0,138148.0,20107.0,102457.0,98.0,869411,46.0,5.0,2.0,5.0,3.0,0.0,1.0,3.0,430539_1007,0,2017-05-12,9
102,126.0,138148.0,20107.0,102457.0,98.0,1112189,0.0,11.0,1.0,5.0,3.0,0.0,2.0,1.0,430539_1007,0,2017-05-11,2
102,126.0,138148.0,20107.0,102457.0,98.0,702203,33.0,4.0,2.0,4.0,3.0,0.0,2.0,2.0,430539_1007,0,2017-05-07,22
102,126.0,138148.0,20107.0,102457.0,98.0,536497,81.0,10.0,1.0,4.0,3.0,0.0,3.0,2.0,430539_1007,0,2017-05-08,5
102,126.0,138148.0,20107.0,102457.0,98.0,900051,34.0,4.0,2.0,4.0,3.0,0.0,3.0,2.0,430539_1007,0,2017-05-05,23
102,126.0,138148.0,20107.0,102457.0,98.0,1062691,0.0,3.0,2.0,3.0,3.0,0.0,3.0,1.0,430539_1007,0,2017-05-10,23
102,126.0,138148.0,20107.0,102457.0,98.0,152178,46.0,5.0,2.0,5.0,3.0,0.0,2.0,3.0,430539_1007,0,2017-05-12,23
102,126.0,138148.0,20107.0,102457.0,98.0,1062691,0.0,3.0,2.0,3.0,3.0,0.0,3.0,1.0,430539_1007,0,2017-05-06,23
102,126.0,138148.0,20107.0,102457.0,98.0,713348,43.0,5.0,2.0,5.0,3.0,0.0,1.0,2.0,430539_1007,0,2017-05-09,11
102,126.0,138148.0,20107.0,102457.0,98.0,419661,0.0,3.0,2.0,3.0,3.0,0.0,4.0,2.0,430539_1007,0,2017-05-11,4
102,126.0,138148.0,20107.0,102457.0,98.0,380014,65.0,9.0,1.0,3.0,3.0,0.0,4.0,1.0,430539_1007,0,2017-05-13,12
102,126.0,138148.0,20107.0,102457.0,98.0,380014,65.0,9.0,1.0,3.0,3.0,0.0,4.0,1.0,430539_1007,0,2017-05-09,0
102,126.0,138148.0,20107.0,102457.0,98.0,797770,19.0,3.0,2.0,3.0,3.0,0.0,2.0,2.0,430539_1007,0,2017-05-09,12
102,126.0,138148.0,20107.0,102457.0,98.0,627181,19.0,3.0,2.0,3.0,3.0,0.0,2.0,1.0,430548_1007,0,2017-05-10,5
102,126.0,138148.0,20107.0,102457.0,98.0,791976,0.0,4.0,2.0,4.0,3.0,0.0,1.0,1.0,430539_1007,0,2017-05-09,9
102,126.0,138148.0,20107.0,102457.0,98.0,791213,0.0,3.0,2.0,3.0,3.0,0.0,4.0,1.0,430548_1007,0,2017-05-11,6
102,126.0,138148.0,20107.0,102457.0,98.0,627181,19.0,3.0,2.0,3.0,3.0,0.0,2.0,1.0,430548_1007,0,2017-05-11,9
102,126.0,138148.0,20107.0,102457.0,98.0,382939,34.0,4.0,2.0,4.0,3.0,0.0,3.0,3.0,430539_1007,0,2017-05-10,4
102,126.0,138148.0,20107.0,102457.0,98.0,627181,19.0,3.0,2.0,3.0,3.0,0.0,2.0,1.0,430548_1007,0,2017-05-12,3
102,126.0,138148.0,20107.0,102457.0,98.0,1123957,0.0,2.0,2.0,2.0,3.0,0.0,2.0,3.0,430539_1007,0,2017-05-13,3
102,126.0,138148.0,20107.0,102457.0,98.0,790208,0.0,3.0,2.0,3.0,3.0,0.0,3.0,1.0,430539_1007,0,2017-05-07,7
102,126.0,138148.0,20107.0,102457.0,98.0,1123957,0.0,2.0,2.0,2.0,3.0,0.0,2.0,3.0,430539_1007,0,2017-05-13,2
102,126.0,138148.0,20107.0,102457.0,98.0,839958,33.0,4.0,2.0,4.0,3.0,0.0,2.0,2.0,430548_1007,0,2017-05-10,4
102,126.0,138148.0,20107.0,102457.0,98.0,839958,33.0,4.0,2.0,4.0,3.0,0.0,2.0,2.0,430548_1007,0,2017-05-07,10
102,126.0,138148.0,20107.0,102457.0,98.0,839958,33.0,4.0,2.0,4.0,3.0,0.0,2.0,2.0,430548_1007,0,2017-05-12,12
102,126.0,138148.0,20107.0,102457.0,98.0,428492,0.0,4.0,2.0,4.0,3.0,0.0,2.0,1.0,430539_1007,0,2017-05-11,13
102,126.0,138148.0,20107.0,102457.0,98.0,428492,0.0,4.0,2.0,4.0,3.0,0.0,2.0,1.0,430539_1007,0,2017-05-08,12
102,126.0,138148.0,20107.0,102457.0,98.0,406491,34.0,4.0,2.0,4.0,3.0,0.0,4.0,2.0,430539_1007,0,2017-05-09,7
102,126.0,138148.0,20107.0,102457.0,98.0,431950,0.0,4.0,2.0,4.0,3.0,0.0,2.0,2.0,430548_1007,0,2017-05-11,12
102,126.0,138148.0,20107.0,102457.0,98.0,1110850,0.0,4.0,2.0,4.0,3.0,0.0,2.0,1.0,430548_1007,0,2017-05-09,3
102,126.0,138148.0,20107.0,102457.0,98.0,369956,22.0,3.0,2.0,3.0,3.0,0.0,3.0,3.0,430539_1007,0,2017-05-10,5
102,126.0,138148.0,20107.0,102457.0,98.0,807377,35.0,4.0,2.0,4.0,3.0,0.0,2.0,3.0,430539_1007,0,2017-05-09,6
102,126.0,138148.0,20107.0,102457.0,98.0,342875,82.0,10.0,1.0,4.0,3.0,0.0,2.0,3.0,430548_1007,0,2017-05-12,18
102,126.0,138148.0,20107.0,102457.0,98.0,283115,33.0,4.0,2.0,4.0,3.0,0.0,2.0,2.0,430539_1007,0,2017-05-12,13
102,126.0,138148.0,20107.0,102457.0,98.0,836341,0.0,3.0,2.0,3.0,3.0,0.0,2.0,1.0,430539_1007,0,2017-05-07,7
102,126.0,138148.0,20107.0,102457.0,98.0,158956,0.0,3.0,2.0,3.0,3.0,0.0,3.0,2.0,430548_1007,0,2017-05-11,7
102,126.0,138148.0,20107.0,102457.0,98.0,512507,0.0,1.0,2.0,1.0,3.0,0.0,4.0,1.0,430539_1007,0,2017-05-12,13
102,126.0,138148.0,20107.0,102457.0,98.0,907005,32.0,4.0,2.0,4.0,3.0,0.0,1.0,2.0,430539_1007,0,2017-05-13,8
102,126.0,138148.0,20107.0,102457.0,98.0,731357,0.0,3.0,2.0,3.0,3.0,0.0,2.0,2.0,430539_1007,0,2017-05-07,3
102,126.0,138148.0,20107.0,102457.0,98.0,1128214,0.0,10.0,1.0,4.0,3.0,0.0,2.0,1.0,430548_1007,0,2017-05-07,10
102,126.0,138148.0,20107.0,102457.0,98.0,158956,0.0,3.0,2.0,3.0,3.0,0.0,3.0,2.0,430548_1007,0,2017-05-07,17
102,126.0,138148.0,20107.0,102457.0,98.0,516276,0.0,4.0,2.0,4.0,3.0,0.0,4.0,1.0,430539_1007,0,2017-05-11,12
102,126.0,138148.0,20107.0,102457.0,98.0,352843,0.0,3.0,2.0,3.0,3.0,0.0,2.0,2.0,430539_1007,0,2017-05-10,7
102,126.0,138148.0,20107.0,102457.0,98.0,843732,19.0,3.0,2.0,3.0,3.0,0.0,2.0,2.0,430539_1007,1,2017-05-10,12
102,126.0,138148.0,20107.0,102457.0,98.0,843732,19.0,3.0,2.0,3.0,3.0,0.0,2.0,2.0,430539_1007,0,2017-05-08,8
102,126.0,138148.0,20107.0,102457.0,98.0,100922,0.0,4.0,2.0,4.0,3.0,0.0,4.0,2.0,430539_1007,0,2017-05-09,2
102,126.0,138148.0,20107.0,102457.0,98.0,100922,0.0,4.0,2.0,4.0,3.0,0.0,4.0,2.0,430539_1007,0,2017-05-11,23
102,126.0,138148.0,20107.0,102457.0,98.0,527897,0.0,2.0,2.0,2.0,2.0,0.0,4.0,1.0,430539_1007,0,2017-05-13,4
102,126.0,138148.0,20107.0,102457.0,98.0,525970,7.0,2.0,2.0,2.0,3.0,0.0,2.0,2.0,430539_1007,0,2017-05-08,3
102,126.0,138148.0,20107.0,102457.0,98.0,525970,7.0,2.0,2.0,2.0,3.0,0.0,2.0,2.0,430539_1007,0,2017-05-10,4
102,126.0,138148.0,20107.0,102457.0,98.0,525970,7.0,2.0,2.0,2.0,3.0,0.0,2.0,2.0,430539_1007,0,2017-05-12,12
102,126.0,138148.0,20107.0,102457.0,98.0,1133427,0.0,4.0,2.0,4.0,3.0,0.0,2.0,2.0,430548_1007,0,2017-05-10,1
102,126.0,138148.0,20107.0,102457.0,98.0,205631,7.0,2.0,2.0,2.0,3.0,0.0,1.0,2.0,430548_1007,0,2017-05-12,10
102,126.0,138148.0,20107.0,102457.0,98.0,811865,0.0,3.0,2.0,3.0,3.0,0.0,3.0,1.0,430539_1007,0,2017-05-10,0
102,126.0,138148.0,20107.0,102457.0,98.0,505565,33.0,4.0,2.0,4.0,3.0,0.0,2.0,2.0,430539_1007,0,2017-05-12,17
102,126.0,138148.0,20107.0,102457.0,98.0,68057,21.0,3.0,2.0,3.0,3.0,0.0,2.0,3.0,430539_1007,0,2017-05-06,17
102,126.0,138148.0,20107.0,102457.0,98.0,68057,21.0,3.0,2.0,3.0,3.0,0.0,2.0,3.0,430539_1007,0,2017-05-08,17
102,126.0,138148.0,20107.0,102457.0,98.0,732031,0.0,5.0,2.0,5.0,3.0,0.0,2.0,1.0,430548_1007,0,2017-05-10,8
102,126.0,138148.0,20107.0,102457.0,98.0,1119,0.0,3.0,2.0,3.0,3.0,0.0,2.0,1.0,430539_1007,0,2017-05-08,3
102,126.0,138148.0,20107.0,102457.0,98.0,1119,0.0,3.0,2.0,3.0,3.0,0.0,2.0,1.0,430539_1007,0,2017-05-10,13
102,126.0,138148.0,20107.0,102457.0,98.0,318668,0.0,10.0,1.0,4.0,3.0,0.0,1.0,2.0,430539_1007,0,2017-05-07,1
102,126.0,138148.0,20107.0,102457.0,98.0,318668,0.0,10.0,1.0,4.0,3.0,0.0,1.0,2.0,430539_1007,0,2017-05-09,8
102,126.0,138148.0,20107.0,102457.0,98.0,1130551,20.0,3.0,2.0,3.0,3.0,0.0,3.0,2.0,430539_1007,0,2017-05-10,1
102,126.0,138148.0,20107.0,102457.0,98.0,317148,16.0,3.0,2.0,3.0,3.0,0.0,2.0,1.0,430539_1007,0,2017-05-10,23
102,126.0,138148.0,20107.0,102457.0,98.0,910221,0.0,4.0,2.0,4.0,3.0,0.0,3.0,2.0,430539_1007,0,2017-05-13,10
102,126.0,138148.0,20107.0,102457.0,98.0,777897,0.0,3.0,2.0,3.0,3.0,0.0,2.0,1.0,430539_1007,0,2017-05-13,10
102,126.0,138148.0,20107.0,102457.0,98.0,725752,20.0,3.0,2.0,3.0,3.0,0.0,4.0,2.0,430539_1007,0,2017-05-08,22
102,126.0,138148.0,20107.0,102457.0,98.0,1076956,19.0,3.0,2.0,3.0,3.0,0.0,2.0,2.0,430539_1007,0,2017-05-12,22
102,126.0,138148.0,20107.0,102457.0,98.0,4472,0.0,9.0,1.0,3.0,3.0,0.0,4.0,2.0,430539_1007,0,2017-05-10,12
102,126.0,138148.0,20107.0,102457.0,98.0,1076956,19.0,3.0,2.0,3.0,3.0,0.0,2.0,2.0,430539_1007,1,2017-05-09,12
102,126.0,138148.0,20107.0,102457.0,98.0,1013976,19.0,3.0,2.0,3.0,3.0,0.0,2.0,2.0,430539_1007,0,2017-05-08,2
102,126.0,138148.0,20107.0,102457.0,98.0,325007,34.0,4.0,2.0,4.0,3.0,0.0,4.0,2.0,430539_1007,0,2017-05-07,1
102,126.0,138148.0,20107.0,102457.0,98.0,825589,34.0,4.0,2.0,4.0,3.0,0.0,4.0,2.0,430539_1007,0,2017-05-13,7
102,126.0,138148.0,20107.0,102457.0,98.0,365614,0.0,3.0,2.0,3.0,3.0,0.0,2.0,2.0,430539_1007,0,2017-05-10,7
102,126.0,138148.0,20107.0,102457.0,98.0,114202,0.0,3.0,2.0,3.0,3.0,0.0,4.0,2.0,430548_1007,0,2017-05-11,2
102,126.0,138148.0,20107.0,102457.0,98.0,113359,21.0,3.0,2.0,3.0,3.0,0.0,2.0,3.0,430539_1007,0,2017-05-08,3
102,126.0,138148.0,20107.0,102457.0,98.0,113359,21.0,3.0,2.0,3.0,3.0,0.0,2.0,3.0,430539_1007,0,2017-05-12,12
102,126.0,138148.0,20107.0,102457.0,98.0,1138886,68.0,9.0,1.0,3.0,3.0,0.0,1.0,2.0,430548_1007,0,2017-05-10,13
102,126.0,138148.0,20107.0,102457.0,98.0,372418,0.0,3.0,2.0,3.0,3.0,0.0,4.0,2.0,430539_1007,0,2017-05-06,8
102,126.0,138148.0,20107.0,102457.0,98.0,496081,45.0,5.0,2.0,5.0,3.0,0.0,4.0,2.0,430539_1007,0,2017-05-10,10
102,126.0,138148.0,20107.0,102457.0,98.0,358193,7.0,2.0,2.0,2.0,3.0,0.0,1.0,2.0,430548_1007,0,2017-05-09,19
102,126.0,138148.0,20107.0,102457.0,98.0,1082184,0.0,5.0,2.0,5.0,3.0,0.0,3.0,2.0,430539_1007,0,2017-05-11,13
102,126.0,138148.0,20107.0,102457.0,98.0,686384,0.0,10.0,1.0,4.0,3.0,0.0,2.0,1.0,430539_1007,0,2017-05-12,7
102,126.0,138148.0,20107.0,102457.0,98.0,686384,0.0,10.0,1.0,4.0,3.0,0.0,2.0,1.0,430539_1007,0,2017-05-06,10
102,126.0,138148.0,20107.0,102457.0,98.0,499468,0.0,3.0,2.0,3.0,3.0,0.0,2.0,1.0,430539_1007,0,2017-05-07,11
102,126.0,138148.0,20107.0,102457.0,98.0,499468,0.0,3.0,2.0,3.0,3.0,0.0,2.0,1.0,430539_1007,0,2017-05-11,0
102,126.0,138148.0,20107.0,102457.0,98.0,358193,7.0,2.0,2.0,2.0,3.0,0.0,1.0,2.0,430548_1007,1,2017-05-10,5
102,126.0,138148.0,20107.0,102457.0,98.0,181613,20.0,3.0,2.0,3.0,3.0,0.0,4.0,2.0,430539_1007,0,2017-05-09,12
102,126.0,138148.0,20107.0,102457.0,98.0,885892,17.0,3.0,2.0,3.0,3.0,0.0,3.0,1.0,430548_1007,0,2017-05-06,22
102,126.0,138148.0,20107.0,102457.0,98.0,107113,0.0,3.0,2.0,3.0,3.0,0.0,2.0,2.0,430539_1007,0,2017-05-09,22
102,126.0,138148.0,20107.0,102457.0,98.0,502776,20.0,3.0,2.0,3.0,3.0,0.0,3.0,2.0,430539_1007,0,2017-05-08,16
102,126.0,138148.0,20107.0,102457.0,98.0,554534,35.0,4.0,2.0,4.0,3.0,0.0,2.0,3.0,430539_1007,0,2017-05-07,13
102,126.0,138148.0,20107.0,102457.0,98.0,502776,20.0,3.0,2.0,3.0,3.0,0.0,3.0,2.0,430539_1007,0,2017-05-11,23
102,126.0,138148.0,20107.0,102457.0,98.0,554534,35.0,4.0,2.0,4.0,3.0,0.0,2.0,3.0,430539_1007,0,2017-05-09,21
102,126.0,138148.0,20107.0,102457.0,98.0,686384,0.0,10.0,1.0,4.0,3.0,0.0,2.0,1.0,430539_1007,0,2017-05-09,3
102,126.0,138148.0,20107.0,102457.0,98.0,599054,19.0,3.0,2.0,3.0,3.0,0.0,2.0,2.0,430539_1007,0,2017-05-10,5
102,126.0,138148.0,20107.0,102457.0,98.0,652336,19.0,3.0,2.0,3.0,3.0,0.0,2.0,2.0,430539_1007,0,2017-05-13,7
102,126.0,138148.0,20107.0,102457.0,98.0,645244,0.0,5.0,2.0,5.0,3.0,0.0,2.0,1.0,430539_1007,0,2017-05-12,11
102,126.0,138148.0,20107.0,102457.0,98.0,1103347,0.0,4.0,2.0,4.0,3.0,0.0,2.0,2.0,430539_1007,0,2017-05-09,9
102,126.0,138148.0,20107.0,102457.0,98.0,812825,0.0,4.0,2.0,4.0,3.0,0.0,2.0,2.0,430539_1007,0,2017-05-11,5
102,126.0,138148.0,20107.0,102457.0,98.0,820713,0.0,4.0,2.0,4.0,3.0,0.0,2.0,2.0,430548_1007,0,2017-05-13,2
102,126.0,138148.0,20107.0,102457.0,98.0,671611,0.0,4.0,2.0,4.0,3.0,0.0,2.0,1.0,430539_1007,0,2017-05-13,0
102,126.0,138148.0,20107.0,102457.0,98.0,624661,0.0,3.0,2.0,3.0,3.0,0.0,3.0,1.0,430539_1007,0,2017-05-07,3
102,126.0,138148.0,20107.0,102457.0,98.0,671611,0.0,4.0,2.0,4.0,3.0,0.0,2.0,1.0,430539_1007,0,2017-05-10,2
102,126.0,138148.0,20107.0,102457.0,98.0,999454,0.0,2.0,2.0,2.0,3.0,0.0,1.0,1.0,430548_1007,0,2017-05-11,12
102,126.0,138148.0,20107.0,102457.0,98.0,624661,0.0,3.0,2.0,3.0,3.0,0.0,3.0,1.0,430539_1007,0,2017-05-11,23
102,126.0,138148.0,20107.0,102457.0,98.0,739960,33.0,4.0,2.0,4.0,3.0,0.0,2.0,2.0,430539_1007,0,2017-05-10,5
102,126.0,138148.0,20107.0,102457.0,98.0,744881,18.0,3.0,2.0,3.0,3.0,0.0,1.0,2.0,430539_1007,0,2017-05-07,11
102,126.0,138148.0,20107.0,102457.0,98.0,218857,0.0,9.0,1.0,3.0,3.0,0.0,2.0,2.0,430548_1007,0,2017-05-09,6
102,126.0,138148.0,20107.0,102457.0,98.0,744881,18.0,3.0,2.0,3.0,3.0,0.0,1.0,2.0,430539_1007,0,2017-05-11,1
102,126.0,138148.0,20107.0,102457.0,98.0,789775,0.0,3.0,2.0,3.0,3.0,0.0,2.0,2.0,430539_1007,0,2017-05-08,13
102,126.0,138148.0,20107.0,102457.0,98.0,753487,0.0,11.0,1.0,5.0,3.0,0.0,2.0,3.0,430539_1007,0,2017-05-06,10
102,126.0,138148.0,20107.0,102457.0,98.0,1126209,8.0,2.0,2.0,2.0,3.0,0.0,3.0,1.0,430539_1007,0,2017-05-08,11
102,126.0,138148.0,20107.0,102457.0,98.0,1921,0.0,3.0,2.0,3.0,3.0,0.0,2.0,1.0,430548_1007,0,2017-05-08,2
102,126.0,138148.0,20107.0,102457.0,98.0,453886,0.0,3.0,2.0,3.0,3.0,0.0,2.0,2.0,430539_1007,0,2017-05-12,5
102,126.0,138148.0,20107.0,102457.0,98.0,12586,20.0,3.0,2.0,3.0,3.0,0.0,3.0,2.0,430548_1007,0,2017-05-07,9
102,126.0,138148.0,20107.0,102457.0,98.0,282425,0.0,4.0,2.0,4.0,3.0,0.0,3.0,1.0,430548_1007,0,2017-05-10,5
102,126.0,138148.0,20107.0,102457.0,98.0,1026891,0.0,3.0,2.0,3.0,3.0,0.0,4.0,2.0,430539_1007,0,2017-05-12,5
102,126.0,138148.0,20107.0,102457.0,98.0,824609,0.0,5.0,2.0,5.0,3.0,0.0,3.0,2.0,430548_1007,0,2017-05-12,7
102,126.0,138148.0,20107.0,102457.0,98.0,651602,19.0,3.0,2.0,3.0,3.0,0.0,2.0,2.0,430539_1007,0,2017-05-07,10
102,126.0,138148.0,20107.0,102457.0,98.0,729482,0.0,4.0,2.0,4.0,3.0,0.0,1.0,2.0,430539_1007,0,2017-05-07,5
102,126.0,138148.0,20107.0,102457.0,98.0,733946,19.0,3.0,2.0,3.0,3.0,0.0,2.0,2.0,430539_1007,0,2017-05-13,1
102,126.0,138148.0,20107.0,102457.0,98.0,79177,22.0,3.0,2.0,3.0,3.0,0.0,4.0,3.0,430539_1007,0,2017-05-07,11
102,126.0,138148.0,20107.0,102457.0,98.0,1126209,8.0,2.0,2.0,2.0,3.0,0.0,3.0,1.0,430539_1007,0,2017-05-06,10
102,126.0,138148.0,20107.0,102457.0,98.0,925445,0.0,9.0,1.0,3.0,2.0,0.0,2.0,2.0,430539_1007,0,2017-05-09,13
102,126.0,138148.0,20107.0,102457.0,98.0,1062781,81.0,10.0,1.0,4.0,3.0,0.0,4.0,2.0,430548_1007,0,2017-05-06,23
102,126.0,138148.0,20107.0,102457.0,98.0,858191,35.0,4.0,2.0,4.0,3.0,0.0,1.0,3.0,430548_1007,0,2017-05-13,8
102,126.0,138148.0,20107.0,102457.0,98.0,245018,0.0,2.0,2.0,2.0,3.0,0.0,2.0,1.0,430539_1007,0,2017-05-07,9
102,126.0,138148.0,20107.0,102457.0,98.0,794101,0.0,4.0,2.0,4.0,3.0,0.0,1.0,2.0,430548_1007,0,2017-05-09,8
102,126.0,138148.0,20107.0,102457.0,98.0,616451,21.0,3.0,2.0,3.0,3.0,0.0,1.0,2.0,430539_1007,0,2017-05-06,4
102,126.0,138148.0,20107.0,102457.0,98.0,671611,0.0,4.0,2.0,4.0,3.0,0.0,2.0,1.0,430539_1007,0,2017-05-10,17
102,126.0,138148.0,20107.0,102457.0,98.0,176502,20.0,3.0,2.0,3.0,3.0,0.0,3.0,2.0,430539_1007,0,2017-05-12,5
102,126.0,138148.0,20107.0,102457.0,98.0,559706,19.0,3.0,2.0,3.0,3.0,0.0,2.0,2.0,430539_1007,0,2017-05-10,5
102,126.0,138148.0,20107.0,102457.0,98.0,1027298,0.0,4.0,2.0,4.0,3.0,0.0,2.0,1.0,430539_1007,0,2017-05-09,6
102,126.0,138148.0,20107.0,102457.0,98.0,1002263,19.0,3.0,2.0,3.0,3.0,0.0,2.0,2.0,430539_1007,1,2017-05-11,14
102,126.0,138148.0,20107.0,102457.0,98.0,763118,33.0,4.0,2.0,4.0,3.0,0.0,2.0,2.0,430539_1007,0,2017-05-05,22
102,126.0,138148.0,20107.0,102457.0,98.0,922363,0.0,10.0,1.0,4.0,1.0,0.0,2.0,2.0,430539_1007,0,2017-05-10,12
102,126.0,138148.0,20107.0,102457.0,98.0,282425,0.0,4.0,2.0,4.0,3.0,0.0,3.0,1.0,430548_1007,0,2017-05-12,23
102,126.0,138148.0,20107.0,102457.0,98.0,136629,0.0,3.0,2.0,3.0,3.0,0.0,2.0,2.0,430548_1007,0,2017-05-12,7
102,126.0,138148.0,20107.0,102457.0,98.0,190574,0.0,3.0,2.0,3.0,3.0,0.0,1.0,1.0,430539_1007,0,2017-05-13,7
102,126.0,138148.0,20107.0,102457.0,98.0,845154,0.0,3.0,2.0,3.0,3.0,0.0,3.0,1.0,430548_1007,0,2017-05-09,11
102,126.0,138148.0,20107.0,102457.0,98.0,815054,0.0,4.0,2.0,4.0,3.0,0.0,2.0,3.0,430539_1007,0,2017-05-11,13
102,126.0,138148.0,20107.0,102457.0,98.0,137039,0.0,4.0,2.0,4.0,3.0,0.0,2.0,1.0,430539_1007,0,2017-05-09,10
102,126.0,138148.0,20107.0,102457.0,98.0,922363,0.0,10.0,1.0,4.0,1.0,0.0,2.0,2.0,430539_1007,0,2017-05-09,0
102,126.0,138148.0,20107.0,102457.0,98.0,99031,0.0,4.0,2.0,4.0,3.0,0.0,3.0,1.0,430539_1007,0,2017-05-07,8
102,126.0,138148.0,20107.0,102457.0,98.0,1089005,0.0,10.0,1.0,4.0,3.0,0.0,2.0,2.0,430539_1007,0,2017-05-12,12
102,126.0,138148.0,20107.0,102457.0,98.0,976535,19.0,3.0,2.0,3.0,3.0,0.0,2.0,2.0,430539_1007,0,2017-05-10,6
102,126.0,138148.0,20107.0,102457.0,98.0,1002263,19.0,3.0,2.0,3.0,3.0,0.0,2.0,2.0,430539_1007,0,2017-05-06,5
102,126.0,138148.0,20107.0,102457.0,98.0,1002263,19.0,3.0,2.0,3.0,3.0,0.0,2.0,2.0,430539_1007,0,2017-05-08,22
102,126.0,138148.0,20107.0,102457.0,98.0,222809,0.0,3.0,2.0,3.0,3.0,0.0,2.0,2.0,430539_1007,0,2017-05-12,21
102,126.0,138148.0,20107.0,102457.0,98.0,815054,0.0,4.0,2.0,4.0,3.0,0.0,2.0,3.0,430539_1007,0,2017-05-08,13
102,126.0,138148.0,20107.0,102457.0,98.0,779120,19.0,3.0,2.0,3.0,3.0,0.0,2.0,2.0,430548_1007,0,2017-05-12,1
102,126.0,138148.0,20107.0,102457.0,98.0,25026,0.0,3.0,2.0,3.0,3.0,0.0,2.0,1.0,430539_1007,0,2017-05-12,13
102,126.0,138148.0,20107.0,102457.0,98.0,816047,0.0,4.0,2.0,4.0,3.0,0.0,2.0,2.0,430539_1007,1,2017-05-10,11
102,126.0,138148.0,20107.0,102457.0,98.0,779120,19.0,3.0,2.0,3.0,3.0,0.0,2.0,2.0,430548_1007,0,2017-05-08,8
102,126.0,138148.0,20107.0,102457.0,98.0,102199,19.0,3.0,2.0,3.0,3.0,0.0,2.0,2.0,430539_1007,0,2017-05-10,1
102,126.0,138148.0,20107.0,102457.0,98.0,885088,32.0,4.0,2.0,4.0,3.0,0.0,1.0,2.0,430539_1007,0,2017-05-07,8
102,126.0,138148.0,20107.0,102457.0,98.0,868852,0.0,11.0,1.0,5.0,3.0,0.0,2.0,2.0,430539_1007,0,2017-05-10,8
102,126.0,138148.0,20107.0,102457.0,98.0,868852,0.0,11.0,1.0,5.0,3.0,0.0,2.0,2.0,430548_1007,0,2017-05-12,10
102,126.0,138148.0,20107.0,102457.0,98.0,1031322,33.0,4.0,2.0,4.0,3.0,0.0,2.0,2.0,430539_1007,1,2017-05-07,21
102,126.0,138148.0,20107.0,102457.0,98.0,922363,0.0,10.0,1.0,4.0,1.0,0.0,2.0,2.0,430539_1007,0,2017-05-06,23
102,126.0,138148.0,20107.0,102457.0,98.0,750315,0.0,4.0,2.0,4.0,2.0,0.0,2.0,1.0,430548_1007,0,2017-05-08,22
102,126.0,138148.0,20107.0,102457.0,98.0,750652,0.0,3.0,2.0,3.0,3.0,0.0,2.0,1.0,430539_1007,0,2017-05-07,6
102,126.0,138148.0,20107.0,102457.0,98.0,1035168,0.0,3.0,2.0,3.0,3.0,0.0,1.0,2.0,430539_1007,0,2017-05-12,16
102,126.0,138148.0,20107.0,102457.0,98.0,763118,33.0,4.0,2.0,4.0,3.0,0.0,2.0,2.0,430539_1007,0,2017-05-08,9
102,126.0,138148.0,20107.0,102457.0,98.0,95916,0.0,9.0,1.0,3.0,3.0,0.0,2.0,2.0,430539_1007,0,2017-05-09,10
102,126.0,138148.0,20107.0,102457.0,98.0,846106,22.0,3.0,2.0,3.0,3.0,0.0,4.0,3.0,430539_1007,0,2017-05-09,8
102,126.0,138148.0,20107.0,102457.0,98.0,763118,33.0,4.0,2.0,4.0,3.0,0.0,2.0,2.0,430539_1007,0,2017-05-10,10
102,126.0,138148.0,20107.0,102457.0,98.0,1134642,0.0,9.0,1.0,3.0,3.0,0.0,4.0,2.0,430539_1007,0,2017-05-05,16
102,126.0,138148.0,20107.0,102457.0,98.0,254297,19.0,3.0,2.0,3.0,3.0,0.0,2.0,2.0,430539_1007,0,2017-05-11,0
102,126.0,138148.0,20107.0,102457.0,98.0,976535,19.0,3.0,2.0,3.0,3.0,0.0,2.0,2.0,430539_1007,0,2017-05-12,9
102,126.0,138148.0,20107.0,102457.0,98.0,518076,0.0,3.0,2.0,3.0,3.0,0.0,4.0,1.0,430539_1007,0,2017-05-06,13
102,126.0,138148.0,20107.0,102457.0,98.0,824609,0.0,5.0,2.0,5.0,3.0,0.0,3.0,2.0,430548_1007,0,2017-05-10,3
102,126.0,138148.0,20107.0,102457.0,98.0,1131260,0.0,3.0,2.0,3.0,3.0,0.0,3.0,2.0,430539_1007,0,2017-05-09,7
102,126.0,138148.0,20107.0,102457.0,98.0,231019,35.0,4.0,2.0,4.0,3.0,0.0,1.0,3.0,430539_1007,0,2017-05-06,17
102,126.0,138148.0,20107.0,102457.0,98.0,607650,0.0,3.0,2.0,3.0,3.0,0.0,3.0,2.0,430539_1007,0,2017-05-07,12
102,126.0,138148.0,20107.0,102457.0,98.0,813083,0.0,3.0,2.0,3.0,3.0,0.0,1.0,2.0,430539_1007,0,2017-05-12,1
102,126.0,138148.0,20107.0,102457.0,98.0,814327,0.0,11.0,1.0,5.0,3.0,0.0,2.0,2.0,430548_1007,0,2017-05-10,22
102,126.0,138148.0,20107.0,102457.0,98.0,1075007,45.0,5.0,2.0,5.0,3.0,0.0,3.0,2.0,430548_1007,0,2017-05-08,8
102,126.0,138148.0,20107.0,102457.0,98.0,767467,0.0,2.0,2.0,2.0,3.0,0.0,3.0,2.0,430539_1007,0,2017-05-07,12
102,126.0,138148.0,20107.0,102457.0,98.0,521364,0.0,4.0,2.0,4.0,3.0,0.0,2.0,2.0,430539_1007,0,2017-05-09,4
102,126.0,138148.0,20107.0,102457.0,98.0,521453,21.0,3.0,2.0,3.0,3.0,0.0,1.0,3.0,430539_1007,0,2017-05-07,13
102,126.0,138148.0,20107.0,102457.0,98.0,824609,0.0,5.0,2.0,5.0,3.0,0.0,3.0,2.0,430548_1007,0,2017-05-08,14
102,126.0,138148.0,20107.0,102457.0,98.0,802319,0.0,4.0,2.0,4.0,3.0,0.0,3.0,2.0,430539_1007,0,2017-05-10,22
102,126.0,138148.0,20107.0,102457.0,98.0,1090664,32.0,4.0,2.0,4.0,3.0,0.0,1.0,2.0,430539_1007,0,2017-05-09,22
102,126.0,138148.0,20107.0,102457.0,98.0,825280,0.0,4.0,2.0,4.0,3.0,0.0,2.0,1.0,430539_1007,0,2017-05-05,20
102,126.0,138148.0,20107.0,102457.0,98.0,1067505,34.0,4.0,2.0,4.0,3.0,0.0,3.0,2.0,430539_1007,0,2017-05-10,3
102,126.0,138148.0,20107.0,102457.0,98.0,802319,0.0,4.0,2.0,4.0,3.0,0.0,3.0,2.0,430539_1007,0,2017-05-08,3
102,126.0,138148.0,20107.0,102457.0,98.0,640874,0.0,3.0,2.0,3.0,3.0,0.0,2.0,2.0,430539_1007,0,2017-05-09,22
102,126.0,138148.0,20107.0,102457.0,98.0,1056896,0.0,4.0,2.0,4.0,3.0,0.0,2.0,2.0,430539_1007,0,2017-05-12,23
102,126.0,138148.0,20107.0,102457.0,98.0,899672,0.0,3.0,2.0,3.0,3.0,0.0,1.0,2.0,430539_1007,0,2017-05-12,10
102,126.0,138148.0,20107.0,102457.0,98.0,181324,0.0,3.0,2.0,3.0,1.0,0.0,2.0,1.0,430539_1007,0,2017-05-08,8
102,126.0,138148.0,20107.0,102457.0,98.0,628548,0.0,2.0,2.0,2.0,3.0,0.0,2.0,2.0,430539_1007,0,2017-05-12,5
102,126.0,138148.0,20107.0,102457.0,98.0,813083,0.0,3.0,2.0,3.0,3.0,0.0,1.0,2.0,430539_1007,0,2017-05-11,13
102,126.0,138148.0,20107.0,102457.0,98.0,1055711,0.0,2.0,2.0,2.0,3.0,0.0,2.0,1.0,430539_1007,0,2017-05-09,4
102,126.0,138148.0,20107.0,102457.0,98.0,647410,0.0,3.0,2.0,3.0,3.0,0.0,3.0,2.0,430539_1007,0,2017-05-12,13
102,126.0,138148.0,20107.0,102457.0,98.0,641644,0.0,2.0,2.0,2.0,3.0,0.0,2.0,2.0,430548_1007,0,2017-05-09,1
102,126.0,138148.0,20107.0,102457.0,98.0,1055400,0.0,3.0,2.0,3.0,3.0,0.0,4.0,1.0,430539_1007,0,2017-05-06,5
102,126.0,138148.0,20107.0,102457.0,98.0,647404,20.0,3.0,2.0,3.0,3.0,0.0,3.0,2.0,430539_1007,0,2017-05-12,4
102,126.0,138148.0,20107.0,102457.0,98.0,1131260,0.0,3.0,2.0,3.0,3.0,0.0,3.0,2.0,430539_1007,0,2017-05-06,10
102,126.0,138148.0,20107.0,102457.0,98.0,238859,0.0,3.0,2.0,3.0,3.0,0.0,2.0,1.0,430539_1007,0,2017-05-09,10
102,126.0,138148.0,20107.0,102457.0,98.0,418865,21.0,3.0,2.0,3.0,3.0,0.0,2.0,2.0,430539_1007,0,2017-05-12,10
102,126.0,138148.0,20107.0,102457.0,98.0,911406,57.0,8.0,1.0,2.0,3.0,0.0,4.0,1.0,430548_1007,0,2017-05-13,10
102,126.0,138148.0,20107.0,102457.0,98.0,211875,33.0,4.0,2.0,4.0,3.0,0.0,2.0,2.0,430548_1007,0,2017-05-12,8
102,126.0,138148.0,20107.0,102457.0,98.0,651602,19.0,3.0,2.0,3.0,3.0,0.0,2.0,2.0,430539_1007,0,2017-05-08,5
102,126.0,138148.0,20107.0,102457.0,98.0,767467,0.0,2.0,2.0,2.0,3.0,0.0,3.0,2.0,430539_1007,0,2017-05-11,1
102,126.0,138148.0,20107.0,102457.0,98.0,564619,49.0,6.0,2.0,6.0,3.0,0.0,2.0,2.0,430548_1007,0,2017-05-09,21
102,126.0,138148.0,20107.0,102457.0,98.0,566837,20.0,3.0,2.0,3.0,3.0,0.0,3.0,2.0,430539_1007,0,2017-05-09,3
102,126.0,138148.0,20107.0,102457.0,98.0,965271,0.0,4.0,2.0,4.0,1.0,0.0,3.0,2.0,430548_1007,0,2017-05-06,23
102,126.0,138148.0,20107.0,102457.0,98.0,302268,0.0,4.0,2.0,4.0,3.0,0.0,2.0,2.0,430539_1007,0,2017-05-07,9
102,126.0,138148.0,20107.0,102457.0,98.0,871074,0.0,3.0,2.0,3.0,3.0,0.0,3.0,1.0,430539_1007,0,2017-05-11,10
102,126.0,138148.0,20107.0,102457.0,98.0,117836,56.0,8.0,1.0,2.0,3.0,0.0,2.0,1.0,430539_1007,0,2017-05-06,18
102,126.0,138148.0,20107.0,102457.0,98.0,722444,0.0,5.0,2.0,5.0,2.0,0.0,2.0,3.0,430548_1007,0,2017-05-12,7
102,126.0,138148.0,20107.0,102457.0,98.0,208761,0.0,2.0,2.0,2.0,3.0,0.0,2.0,1.0,430539_1007,0,2017-05-10,16
102,126.0,138148.0,20107.0,102457.0,98.0,182601,0.0,3.0,2.0,3.0,3.0,0.0,4.0,1.0,430539_1007,0,2017-05-09,9
102,126.0,138148.0,20107.0,102457.0,98.0,946488,0.0,4.0,2.0,4.0,1.0,0.0,2.0,1.0,430539_1007,0,2017-05-12,5
102,126.0,138148.0,20107.0,102457.0,98.0,603060,22.0,3.0,2.0,3.0,3.0,0.0,4.0,3.0,430539_1007,0,2017-05-07,0
102,126.0,138148.0,20107.0,102457.0,98.0,722444,0.0,5.0,2.0,5.0,2.0,0.0,2.0,3.0,430548_1007,0,2017-05-10,4
102,126.0,138148.0,20107.0,102457.0,98.0,998880,0.0,3.0,2.0,3.0,2.0,0.0,2.0,2.0,430539_1007,0,2017-05-11,7
102,126.0,138148.0,20107.0,102457.0,98.0,79177,22.0,3.0,2.0,3.0,3.0,0.0,4.0,3.0,430539_1007,0,2017-05-13,9
102,126.0,138148.0,20107.0,102457.0,98.0,182139,0.0,4.0,2.0,4.0,3.0,0.0,3.0,1.0,430539_1007,0,2017-05-07,23
102,126.0,138148.0,20107.0,102457.0,98.0,602423,80.0,10.0,1.0,4.0,3.0,0.0,2.0,2.0,430548_1007,0,2017-05-07,22
102,126.0,138148.0,20107.0,102457.0,98.0,1049308,0.0,3.0,2.0,3.0,2.0,0.0,2.0,1.0,430548_1007,0,2017-05-10,12
102,126.0,138148.0,20107.0,102457.0,98.0,1049308,0.0,3.0,2.0,3.0,2.0,0.0,2.0,1.0,430548_1007,0,2017-05-08,0
102,126.0,138148.0,20107.0,102457.0,98.0,1049308,0.0,3.0,2.0,3.0,2.0,0.0,2.0,1.0,430548_1007,0,2017-05-12,10
102,126.0,138148.0,20107.0,102457.0,98.0,603060,22.0,3.0,2.0,3.0,3.0,0.0,4.0,3.0,430539_1007,0,2017-05-11,6
102,126.0,138148.0,20107.0,102457.0,98.0,79177,22.0,3.0,2.0,3.0,3.0,0.0,4.0,3.0,430539_1007,0,2017-05-11,6
102,126.0,138148.0,20107.0,102457.0,98.0,735435,18.0,3.0,2.0,3.0,3.0,0.0,1.0,2.0,430539_1007,0,2017-05-12,4
102,126.0,138148.0,20107.0,102457.0,98.0,606462,0.0,3.0,2.0,3.0,3.0,0.0,2.0,1.0,430539_1007,0,2017-05-11,7
102,126.0,138148.0,20107.0,102457.0,98.0,606462,0.0,3.0,2.0,3.0,3.0,0.0,2.0,1.0,430539_1007,0,2017-05-08,13
102,126.0,138148.0,20107.0,102457.0,98.0,229727,34.0,4.0,2.0,4.0,3.0,0.0,3.0,3.0,430539_1007,0,2017-05-13,10
102,126.0,138148.0,20107.0,102457.0,98.0,814327,0.0,11.0,1.0,5.0,3.0,0.0,2.0,2.0,430548_1007,0,2017-05-06,13
102,126.0,138148.0,20107.0,102457.0,98.0,998158,19.0,3.0,2.0,3.0,3.0,0.0,2.0,2.0,430548_1007,0,2017-05-06,4
102,126.0,138148.0,20107.0,102457.0,98.0,998158,19.0,3.0,2.0,3.0,3.0,0.0,2.0,2.0,430548_1007,0,2017-05-12,2
102,126.0,138148.0,20107.0,102457.0,98.0,824609,0.0,5.0,2.0,5.0,3.0,0.0,3.0,2.0,430548_1007,0,2017-05-10,22
102,126.0,138148.0,20107.0,102457.0,98.0,904605,0.0,12.0,1.0,6.0,3.0,0.0,1.0,2.0,430539_1007,0,2017-05-13,14
102,126.0,138148.0,20107.0,102457.0,98.0,757032,34.0,4.0,2.0,4.0,3.0,0.0,4.0,3.0,430539_1007,0,2017-05-10,5
102,126.0,138148.0,20107.0,102457.0,98.0,603060,22.0,3.0,2.0,3.0,3.0,0.0,4.0,3.0,430539_1007,0,2017-05-13,9
102,126.0,138148.0,20107.0,102457.0,98.0,603060,22.0,3.0,2.0,3.0,3.0,0.0,4.0,3.0,430539_1007,0,2017-05-09,1
102,126.0,138148.0,20107.0,102457.0,98.0,566837,20.0,3.0,2.0,3.0,3.0,0.0,3.0,2.0,430539_1007,0,2017-05-11,8
102,126.0,138148.0,20107.0,102457.0,98.0,142288,7.0,2.0,2.0,2.0,3.0,0.0,1.0,2.0,430539_1007,0,2017-05-12,12
102,126.0,138148.0,20107.0,102457.0,98.0,438757,0.0,3.0,2.0,3.0,3.0,0.0,2.0,1.0,430539_1007,1,2017-05-06,7
102,126.0,138148.0,20107.0,102457.0,98.0,771380,0.0,3.0,2.0,3.0,3.0,0.0,1.0,1.0,430548_1007,0,2017-05-09,11
102,126.0,138148.0,20107.0,102457.0,98.0,12102,19.0,3.0,2.0,3.0,3.0,0.0,2.0,2.0,430539_1007,0,2017-05-12,23
102,126.0,138148.0,20107.0,102457.0,98.0,824940,81.0,10.0,1.0,4.0,3.0,0.0,4.0,3.0,430539_1007,0,2017-05-11,0
102,126.0,138148.0,20107.0,102457.0,98.0,964839,80.0,10.0,1.0,4.0,3.0,0.0,2.0,2.0,430539_1007,0,2017-05-12,22
102,126.0,138148.0,20107.0,102457.0,98.0,964839,80.0,10.0,1.0,4.0,3.0,0.0,2.0,2.0,430539_1007,0,2017-05-09,7
102,126.0,138148.0,20107.0,102457.0,98.0,12102,19.0,3.0,2.0,3.0,3.0,0.0,2.0,2.0,430539_1007,0,2017-05-10,23
102,126.0,138148.0,20107.0,102457.0,98.0,791926,0.0,4.0,2.0,4.0,3.0,0.0,4.0,1.0,430539_1007,0,2017-05-05,17
102,126.0,138148.0,20107.0,102457.0,98.0,4482,33.0,4.0,2.0,4.0,3.0,0.0,2.0,2.0,430539_1007,0,2017-05-09,3
102,126.0,138148.0,20107.0,102457.0,98.0,1082611,18.0,3.0,2.0,3.0,3.0,0.0,1.0,2.0,430548_1007,0,2017-05-13,7
102,126.0,138148.0,20107.0,102457.0,98.0,12102,19.0,3.0,2.0,3.0,3.0,0.0,2.0,2.0,430539_1007,0,2017-05-08,13
102,126.0,138148.0,20107.0,102457.0,98.0,988421,11.0,3.0,2.0,3.0,2.0,0.0,2.0,1.0,430539_1007,0,2017-05-11,23
102,126.0,138148.0,20107.0,102457.0,98.0,843747,19.0,3.0,2.0,3.0,3.0,0.0,2.0,2.0,430539_1007,0,2017-05-11,11
102,126.0,138148.0,20107.0,102457.0,98.0,414090,33.0,4.0,2.0,4.0,3.0,0.0,2.0,2.0,430539_1007,0,2017-05-12,9
102,126.0,138148.0,20107.0,102457.0,98.0,794908,0.0,10.0,1.0,4.0,3.0,0.0,2.0,2.0,430548_1007,0,2017-05-10,9
102,126.0,138148.0,20107.0,102457.0,98.0,493959,35.0,4.0,2.0,4.0,3.0,0.0,2.0,3.0,430539_1007,0,2017-05-07,0
102,126.0,138148.0,20107.0,102457.0,98.0,18220,19.0,3.0,2.0,3.0,3.0,0.0,2.0,2.0,430539_1007,0,2017-05-11,4
102,126.0,138148.0,20107.0,102457.0,98.0,745537,0.0,3.0,2.0,3.0,3.0,0.0,2.0,3.0,430539_1007,1,2017-05-09,0
102,126.0,138148.0,20107.0,102457.0,98.0,366721,8.0,2.0,2.0,2.0,3.0,0.0,4.0,1.0,430548_1007,0,2017-05-07,2
102,126.0,138148.0,20107.0,102457.0,98.0,1038054,0.0,3.0,2.0,3.0,3.0,0.0,4.0,2.0,430548_1007,0,2017-05-12,5
102,126.0,138148.0,20107.0,102457.0,98.0,857698,0.0,5.0,2.0,5.0,3.0,0.0,2.0,2.0,430539_1007,0,2017-05-12,5
102,126.0,138148.0,20107.0,102457.0,98.0,937444,0.0,4.0,2.0,4.0,2.0,0.0,2.0,2.0,430548_1007,0,2017-05-12,23
102,126.0,138148.0,20107.0,102457.0,98.0,723686,66.0,9.0,1.0,3.0,3.0,0.0,2.0,2.0,430539_1007,0,2017-05-06,8
102,126.0,138148.0,20107.0,102457.0,98.0,1038054,0.0,3.0,2.0,3.0,3.0,0.0,4.0,2.0,430548_1007,0,2017-05-09,16
102,126.0,138148.0,20107.0,102457.0,98.0,111479,0.0,3.0,2.0,3.0,3.0,0.0,2.0,3.0,430539_1007,0,2017-05-10,2
102,126.0,138148.0,20107.0,102457.0,98.0,840053,19.0,3.0,2.0,3.0,3.0,0.0,2.0,2.0,430539_1007,0,2017-05-09,13
102,126.0,138148.0,20107.0,102457.0,98.0,67767,19.0,3.0,2.0,3.0,3.0,0.0,2.0,2.0,430539_1007,0,2017-05-08,13
102,126.0,138148.0,20107.0,102457.0,98.0,1081554,34.0,4.0,2.0,4.0,3.0,0.0,4.0,2.0,430539_1007,0,2017-05-08,11
102,126.0,138148.0,20107.0,102457.0,98.0,822750,33.0,4.0,2.0,4.0,3.0,0.0,2.0,2.0,430539_1007,0,2017-05-12,8
102,126.0,138148.0,20107.0,102457.0,98.0,1020807,20.0,3.0,2.0,3.0,3.0,0.0,3.0,2.0,430539_1007,0,2017-05-07,9
102,126.0,138148.0,20107.0,102457.0,98.0,387895,34.0,4.0,2.0,4.0,3.0,0.0,3.0,2.0,430548_1007,0,2017-05-11,8
102,126.0,138148.0,20107.0,102457.0,98.0,546837,0.0,3.0,2.0,3.0,3.0,0.0,2.0,2.0,430539_1007,1,2017-05-12,9
102,126.0,138148.0,20107.0,102457.0,98.0,1019474,0.0,3.0,2.0,3.0,3.0,0.0,1.0,2.0,430539_1007,0,2017-05-09,10
102,126.0,138148.0,20107.0,102457.0,98.0,1019474,0.0,3.0,2.0,3.0,3.0,0.0,1.0,2.0,430539_1007,0,2017-05-06,3
102,126.0,138148.0,20107.0,102457.0,98.0,56578,34.0,4.0,2.0,4.0,3.0,0.0,3.0,2.0,430539_1007,0,2017-05-10,5
102,126.0,138148.0,20107.0,102457.0,98.0,820323,20.0,3.0,2.0,3.0,3.0,0.0,4.0,2.0,430548_1007,0,2017-05-13,0
102,126.0,138148.0,20107.0,102457.0,98.0,687241,66.0,9.0,1.0,3.0,3.0,0.0,2.0,2.0,430548_1007,0,2017-05-08,11
102,126.0,138148.0,20107.0,102457.0,98.0,912839,18.0,3.0,2.0,3.0,3.0,0.0,1.0,2.0,430539_1007,0,2017-05-11,7
102,126.0,138148.0,20107.0,102457.0,98.0,585884,0.0,3.0,2.0,3.0,3.0,0.0,2.0,2.0,430539_1007,0,2017-05-08,19
102,126.0,138148.0,20107.0,102457.0,98.0,26063,5.0,2.0,2.0,2.0,3.0,1.0,4.0,1.0,430539_1007,0,2017-05-11,7
102,126.0,138148.0,20107.0,102457.0,98.0,1080982,0.0,3.0,2.0,3.0,2.0,0.0,2.0,2.0,430539_1007,0,2017-05-12,10
102,126.0,138148.0,20107.0,102457.0,98.0,409292,19.0,3.0,2.0,3.0,3.0,0.0,2.0,2.0,430548_1007,0,2017-05-11,12
102,126.0,138148.0,20107.0,102457.0,98.0,451561,0.0,3.0,2.0,3.0,3.0,0.0,2.0,2.0,430548_1007,0,2017-05-07,11
102,126.0,138148.0,20107.0,102457.0,98.0,894945,18.0,3.0,2.0,3.0,3.0,0.0,1.0,2.0,430539_1007,0,2017-05-13,6
102,126.0,138148.0,20107.0,102457.0,98.0,988421,11.0,3.0,2.0,3.0,2.0,0.0,2.0,1.0,430539_1007,0,2017-05-13,11
102,126.0,138148.0,20107.0,102457.0,98.0,884168,46.0,5.0,2.0,5.0,3.0,0.0,1.0,3.0,430539_1007,0,2017-05-11,22
102,126.0,138148.0,20107.0,102457.0,98.0,1008127,0.0,3.0,2.0,3.0,3.0,0.0,1.0,1.0,430539_1007,0,2017-05-07,6
102,126.0,138148.0,20107.0,102457.0,98.0,616857,0.0,3.0,2.0,3.0,3.0,0.0,3.0,2.0,430539_1007,0,2017-05-12,8
102,126.0,138148.0,20107.0,102457.0,98.0,737790,19.0,3.0,2.0,3.0,3.0,0.0,2.0,2.0,430539_1007,0,2017-05-13,6
102,126.0,138148.0,20107.0,102457.0,98.0,125815,0.0,3.0,2.0,3.0,3.0,0.0,2.0,1.0,430539_1007,0,2017-05-06,23
102,126.0,138148.0,20107.0,102457.0,98.0,760598,0.0,9.0,1.0,3.0,3.0,0.0,2.0,1.0,430539_1007,0,2017-05-08,6
102,126.0,138148.0,20107.0,102457.0,98.0,570623,19.0,3.0,2.0,3.0,3.0,0.0,2.0,2.0,430539_1007,0,2017-05-07,9
102,126.0,138148.0,20107.0,102457.0,98.0,115659,0.0,3.0,2.0,3.0,3.0,0.0,2.0,2.0,430539_1007,0,2017-05-07,7
102,126.0,138148.0,20107.0,102457.0,98.0,478059,33.0,4.0,2.0,4.0,3.0,0.0,2.0,2.0,430539_1007,1,2017-05-10,12
102,126.0,138148.0,20107.0,102457.0,98.0,4482,33.0,4.0,2.0,4.0,3.0,0.0,2.0,2.0,430539_1007,0,2017-05-07,0
102,126.0,138148.0,20107.0,102457.0,98.0,494306,19.0,3.0,2.0,3.0,3.0,0.0,2.0,2.0,430548_1007,0,2017-05-07,13
102,126.0,138148.0,20107.0,102457.0,98.0,97734,45.0,5.0,2.0,5.0,3.0,0.0,4.0,2.0,430548_1007,0,2017-05-09,6
102,126.0,138148.0,20107.0,102457.0,98.0,402823,15.0,3.0,2.0,3.0,3.0,0.0,1.0,1.0,430548_1007,0,2017-05-13,7
102,126.0,138148.0,20107.0,102457.0,98.0,1050650,67.0,9.0,1.0,3.0,3.0,0.0,3.0,2.0,430548_1007,0,2017-05-06,9
102,126.0,138148.0,20107.0,102457.0,98.0,10568,0.0,4.0,2.0,4.0,3.0,0.0,2.0,2.0,430539_1007,0,2017-05-06,19
102,126.0,138148.0,20107.0,102457.0,98.0,83112,80.0,10.0,1.0,4.0,3.0,0.0,2.0,2.0,430539_1007,0,2017-05-12,9
102,126.0,138148.0,20107.0,102457.0,98.0,244598,20.0,3.0,2.0,3.0,3.0,0.0,4.0,2.0,430548_1007,0,2017-05-11,22
102,126.0,138148.0,20107.0,102457.0,98.0,828144,0.0,2.0,2.0,2.0,3.0,0.0,2.0,2.0,430539_1007,0,2017-05-12,5
102,126.0,138148.0,20107.0,102457.0,98.0,988937,82.0,10.0,1.0,4.0,3.0,0.0,2.0,2.0,430539_1007,0,2017-05-12,9
102,126.0,138148.0,20107.0,102457.0,98.0,624052,0.0,10.0,1.0,4.0,3.0,0.0,4.0,1.0,430539_1007,0,2017-05-09,11
102,126.0,138148.0,20107.0,102457.0,98.0,824777,0.0,4.0,2.0,4.0,2.0,0.0,2.0,2.0,430548_1007,0,2017-05-07,7
102,126.0,138148.0,20107.0,102457.0,98.0,991561,0.0,3.0,2.0,3.0,3.0,0.0,2.0,2.0,430539_1007,0,2017-05-12,3
102,126.0,138148.0,20107.0,102457.0,98.0,243829,0.0,9.0,1.0,3.0,2.0,0.0,2.0,2.0,430539_1007,0,2017-05-11,21
102,126.0,138148.0,20107.0,102457.0,98.0,590136,21.0,3.0,2.0,3.0,3.0,0.0,2.0,3.0,430539_1007,0,2017-05-13,0
102,126.0,138148.0,20107.0,102457.0,98.0,715224,0.0,4.0,2.0,4.0,3.0,0.0,1.0,1.0,430548_1007,0,2017-05-09,7
102,126.0,138148.0,20107.0,102457.0,98.0,571565,32.0,4.0,2.0,4.0,3.0,0.0,1.0,2.0,430539_1007,0,2017-05-06,14
102,126.0,138148.0,20107.0,102457.0,98.0,560331,0.0,3.0,2.0,3.0,3.0,0.0,4.0,1.0,430539_1007,0,2017-05-11,11
102,126.0,138148.0,20107.0,102457.0,98.0,1078675,0.0,4.0,2.0,4.0,3.0,0.0,2.0,2.0,430548_1007,0,2017-05-08,11
102,126.0,138148.0,20107.0,102457.0,98.0,1078675,0.0,4.0,2.0,4.0,3.0,0.0,2.0,2.0,430548_1007,0,2017-05-10,13
102,126.0,138148.0,20107.0,102457.0,98.0,836386,0.0,3.0,2.0,3.0,3.0,0.0,1.0,2.0,430539_1007,0,2017-05-07,13
102,126.0,138148.0,20107.0,102457.0,98.0,284964,67.0,9.0,1.0,3.0,3.0,0.0,3.0,2.0,430548_1007,0,2017-05-08,0
102,126.0,138148.0,20107.0,102457.0,98.0,980779,19.0,3.0,2.0,3.0,3.0,0.0,2.0,2.0,430539_1007,0,2017-05-11,13
102,126.0,138148.0,20107.0,102457.0,98.0,799542,33.0,4.0,2.0,4.0,3.0,0.0,2.0,2.0,430539_1007,0,2017-05-09,22
102,126.0,138148.0,20107.0,102457.0,98.0,87704,0.0,3.0,2.0,3.0,3.0,0.0,3.0,2.0,430539_1007,0,2017-05-13,10
102,126.0,138148.0,20107.0,102457.0,98.0,682255,0.0,3.0,2.0,3.0,3.0,0.0,3.0,1.0,430539_1007,0,2017-05-06,13
102,126.0,138148.0,20107.0,102457.0,98.0,254267,0.0,3.0,2.0,3.0,3.0,0.0,3.0,3.0,430539_1007,0,2017-05-07,12
102,126.0,138148.0,20107.0,102457.0,98.0,304352,33.0,4.0,2.0,4.0,3.0,0.0,2.0,2.0,430539_1007,0,2017-05-13,2
102,126.0,138148.0,20107.0,102457.0,98.0,26543,19.0,3.0,2.0,3.0,3.0,0.0,2.0,2.0,430539_1007,0,2017-05-10,6
102,126.0,138148.0,20107.0,102457.0,98.0,305803,17.0,3.0,2.0,3.0,3.0,0.0,4.0,1.0,430539_1007,0,2017-05-13,10
102,126.0,138148.0,20107.0,102457.0,98.0,906990,33.0,4.0,2.0,4.0,3.0,0.0,2.0,2.0,430539_1007,0,2017-05-12,16
102,126.0,138148.0,20107.0,102457.0,98.0,230747,0.0,2.0,2.0,2.0,3.0,0.0,2.0,1.0,430548_1007,0,2017-05-07,21
102,126.0,138148.0,20107.0,102457.0,98.0,783381,0.0,4.0,2.0,4.0,3.0,0.0,2.0,2.0,430539_1007,0,2017-05-11,11
102,126.0,138148.0,20107.0,102457.0,98.0,1009529,32.0,4.0,2.0,4.0,3.0,0.0,1.0,2.0,430539_1007,0,2017-05-12,9
102,126.0,138148.0,20107.0,102457.0,98.0,1122493,0.0,10.0,1.0,4.0,3.0,0.0,2.0,1.0,430539_1007,0,2017-05-11,23
102,126.0,138148.0,20107.0,102457.0,98.0,906990,33.0,4.0,2.0,4.0,3.0,0.0,2.0,2.0,430539_1007,0,2017-05-09,16
102,126.0,138148.0,20107.0,102457.0,98.0,57850,80.0,10.0,1.0,4.0,3.0,0.0,2.0,2.0,430548_1007,0,2017-05-12,12
102,126.0,138148.0,20107.0,102457.0,98.0,314424,0.0,3.0,2.0,3.0,3.0,0.0,3.0,1.0,430539_1007,0,2017-05-08,7
102,126.0,138148.0,20107.0,102457.0,98.0,753549,0.0,5.0,2.0,5.0,3.0,0.0,2.0,1.0,430539_1007,0,2017-05-11,12
102,126.0,138148.0,20107.0,102457.0,98.0,522687,18.0,3.0,2.0,3.0,3.0,0.0,1.0,2.0,430539_1007,0,2017-05-11,13
102,126.0,138148.0,20107.0,102457.0,98.0,1050650,67.0,9.0,1.0,3.0,3.0,0.0,3.0,2.0,430548_1007,0,2017-05-11,4
102,126.0,138148.0,20107.0,102457.0,98.0,675344,35.0,4.0,2.0,4.0,3.0,0.0,2.0,2.0,430548_1007,0,2017-05-13,6
102,126.0,138148.0,20107.0,102457.0,98.0,1127785,30.0,4.0,2.0,4.0,3.0,0.0,2.0,1.0,430539_1007,0,2017-05-06,4
102,126.0,138148.0,20107.0,102457.0,98.0,831706,0.0,3.0,2.0,3.0,3.0,0.0,3.0,1.0,430539_1007,0,2017-05-07,7
102,126.0,138148.0,20107.0,102457.0,98.0,268785,0.0,3.0,2.0,3.0,3.0,0.0,4.0,2.0,430539_1007,0,2017-05-12,4
102,126.0,138148.0,20107.0,102457.0,98.0,594046,0.0,3.0,2.0,3.0,3.0,0.0,2.0,1.0,430539_1007,0,2017-05-09,0
102,126.0,138148.0,20107.0,102457.0,98.0,182766,0.0,10.0,1.0,4.0,3.0,0.0,4.0,2.0,430539_1007,0,2017-05-12,16
102,126.0,138148.0,20107.0,102457.0,98.0,755178,0.0,4.0,2.0,4.0,3.0,0.0,2.0,2.0,430539_1007,0,2017-05-10,5
102,126.0,138148.0,20107.0,102457.0,98.0,866907,0.0,4.0,2.0,4.0,3.0,0.0,2.0,1.0,430548_1007,0,2017-05-07,7
102,126.0,138148.0,20107.0,102457.0,98.0,865699,0.0,4.0,2.0,4.0,3.0,0.0,2.0,2.0,430539_1007,0,2017-05-13,7
102,126.0,138148.0,20107.0,102457.0,98.0,240230,0.0,3.0,2.0,3.0,3.0,0.0,2.0,2.0,430548_1007,0,2017-05-08,10
102,126.0,138148.0,20107.0,102457.0,98.0,244391,0.0,4.0,2.0,4.0,3.0,0.0,1.0,2.0,430548_1007,0,2017-05-12,12
102,126.0,138148.0,20107.0,102457.0,98.0,412772,22.0,3.0,2.0,3.0,3.0,0.0,3.0,3.0,430539_1007,0,2017-05-12,3
102,126.0,138148.0,20107.0,102457.0,98.0,412772,22.0,3.0,2.0,3.0,3.0,0.0,3.0,3.0,430539_1007,0,2017-05-12,0
102,126.0,138148.0,20107.0,102457.0,98.0,244391,0.0,4.0,2.0,4.0,3.0,0.0,1.0,2.0,430548_1007,0,2017-05-09,8
102,126.0,138148.0,20107.0,102457.0,98.0,412772,22.0,3.0,2.0,3.0,3.0,0.0,3.0,3.0,430539_1007,0,2017-05-12,3
102,126.0,138148.0,20107.0,102457.0,98.0,606954,20.0,3.0,2.0,3.0,3.0,0.0,4.0,2.0,430539_1007,0,2017-05-07,14
102,126.0,138148.0,20107.0,102457.0,98.0,413978,0.0,3.0,2.0,3.0,3.0,0.0,2.0,1.0,430539_1007,0,2017-05-08,10
102,126.0,138148.0,20107.0,102457.0,98.0,824940,81.0,10.0,1.0,4.0,3.0,0.0,4.0,3.0,430539_1007,0,2017-05-10,7
102,126.0,138148.0,20107.0,102457.0,98.0,179803,0.0,3.0,2.0,3.0,3.0,0.0,2.0,1.0,430548_1007,0,2017-05-06,13
102,126.0,138148.0,20107.0,102457.0,98.0,1058199,0.0,4.0,2.0,4.0,2.0,0.0,2.0,1.0,430548_1007,0,2017-05-11,12
102,126.0,138148.0,20107.0,102457.0,98.0,981520,19.0,3.0,2.0,3.0,3.0,0.0,2.0,2.0,430539_1007,0,2017-05-11,10
102,126.0,138148.0,20107.0,102457.0,98.0,603972,16.0,3.0,2.0,3.0,3.0,0.0,2.0,1.0,430548_1007,0,2017-05-11,3
102,126.0,138148.0,20107.0,102457.0,98.0,880127,0.0,4.0,2.0,4.0,3.0,0.0,3.0,2.0,430539_1007,0,2017-05-11,8
102,126.0,138148.0,20107.0,102457.0,98.0,1012217,34.0,4.0,2.0,4.0,3.0,0.0,4.0,2.0,430539_1007,0,2017-05-07,13
102,126.0,138148.0,20107.0,102457.0,98.0,682662,5.0,2.0,2.0,2.0,3.0,1.0,2.0,2.0,430539_1007,0,2017-05-07,8
102,126.0,138148.0,20107.0,102457.0,98.0,36092,0.0,3.0,2.0,3.0,3.0,0.0,2.0,2.0,430539_1007,0,2017-05-09,1
102,126.0,138148.0,20107.0,102457.0,98.0,36092,0.0,3.0,2.0,3.0,3.0,0.0,2.0,2.0,430539_1007,0,2017-05-13,14
102,126.0,138148.0,20107.0,102457.0,98.0,603972,16.0,3.0,2.0,3.0,3.0,0.0,2.0,1.0,430548_1007,0,2017-05-07,4
102,126.0,138148.0,20107.0,102457.0,98.0,1046619,12.0,3.0,2.0,3.0,2.0,0.0,3.0,2.0,430539_1007,0,2017-05-12,17
102,126.0,138148.0,20107.0,102457.0,98.0,821099,80.0,10.0,1.0,4.0,3.0,0.0,2.0,2.0,430539_1007,1,2017-05-11,4
102,126.0,138148.0,20107.0,102457.0,98.0,1137518,0.0,3.0,2.0,3.0,3.0,0.0,2.0,1.0,430539_1007,1,2017-05-07,23
102,126.0,138148.0,20107.0,102457.0,98.0,811053,19.0,3.0,2.0,3.0,3.0,0.0,2.0,2.0,430539_1007,0,2017-05-07,9
102,126.0,138148.0,20107.0,102457.0,98.0,843823,0.0,3.0,2.0,3.0,3.0,0.0,4.0,1.0,430539_1007,0,2017-05-07,3
102,126.0,138148.0,20107.0,102457.0,98.0,1137518,0.0,3.0,2.0,3.0,3.0,0.0,2.0,1.0,430539_1007,0,2017-05-10,1
102,126.0,138148.0,20107.0,102457.0,98.0,1137518,0.0,3.0,2.0,3.0,3.0,0.0,2.0,1.0,430539_1007,0,2017-05-12,23
102,126.0,138148.0,20107.0,102457.0,98.0,55231,45.0,5.0,2.0,5.0,3.0,0.0,4.0,2.0,430548_1007,0,2017-05-13,12
102,126.0,138148.0,20107.0,102457.0,98.0,1055203,45.0,5.0,2.0,5.0,3.0,0.0,3.0,2.0,430539_1007,0,2017-05-10,23
102,126.0,138148.0,20107.0,102457.0,98.0,904435,44.0,5.0,2.0,5.0,3.0,0.0,2.0,2.0,430548_1007,0,2017-05-13,5
102,126.0,138148.0,20107.0,102457.0,98.0,843823,0.0,3.0,2.0,3.0,3.0,0.0,4.0,1.0,430539_1007,0,2017-05-12,7
102,126.0,138148.0,20107.0,102457.0,98.0,1120709,0.0,11.0,1.0,5.0,3.0,0.0,3.0,1.0,430548_1007,0,2017-05-11,13
102,126.0,138148.0,20107.0,102457.0,98.0,746042,0.0,4.0,2.0,4.0,3.0,0.0,3.0,2.0,430548_1007,1,2017-05-12,10
102,126.0,138148.0,20107.0,102457.0,98.0,534477,16.0,3.0,2.0,3.0,3.0,0.0,2.0,1.0,430539_1007,0,2017-05-12,11
102,126.0,138148.0,20107.0,102457.0,98.0,32329,0.0,11.0,1.0,5.0,3.0,0.0,1.0,2.0,430539_1007,0,2017-05-06,1
102,126.0,138148.0,20107.0,102457.0,98.0,151599,0.0,4.0,2.0,4.0,3.0,0.0,2.0,2.0,430539_1007,0,2017-05-13,7
102,126.0,138148.0,20107.0,102457.0,98.0,554747,0.0,9.0,1.0,3.0,3.0,0.0,2.0,3.0,430548_1007,0,2017-05-07,21
102,126.0,138148.0,20107.0,102457.0,98.0,1118435,34.0,4.0,2.0,4.0,3.0,0.0,3.0,2.0,430539_1007,0,2017-05-11,11
102,126.0,138148.0,20107.0,102457.0,98.0,867860,44.0,5.0,2.0,5.0,3.0,0.0,2.0,2.0,430548_1007,0,2017-05-12,12
102,126.0,138148.0,20107.0,102457.0,98.0,438002,0.0,10.0,1.0,4.0,3.0,0.0,2.0,3.0,430539_1007,0,2017-05-13,1
102,126.0,138148.0,20107.0,102457.0,98.0,438002,0.0,10.0,1.0,4.0,3.0,0.0,2.0,3.0,430539_1007,0,2017-05-06,12
102,126.0,138148.0,20107.0,102457.0,98.0,1118435,34.0,4.0,2.0,4.0,3.0,0.0,3.0,2.0,430539_1007,0,2017-05-06,11
102,126.0,138148.0,20107.0,102457.0,98.0,735763,31.0,4.0,2.0,4.0,3.0,0.0,4.0,1.0,430548_1007,0,2017-05-05,23
102,126.0,138148.0,20107.0,102457.0,98.0,796262,0.0,3.0,2.0,3.0,3.0,0.0,3.0,2.0,430539_1007,0,2017-05-09,22
102,126.0,138148.0,20107.0,102457.0,98.0,796262,0.0,3.0,2.0,3.0,3.0,0.0,3.0,2.0,430539_1007,0,2017-05-06,2
102,126.0,138148.0,20107.0,102457.0,98.0,1113558,0.0,4.0,2.0,4.0,3.0,0.0,4.0,1.0,430539_1007,0,2017-05-13,11
102,126.0,138148.0,20107.0,102457.0,98.0,1113558,0.0,4.0,2.0,4.0,3.0,0.0,4.0,1.0,430539_1007,0,2017-05-07,2
102,126.0,138148.0,20107.0,102457.0,98.0,1118435,34.0,4.0,2.0,4.0,3.0,0.0,3.0,2.0,430539_1007,0,2017-05-08,13
102,126.0,138148.0,20107.0,102457.0,98.0,825935,82.0,10.0,1.0,4.0,3.0,0.0,2.0,3.0,430548_1007,0,2017-05-08,5
102,126.0,138148.0,20107.0,102457.0,98.0,229,0.0,4.0,2.0,4.0,3.0,0.0,2.0,2.0,430539_1007,0,2017-05-13,0
102,126.0,138148.0,20107.0,102457.0,98.0,853436,0.0,4.0,2.0,4.0,3.0,0.0,1.0,2.0,430539_1007,0,2017-05-10,3
102,126.0,138148.0,20107.0,102457.0,98.0,488094,20.0,3.0,2.0,3.0,3.0,0.0,3.0,2.0,430539_1007,0,2017-05-13,10
102,126.0,138148.0,20107.0,102457.0,98.0,1097601,0.0,3.0,2.0,3.0,3.0,0.0,4.0,2.0,430548_1007,0,2017-05-11,3
102,126.0,138148.0,20107.0,102457.0,98.0,449770,0.0,3.0,2.0,3.0,3.0,0.0,3.0,2.0,430539_1007,0,2017-05-08,9
102,126.0,138148.0,20107.0,102457.0,98.0,695747,44.0,5.0,2.0,5.0,3.0,0.0,2.0,2.0,430539_1007,0,2017-05-13,14
102,126.0,138148.0,20107.0,102457.0,98.0,982366,0.0,9.0,1.0,3.0,3.0,0.0,4.0,2.0,430548_1007,0,2017-05-10,7
102,126.0,138148.0,20107.0,102457.0,98.0,867860,44.0,5.0,2.0,5.0,3.0,0.0,2.0,2.0,430548_1007,0,2017-05-10,17
102,126.0,138148.0,20107.0,102457.0,98.0,982366,0.0,9.0,1.0,3.0,3.0,0.0,4.0,2.0,430548_1007,0,2017-05-13,1
102,126.0,138148.0,20107.0,102457.0,98.0,751544,0.0,3.0,2.0,3.0,3.0,0.0,3.0,2.0,430548_1007,0,2017-05-10,14
102,126.0,138148.0,20107.0,102457.0,98.0,1134232,33.0,4.0,2.0,4.0,3.0,0.0,2.0,2.0,430539_1007,0,2017-05-12,3
102,126.0,138148.0,20107.0,102457.0,98.0,508031,0.0,3.0,2.0,3.0,3.0,0.0,2.0,3.0,430539_1007,0,2017-05-10,0
102,126.0,138148.0,20107.0,102457.0,98.0,508031,0.0,3.0,2.0,3.0,3.0,0.0,2.0,3.0,430539_1007,0,2017-05-12,0
102,126.0,138148.0,20107.0,102457.0,98.0,769032,80.0,10.0,1.0,4.0,3.0,0.0,2.0,2.0,430548_1007,0,2017-05-12,8
102,126.0,138148.0,20107.0,102457.0,98.0,608393,0.0,3.0,2.0,3.0,3.0,0.0,2.0,1.0,430539_1007,0,2017-05-13,6
102,126.0,138148.0,20107.0,102457.0,98.0,278024,8.0,2.0,2.0,2.0,3.0,0.0,3.0,2.0,430539_1007,0,2017-05-08,5
102,126.0,138148.0,20107.0,102457.0,98.0,300168,0.0,5.0,2.0,5.0,3.0,0.0,1.0,2.0,430539_1007,0,2017-05-12,19
102,126.0,138148.0,20107.0,102457.0,98.0,648921,0.0,3.0,2.0,3.0,3.0,0.0,2.0,2.0,430539_1007,0,2017-05-07,13
102,126.0,138148.0,20107.0,102457.0,98.0,672109,34.0,4.0,2.0,4.0,3.0,0.0,3.0,2.0,430539_1007,0,2017-05-06,6
102,126.0,138148.0,20107.0,102457.0,98.0,730637,33.0,4.0,2.0,4.0,3.0,0.0,2.0,2.0,430539_1007,0,2017-05-10,11
102,126.0,138148.0,20107.0,102457.0,98.0,686996,20.0,3.0,2.0,3.0,3.0,0.0,3.0,2.0,430539_1007,0,2017-05-08,1
102,126.0,138148.0,20107.0,102457.0,98.0,1089221,0.0,4.0,2.0,4.0,2.0,0.0,2.0,2.0,430539_1007,0,2017-05-07,21
102,126.0,138148.0,20107.0,102457.0,98.0,1089221,0.0,4.0,2.0,4.0,2.0,0.0,2.0,2.0,430539_1007,0,2017-05-13,9
102,126.0,138148.0,20107.0,102457.0,98.0,544251,20.0,3.0,2.0,3.0,3.0,0.0,4.0,2.0,430548_1007,0,2017-05-12,0
102,126.0,138148.0,20107.0,102457.0,98.0,699414,0.0,3.0,2.0,3.0,3.0,0.0,1.0,2.0,430539_1007,0,2017-05-10,7
102,126.0,138148.0,20107.0,102457.0,98.0,782996,45.0,5.0,2.0,5.0,3.0,0.0,3.0,2.0,430548_1007,0,2017-05-06,7
102,126.0,138148.0,20107.0,102457.0,98.0,48422,20.0,3.0,2.0,3.0,3.0,0.0,3.0,2.0,430548_1007,0,2017-05-08,11
102,126.0,138148.0,20107.0,102457.0,98.0,825935,82.0,10.0,1.0,4.0,3.0,0.0,2.0,3.0,430539_1007,0,2017-05-08,13
102,126.0,138148.0,20107.0,102457.0,98.0,24825,0.0,3.0,2.0,3.0,3.0,0.0,3.0,1.0,430539_1007,0,2017-05-07,3
102,126.0,138148.0,20107.0,102457.0,98.0,782996,45.0,5.0,2.0,5.0,3.0,0.0,3.0,2.0,430548_1007,0,2017-05-10,14
102,126.0,138148.0,20107.0,102457.0,98.0,279799,19.0,3.0,2.0,3.0,3.0,0.0,2.0,2.0,430539_1007,0,2017-05-10,4
102,126.0,138148.0,20107.0,102457.0,98.0,699414,0.0,3.0,2.0,3.0,3.0,0.0,1.0,2.0,430539_1007,0,2017-05-07,8
102,126.0,138148.0,20107.0,102457.0,98.0,1114740,0.0,4.0,2.0,4.0,3.0,0.0,2.0,2.0,430539_1007,0,2017-05-07,16
102,126.0,138148.0,20107.0,102457.0,98.0,1139750,0.0,3.0,2.0,3.0,3.0,0.0,2.0,1.0,430539_1007,0,2017-05-08,19
102,126.0,138148.0,20107.0,102457.0,98.0,825935,82.0,10.0,1.0,4.0,3.0,0.0,2.0,3.0,430548_1007,0,2017-05-12,10
102,126.0,138148.0,20107.0,102457.0,98.0,201113,0.0,11.0,1.0,5.0,3.0,0.0,3.0,2.0,430539_1007,0,2017-05-09,5
102,126.0,138148.0,20107.0,102457.0,98.0,1126359,66.0,9.0,1.0,3.0,3.0,0.0,1.0,2.0,430539_1007,0,2017-05-05,22
102,126.0,138148.0,20107.0,102457.0,98.0,1030522,82.0,10.0,1.0,4.0,3.0,0.0,2.0,3.0,430539_1007,0,2017-05-12,3
102,126.0,138148.0,20107.0,102457.0,98.0,1074722,19.0,3.0,2.0,3.0,3.0,0.0,2.0,2.0,430539_1007,0,2017-05-06,11
102,126.0,138148.0,20107.0,102457.0,98.0,281631,0.0,3.0,2.0,3.0,2.0,0.0,2.0,2.0,430539_1007,0,2017-05-10,6
102,126.0,138148.0,20107.0,102457.0,98.0,1029530,0.0,3.0,2.0,3.0,3.0,0.0,1.0,2.0,430539_1007,0,2017-05-07,6
102,126.0,138148.0,20107.0,102457.0,98.0,852488,80.0,10.0,1.0,4.0,3.0,0.0,2.0,2.0,430539_1007,0,2017-05-12,22
102,126.0,138148.0,20107.0,102457.0,98.0,830728,0.0,4.0,2.0,4.0,3.0,0.0,3.0,1.0,430539_1007,0,2017-05-12,9
102,126.0,138148.0,20107.0,102457.0,98.0,460500,0.0,4.0,2.0,4.0,2.0,0.0,2.0,2.0,430539_1007,0,2017-05-10,23
102,126.0,138148.0,20107.0,102457.0,98.0,756713,0.0,4.0,2.0,4.0,3.0,0.0,2.0,1.0,430539_1007,0,2017-05-08,2
102,126.0,138148.0,20107.0,102457.0,98.0,669680,34.0,4.0,2.0,4.0,3.0,0.0,3.0,2.0,430539_1007,0,2017-05-12,5
102,126.0,138148.0,20107.0,102457.0,98.0,19321,20.0,3.0,2.0,3.0,3.0,0.0,4.0,2.0,430539_1007,0,2017-05-08,6
102,126.0,138148.0,20107.0,102457.0,98.0,220734,0.0,4.0,2.0,4.0,3.0,0.0,1.0,2.0,430548_1007,0,2017-05-06,0
102,126.0,138148.0,20107.0,102457.0,98.0,673919,33.0,4.0,2.0,4.0,3.0,0.0,2.0,2.0,430539_1007,0,2017-05-07,11
102,126.0,138148.0,20107.0,102457.0,98.0,756713,0.0,4.0,2.0,4.0,3.0,0.0,2.0,1.0,430539_1007,0,2017-05-11,23
102,126.0,138148.0,20107.0,102457.0,98.0,220734,0.0,4.0,2.0,4.0,3.0,0.0,1.0,2.0,430548_1007,0,2017-05-10,3
102,126.0,138148.0,20107.0,102457.0,98.0,220734,0.0,4.0,2.0,4.0,3.0,0.0,1.0,2.0,430548_1007,0,2017-05-08,2
102,126.0,138148.0,20107.0,102457.0,98.0,225158,19.0,3.0,2.0,3.0,3.0,0.0,2.0,2.0,430539_1007,0,2017-05-11,0
102,126.0,138148.0,20107.0,102457.0,98.0,460500,0.0,4.0,2.0,4.0,2.0,0.0,2.0,2.0,430539_1007,0,2017-05-06,12
102,126.0,138148.0,20107.0,102457.0,98.0,742030,0.0,3.0,2.0,3.0,3.0,0.0,2.0,2.0,430539_1007,0,2017-05-07,12
102,126.0,138148.0,20107.0,102457.0,98.0,742030,0.0,3.0,2.0,3.0,3.0,0.0,2.0,2.0,430539_1007,0,2017-05-11,1
102,126.0,138148.0,20107.0,102457.0,98.0,142820,0.0,3.0,2.0,3.0,3.0,0.0,1.0,2.0,430539_1007,0,2017-05-09,8
102,126.0,138148.0,20107.0,102457.0,98.0,587277,0.0,9.0,1.0,3.0,3.0,0.0,2.0,1.0,430539_1007,0,2017-05-12,8
102,126.0,138148.0,20107.0,102457.0,98.0,122893,0.0,3.0,2.0,3.0,3.0,0.0,2.0,2.0,430548_1007,0,2017-05-09,6
102,126.0,138148.0,20107.0,102457.0,98.0,234105,0.0,4.0,2.0,4.0,3.0,0.0,2.0,1.0,430539_1007,0,2017-05-12,9
102,126.0,138148.0,20107.0,102457.0,98.0,234105,0.0,4.0,2.0,4.0,3.0,0.0,2.0,1.0,430539_1007,0,2017-05-09,23
102,126.0,138148.0,20107.0,102457.0,98.0,1003576,0.0,10.0,1.0,4.0,3.0,0.0,2.0,1.0,430539_1007,0,2017-05-13,2
102,126.0,138148.0,20107.0,102457.0,98.0,887940,0.0,4.0,2.0,4.0,3.0,0.0,2.0,1.0,430539_1007,0,2017-05-12,9
102,126.0,138148.0,20107.0,102457.0,98.0,1071683,0.0,4.0,2.0,4.0,3.0,0.0,2.0,1.0,430539_1007,0,2017-05-07,4
102,126.0,138148.0,20107.0,102457.0,98.0,160155,18.0,3.0,2.0,3.0,3.0,0.0,1.0,2.0,430539_1007,0,2017-05-08,3
102,126.0,138148.0,20107.0,102457.0,98.0,436875,0.0,3.0,2.0,3.0,3.0,0.0,2.0,1.0,430539_1007,0,2017-05-08,22
102,126.0,138148.0,20107.0,102457.0,98.0,436875,0.0,3.0,2.0,3.0,3.0,0.0,2.0,1.0,430539_1007,0,2017-05-11,1
102,126.0,138148.0,20107.0,102457.0,98.0,270100,0.0,4.0,2.0,4.0,3.0,0.0,2.0,2.0,430539_1007,0,2017-05-07,11
102,126.0,138148.0,20107.0,102457.0,98.0,270100,0.0,4.0,2.0,4.0,3.0,0.0,2.0,2.0,430539_1007,1,2017-05-09,12
102,126.0,138148.0,20107.0,102457.0,98.0,1083632,0.0,3.0,2.0,3.0,3.0,0.0,2.0,1.0,430548_1007,0,2017-05-05,23
102,126.0,138148.0,20107.0,102457.0,98.0,8639,34.0,4.0,2.0,4.0,3.0,0.0,4.0,2.0,430539_1007,0,2017-05-07,7
102,126.0,138148.0,20107.0,102457.0,98.0,866203,32.0,4.0,2.0,4.0,3.0,0.0,1.0,2.0,430548_1007,0,2017-05-09,23
102,126.0,138148.0,20107.0,102457.0,98.0,860101,91.0,11.0,1.0,5.0,3.0,0.0,2.0,2.0,430539_1007,0,2017-05-13,12
102,126.0,138148.0,20107.0,102457.0,98.0,559061,0.0,3.0,2.0,3.0,3.0,0.0,4.0,3.0,430539_1007,0,2017-05-12,12
102,126.0,138148.0,20107.0,102457.0,98.0,779976,0.0,3.0,2.0,3.0,3.0,0.0,2.0,1.0,430539_1007,0,2017-05-13,3
102,126.0,138148.0,20107.0,102457.0,98.0,779976,0.0,3.0,2.0,3.0,3.0,0.0,2.0,1.0,430539_1007,0,2017-05-10,17
102,126.0,138148.0,20107.0,102457.0,98.0,529648,19.0,3.0,2.0,3.0,3.0,0.0,2.0,2.0,430548_1007,0,2017-05-12,9
102,126.0,138148.0,20107.0,102457.0,98.0,1023333,19.0,3.0,2.0,3.0,3.0,0.0,2.0,2.0,430539_1007,0,2017-05-06,14
102,126.0,138148.0,20107.0,102457.0,98.0,238020,19.0,3.0,2.0,3.0,3.0,0.0,2.0,2.0,430539_1007,0,2017-05-12,12
102,126.0,138148.0,20107.0,102457.0,98.0,727720,0.0,4.0,2.0,4.0,3.0,0.0,2.0,2.0,430539_1007,0,2017-05-10,6
102,126.0,138148.0,20107.0,102457.0,98.0,727720,0.0,4.0,2.0,4.0,3.0,0.0,2.0,2.0,430539_1007,0,2017-05-10,8
102,126.0,138148.0,20107.0,102457.0,98.0,575836,43.0,5.0,2.0,5.0,3.0,0.0,1.0,2.0,430548_1007,0,2017-05-09,12
102,126.0,138148.0,20107.0,102457.0,98.0,575836,43.0,5.0,2.0,5.0,3.0,0.0,1.0,2.0,430548_1007,0,2017-05-13,14
102,126.0,138148.0,20107.0,102457.0,98.0,1062367,0.0,4.0,2.0,4.0,3.0,0.0,2.0,2.0,430548_1007,0,2017-05-08,6
102,126.0,138148.0,20107.0,102457.0,98.0,859232,0.0,3.0,2.0,3.0,3.0,0.0,2.0,2.0,430539_1007,0,2017-05-13,4
102,126.0,138148.0,20107.0,102457.0,98.0,699369,20.0,3.0,2.0,3.0,3.0,0.0,4.0,2.0,430548_1007,0,2017-05-09,12
102,126.0,138148.0,20107.0,102457.0,98.0,164886,0.0,3.0,2.0,3.0,3.0,0.0,2.0,1.0,430539_1007,0,2017-05-08,16
102,126.0,138148.0,20107.0,102457.0,98.0,302190,33.0,4.0,2.0,4.0,3.0,0.0,2.0,2.0,430539_1007,0,2017-05-06,17
102,126.0,138148.0,20107.0,102457.0,98.0,163158,0.0,4.0,2.0,4.0,3.0,0.0,2.0,2.0,430539_1007,0,2017-05-09,5
102,126.0,138148.0,20107.0,102457.0,98.0,1024030,20.0,3.0,2.0,3.0,3.0,0.0,3.0,2.0,430548_1007,0,2017-05-05,18
102,126.0,138148.0,20107.0,102457.0,98.0,476434,19.0,3.0,2.0,3.0,3.0,0.0,2.0,2.0,430539_1007,0,2017-05-07,3
102,126.0,138148.0,20107.0,102457.0,98.0,47355,0.0,2.0,2.0,2.0,3.0,0.0,4.0,1.0,430539_1007,0,2017-05-07,11
102,126.0,138148.0,20107.0,102457.0,98.0,660277,35.0,4.0,2.0,4.0,3.0,0.0,2.0,3.0,430539_1007,0,2017-05-10,22
102,126.0,138148.0,20107.0,102457.0,98.0,854540,0.0,4.0,2.0,4.0,3.0,0.0,2.0,2.0,430539_1007,0,2017-05-07,4
102,126.0,138148.0,20107.0,102457.0,98.0,403289,0.0,3.0,2.0,3.0,3.0,0.0,3.0,1.0,430539_1007,0,2017-05-06,10
102,126.0,138148.0,20107.0,102457.0,98.0,35572,7.0,2.0,2.0,2.0,3.0,0.0,2.0,2.0,430539_1007,0,2017-05-10,6
102,126.0,138148.0,20107.0,102457.0,98.0,421873,0.0,3.0,2.0,3.0,3.0,0.0,2.0,2.0,430539_1007,0,2017-05-10,1
102,126.0,138148.0,20107.0,102457.0,98.0,774013,0.0,4.0,2.0,4.0,3.0,0.0,2.0,2.0,430539_1007,0,2017-05-09,9
102,126.0,138148.0,20107.0,102457.0,98.0,828144,0.0,2.0,2.0,2.0,3.0,0.0,2.0,2.0,430539_1007,0,2017-05-10,11
102,126.0,138148.0,20107.0,102457.0,98.0,624575,34.0,4.0,2.0,4.0,3.0,0.0,3.0,3.0,430548_1007,0,2017-05-10,3
102,126.0,138148.0,20107.0,102457.0,98.0,1030720,0.0,3.0,2.0,3.0,3.0,0.0,3.0,1.0,430539_1007,0,2017-05-07,4
102,126.0,138148.0,20107.0,102457.0,98.0,740441,0.0,4.0,2.0,4.0,3.0,0.0,2.0,1.0,430539_1007,0,2017-05-13,12
102,126.0,138148.0,20107.0,102457.0,98.0,63767,0.0,4.0,2.0,4.0,3.0,0.0,2.0,2.0,430548_1007,0,2017-05-13,3
102,126.0,138148.0,20107.0,102457.0,98.0,914054,21.0,3.0,2.0,3.0,3.0,0.0,2.0,3.0,430539_1007,0,2017-05-08,12
108,5343.0,386291.0,40068.0,24385.0,639.0,977501,91.0,11.0,1.0,5.0,3.0,0.0,2.0,2.0,430548_1007,0,2017-05-06,23
116,6806.0,135942.0,18393.0,131964.0,288.0,409667,0.0,9.0,1.0,3.0,3.0,0.0,2.0,2.0,430539_1007,0,2017-05-08,16
116,6806.0,135942.0,18393.0,131964.0,288.0,795513,0.0,10.0,1.0,4.0,3.0,0.0,2.0,2.0,430539_1007,0,2017-05-10,13
116,6806.0,135942.0,18393.0,131964.0,288.0,464872,0.0,8.0,1.0,2.0,3.0,0.0,2.0,1.0,430539_1007,0,2017-05-11,16
116,6806.0,135942.0,18393.0,131964.0,288.0,904953,0.0,10.0,1.0,4.0,3.0,0.0,2.0,2.0,430548_1007,0,2017-05-06,12
116,6806.0,135942.0,18393.0,131964.0,288.0,1063767,0.0,11.0,1.0,5.0,3.0,0.0,2.0,2.0,430548_1007,0,2017-05-13,13
116,6806.0,135942.0,18393.0,131964.0,288.0,713885,0.0,11.0,1.0,5.0,3.0,0.0,2.0,2.0,430548_1007,0,2017-05-07,12
116,6806.0,135942.0,18393.0,131964.0,288.0,334269,42.0,5.0,2.0,5.0,3.0,0.0,4.0,1.0,430548_1007,0,2017-05-07,2
116,6806.0,135942.0,18393.0,131964.0,288.0,580991,0.0,9.0,1.0,3.0,1.0,0.0,2.0,2.0,430539_1007,0,2017-05-10,9
116,6806.0,135942.0,18393.0,131964.0,288.0,113936,51.0,7.0,1.0,1.0,3.0,0.0,2.0,2.0,430548_1007,0,2017-05-13,8
116,6806.0,135942.0,18393.0,131964.0,288.0,402861,57.0,8.0,1.0,2.0,3.0,0.0,4.0,2.0,430548_1007,0,2017-05-10,11
116,6806.0,135942.0,18393.0,131964.0,288.0,756977,42.0,5.0,2.0,5.0,3.0,0.0,4.0,1.0,430548_1007,0,2017-05-08,12
116,6806.0,135942.0,18393.0,131964.0,288.0,727488,0.0,9.0,1.0,3.0,2.0,0.0,2.0,2.0,430548_1007,0,2017-05-06,6
116,6806.0,135942.0,18393.0,131964.0,288.0,727488,0.0,9.0,1.0,3.0,2.0,0.0,2.0,2.0,430548_1007,0,2017-05-08,10
116,6806.0,135942.0,18393.0,131964.0,288.0,422268,0.0,4.0,2.0,4.0,3.0,0.0,2.0,1.0,430548_1007,0,2017-05-07,8
116,6806.0,135942.0,18393.0,131964.0,288.0,620665,65.0,9.0,1.0,3.0,3.0,0.0,4.0,1.0,430548_1007,0,2017-05-11,10
116,6806.0,135942.0,18393.0,131964.0,288.0,9206,0.0,9.0,1.0,3.0,3.0,0.0,2.0,1.0,430539_1007,0,2017-05-07,13
116,6806.0,135942.0,18393.0,131964.0,288.0,157236,0.0,10.0,1.0,4.0,2.0,0.0,2.0,2.0,430548_1007,0,2017-05-13,9
116,6806.0,135942.0,18393.0,131964.0,288.0,1122085,33.0,4.0,2.0,4.0,3.0,0.0,2.0,2.0,430539_1007,0,2017-05-08,7
116,6806.0,135942.0,18393.0,131964.0,288.0,486680,0.0,9.0,1.0,3.0,3.0,0.0,2.0,1.0,430548_1007,0,2017-05-08,12
116,6806.0,135942.0,18393.0,131964.0,288.0,1081842,0.0,9.0,1.0,3.0,3.0,0.0,4.0,1.0,430548_1007,0,2017-05-07,14
116,6806.0,135942.0,18393.0,131964.0,288.0,946018,0.0,9.0,1.0,3.0,2.0,0.0,2.0,1.0,430548_1007,0,2017-05-10,12
116,6806.0,135942.0,18393.0,131964.0,288.0,1139545,62.0,9.0,1.0,3.0,2.0,0.0,1.0,3.0,430548_1007,0,2017-05-06,7
116,6806.0,135942.0,18393.0,131964.0,288.0,44838,0.0,11.0,1.0,5.0,3.0,0.0,2.0,1.0,430539_1007,0,2017-05-10,12
116,6806.0,135942.0,18393.0,131964.0,288.0,200324,0.0,2.0,2.0,2.0,3.0,0.0,3.0,1.0,430539_1007,0,2017-05-10,14
116,6806.0,135942.0,18393.0,131964.0,288.0,586479,0.0,11.0,1.0,5.0,2.0,0.0,4.0,2.0,430539_1007,0,2017-05-11,16
116,6806.0,135942.0,18393.0,131964.0,288.0,286192,0.0,5.0,2.0,5.0,3.0,0.0,2.0,1.0,430548_1007,0,2017-05-12,13
116,6806.0,135942.0,18393.0,131964.0,288.0,1057538,0.0,5.0,2.0,5.0,2.0,0.0,2.0,1.0,430548_1007,0,2017-05-10,12
116,6806.0,135942.0,18393.0,131964.0,288.0,938256,0.0,7.0,1.0,1.0,1.0,0.0,2.0,2.0,430548_1007,0,2017-05-06,9
116,6806.0,135942.0,18393.0,131964.0,288.0,936122,0.0,11.0,1.0,5.0,1.0,0.0,2.0,1.0,430548_1007,0,2017-05-08,12
116,6806.0,135942.0,18393.0,131964.0,288.0,953969,0.0,9.0,1.0,3.0,1.0,0.0,2.0,2.0,430548_1007,0,2017-05-10,12
116,6806.0,135942.0,18393.0,131964.0,288.0,904953,0.0,10.0,1.0,4.0,3.0,0.0,2.0,2.0,430548_1007,0,2017-05-09,14
116,6806.0,135942.0,18393.0,131964.0,288.0,186662,0.0,8.0,1.0,2.0,3.0,0.0,2.0,2.0,430548_1007,0,2017-05-06,12
116,6806.0,135942.0,18393.0,131964.0,288.0,503658,0.0,9.0,1.0,3.0,3.0,0.0,2.0,2.0,430539_1007,0,2017-05-07,10
116,6806.0,135942.0,18393.0,131964.0,288.0,785628,81.0,10.0,1.0,4.0,3.0,0.0,4.0,2.0,430548_1007,0,2017-05-11,8
116,6806.0,135942.0,18393.0,131964.0,288.0,673233,44.0,5.0,2.0,5.0,3.0,0.0,2.0,2.0,430548_1007,0,2017-05-12,9
116,6806.0,135942.0,18393.0,131964.0,288.0,140976,60.0,9.0,1.0,3.0,2.0,0.0,1.0,2.0,430548_1007,0,2017-05-07,14
116,6806.0,135942.0,18393.0,131964.0,288.0,448399,0.0,9.0,1.0,3.0,2.0,0.0,2.0,1.0,430548_1007,0,2017-05-06,6
116,6806.0,135942.0,18393.0,131964.0,288.0,784491,0.0,11.0,1.0,5.0,3.0,0.0,2.0,1.0,430548_1007,0,2017-05-12,13
116,6806.0,135942.0,18393.0,131964.0,288.0,488455,0.0,10.0,1.0,4.0,1.0,0.0,2.0,2.0,430548_1007,0,2017-05-06,12
116,6806.0,135942.0,18393.0,131964.0,288.0,285800,0.0,9.0,1.0,3.0,3.0,0.0,2.0,1.0,430539_1007,0,2017-05-07,14
116,6806.0,135942.0,18393.0,131964.0,288.0,830204,66.0,9.0,1.0,3.0,3.0,0.0,2.0,2.0,430539_1007,0,2017-05-11,0
116,6806.0,135942.0,18393.0,131964.0,288.0,292455,0.0,4.0,2.0,4.0,3.0,0.0,4.0,2.0,430539_1007,0,2017-05-10,13
116,6806.0,135942.0,18393.0,131964.0,288.0,930782,0.0,12.0,1.0,6.0,2.0,0.0,2.0,2.0,430548_1007,0,2017-05-07,11
116,6806.0,135942.0,18393.0,131964.0,288.0,384839,0.0,11.0,1.0,5.0,1.0,0.0,2.0,2.0,430548_1007,0,2017-05-11,22
116,6806.0,135942.0,18393.0,131964.0,288.0,83368,0.0,9.0,1.0,3.0,2.0,0.0,2.0,1.0,430539_1007,0,2017-05-08,13
116,6806.0,135942.0,18393.0,131964.0,288.0,219773,0.0,11.0,1.0,5.0,3.0,0.0,2.0,1.0,430548_1007,0,2017-05-06,7
116,6806.0,135942.0,18393.0,131964.0,288.0,562014,51.0,7.0,1.0,1.0,3.0,0.0,2.0,2.0,430548_1007,0,2017-05-07,4
116,6806.0,135942.0,18393.0,131964.0,288.0,562014,51.0,7.0,1.0,1.0,3.0,0.0,2.0,2.0,430548_1007,0,2017-05-09,13
116,6806.0,135942.0,18393.0,131964.0,288.0,835501,56.0,8.0,1.0,2.0,3.0,0.0,1.0,2.0,430539_1007,0,2017-05-12,0
116,6806.0,135942.0,18393.0,131964.0,288.0,108404,0.0,10.0,1.0,4.0,3.0,0.0,4.0,1.0,430548_1007,0,2017-05-07,11
116,6806.0,135942.0,18393.0,131964.0,288.0,1005106,0.0,8.0,1.0,2.0,3.0,0.0,2.0,2.0,430539_1007,0,2017-05-13,8
116,6806.0,135942.0,18393.0,131964.0,288.0,992740,0.0,8.0,1.0,2.0,2.0,0.0,2.0,2.0,430539_1007,0,2017-05-13,7
116,6806.0,135942.0,18393.0,131964.0,288.0,915900,92.0,11.0,1.0,5.0,3.0,0.0,3.0,2.0,430548_1007,0,2017-05-09,13
116,6806.0,135942.0,18393.0,131964.0,288.0,348553,0.0,8.0,1.0,2.0,3.0,0.0,2.0,2.0,430548_1007,0,2017-05-12,13
116,6806.0,135942.0,18393.0,131964.0,288.0,676553,0.0,9.0,1.0,3.0,3.0,0.0,2.0,2.0,430548_1007,0,2017-05-08,11
116,6806.0,135942.0,18393.0,131964.0,288.0,761058,5.0,2.0,2.0,2.0,3.0,1.0,2.0,1.0,430548_1007,0,2017-05-06,11
116,6806.0,135942.0,18393.0,131964.0,288.0,326891,0.0,1.0,2.0,1.0,3.0,0.0,2.0,2.0,430548_1007,0,2017-05-12,13
116,6806.0,135942.0,18393.0,131964.0,288.0,810598,0.0,2.0,2.0,2.0,3.0,0.0,1.0,1.0,430539_1007,0,2017-05-12,8
116,6806.0,135942.0,18393.0,131964.0,288.0,372378,0.0,10.0,1.0,4.0,3.0,0.0,2.0,1.0,430548_1007,0,2017-05-13,8
116,6806.0,135942.0,18393.0,131964.0,288.0,1106887,0.0,9.0,1.0,3.0,3.0,0.0,1.0,2.0,430539_1007,0,2017-05-07,7
116,6806.0,135942.0,18393.0,131964.0,288.0,697386,0.0,9.0,1.0,3.0,3.0,0.0,2.0,2.0,430548_1007,0,2017-05-07,2
116,6806.0,135942.0,18393.0,131964.0,288.0,881259,0.0,11.0,1.0,5.0,2.0,0.0,2.0,2.0,430539_1007,0,2017-05-10,2
116,6806.0,135942.0,18393.0,131964.0,288.0,25532,0.0,11.0,1.0,5.0,3.0,0.0,2.0,1.0,430548_1007,0,2017-05-11,11
116,6806.0,135942.0,18393.0,131964.0,288.0,25532,0.0,11.0,1.0,5.0,3.0,0.0,2.0,1.0,430548_1007,0,2017-05-08,13
116,6806.0,135942.0,18393.0,131964.0,288.0,1056480,0.0,9.0,1.0,3.0,3.0,0.0,1.0,2.0,430539_1007,0,2017-05-11,9
116,6806.0,135942.0,18393.0,131964.0,288.0,996233,0.0,8.0,1.0,2.0,3.0,0.0,2.0,1.0,430548_1007,0,2017-05-07,9
116,6806.0,135942.0,18393.0,131964.0,288.0,787381,82.0,10.0,1.0,4.0,3.0,0.0,2.0,3.0,430548_1007,0,2017-05-07,14
116,6806.0,135942.0,18393.0,131964.0,288.0,765065,22.0,3.0,2.0,3.0,3.0,0.0,4.0,3.0,430539_1007,0,2017-05-06,16
116,6806.0,135942.0,18393.0,131964.0,288.0,532805,0.0,8.0,1.0,2.0,2.0,1.0,2.0,1.0,430548_1007,0,2017-05-11,7
116,6806.0,135942.0,18393.0,131964.0,288.0,197131,0.0,8.0,1.0,2.0,1.0,0.0,2.0,1.0,430548_1007,0,2017-05-07,11
116,6806.0,135942.0,18393.0,131964.0,288.0,866569,51.0,7.0,1.0,1.0,3.0,1.0,2.0,1.0,430539_1007,0,2017-05-08,8
116,6806.0,135942.0,18393.0,131964.0,288.0,611266,0.0,9.0,1.0,3.0,3.0,0.0,4.0,1.0,430548_1007,0,2017-05-09,10
116,6806.0,135942.0,18393.0,131964.0,288.0,474113,0.0,9.0,1.0,3.0,2.0,0.0,2.0,2.0,430539_1007,0,2017-05-09,11
116,6806.0,135942.0,18393.0,131964.0,288.0,213037,0.0,9.0,1.0,3.0,2.0,0.0,2.0,1.0,430539_1007,0,2017-05-09,11
116,6806.0,135942.0,18393.0,131964.0,288.0,655796,44.0,5.0,2.0,5.0,3.0,0.0,2.0,2.0,430548_1007,0,2017-05-06,13
116,6806.0,135942.0,18393.0,131964.0,288.0,103881,66.0,9.0,1.0,3.0,3.0,0.0,2.0,2.0,430539_1007,0,2017-05-10,17
116,6806.0,135942.0,18393.0,131964.0,288.0,859984,68.0,9.0,1.0,3.0,3.0,0.0,1.0,3.0,430548_1007,0,2017-05-10,14
116,6806.0,135942.0,18393.0,131964.0,288.0,1002663,0.0,9.0,1.0,3.0,3.0,0.0,2.0,2.0,430539_1007,0,2017-05-07,11
116,6806.0,135942.0,18393.0,131964.0,288.0,852695,80.0,10.0,1.0,4.0,3.0,0.0,2.0,2.0,430548_1007,0,2017-05-07,14
116,6806.0,135942.0,18393.0,131964.0,288.0,553813,0.0,8.0,1.0,2.0,3.0,0.0,1.0,2.0,430539_1007,1,2017-05-12,7
124,10463.0,127625.0,4818.0,312872.0,17.5,809928,0.0,9.0,1.0,3.0,3.0,0.0,2.0,1.0,430539_1007,0,2017-05-12,8
126,8653.0,391888.0,46086.0,330900.0,260.0,374692,45.0,5.0,2.0,5.0,3.0,0.0,4.0,2.0,430548_1007,0,2017-05-08,12
131,6793.0,133332.0,13276.0,53202.0,216.0,450764,0.0,3.0,2.0,3.0,3.0,0.0,4.0,2.0,430548_1007,0,2017-05-11,11
134,5884.0,399274.0,53923.0,425594.0,11.3,925808,0.0,11.0,1.0,5.0,3.0,0.0,2.0,1.0,430548_1007,0,2017-05-07,15
134,5884.0,399274.0,53923.0,425594.0,11.3,78021,0.0,9.0,1.0,3.0,3.0,0.0,4.0,2.0,430548_1007,0,2017-05-06,22
136,7219.0,245991.0,33713.0,350697.0,99.0,472571,0.0,9.0,1.0,3.0,3.0,0.0,4.0,2.0,430539_1007,0,2017-05-06,7
136,7219.0,245991.0,33713.0,350697.0,99.0,836204,42.0,5.0,2.0,5.0,3.0,0.0,3.0,1.0,430548_1007,0,2017-05-10,4
136,7219.0,245991.0,33713.0,350697.0,99.0,472571,0.0,9.0,1.0,3.0,3.0,0.0,4.0,2.0,430539_1007,0,2017-05-06,9
136,7219.0,245991.0,33713.0,350697.0,99.0,147487,0.0,3.0,2.0,3.0,3.0,0.0,3.0,1.0,430548_1007,0,2017-05-09,5
136,7219.0,245991.0,33713.0,350697.0,99.0,1004534,0.0,3.0,2.0,3.0,3.0,0.0,2.0,2.0,430548_1007,0,2017-05-13,6
136,7219.0,245991.0,33713.0,350697.0,99.0,1039947,36.0,5.0,2.0,5.0,1.0,0.0,2.0,1.0,430548_1007,0,2017-05-13,8
136,7219.0,245991.0,33713.0,350697.0,99.0,348833,0.0,4.0,2.0,4.0,3.0,0.0,4.0,1.0,430548_1007,0,2017-05-09,0
136,7219.0,245991.0,33713.0,350697.0,99.0,463281,0.0,11.0,1.0,5.0,3.0,0.0,2.0,2.0,430548_1007,0,2017-05-07,7
136,7219.0,245991.0,33713.0,350697.0,99.0,244908,0.0,4.0,2.0,4.0,3.0,0.0,2.0,2.0,430539_1007,0,2017-05-12,3
136,7219.0,245991.0,33713.0,350697.0,99.0,567841,0.0,4.0,2.0,4.0,3.0,0.0,2.0,1.0,430539_1007,0,2017-05-11,7
136,7219.0,245991.0,33713.0,350697.0,99.0,898963,0.0,10.0,1.0,4.0,3.0,0.0,3.0,2.0,430548_1007,0,2017-05-06,5
136,7219.0,245991.0,33713.0,350697.0,99.0,482223,0.0,4.0,2.0,4.0,3.0,0.0,2.0,2.0,430548_1007,0,2017-05-10,5
136,7219.0,245991.0,33713.0,350697.0,99.0,778251,0.0,10.0,1.0,4.0,3.0,0.0,3.0,2.0,430548_1007,0,2017-05-13,7
137,943.0,133620.0,13900.0,413301.0,4598.0,526669,18.0,3.0,2.0,3.0,3.0,0.0,1.0,2.0,430548_1007,0,2017-05-11,6
146,530.0,157229.0,24597.0,401619.0,4.0,835818,77.0,10.0,1.0,4.0,3.0,0.0,1.0,1.0,430539_1007,0,2017-05-12,3
146,530.0,157229.0,24597.0,401619.0,4.0,835818,77.0,10.0,1.0,4.0,3.0,0.0,1.0,1.0,430539_1007,0,2017-05-13,10
148,11005.0,395681.0,50113.0,390701.0,26.0,952071,0.0,1.0,2.0,1.0,1.0,0.0,2.0,2.0,430548_1007,1,2017-05-10,5
148,11005.0,395681.0,50113.0,390701.0,26.0,574551,0.0,4.0,2.0,4.0,1.0,0.0,2.0,1.0,430548_1007,0,2017-05-09,5
148,11005.0,395681.0,50113.0,390701.0,26.0,807606,64.0,9.0,1.0,3.0,3.0,0.0,1.0,1.0,430548_1007,1,2017-05-10,6
148,11005.0,395681.0,50113.0,390701.0,26.0,807606,64.0,9.0,1.0,3.0,3.0,0.0,1.0,1.0,430548_1007,0,2017-05-13,10
148,11005.0,395681.0,50113.0,390701.0,26.0,883741,46.0,5.0,2.0,5.0,3.0,0.0,2.0,3.0,430548_1007,0,2017-05-09,4
148,11005.0,395681.0,50113.0,390701.0,26.0,167485,0.0,2.0,2.0,2.0,3.0,0.0,2.0,2.0,430548_1007,0,2017-05-06,12
148,11005.0,395681.0,50113.0,390701.0,26.0,951221,0.0,9.0,1.0,3.0,1.0,0.0,2.0,1.0,430548_1007,0,2017-05-09,1
148,11005.0,395681.0,50113.0,390701.0,26.0,679661,81.0,10.0,1.0,4.0,3.0,0.0,3.0,2.0,430548_1007,0,2017-05-12,15
148,11005.0,395681.0,50113.0,390701.0,26.0,896203,73.0,10.0,1.0,4.0,2.0,0.0,2.0,1.0,430539_1007,0,2017-05-12,8
148,11005.0,395681.0,50113.0,390701.0,26.0,752772,0.0,4.0,2.0,4.0,3.0,0.0,2.0,1.0,430548_1007,0,2017-05-11,23
148,11005.0,395681.0,50113.0,390701.0,26.0,844764,65.0,9.0,1.0,3.0,3.0,0.0,4.0,1.0,430548_1007,0,2017-05-08,11
148,11005.0,395681.0,50113.0,390701.0,26.0,133877,65.0,9.0,1.0,3.0,3.0,0.0,3.0,1.0,430539_1007,0,2017-05-10,7
148,11005.0,395681.0,50113.0,390701.0,26.0,1040395,56.0,8.0,1.0,2.0,3.0,0.0,2.0,1.0,430539_1007,1,2017-05-09,5
148,11005.0,395681.0,50113.0,390701.0,26.0,532269,0.0,3.0,2.0,3.0,3.0,0.0,3.0,1.0,430539_1007,0,2017-05-12,8
148,11005.0,395681.0,50113.0,390701.0,26.0,1040395,56.0,8.0,1.0,2.0,3.0,0.0,2.0,1.0,430539_1007,0,2017-05-09,23
148,11005.0,395681.0,50113.0,390701.0,26.0,532269,0.0,3.0,2.0,3.0,3.0,0.0,3.0,1.0,430539_1007,0,2017-05-10,3
148,11005.0,395681.0,50113.0,390701.0,26.0,715390,0.0,10.0,1.0,4.0,3.0,0.0,2.0,2.0,430539_1007,1,2017-05-08,8
148,11005.0,395681.0,50113.0,390701.0,26.0,532269,0.0,3.0,2.0,3.0,3.0,0.0,3.0,1.0,430539_1007,0,2017-05-06,9
148,11005.0,395681.0,50113.0,390701.0,26.0,34352,30.0,4.0,2.0,4.0,3.0,0.0,2.0,1.0,430539_1007,0,2017-05-12,10
148,11005.0,395681.0,50113.0,390701.0,26.0,306230,0.0,7.0,1.0,1.0,3.0,0.0,2.0,1.0,430539_1007,1,2017-05-05,21
148,11005.0,395681.0,50113.0,390701.0,26.0,414075,92.0,11.0,1.0,5.0,3.0,0.0,4.0,2.0,430548_1007,0,2017-05-10,16
148,11005.0,395681.0,50113.0,390701.0,26.0,414075,92.0,11.0,1.0,5.0,3.0,0.0,4.0,2.0,430548_1007,0,2017-05-08,1
148,11005.0,395681.0,50113.0,390701.0,26.0,876404,0.0,5.0,2.0,5.0,3.0,0.0,3.0,2.0,430548_1007,0,2017-05-13,6
148,11005.0,395681.0,50113.0,390701.0,26.0,613151,0.0,8.0,1.0,2.0,2.0,0.0,2.0,2.0,430548_1007,0,2017-05-06,11
148,11005.0,395681.0,50113.0,390701.0,26.0,913415,0.0,5.0,2.0,5.0,1.0,0.0,2.0,2.0,430548_1007,0,2017-05-10,22
148,11005.0,395681.0,50113.0,390701.0,26.0,715390,0.0,10.0,1.0,4.0,3.0,0.0,2.0,2.0,430539_1007,0,2017-05-11,7
148,11005.0,395681.0,50113.0,390701.0,26.0,645579,0.0,2.0,2.0,2.0,3.0,0.0,2.0,1.0,430548_1007,0,2017-05-11,7
149,6421.0,396707.0,51227.0,185.0,168.75,662259,0.0,2.0,2.0,2.0,3.0,0.0,2.0,2.0,430548_1007,0,2017-05-11,8
151,8198.0,381353.0,37202.0,280793.0,25.0,65404,30.0,4.0,2.0,4.0,3.0,0.0,2.0,1.0,430548_1007,0,2017-05-10,6
151,8198.0,381353.0,37202.0,280793.0,25.0,422336,8.0,2.0,2.0,2.0,3.0,0.0,4.0,2.0,430548_1007,0,2017-05-10,14
151,8198.0,381353.0,37202.0,280793.0,25.0,109530,0.0,11.0,1.0,5.0,3.0,0.0,2.0,1.0,430548_1007,0,2017-05-13,0
151,8198.0,381353.0,37202.0,280793.0,25.0,347683,0.0,11.0,1.0,5.0,3.0,0.0,2.0,2.0,430548_1007,0,2017-05-11,7
151,8198.0,381353.0,37202.0,280793.0,25.0,441681,42.0,5.0,2.0,5.0,3.0,0.0,4.0,1.0,430539_1007,0,2017-05-12,14
151,8198.0,381353.0,37202.0,280793.0,25.0,768295,68.0,9.0,1.0,3.0,3.0,0.0,1.0,3.0,430548_1007,0,2017-05-10,10
157,4520.0,103058.0,710.0,105543.0,39.0,1107253,17.0,3.0,2.0,3.0,3.0,0.0,4.0,1.0,430548_1007,0,2017-05-06,13
157,4520.0,103058.0,710.0,105543.0,39.0,1039297,38.0,5.0,2.0,5.0,2.0,0.0,3.0,2.0,430548_1007,0,2017-05-06,13
157,4520.0,103058.0,710.0,105543.0,39.0,152932,0.0,10.0,1.0,4.0,3.0,0.0,2.0,2.0,430539_1007,0,2017-05-07,12
162,9688.0,178839.0,26747.0,431334.0,94400.0,86824,0.0,10.0,1.0,4.0,1.0,0.0,2.0,2.0,430548_1007,0,2017-05-09,8
163,9784.0,399229.0,53873.0,266551.0,980.0,185808,0.0,9.0,1.0,3.0,3.0,0.0,2.0,1.0,430548_1007,0,2017-05-08,12
163,9784.0,399229.0,53873.0,266551.0,980.0,185808,0.0,9.0,1.0,3.0,3.0,0.0,2.0,1.0,430548_1007,0,2017-05-10,3
168,4384.0,144796.0,23401.0,12778.0,138.0,778287,74.0,10.0,1.0,4.0,2.0,0.0,4.0,2.0,430548_1007,0,2017-05-07,9
169,8922.0,123990.0,3553.0,106409.0,29.0,441710,57.0,8.0,1.0,2.0,3.0,0.0,3.0,1.0,430539_1007,0,2017-05-09,11
169,8922.0,123990.0,3553.0,106409.0,29.0,193447,0.0,9.0,1.0,3.0,1.0,0.0,2.0,1.0,430548_1007,0,2017-05-06,7
169,8922.0,123990.0,3553.0,106409.0,29.0,984591,55.0,8.0,1.0,2.0,2.0,0.0,2.0,1.0,430548_1007,0,2017-05-13,11
169,8922.0,123990.0,3553.0,106409.0,29.0,886424,0.0,9.0,1.0,3.0,3.0,0.0,3.0,2.0,430539_1007,0,2017-05-09,2
169,8922.0,123990.0,3553.0,106409.0,29.0,381873,0.0,11.0,1.0,5.0,3.0,0.0,2.0,2.0,430548_1007,0,2017-05-07,8
173,10535.0,399597.0,52913.0,432828.0,23.0,974541,0.0,9.0,1.0,3.0,3.0,0.0,4.0,1.0,430548_1007,0,2017-05-06,8
173,10535.0,399597.0,52913.0,432828.0,23.0,486643,88.0,11.0,1.0,5.0,3.0,0.0,2.0,1.0,430548_1007,0,2017-05-07,2
173,10535.0,399597.0,52913.0,432828.0,23.0,724277,0.0,11.0,1.0,5.0,3.0,0.0,2.0,1.0,430548_1007,0,2017-05-10,2
173,10535.0,399597.0,52913.0,432828.0,23.0,602545,0.0,11.0,1.0,5.0,1.0,0.0,2.0,2.0,430548_1007,0,2017-05-06,22
173,10535.0,399597.0,52913.0,432828.0,23.0,513038,0.0,10.0,1.0,4.0,2.0,0.0,2.0,2.0,430548_1007,0,2017-05-09,4
173,10535.0,399597.0,52913.0,432828.0,23.0,513038,0.0,10.0,1.0,4.0,2.0,0.0,2.0,2.0,430548_1007,1,2017-05-13,0
173,10535.0,399597.0,52913.0,432828.0,23.0,258344,91.0,11.0,1.0,5.0,3.0,0.0,2.0,2.0,430548_1007,0,2017-05-13,8
173,10535.0,399597.0,52913.0,432828.0,23.0,973654,78.0,10.0,1.0,4.0,3.0,0.0,4.0,1.0,430548_1007,0,2017-05-06,6
173,10535.0,399597.0,52913.0,432828.0,23.0,973654,78.0,10.0,1.0,4.0,3.0,0.0,4.0,1.0,430548_1007,0,2017-05-09,1
173,10535.0,399597.0,52913.0,432828.0,23.0,513038,0.0,10.0,1.0,4.0,2.0,0.0,2.0,2.0,430548_1007,0,2017-05-07,0
175,9784.0,399229.0,53873.0,419406.0,1400.0,46992,0.0,5.0,2.0,5.0,3.0,0.0,4.0,2.0,430548_1007,0,2017-05-13,14
176,5381.0,139723.0,21587.0,184607.0,33.0,1075704,0.0,10.0,1.0,4.0,3.0,0.0,2.0,3.0,430548_1007,0,2017-05-12,4
176,5381.0,139723.0,21587.0,184607.0,33.0,1047776,0.0,4.0,2.0,4.0,3.0,0.0,2.0,2.0,430548_1007,0,2017-05-07,7
176,5381.0,139723.0,21587.0,184607.0,33.0,632770,0.0,11.0,1.0,5.0,3.0,0.0,4.0,2.0,430548_1007,0,2017-05-11,11
182,5989.0,151223.0,813.0,139239.0,158.0,74682,92.0,11.0,1.0,5.0,3.0,0.0,3.0,2.0,430548_1007,0,2017-05-13,13
187,1157.0,200268.0,29176.0,257022.0,398.0,1007256,20.0,3.0,2.0,3.0,3.0,0.0,4.0,2.0,430539_1007,0,2017-05-06,0
187,1157.0,200268.0,29176.0,257022.0,398.0,1007256,20.0,3.0,2.0,3.0,3.0,0.0,4.0,2.0,430539_1007,0,2017-05-08,15
191,11397.0,390004.0,44144.0,270359.0,154.9,715860,35.0,4.0,2.0,4.0,3.0,0.0,2.0,2.0,430539_1007,0,2017-05-11,1
191,11397.0,390004.0,44144.0,270359.0,154.9,116829,80.0,10.0,1.0,4.0,3.0,0.0,2.0,2.0,430548_1007,0,2017-05-12,22
191,11397.0,390004.0,44144.0,270359.0,154.9,1057627,0.0,7.0,1.0,1.0,2.0,0.0,2.0,2.0,430548_1007,0,2017-05-05,18
191,11397.0,390004.0,44144.0,270359.0,154.9,762290,0.0,10.0,1.0,4.0,3.0,0.0,2.0,1.0,430548_1007,0,2017-05-06,22
191,11397.0,390004.0,44144.0,270359.0,154.9,807982,0.0,10.0,1.0,4.0,3.0,0.0,1.0,1.0,430539_1007,0,2017-05-08,21
191,11397.0,390004.0,44144.0,270359.0,154.9,721777,0.0,4.0,2.0,4.0,1.0,0.0,2.0,2.0,430548_1007,0,2017-05-07,23
191,11397.0,390004.0,44144.0,270359.0,154.9,873725,80.0,10.0,1.0,4.0,3.0,0.0,2.0,2.0,430548_1007,0,2017-05-06,23
191,11397.0,390004.0,44144.0,270359.0,154.9,482104,0.0,3.0,2.0,3.0,3.0,0.0,2.0,2.0,430548_1007,0,2017-05-12,22
191,11397.0,390004.0,44144.0,270359.0,154.9,424961,0.0,10.0,1.0,4.0,3.0,0.0,2.0,1.0,430548_1007,0,2017-05-05,19
191,11397.0,390004.0,44144.0,270359.0,154.9,764205,0.0,10.0,1.0,4.0,3.0,0.0,1.0,2.0,430539_1007,0,2017-05-06,19
191,11397.0,390004.0,44144.0,270359.0,154.9,550857,0.0,11.0,1.0,5.0,3.0,0.0,1.0,1.0,430548_1007,0,2017-05-05,22
191,11397.0,390004.0,44144.0,270359.0,154.9,461856,0.0,3.0,2.0,3.0,3.0,0.0,2.0,1.0,430548_1007,0,2017-05-09,2
191,11397.0,390004.0,44144.0,270359.0,154.9,117809,45.0,5.0,2.0,5.0,3.0,0.0,4.0,2.0,430548_1007,0,2017-05-09,21
191,11397.0,390004.0,44144.0,270359.0,154.9,682495,0.0,5.0,2.0,5.0,3.0,0.0,2.0,1.0,430548_1007,0,2017-05-08,16
191,11397.0,390004.0,44144.0,270359.0,154.9,1013873,0.0,9.0,1.0,3.0,3.0,0.0,2.0,2.0,430548_1007,0,2017-05-10,16
191,11397.0,390004.0,44144.0,270359.0,154.9,1028387,35.0,4.0,2.0,4.0,3.0,0.0,1.0,3.0,430539_1007,0,2017-05-07,16
191,11397.0,390004.0,44144.0,270359.0,154.9,539046,0.0,9.0,1.0,3.0,3.0,0.0,3.0,1.0,430539_1007,0,2017-05-06,23
191,11397.0,390004.0,44144.0,270359.0,154.9,937963,0.0,11.0,1.0,5.0,2.0,0.0,2.0,1.0,430548_1007,1,2017-05-09,22
191,11397.0,390004.0,44144.0,270359.0,154.9,754203,0.0,4.0,2.0,4.0,3.0,0.0,3.0,1.0,430548_1007,0,2017-05-07,21
194,4374.0,395019.0,16317.0,280464.0,179.0,798723,46.0,5.0,2.0,5.0,3.0,0.0,2.0,3.0,430548_1007,0,2017-05-08,14
199,7651.0,160267.0,1299.0,293023.0,219.0,725207,0.0,4.0,2.0,4.0,3.0,0.0,4.0,1.0,430539_1007,0,2017-05-07,1
199,7651.0,160267.0,1299.0,293023.0,219.0,576910,81.0,10.0,1.0,4.0,3.0,0.0,4.0,2.0,430539_1007,0,2017-05-12,9
199,7651.0,160267.0,1299.0,293023.0,219.0,245601,35.0,4.0,2.0,4.0,3.0,0.0,2.0,3.0,430539_1007,0,2017-05-13,15
205,289.0,132112.0,10506.0,84742.0,150.0,1140031,0.0,5.0,2.0,5.0,3.0,0.0,2.0,1.0,430548_1007,0,2017-05-05,18
208,5343.0,124084.0,3578.0,316477.0,170.0,528649,0.0,4.0,2.0,4.0,3.0,0.0,4.0,2.0,430548_1007,0,2017-05-08,15
208,5343.0,124084.0,3578.0,316477.0,170.0,699009,93.0,11.0,1.0,5.0,3.0,0.0,2.0,2.0,430548_1007,0,2017-05-05,23
208,5343.0,124084.0,3578.0,316477.0,170.0,979180,0.0,11.0,1.0,5.0,2.0,0.0,2.0,2.0,430548_1007,0,2017-05-09,22
212,841.0,131407.0,8796.0,427464.0,155.0,857055,0.0,9.0,1.0,3.0,3.0,0.0,2.0,2.0,430548_1007,0,2017-05-08,11
212,841.0,131407.0,8796.0,427464.0,155.0,167437,0.0,3.0,2.0,3.0,3.0,0.0,4.0,1.0,430539_1007,0,2017-05-08,14
212,841.0,131407.0,8796.0,427464.0,155.0,1063837,0.0,11.0,1.0,5.0,1.0,0.0,2.0,1.0,430548_1007,0,2017-05-11,8
212,841.0,131407.0,8796.0,427464.0,155.0,1090204,0.0,4.0,2.0,4.0,3.0,0.0,4.0,3.0,430548_1007,0,2017-05-13,12
212,841.0,131407.0,8796.0,427464.0,155.0,990134,44.0,5.0,2.0,5.0,3.0,0.0,2.0,2.0,430539_1007,0,2017-05-08,6
212,841.0,131407.0,8796.0,427464.0,155.0,151881,81.0,10.0,1.0,4.0,3.0,0.0,4.0,2.0,430548_1007,0,2017-05-12,14
212,841.0,131407.0,8796.0,427464.0,155.0,151881,81.0,10.0,1.0,4.0,3.0,0.0,4.0,2.0,430548_1007,0,2017-05-13,9
212,841.0,131407.0,8796.0,427464.0,155.0,1134625,0.0,4.0,2.0,4.0,3.0,0.0,2.0,1.0,430548_1007,0,2017-05-09,11
212,841.0,131407.0,8796.0,427464.0,155.0,1007700,6.0,2.0,2.0,2.0,2.0,0.0,3.0,1.0,430548_1007,0,2017-05-10,4
212,841.0,131407.0,8796.0,427464.0,155.0,271955,0.0,3.0,2.0,3.0,3.0,0.0,2.0,1.0,430539_1007,0,2017-05-08,15
212,841.0,131407.0,8796.0,427464.0,155.0,924292,0.0,3.0,2.0,3.0,2.0,0.0,2.0,2.0,430548_1007,0,2017-05-09,14
212,841.0,131407.0,8796.0,427464.0,155.0,513986,16.0,3.0,2.0,3.0,3.0,0.0,2.0,1.0,430548_1007,0,2017-05-09,12
212,841.0,131407.0,8796.0,427464.0,155.0,427758,0.0,4.0,2.0,4.0,3.0,0.0,4.0,2.0,430548_1007,0,2017-05-10,4
212,841.0,131407.0,8796.0,427464.0,155.0,170876,0.0,3.0,2.0,3.0,3.0,0.0,2.0,2.0,430539_1007,0,2017-05-13,13
212,841.0,131407.0,8796.0,427464.0,155.0,969326,0.0,3.0,2.0,3.0,3.0,0.0,4.0,2.0,430548_1007,0,2017-05-08,9
212,841.0,131407.0,8796.0,427464.0,155.0,1066790,15.0,3.0,2.0,3.0,3.0,0.0,1.0,1.0,430539_1007,0,2017-05-11,14
212,841.0,131407.0,8796.0,427464.0,155.0,621431,0.0,3.0,2.0,3.0,3.0,0.0,2.0,2.0,430539_1007,0,2017-05-09,15
212,841.0,131407.0,8796.0,427464.0,155.0,1105149,0.0,10.0,1.0,4.0,3.0,0.0,2.0,1.0,430548_1007,0,2017-05-09,3
212,841.0,131407.0,8796.0,427464.0,155.0,330350,0.0,3.0,2.0,3.0,3.0,0.0,2.0,2.0,430548_1007,0,2017-05-08,9
212,841.0,131407.0,8796.0,427464.0,155.0,1133437,44.0,5.0,2.0,5.0,3.0,0.0,2.0,2.0,430548_1007,0,2017-05-08,13
212,841.0,131407.0,8796.0,427464.0,155.0,940304,0.0,7.0,1.0,1.0,1.0,0.0,2.0,2.0,430548_1007,0,2017-05-09,14
212,841.0,131407.0,8796.0,427464.0,155.0,343066,0.0,5.0,2.0,5.0,2.0,0.0,2.0,2.0,430548_1007,0,2017-05-09,2
212,841.0,131407.0,8796.0,427464.0,155.0,24334,0.0,4.0,2.0,4.0,3.0,0.0,2.0,1.0,430548_1007,0,2017-05-08,11
212,841.0,131407.0,8796.0,427464.0,155.0,316747,31.0,4.0,2.0,4.0,3.0,0.0,3.0,1.0,430548_1007,0,2017-05-08,7
212,841.0,131407.0,8796.0,427464.0,155.0,985047,0.0,9.0,1.0,3.0,3.0,0.0,2.0,2.0,430539_1007,1,2017-05-08,13
212,841.0,131407.0,8796.0,427464.0,155.0,67454,0.0,3.0,2.0,3.0,3.0,0.0,4.0,1.0,430548_1007,0,2017-05-08,6
212,841.0,131407.0,8796.0,427464.0,155.0,117277,0.0,9.0,1.0,3.0,3.0,0.0,3.0,2.0,430548_1007,0,2017-05-12,15
212,841.0,131407.0,8796.0,427464.0,155.0,34773,0.0,4.0,2.0,4.0,3.0,0.0,2.0,1.0,430548_1007,0,2017-05-09,12
212,841.0,131407.0,8796.0,427464.0,155.0,775983,92.0,11.0,1.0,5.0,3.0,0.0,4.0,2.0,430548_1007,0,2017-05-08,9
212,841.0,131407.0,8796.0,427464.0,155.0,632109,31.0,4.0,2.0,4.0,3.0,0.0,4.0,1.0,430548_1007,0,2017-05-08,14
212,841.0,131407.0,8796.0,427464.0,155.0,1091012,34.0,4.0,2.0,4.0,3.0,0.0,4.0,2.0,430548_1007,0,2017-05-08,5
212,841.0,131407.0,8796.0,427464.0,155.0,1005567,0.0,3.0,2.0,3.0,3.0,0.0,3.0,1.0,430539_1007,0,2017-05-10,7
212,841.0,131407.0,8796.0,427464.0,155.0,210675,0.0,3.0,2.0,3.0,3.0,0.0,2.0,2.0,430548_1007,0,2017-05-08,11
212,841.0,131407.0,8796.0,427464.0,155.0,871507,0.0,9.0,1.0,3.0,3.0,0.0,2.0,1.0,430548_1007,0,2017-05-08,14
212,841.0,131407.0,8796.0,427464.0,155.0,20405,11.0,3.0,2.0,3.0,2.0,0.0,2.0,2.0,430548_1007,0,2017-05-10,2
212,841.0,131407.0,8796.0,427464.0,155.0,32977,0.0,3.0,2.0,3.0,2.0,0.0,2.0,1.0,430548_1007,0,2017-05-08,12
212,841.0,131407.0,8796.0,427464.0,155.0,854964,0.0,4.0,2.0,4.0,3.0,0.0,3.0,2.0,430539_1007,0,2017-05-08,9
212,841.0,131407.0,8796.0,427464.0,155.0,932870,0.0,4.0,2.0,4.0,2.0,0.0,2.0,2.0,430548_1007,0,2017-05-10,14
212,841.0,131407.0,8796.0,427464.0,155.0,24204,0.0,4.0,2.0,4.0,2.0,0.0,3.0,1.0,430548_1007,0,2017-05-09,5
212,841.0,131407.0,8796.0,427464.0,155.0,1065699,0.0,3.0,2.0,3.0,3.0,0.0,4.0,1.0,430539_1007,0,2017-05-08,10
212,841.0,131407.0,8796.0,427464.0,155.0,475188,20.0,3.0,2.0,3.0,3.0,0.0,4.0,2.0,430539_1007,0,2017-05-13,11
212,841.0,131407.0,8796.0,427464.0,155.0,597297,17.0,3.0,2.0,3.0,3.0,0.0,4.0,1.0,430548_1007,0,2017-05-09,9
212,841.0,131407.0,8796.0,427464.0,155.0,764363,0.0,4.0,2.0,4.0,3.0,0.0,3.0,1.0,430539_1007,0,2017-05-13,1
212,841.0,131407.0,8796.0,427464.0,155.0,322994,0.0,3.0,2.0,3.0,2.0,0.0,2.0,1.0,430548_1007,0,2017-05-12,12
212,841.0,131407.0,8796.0,427464.0,155.0,27404,0.0,4.0,2.0,4.0,3.0,0.0,2.0,2.0,430539_1007,0,2017-05-08,10
212,841.0,131407.0,8796.0,427464.0,155.0,102227,49.0,6.0,2.0,6.0,3.0,0.0,2.0,2.0,430548_1007,0,2017-05-08,13
212,841.0,131407.0,8796.0,427464.0,155.0,766383,49.0,6.0,2.0,6.0,3.0,0.0,1.0,1.0,430539_1007,0,2017-05-08,12
212,841.0,131407.0,8796.0,427464.0,155.0,761547,0.0,10.0,1.0,4.0,3.0,0.0,3.0,1.0,430548_1007,0,2017-05-08,10
212,841.0,131407.0,8796.0,427464.0,155.0,90710,33.0,4.0,2.0,4.0,3.0,0.0,2.0,2.0,430539_1007,0,2017-05-09,3
212,841.0,131407.0,8796.0,427464.0,155.0,611783,0.0,4.0,2.0,4.0,3.0,0.0,4.0,1.0,430539_1007,0,2017-05-10,0
212,841.0,131407.0,8796.0,427464.0,155.0,911188,0.0,4.0,2.0,4.0,3.0,0.0,2.0,2.0,430548_1007,0,2017-05-11,14
212,841.0,131407.0,8796.0,427464.0,155.0,1092996,0.0,4.0,2.0,4.0,2.0,0.0,2.0,2.0,430548_1007,0,2017-05-09,6
212,841.0,131407.0,8796.0,427464.0,155.0,300645,34.0,4.0,2.0,4.0,3.0,0.0,4.0,2.0,430548_1007,0,2017-05-08,11
212,841.0,131407.0,8796.0,427464.0,155.0,1083564,0.0,3.0,2.0,3.0,3.0,0.0,3.0,2.0,430539_1007,0,2017-05-08,13
212,841.0,131407.0,8796.0,427464.0,155.0,1023734,0.0,10.0,1.0,4.0,3.0,0.0,2.0,1.0,430539_1007,0,2017-05-08,23
212,841.0,131407.0,8796.0,427464.0,155.0,574463,0.0,2.0,2.0,2.0,3.0,1.0,3.0,2.0,430548_1007,0,2017-05-08,7
212,841.0,131407.0,8796.0,427464.0,155.0,322994,0.0,3.0,2.0,3.0,2.0,0.0,2.0,1.0,430548_1007,0,2017-05-08,7
212,841.0,131407.0,8796.0,427464.0,155.0,50877,0.0,4.0,2.0,4.0,3.0,0.0,4.0,1.0,430548_1007,0,2017-05-13,13
212,841.0,131407.0,8796.0,427464.0,155.0,230954,44.0,5.0,2.0,5.0,3.0,0.0,2.0,2.0,430548_1007,0,2017-05-13,14
212,841.0,131407.0,8796.0,427464.0,155.0,819396,0.0,11.0,1.0,5.0,3.0,0.0,2.0,1.0,430539_1007,0,2017-05-08,15
212,841.0,131407.0,8796.0,427464.0,155.0,151881,81.0,10.0,1.0,4.0,3.0,0.0,4.0,2.0,430548_1007,0,2017-05-09,6
212,841.0,131407.0,8796.0,427464.0,155.0,459497,0.0,4.0,2.0,4.0,3.0,0.0,2.0,2.0,430548_1007,0,2017-05-08,9
212,841.0,131407.0,8796.0,427464.0,155.0,26695,17.0,3.0,2.0,3.0,3.0,0.0,4.0,1.0,430548_1007,0,2017-05-08,13
212,841.0,131407.0,8796.0,427464.0,155.0,891889,0.0,3.0,2.0,3.0,2.0,0.0,2.0,2.0,430548_1007,0,2017-05-08,12
212,841.0,131407.0,8796.0,427464.0,155.0,485006,0.0,3.0,2.0,3.0,3.0,0.0,2.0,2.0,430548_1007,0,2017-05-08,8
212,841.0,131407.0,8796.0,427464.0,155.0,739984,34.0,4.0,2.0,4.0,3.0,0.0,4.0,2.0,430548_1007,0,2017-05-08,6
212,841.0,131407.0,8796.0,427464.0,155.0,347809,30.0,4.0,2.0,4.0,3.0,0.0,2.0,1.0,430548_1007,0,2017-05-10,6
212,841.0,131407.0,8796.0,427464.0,155.0,303544,0.0,3.0,2.0,3.0,3.0,0.0,2.0,1.0,430548_1007,0,2017-05-08,9
212,841.0,131407.0,8796.0,427464.0,155.0,1004275,0.0,2.0,2.0,2.0,2.0,0.0,2.0,2.0,430548_1007,0,2017-05-12,5
212,841.0,131407.0,8796.0,427464.0,155.0,655953,0.0,9.0,1.0,3.0,3.0,0.0,2.0,2.0,430548_1007,0,2017-05-09,0
212,841.0,131407.0,8796.0,427464.0,155.0,806485,6.0,2.0,2.0,2.0,2.0,0.0,4.0,2.0,430548_1007,0,2017-05-08,8
212,841.0,131407.0,8796.0,427464.0,155.0,355595,0.0,3.0,2.0,3.0,3.0,0.0,2.0,2.0,430548_1007,0,2017-05-13,6
212,841.0,131407.0,8796.0,427464.0,155.0,633261,20.0,3.0,2.0,3.0,3.0,0.0,4.0,2.0,430548_1007,0,2017-05-09,14
212,841.0,131407.0,8796.0,427464.0,155.0,889095,16.0,3.0,2.0,3.0,3.0,0.0,2.0,1.0,430548_1007,0,2017-05-08,14
212,841.0,131407.0,8796.0,427464.0,155.0,119102,96.0,12.0,1.0,6.0,3.0,0.0,2.0,1.0,430548_1007,0,2017-05-09,14
212,841.0,131407.0,8796.0,427464.0,155.0,398641,0.0,4.0,2.0,4.0,3.0,0.0,2.0,2.0,430548_1007,0,2017-05-08,11
212,841.0,131407.0,8796.0,427464.0,155.0,882722,6.0,2.0,2.0,2.0,2.0,0.0,2.0,1.0,430539_1007,0,2017-05-08,7
212,841.0,131407.0,8796.0,427464.0,155.0,421750,42.0,5.0,2.0,5.0,3.0,0.0,3.0,1.0,430548_1007,0,2017-05-08,12
212,841.0,131407.0,8796.0,427464.0,155.0,898386,0.0,4.0,2.0,4.0,3.0,0.0,4.0,2.0,430548_1007,0,2017-05-12,21
212,841.0,131407.0,8796.0,427464.0,155.0,363682,0.0,9.0,1.0,3.0,2.0,0.0,2.0,2.0,430548_1007,0,2017-05-08,12
212,841.0,131407.0,8796.0,427464.0,155.0,898386,0.0,4.0,2.0,4.0,3.0,0.0,4.0,2.0,430548_1007,0,2017-05-11,19
212,841.0,131407.0,8796.0,427464.0,155.0,447855,66.0,9.0,1.0,3.0,3.0,0.0,2.0,2.0,430548_1007,0,2017-05-08,6
212,841.0,131407.0,8796.0,427464.0,155.0,1089015,0.0,3.0,2.0,3.0,2.0,0.0,3.0,2.0,430548_1007,0,2017-05-08,13
212,841.0,131407.0,8796.0,427464.0,155.0,898386,0.0,4.0,2.0,4.0,3.0,0.0,4.0,2.0,430548_1007,1,2017-05-08,11
212,841.0,131407.0,8796.0,427464.0,155.0,899677,19.0,3.0,2.0,3.0,3.0,0.0,2.0,2.0,430548_1007,0,2017-05-08,12
212,841.0,131407.0,8796.0,427464.0,155.0,1108988,0.0,2.0,2.0,2.0,2.0,0.0,2.0,2.0,430548_1007,0,2017-05-08,7
212,841.0,131407.0,8796.0,427464.0,155.0,148924,0.0,3.0,2.0,3.0,3.0,0.0,2.0,1.0,430548_1007,1,2017-05-08,15
212,841.0,131407.0,8796.0,427464.0,155.0,823374,0.0,2.0,2.0,2.0,3.0,0.0,4.0,1.0,430548_1007,0,2017-05-08,9
212,841.0,131407.0,8796.0,427464.0,155.0,868582,0.0,11.0,1.0,5.0,3.0,0.0,2.0,1.0,430548_1007,0,2017-05-09,12
212,841.0,131407.0,8796.0,427464.0,155.0,225633,0.0,9.0,1.0,3.0,3.0,0.0,2.0,2.0,430548_1007,0,2017-05-09,5
212,841.0,131407.0,8796.0,427464.0,155.0,698062,0.0,3.0,2.0,3.0,2.0,0.0,2.0,2.0,430548_1007,0,2017-05-08,14
212,841.0,131407.0,8796.0,427464.0,155.0,368579,67.0,9.0,1.0,3.0,3.0,0.0,4.0,2.0,430548_1007,0,2017-05-09,5
212,841.0,131407.0,8796.0,427464.0,155.0,706995,0.0,4.0,2.0,4.0,3.0,0.0,2.0,1.0,430548_1007,0,2017-05-09,1
212,841.0,131407.0,8796.0,427464.0,155.0,372696,0.0,10.0,1.0,4.0,3.0,0.0,2.0,1.0,430548_1007,0,2017-05-09,13
212,841.0,131407.0,8796.0,427464.0,155.0,49693,0.0,3.0,2.0,3.0,3.0,0.0,2.0,2.0,430548_1007,0,2017-05-08,5
212,841.0,131407.0,8796.0,427464.0,155.0,824486,0.0,8.0,1.0,2.0,1.0,0.0,2.0,1.0,430548_1007,0,2017-05-08,7
212,841.0,131407.0,8796.0,427464.0,155.0,599566,19.0,3.0,2.0,3.0,3.0,0.0,2.0,2.0,430539_1007,0,2017-05-11,6
212,841.0,131407.0,8796.0,427464.0,155.0,250511,30.0,4.0,2.0,4.0,3.0,0.0,2.0,1.0,430548_1007,0,2017-05-08,13
212,841.0,131407.0,8796.0,427464.0,155.0,995275,0.0,8.0,1.0,2.0,3.0,0.0,4.0,1.0,430548_1007,0,2017-05-08,8
212,841.0,131407.0,8796.0,427464.0,155.0,1043025,0.0,10.0,1.0,4.0,3.0,0.0,2.0,1.0,430548_1007,0,2017-05-10,5
212,841.0,131407.0,8796.0,427464.0,155.0,816287,57.0,8.0,1.0,2.0,3.0,0.0,4.0,1.0,430548_1007,0,2017-05-11,7
212,841.0,131407.0,8796.0,427464.0,155.0,412523,20.0,3.0,2.0,3.0,3.0,0.0,4.0,2.0,430539_1007,0,2017-05-08,13
212,841.0,131407.0,8796.0,427464.0,155.0,713575,0.0,3.0,2.0,3.0,3.0,0.0,3.0,2.0,430539_1007,0,2017-05-12,1
212,841.0,131407.0,8796.0,427464.0,155.0,262992,0.0,5.0,2.0,5.0,2.0,0.0,2.0,2.0,430548_1007,0,2017-05-10,4
212,841.0,131407.0,8796.0,427464.0,155.0,442596,0.0,2.0,2.0,2.0,3.0,0.0,2.0,1.0,430548_1007,0,2017-05-11,4
212,841.0,131407.0,8796.0,427464.0,155.0,821889,0.0,9.0,1.0,3.0,2.0,0.0,2.0,2.0,430548_1007,0,2017-05-09,14
212,841.0,131407.0,8796.0,427464.0,155.0,1015760,64.0,9.0,1.0,3.0,3.0,0.0,2.0,1.0,430548_1007,0,2017-05-08,13
212,841.0,131407.0,8796.0,427464.0,155.0,301797,0.0,4.0,2.0,4.0,3.0,0.0,2.0,3.0,430548_1007,0,2017-05-08,12
212,841.0,131407.0,8796.0,427464.0,155.0,865512,19.0,3.0,2.0,3.0,3.0,0.0,2.0,2.0,430548_1007,0,2017-05-08,15
212,841.0,131407.0,8796.0,427464.0,155.0,457525,0.0,2.0,2.0,2.0,3.0,0.0,2.0,2.0,430548_1007,0,2017-05-09,9
212,841.0,131407.0,8796.0,427464.0,155.0,926451,0.0,4.0,2.0,4.0,2.0,0.0,2.0,1.0,430548_1007,0,2017-05-09,8
212,841.0,131407.0,8796.0,427464.0,155.0,422449,0.0,5.0,2.0,5.0,3.0,0.0,2.0,1.0,430539_1007,0,2017-05-13,13
212,841.0,131407.0,8796.0,427464.0,155.0,167391,0.0,2.0,2.0,2.0,3.0,0.0,2.0,1.0,430548_1007,0,2017-05-09,0
212,841.0,131407.0,8796.0,427464.0,155.0,322945,0.0,4.0,2.0,4.0,3.0,0.0,4.0,2.0,430548_1007,0,2017-05-08,7
212,841.0,131407.0,8796.0,427464.0,155.0,622173,33.0,4.0,2.0,4.0,3.0,0.0,2.0,2.0,430539_1007,0,2017-05-12,4
212,841.0,131407.0,8796.0,427464.0,155.0,1097532,81.0,10.0,1.0,4.0,3.0,0.0,4.0,2.0,430548_1007,0,2017-05-08,13
212,841.0,131407.0,8796.0,427464.0,155.0,620690,0.0,5.0,2.0,5.0,3.0,0.0,2.0,1.0,430548_1007,0,2017-05-09,0
212,841.0,131407.0,8796.0,427464.0,155.0,886213,17.0,3.0,2.0,3.0,3.0,0.0,4.0,1.0,430548_1007,0,2017-05-09,7
212,841.0,131407.0,8796.0,427464.0,155.0,772012,0.0,3.0,2.0,3.0,3.0,0.0,2.0,2.0,430548_1007,0,2017-05-10,14
212,841.0,131407.0,8796.0,427464.0,155.0,684236,0.0,3.0,2.0,3.0,3.0,0.0,2.0,1.0,430548_1007,0,2017-05-09,14
212,841.0,131407.0,8796.0,427464.0,155.0,772012,0.0,3.0,2.0,3.0,3.0,0.0,2.0,2.0,430539_1007,0,2017-05-09,2
212,841.0,131407.0,8796.0,427464.0,155.0,326139,0.0,4.0,2.0,4.0,3.0,0.0,2.0,2.0,430548_1007,0,2017-05-08,14
212,841.0,131407.0,8796.0,427464.0,155.0,90172,0.0,3.0,2.0,3.0,2.0,0.0,3.0,1.0,430548_1007,0,2017-05-09,13
212,841.0,131407.0,8796.0,427464.0,155.0,138026,0.0,4.0,2.0,4.0,3.0,0.0,3.0,2.0,430548_1007,0,2017-05-10,15
212,841.0,131407.0,8796.0,427464.0,155.0,687988,0.0,9.0,1.0,3.0,3.0,0.0,2.0,2.0,430539_1007,0,2017-05-11,8
212,841.0,131407.0,8796.0,427464.0,155.0,111161,0.0,4.0,2.0,4.0,3.0,0.0,4.0,1.0,430548_1007,0,2017-05-08,13
212,841.0,131407.0,8796.0,427464.0,155.0,3625,0.0,4.0,2.0,4.0,3.0,0.0,4.0,3.0,430548_1007,0,2017-05-08,14
212,841.0,131407.0,8796.0,427464.0,155.0,1050128,0.0,9.0,1.0,3.0,3.0,0.0,3.0,1.0,430548_1007,0,2017-05-08,14
212,841.0,131407.0,8796.0,427464.0,155.0,516157,0.0,1.0,2.0,1.0,3.0,0.0,4.0,2.0,430548_1007,0,2017-05-08,15
212,841.0,131407.0,8796.0,427464.0,155.0,984129,67.0,9.0,1.0,3.0,3.0,0.0,4.0,2.0,430548_1007,0,2017-05-08,13
212,841.0,131407.0,8796.0,427464.0,155.0,58965,56.0,8.0,1.0,2.0,3.0,0.0,1.0,2.0,430548_1007,0,2017-05-09,9
212,841.0,131407.0,8796.0,427464.0,155.0,510038,81.0,10.0,1.0,4.0,3.0,0.0,4.0,2.0,430548_1007,0,2017-05-08,23
212,841.0,131407.0,8796.0,427464.0,155.0,1093667,0.0,3.0,2.0,3.0,3.0,0.0,2.0,2.0,430548_1007,0,2017-05-09,1
212,841.0,131407.0,8796.0,427464.0,155.0,342406,64.0,9.0,1.0,3.0,3.0,0.0,2.0,1.0,430548_1007,0,2017-05-08,13
212,841.0,131407.0,8796.0,427464.0,155.0,845650,0.0,4.0,2.0,4.0,3.0,0.0,4.0,3.0,430548_1007,0,2017-05-09,3
212,841.0,131407.0,8796.0,427464.0,155.0,1054833,67.0,9.0,1.0,3.0,3.0,0.0,4.0,2.0,430539_1007,0,2017-05-08,7
212,841.0,131407.0,8796.0,427464.0,155.0,513153,8.0,2.0,2.0,2.0,3.0,0.0,4.0,1.0,430548_1007,0,2017-05-08,7
212,841.0,131407.0,8796.0,427464.0,155.0,15205,0.0,11.0,1.0,5.0,3.0,0.0,2.0,2.0,430548_1007,0,2017-05-13,1
212,841.0,131407.0,8796.0,427464.0,155.0,174716,32.0,4.0,2.0,4.0,3.0,0.0,1.0,2.0,430539_1007,0,2017-05-09,8
212,841.0,131407.0,8796.0,427464.0,155.0,275818,19.0,3.0,2.0,3.0,3.0,0.0,2.0,2.0,430548_1007,0,2017-05-12,14
212,841.0,131407.0,8796.0,427464.0,155.0,661700,0.0,4.0,2.0,4.0,3.0,0.0,3.0,1.0,430539_1007,0,2017-05-09,8
212,841.0,131407.0,8796.0,427464.0,155.0,656103,0.0,3.0,2.0,3.0,1.0,0.0,2.0,2.0,430548_1007,0,2017-05-10,7
212,841.0,131407.0,8796.0,427464.0,155.0,404863,31.0,4.0,2.0,4.0,3.0,0.0,4.0,1.0,430548_1007,0,2017-05-08,10
212,841.0,131407.0,8796.0,427464.0,155.0,274546,92.0,11.0,1.0,5.0,3.0,0.0,4.0,2.0,430548_1007,0,2017-05-08,12
212,841.0,131407.0,8796.0,427464.0,155.0,1002327,34.0,4.0,2.0,4.0,3.0,0.0,4.0,2.0,430548_1007,0,2017-05-09,4
212,841.0,131407.0,8796.0,427464.0,155.0,935336,0.0,9.0,1.0,3.0,2.0,0.0,2.0,2.0,430548_1007,0,2017-05-08,6
212,841.0,131407.0,8796.0,427464.0,155.0,663805,0.0,10.0,1.0,4.0,3.0,0.0,4.0,2.0,430539_1007,0,2017-05-09,16
212,841.0,131407.0,8796.0,427464.0,155.0,29585,19.0,3.0,2.0,3.0,3.0,0.0,2.0,2.0,430539_1007,0,2017-05-09,5
212,841.0,131407.0,8796.0,427464.0,155.0,84943,0.0,3.0,2.0,3.0,2.0,0.0,2.0,2.0,430548_1007,0,2017-05-08,22
212,841.0,131407.0,8796.0,427464.0,155.0,685808,0.0,2.0,2.0,2.0,3.0,0.0,2.0,1.0,430539_1007,0,2017-05-11,4
212,841.0,131407.0,8796.0,427464.0,155.0,1121764,0.0,4.0,2.0,4.0,2.0,0.0,2.0,2.0,430548_1007,0,2017-05-08,12
212,841.0,131407.0,8796.0,427464.0,155.0,914125,15.0,3.0,2.0,3.0,3.0,0.0,1.0,1.0,430548_1007,0,2017-05-09,4
212,841.0,131407.0,8796.0,427464.0,155.0,917889,0.0,3.0,2.0,3.0,3.0,0.0,3.0,1.0,430548_1007,1,2017-05-08,12
212,841.0,131407.0,8796.0,427464.0,155.0,377010,17.0,3.0,2.0,3.0,3.0,0.0,4.0,1.0,430548_1007,0,2017-05-08,14
212,841.0,131407.0,8796.0,427464.0,155.0,881952,0.0,5.0,2.0,5.0,3.0,0.0,2.0,1.0,430548_1007,0,2017-05-09,13
212,841.0,131407.0,8796.0,427464.0,155.0,233636,0.0,3.0,2.0,3.0,3.0,0.0,4.0,2.0,430548_1007,1,2017-05-08,12
212,841.0,131407.0,8796.0,427464.0,155.0,407800,0.0,4.0,2.0,4.0,2.0,0.0,2.0,2.0,430548_1007,0,2017-05-08,13
212,841.0,131407.0,8796.0,427464.0,155.0,897810,65.0,9.0,1.0,3.0,3.0,0.0,4.0,1.0,430539_1007,0,2017-05-08,11
212,841.0,131407.0,8796.0,427464.0,155.0,595453,7.0,2.0,2.0,2.0,3.0,0.0,2.0,1.0,430539_1007,0,2017-05-13,13
212,841.0,131407.0,8796.0,427464.0,155.0,456032,0.0,9.0,1.0,3.0,3.0,0.0,2.0,2.0,430548_1007,0,2017-05-09,13
212,841.0,131407.0,8796.0,427464.0,155.0,809285,0.0,4.0,2.0,4.0,1.0,0.0,2.0,1.0,430548_1007,0,2017-05-09,13
212,841.0,131407.0,8796.0,427464.0,155.0,333127,0.0,2.0,2.0,2.0,3.0,0.0,3.0,2.0,430548_1007,0,2017-05-10,0
212,841.0,131407.0,8796.0,427464.0,155.0,989873,0.0,8.0,1.0,2.0,3.0,0.0,2.0,1.0,430548_1007,0,2017-05-09,4
212,841.0,131407.0,8796.0,427464.0,155.0,687861,81.0,10.0,1.0,4.0,3.0,0.0,3.0,2.0,430548_1007,0,2017-05-08,8
223,10912.0,399768.0,54421.0,223551.0,225.0,358606,0.0,4.0,2.0,4.0,3.0,0.0,1.0,1.0,430548_1007,0,2017-05-06,4
227,11488.0,137014.0,16426.0,455113.0,139.0,909401,0.0,5.0,2.0,5.0,1.0,0.0,2.0,1.0,430539_1007,0,2017-05-13,15
227,11488.0,137014.0,16426.0,455113.0,139.0,498676,57.0,8.0,1.0,2.0,3.0,0.0,3.0,1.0,430548_1007,0,2017-05-11,14
227,11488.0,137014.0,16426.0,455113.0,139.0,498676,57.0,8.0,1.0,2.0,3.0,0.0,3.0,1.0,430548_1007,0,2017-05-07,23
229,7289.0,137612.0,19796.0,56957.0,1360.0,1120378,0.0,11.0,1.0,5.0,3.0,0.0,2.0,2.0,430548_1007,0,2017-05-10,0
229,7289.0,137612.0,19796.0,56957.0,1360.0,154090,0.0,10.0,1.0,4.0,3.0,0.0,2.0,2.0,430548_1007,0,2017-05-12,5
229,7289.0,137612.0,19796.0,56957.0,1360.0,49163,0.0,8.0,1.0,2.0,3.0,0.0,2.0,2.0,430539_1007,0,2017-05-08,0
229,7289.0,137612.0,19796.0,56957.0,1360.0,694697,92.0,11.0,1.0,5.0,3.0,0.0,4.0,2.0,430548_1007,0,2017-05-06,2
229,7289.0,137612.0,19796.0,56957.0,1360.0,886787,0.0,9.0,1.0,3.0,2.0,0.0,2.0,3.0,430548_1007,0,2017-05-09,4
229,7289.0,137612.0,19796.0,56957.0,1360.0,1088727,0.0,4.0,2.0,4.0,3.0,0.0,2.0,2.0,430548_1007,0,2017-05-11,10
229,7289.0,137612.0,19796.0,56957.0,1360.0,550243,0.0,10.0,1.0,4.0,3.0,0.0,2.0,2.0,430548_1007,0,2017-05-05,23
229,7289.0,137612.0,19796.0,56957.0,1360.0,550243,0.0,10.0,1.0,4.0,3.0,0.0,2.0,2.0,430548_1007,0,2017-05-13,7
229,7289.0,137612.0,19796.0,56957.0,1360.0,748525,0.0,9.0,1.0,3.0,2.0,0.0,2.0,2.0,430548_1007,0,2017-05-06,3
229,7289.0,137612.0,19796.0,56957.0,1360.0,822380,0.0,10.0,1.0,4.0,2.0,0.0,4.0,2.0,430548_1007,0,2017-05-07,1
229,7289.0,137612.0,19796.0,56957.0,1360.0,305842,0.0,10.0,1.0,4.0,2.0,0.0,3.0,2.0,430548_1007,0,2017-05-10,1
230,9299.0,252973.0,34492.0,429509.0,1100.0,150843,20.0,3.0,2.0,3.0,3.0,0.0,3.0,2.0,430539_1007,0,2017-05-06,7
232,9299.0,252973.0,34492.0,429509.0,1100.0,653060,0.0,10.0,1.0,4.0,3.0,0.0,3.0,2.0,430548_1007,0,2017-05-07,13
232,9299.0,252973.0,34492.0,429509.0,1100.0,251482,88.0,11.0,1.0,5.0,3.0,0.0,2.0,1.0,430548_1007,0,2017-05-10,8
232,9299.0,252973.0,34492.0,429509.0,1100.0,641052,0.0,10.0,1.0,4.0,2.0,0.0,2.0,1.0,430548_1007,0,2017-05-12,8
232,9299.0,252973.0,34492.0,429509.0,1100.0,32682,0.0,10.0,1.0,4.0,3.0,0.0,4.0,1.0,430548_1007,0,2017-05-10,7
232,9299.0,252973.0,34492.0,429509.0,1100.0,19708,44.0,5.0,2.0,5.0,3.0,0.0,2.0,2.0,430548_1007,0,2017-05-11,9
232,9299.0,252973.0,34492.0,429509.0,1100.0,161386,0.0,10.0,1.0,4.0,3.0,0.0,2.0,2.0,430539_1007,0,2017-05-11,14
232,9299.0,252973.0,34492.0,429509.0,1100.0,115639,0.0,4.0,2.0,4.0,3.0,0.0,2.0,2.0,430539_1007,1,2017-05-08,12
242,4657.0,218364.0,27845.0,171811.0,340.0,8636,0.0,11.0,1.0,5.0,3.0,0.0,2.0,1.0,430548_1007,0,2017-05-12,4
242,4657.0,218364.0,27845.0,171811.0,340.0,88546,0.0,11.0,1.0,5.0,3.0,0.0,2.0,2.0,430548_1007,0,2017-05-12,12
242,4657.0,218364.0,27845.0,171811.0,340.0,495078,64.0,9.0,1.0,3.0,3.0,0.0,2.0,1.0,430548_1007,0,2017-05-12,23
242,4657.0,218364.0,27845.0,171811.0,340.0,681415,0.0,11.0,1.0,5.0,2.0,0.0,2.0,2.0,430548_1007,0,2017-05-11,16
247,1124.0,384428.0,38090.0,10915.0,198.0,28912,33.0,4.0,2.0,4.0,3.0,0.0,2.0,2.0,430548_1007,0,2017-05-07,2
247,1124.0,384428.0,38090.0,10915.0,198.0,631585,0.0,9.0,1.0,3.0,3.0,0.0,2.0,2.0,430548_1007,0,2017-05-12,15
247,1124.0,384428.0,38090.0,10915.0,198.0,829705,68.0,9.0,1.0,3.0,3.0,0.0,2.0,3.0,430539_1007,0,2017-05-10,17
248,5392.0,191884.0,28188.0,166190.0,12.0,1063520,67.0,9.0,1.0,3.0,3.0,0.0,3.0,2.0,430539_1007,0,2017-05-12,3
248,5392.0,191884.0,28188.0,166190.0,12.0,126484,0.0,9.0,1.0,3.0,3.0,0.0,3.0,1.0,430548_1007,0,2017-05-12,3
250,4395.0,399592.0,54253.0,312136.0,125.0,696122,0.0,9.0,1.0,3.0,3.0,0.0,4.0,2.0,430548_1007,0,2017-05-08,14
253,6204.0,139810.0,21675.0,419891.0,26.8,826833,0.0,10.0,1.0,4.0,1.0,0.0,2.0,1.0,430539_1007,0,2017-05-10,3
257,624.0,169236.0,25698.0,222663.0,10.0,972943,0.0,3.0,2.0,3.0,3.0,0.0,2.0,2.0,430539_1007,0,2017-05-13,1
257,624.0,169236.0,25698.0,222663.0,10.0,194645,0.0,9.0,1.0,3.0,3.0,0.0,2.0,1.0,430548_1007,0,2017-05-09,2
258,624.0,169236.0,25698.0,228828.0,7.0,909015,35.0,4.0,2.0,4.0,3.0,0.0,1.0,2.0,430548_1007,0,2017-05-10,1
258,624.0,169236.0,25698.0,228828.0,7.0,972943,0.0,3.0,2.0,3.0,3.0,0.0,2.0,2.0,430539_1007,0,2017-05-13,1
258,624.0,169236.0,25698.0,228828.0,7.0,774924,35.0,4.0,2.0,4.0,3.0,0.0,1.0,3.0,430539_1007,0,2017-05-12,2
258,624.0,169236.0,25698.0,228828.0,7.0,76304,41.0,5.0,2.0,5.0,3.0,0.0,2.0,1.0,430539_1007,0,2017-05-08,2
258,624.0,169236.0,25698.0,228828.0,7.0,194645,0.0,9.0,1.0,3.0,3.0,0.0,2.0,1.0,430548_1007,0,2017-05-08,2
258,624.0,169236.0,25698.0,228828.0,7.0,928617,0.0,5.0,2.0,5.0,2.0,0.0,2.0,2.0,430548_1007,0,2017-05-09,2
258,624.0,169236.0,25698.0,228828.0,7.0,309422,0.0,5.0,2.0,5.0,3.0,0.0,2.0,1.0,430548_1007,0,2017-05-11,1
258,624.0,169236.0,25698.0,228828.0,7.0,423686,0.0,11.0,1.0,5.0,3.0,0.0,2.0,1.0,430548_1007,0,2017-05-13,1
259,624.0,169236.0,25698.0,405501.0,28.0,928617,0.0,5.0,2.0,5.0,2.0,0.0,2.0,2.0,430548_1007,0,2017-05-09,2
259,624.0,169236.0,25698.0,405501.0,28.0,194645,0.0,9.0,1.0,3.0,3.0,0.0,2.0,1.0,430548_1007,0,2017-05-08,2
260,10924.0,400314.0,54880.0,418619.0,20.0,791958,0.0,4.0,2.0,4.0,3.0,0.0,2.0,1.0,430548_1007,1,2017-05-09,12
274,7353.0,130803.0,7311.0,220412.0,75.0,950076,0.0,11.0,1.0,5.0,1.0,0.0,2.0,2.0,430539_1007,0,2017-05-10,3
274,7353.0,130803.0,7311.0,220412.0,75.0,313988,0.0,8.0,1.0,2.0,3.0,0.0,2.0,1.0,430548_1007,0,2017-05-11,4
274,7353.0,130803.0,7311.0,220412.0,75.0,94106,0.0,1.0,2.0,1.0,3.0,0.0,2.0,1.0,430548_1007,0,2017-05-10,5
287,7847.0,218364.0,27845.0,154476.0,95.0,159484,0.0,11.0,1.0,5.0,3.0,0.0,4.0,1.0,430548_1007,0,2017-05-11,10
288,6595.0,386910.0,40755.0,249243.0,3.19,226152,0.0,3.0,2.0,3.0,3.0,0.0,2.0,1.0,430539_1007,0,2017-05-12,5
291,4697.0,139655.0,21531.0,188191.0,25.0,835818,77.0,10.0,1.0,4.0,3.0,0.0,1.0,1.0,430539_1007,0,2017-05-09,6
299,910.0,173338.0,13257.0,211488.0,28.0,195672,0.0,2.0,2.0,2.0,3.0,0.0,2.0,1.0,430539_1007,0,2017-05-06,7
299,910.0,173338.0,13257.0,211488.0,28.0,513247,0.0,4.0,2.0,4.0,3.0,0.0,2.0,2.0,430548_1007,0,2017-05-07,2
303,8068.0,247505.0,2299.0,405193.0,85.0,143700,0.0,8.0,1.0,2.0,3.0,0.0,2.0,1.0,430548_1007,0,2017-05-07,10
306,6987.0,387953.0,40532.0,450575.0,12.0,1006759,0.0,5.0,2.0,5.0,3.0,0.0,2.0,2.0,430548_1007,0,2017-05-09,14
306,6987.0,387953.0,40532.0,450575.0,12.0,693885,0.0,12.0,1.0,6.0,1.0,0.0,2.0,1.0,430548_1007,0,2017-05-13,11
306,6987.0,387953.0,40532.0,450575.0,12.0,270971,0.0,4.0,2.0,4.0,3.0,0.0,3.0,3.0,430548_1007,0,2017-05-10,6
306,6987.0,387953.0,40532.0,450575.0,12.0,201679,0.0,10.0,1.0,4.0,3.0,0.0,4.0,2.0,430548_1007,0,2017-05-13,8
306,6987.0,387953.0,40532.0,450575.0,12.0,11102,6.0,2.0,2.0,2.0,2.0,0.0,4.0,2.0,430548_1007,0,2017-05-06,10
306,6987.0,387953.0,40532.0,450575.0,12.0,964251,0.0,10.0,1.0,4.0,2.0,0.0,2.0,1.0,430548_1007,0,2017-05-11,11
306,6987.0,387953.0,40532.0,450575.0,12.0,873321,78.0,10.0,1.0,4.0,3.0,0.0,4.0,1.0,430548_1007,0,2017-05-09,15
306,6987.0,387953.0,40532.0,450575.0,12.0,926647,0.0,11.0,1.0,5.0,1.0,0.0,2.0,2.0,430548_1007,0,2017-05-09,13
306,6987.0,387953.0,40532.0,450575.0,12.0,300410,0.0,5.0,2.0,5.0,3.0,0.0,4.0,2.0,430548_1007,1,2017-05-08,13
308,9784.0,390579.0,41572.0,222110.0,236.0,944775,0.0,10.0,1.0,4.0,2.0,0.0,2.0,2.0,430548_1007,0,2017-05-11,14
308,9784.0,390579.0,41572.0,222110.0,236.0,763784,35.0,4.0,2.0,4.0,3.0,0.0,2.0,3.0,430548_1007,0,2017-05-12,0
308,9784.0,390579.0,41572.0,222110.0,236.0,48393,2.0,1.0,2.0,1.0,3.0,0.0,1.0,1.0,430539_1007,0,2017-05-11,21
308,9784.0,390579.0,41572.0,222110.0,236.0,859416,0.0,4.0,2.0,4.0,3.0,0.0,2.0,2.0,430539_1007,0,2017-05-12,7
308,9784.0,390579.0,41572.0,222110.0,236.0,298139,0.0,10.0,1.0,4.0,3.0,0.0,3.0,2.0,430539_1007,0,2017-05-11,0
308,9784.0,390579.0,41572.0,222110.0,236.0,298139,0.0,10.0,1.0,4.0,3.0,0.0,3.0,2.0,430539_1007,0,2017-05-08,11
308,9784.0,390579.0,41572.0,222110.0,236.0,730620,0.0,4.0,2.0,4.0,3.0,0.0,2.0,1.0,430539_1007,0,2017-05-08,16
312,6286.0,131863.0,9931.0,197354.0,78.0,1066307,0.0,10.0,1.0,4.0,3.0,0.0,2.0,2.0,430539_1007,0,2017-05-11,5
313,7764.0,399985.0,42896.0,353787.0,999.0,546616,0.0,3.0,2.0,3.0,3.0,0.0,2.0,1.0,430548_1007,0,2017-05-06,15
313,7764.0,399985.0,42896.0,353787.0,999.0,615636,88.0,11.0,1.0,5.0,3.0,0.0,2.0,1.0,430548_1007,0,2017-05-09,11
313,7764.0,399985.0,42896.0,353787.0,999.0,568394,0.0,11.0,1.0,5.0,3.0,0.0,2.0,2.0,430548_1007,0,2017-05-08,13
316,9462.0,387953.0,40532.0,321803.0,60.0,1066463,92.0,11.0,1.0,5.0,3.0,0.0,3.0,3.0,430548_1007,0,2017-05-13,14
318,6987.0,387953.0,40532.0,450575.0,25.0,201679,0.0,10.0,1.0,4.0,3.0,0.0,4.0,2.0,430548_1007,0,2017-05-12,11
322,7209.0,126595.0,4510.0,337687.0,5000.0,668921,7.0,2.0,2.0,2.0,3.0,0.0,1.0,1.0,430539_1007,0,2017-05-05,18
327,1508.0,142879.0,23182.0,60991.0,18.0,309179,0.0,11.0,1.0,5.0,3.0,0.0,2.0,1.0,430548_1007,0,2017-05-06,6
327,1508.0,142879.0,23182.0,60991.0,18.0,1055240,81.0,10.0,1.0,4.0,3.0,0.0,4.0,2.0,430539_1007,0,2017-05-10,3
332,4383.0,326114.0,36299.0,298677.0,123.0,303298,0.0,8.0,1.0,2.0,3.0,0.0,2.0,2.0,430548_1007,0,2017-05-05,18
339,12411.0,400918.0,50632.0,118742.0,98.0,842974,0.0,4.0,2.0,4.0,3.0,0.0,2.0,1.0,430539_1007,0,2017-05-09,2
339,12411.0,400918.0,50632.0,118742.0,98.0,196804,8.0,2.0,2.0,2.0,3.0,0.0,3.0,2.0,430539_1007,0,2017-05-12,4
339,12411.0,400918.0,50632.0,118742.0,98.0,639497,0.0,3.0,2.0,3.0,3.0,0.0,2.0,2.0,430548_1007,0,2017-05-07,0
339,12411.0,400918.0,50632.0,118742.0,98.0,59855,0.0,4.0,2.0,4.0,3.0,0.0,2.0,2.0,430539_1007,0,2017-05-11,0
339,12411.0,400918.0,50632.0,118742.0,98.0,59961,0.0,3.0,2.0,3.0,3.0,0.0,3.0,3.0,430539_1007,0,2017-05-06,13
339,12411.0,400918.0,50632.0,118742.0,98.0,20581,0.0,3.0,2.0,3.0,3.0,0.0,2.0,1.0,430539_1007,0,2017-05-12,2
339,12411.0,400918.0,50632.0,118742.0,98.0,519111,0.0,5.0,2.0,5.0,3.0,0.0,2.0,1.0,430539_1007,0,2017-05-11,11
339,12411.0,400918.0,50632.0,118742.0,98.0,917445,0.0,4.0,2.0,4.0,3.0,0.0,1.0,1.0,430539_1007,0,2017-05-06,1
339,12411.0,400918.0,50632.0,118742.0,98.0,41100,20.0,3.0,2.0,3.0,3.0,0.0,3.0,2.0,430548_1007,0,2017-05-12,0
339,12411.0,400918.0,50632.0,118742.0,98.0,300035,34.0,4.0,2.0,4.0,3.0,0.0,4.0,2.0,430539_1007,0,2017-05-06,4
339,12411.0,400918.0,50632.0,118742.0,98.0,1064350,0.0,9.0,1.0,3.0,3.0,0.0,4.0,2.0,430548_1007,0,2017-05-07,4
339,12411.0,400918.0,50632.0,118742.0,98.0,19995,0.0,4.0,2.0,4.0,3.0,0.0,2.0,2.0,430539_1007,0,2017-05-11,4
339,12411.0,400918.0,50632.0,118742.0,98.0,1013398,32.0,4.0,2.0,4.0,3.0,0.0,1.0,2.0,430548_1007,0,2017-05-10,2
339,12411.0,400918.0,50632.0,118742.0,98.0,824940,81.0,10.0,1.0,4.0,3.0,0.0,4.0,3.0,430539_1007,0,2017-05-10,2
339,12411.0,400918.0,50632.0,118742.0,98.0,823144,0.0,5.0,2.0,5.0,3.0,0.0,3.0,2.0,430539_1007,0,2017-05-08,12
339,12411.0,400918.0,50632.0,118742.0,98.0,278502,0.0,3.0,2.0,3.0,3.0,0.0,3.0,1.0,430539_1007,0,2017-05-07,0
339,12411.0,400918.0,50632.0,118742.0,98.0,1059546,0.0,2.0,2.0,2.0,3.0,0.0,2.0,2.0,430539_1007,0,2017-05-06,14
339,12411.0,400918.0,50632.0,118742.0,98.0,707385,0.0,2.0,2.0,2.0,3.0,0.0,2.0,2.0,430539_1007,0,2017-05-12,3
339,12411.0,400918.0,50632.0,118742.0,98.0,1094703,0.0,4.0,2.0,4.0,3.0,0.0,1.0,1.0,430539_1007,0,2017-05-12,0
339,12411.0,400918.0,50632.0,118742.0,98.0,5367,21.0,3.0,2.0,3.0,3.0,0.0,2.0,3.0,430539_1007,0,2017-05-11,0
339,12411.0,400918.0,50632.0,118742.0,98.0,594046,0.0,3.0,2.0,3.0,3.0,0.0,2.0,1.0,430539_1007,0,2017-05-06,3
339,12411.0,400918.0,50632.0,118742.0,98.0,189968,68.0,9.0,1.0,3.0,3.0,0.0,2.0,2.0,430539_1007,0,2017-05-08,12
339,12411.0,400918.0,50632.0,118742.0,98.0,185227,0.0,3.0,2.0,3.0,3.0,0.0,2.0,1.0,430539_1007,0,2017-05-05,22
339,12411.0,400918.0,50632.0,118742.0,98.0,218757,35.0,4.0,2.0,4.0,3.0,0.0,1.0,3.0,430539_1007,0,2017-05-07,3
339,12411.0,400918.0,50632.0,118742.0,98.0,815902,32.0,4.0,2.0,4.0,3.0,0.0,1.0,2.0,430539_1007,0,2017-05-12,6
339,12411.0,400918.0,50632.0,118742.0,98.0,823144,0.0,5.0,2.0,5.0,3.0,0.0,3.0,2.0,430539_1007,0,2017-05-10,16
339,12411.0,400918.0,50632.0,118742.0,98.0,961018,33.0,4.0,2.0,4.0,3.0,0.0,2.0,2.0,430548_1007,0,2017-05-06,2
339,12411.0,400918.0,50632.0,118742.0,98.0,550528,0.0,3.0,2.0,3.0,3.0,0.0,1.0,3.0,430539_1007,0,2017-05-08,17
339,12411.0,400918.0,50632.0,118742.0,98.0,130982,0.0,3.0,2.0,3.0,3.0,0.0,2.0,1.0,430539_1007,0,2017-05-08,22
339,12411.0,400918.0,50632.0,118742.0,98.0,130982,0.0,3.0,2.0,3.0,3.0,0.0,2.0,1.0,430539_1007,0,2017-05-11,3
339,12411.0,400918.0,50632.0,118742.0,98.0,562451,0.0,3.0,2.0,3.0,3.0,0.0,2.0,2.0,430548_1007,0,2017-05-11,2
339,12411.0,400918.0,50632.0,118742.0,98.0,329572,0.0,1.0,2.0,1.0,3.0,0.0,2.0,2.0,430548_1007,0,2017-05-06,3
339,12411.0,400918.0,50632.0,118742.0,98.0,96616,0.0,4.0,2.0,4.0,3.0,0.0,2.0,2.0,430539_1007,0,2017-05-10,2
339,12411.0,400918.0,50632.0,118742.0,98.0,203107,20.0,3.0,2.0,3.0,3.0,0.0,3.0,2.0,430548_1007,0,2017-05-10,16
339,12411.0,400918.0,50632.0,118742.0,98.0,784653,34.0,4.0,2.0,4.0,3.0,0.0,3.0,2.0,430539_1007,0,2017-05-07,16
339,12411.0,400918.0,50632.0,118742.0,98.0,706323,0.0,3.0,2.0,3.0,3.0,0.0,2.0,2.0,430548_1007,0,2017-05-10,1
339,12411.0,400918.0,50632.0,118742.0,98.0,808972,34.0,4.0,2.0,4.0,3.0,0.0,3.0,3.0,430539_1007,0,2017-05-10,0
339,12411.0,400918.0,50632.0,118742.0,98.0,808972,34.0,4.0,2.0,4.0,3.0,0.0,3.0,3.0,430539_1007,0,2017-05-07,16
339,12411.0,400918.0,50632.0,118742.0,98.0,808972,34.0,4.0,2.0,4.0,3.0,0.0,3.0,3.0,430539_1007,0,2017-05-12,16
339,12411.0,400918.0,50632.0,118742.0,98.0,966935,19.0,3.0,2.0,3.0,3.0,0.0,2.0,2.0,430539_1007,0,2017-05-06,3
339,12411.0,400918.0,50632.0,118742.0,98.0,182941,22.0,3.0,2.0,3.0,3.0,0.0,3.0,3.0,430539_1007,0,2017-05-08,2
339,12411.0,400918.0,50632.0,118742.0,98.0,137322,0.0,4.0,2.0,4.0,3.0,0.0,2.0,2.0,430548_1007,0,2017-05-09,9
339,12411.0,400918.0,50632.0,118742.0,98.0,529963,20.0,3.0,2.0,3.0,3.0,0.0,3.0,2.0,430539_1007,0,2017-05-12,12
339,12411.0,400918.0,50632.0,118742.0,98.0,182941,22.0,3.0,2.0,3.0,3.0,0.0,3.0,3.0,430539_1007,0,2017-05-10,4
339,12411.0,400918.0,50632.0,118742.0,98.0,182941,22.0,3.0,2.0,3.0,3.0,0.0,3.0,3.0,430539_1007,0,2017-05-12,13
339,12411.0,400918.0,50632.0,118742.0,98.0,889451,0.0,4.0,2.0,4.0,2.0,0.0,2.0,2.0,430548_1007,0,2017-05-07,0
339,12411.0,400918.0,50632.0,118742.0,98.0,902235,34.0,4.0,2.0,4.0,3.0,0.0,3.0,2.0,430539_1007,0,2017-05-10,3
339,12411.0,400918.0,50632.0,118742.0,98.0,902235,34.0,4.0,2.0,4.0,3.0,0.0,3.0,2.0,430539_1007,0,2017-05-08,2
339,12411.0,400918.0,50632.0,118742.0,98.0,1081315,0.0,3.0,2.0,3.0,3.0,0.0,1.0,2.0,430539_1007,0,2017-05-08,3
339,12411.0,400918.0,50632.0,118742.0,98.0,838629,0.0,10.0,1.0,4.0,3.0,0.0,4.0,2.0,430539_1007,0,2017-05-06,0
339,12411.0,400918.0,50632.0,118742.0,98.0,661176,67.0,9.0,1.0,3.0,3.0,0.0,3.0,2.0,430548_1007,0,2017-05-09,23
339,12411.0,400918.0,50632.0,118742.0,98.0,685222,0.0,4.0,2.0,4.0,3.0,0.0,1.0,3.0,430539_1007,0,2017-05-07,0
339,12411.0,400918.0,50632.0,118742.0,98.0,554961,0.0,4.0,2.0,4.0,3.0,0.0,4.0,1.0,430539_1007,0,2017-05-10,19
339,12411.0,400918.0,50632.0,118742.0,98.0,344770,0.0,8.0,1.0,2.0,3.0,0.0,1.0,1.0,430539_1007,0,2017-05-13,1
339,12411.0,400918.0,50632.0,118742.0,98.0,960882,20.0,3.0,2.0,3.0,3.0,0.0,3.0,2.0,430548_1007,0,2017-05-07,11
339,12411.0,400918.0,50632.0,118742.0,98.0,1018999,0.0,4.0,2.0,4.0,3.0,0.0,2.0,2.0,430548_1007,0,2017-05-09,2
339,12411.0,400918.0,50632.0,118742.0,98.0,765433,0.0,4.0,2.0,4.0,3.0,0.0,2.0,1.0,430539_1007,0,2017-05-11,1
339,12411.0,400918.0,50632.0,118742.0,98.0,595345,0.0,3.0,2.0,3.0,3.0,0.0,2.0,2.0,430539_1007,0,2017-05-07,3
339,12411.0,400918.0,50632.0,118742.0,98.0,813511,0.0,5.0,2.0,5.0,3.0,0.0,2.0,1.0,430548_1007,0,2017-05-06,16
339,12411.0,400918.0,50632.0,118742.0,98.0,798917,2.0,1.0,2.0,1.0,3.0,0.0,2.0,1.0,430548_1007,0,2017-05-06,2
339,12411.0,400918.0,50632.0,118742.0,98.0,597930,0.0,9.0,1.0,3.0,2.0,0.0,2.0,2.0,430539_1007,0,2017-05-09,1
339,12411.0,400918.0,50632.0,118742.0,98.0,859840,0.0,3.0,2.0,3.0,1.0,0.0,2.0,1.0,430539_1007,0,2017-05-12,1
339,12411.0,400918.0,50632.0,118742.0,98.0,859840,0.0,3.0,2.0,3.0,1.0,0.0,2.0,1.0,430539_1007,0,2017-05-12,3
339,12411.0,400918.0,50632.0,118742.0,98.0,859840,0.0,3.0,2.0,3.0,1.0,0.0,2.0,1.0,430539_1007,0,2017-05-09,9
339,12411.0,400918.0,50632.0,118742.0,98.0,56163,0.0,4.0,2.0,4.0,3.0,0.0,2.0,2.0,430548_1007,0,2017-05-07,4
339,12411.0,400918.0,50632.0,118742.0,98.0,772594,0.0,3.0,2.0,3.0,3.0,0.0,2.0,2.0,430539_1007,0,2017-05-08,3
339,12411.0,400918.0,50632.0,118742.0,98.0,902235,34.0,4.0,2.0,4.0,3.0,0.0,3.0,2.0,430539_1007,0,2017-05-06,2
339,12411.0,400918.0,50632.0,118742.0,98.0,660248,0.0,10.0,1.0,4.0,3.0,0.0,2.0,2.0,430548_1007,0,2017-05-08,12
339,12411.0,400918.0,50632.0,118742.0,98.0,1125941,33.0,4.0,2.0,4.0,3.0,0.0,2.0,2.0,430539_1007,0,2017-05-11,12
339,12411.0,400918.0,50632.0,118742.0,98.0,665071,20.0,3.0,2.0,3.0,3.0,0.0,3.0,2.0,430548_1007,0,2017-05-13,2
339,12411.0,400918.0,50632.0,118742.0,98.0,110770,0.0,4.0,2.0,4.0,3.0,0.0,2.0,1.0,430539_1007,0,2017-05-13,1
339,12411.0,400918.0,50632.0,118742.0,98.0,588008,0.0,3.0,2.0,3.0,3.0,0.0,2.0,2.0,430539_1007,0,2017-05-09,14
339,12411.0,400918.0,50632.0,118742.0,98.0,136629,0.0,3.0,2.0,3.0,3.0,0.0,2.0,2.0,430548_1007,0,2017-05-07,0
339,12411.0,400918.0,50632.0,118742.0,98.0,793448,0.0,4.0,2.0,4.0,1.0,0.0,2.0,2.0,430548_1007,0,2017-05-06,3
339,12411.0,400918.0,50632.0,118742.0,98.0,133429,0.0,4.0,2.0,4.0,3.0,0.0,3.0,1.0,430539_1007,0,2017-05-06,14
339,12411.0,400918.0,50632.0,118742.0,98.0,638442,0.0,11.0,1.0,5.0,3.0,0.0,3.0,3.0,430539_1007,0,2017-05-09,14
339,12411.0,400918.0,50632.0,118742.0,98.0,638442,0.0,11.0,1.0,5.0,3.0,0.0,3.0,3.0,430539_1007,0,2017-05-12,5
339,12411.0,400918.0,50632.0,118742.0,98.0,564019,64.0,9.0,1.0,3.0,3.0,0.0,2.0,1.0,430539_1007,0,2017-05-09,1
339,12411.0,400918.0,50632.0,118742.0,98.0,806064,0.0,3.0,2.0,3.0,3.0,0.0,2.0,1.0,430539_1007,0,2017-05-11,2
339,12411.0,400918.0,50632.0,118742.0,98.0,636629,0.0,3.0,2.0,3.0,3.0,0.0,2.0,2.0,430539_1007,0,2017-05-12,3
339,12411.0,400918.0,50632.0,118742.0,98.0,1069755,0.0,3.0,2.0,3.0,1.0,0.0,2.0,1.0,430539_1007,0,2017-05-12,4
339,12411.0,400918.0,50632.0,118742.0,98.0,680534,0.0,3.0,2.0,3.0,3.0,0.0,2.0,2.0,430539_1007,0,2017-05-11,2
339,12411.0,400918.0,50632.0,118742.0,98.0,861697,19.0,3.0,2.0,3.0,3.0,0.0,2.0,2.0,430548_1007,0,2017-05-13,3
339,12411.0,400918.0,50632.0,118742.0,98.0,1069755,0.0,3.0,2.0,3.0,1.0,0.0,2.0,1.0,430539_1007,0,2017-05-09,4
339,12411.0,400918.0,50632.0,118742.0,98.0,171562,17.0,3.0,2.0,3.0,3.0,0.0,3.0,1.0,430539_1007,0,2017-05-13,11
339,12411.0,400918.0,50632.0,118742.0,98.0,146692,34.0,4.0,2.0,4.0,3.0,0.0,3.0,2.0,430539_1007,0,2017-05-09,1
339,12411.0,400918.0,50632.0,118742.0,98.0,752138,34.0,4.0,2.0,4.0,3.0,0.0,4.0,3.0,430548_1007,0,2017-05-12,6
339,12411.0,400918.0,50632.0,118742.0,98.0,752138,34.0,4.0,2.0,4.0,3.0,0.0,4.0,3.0,430539_1007,0,2017-05-12,3
339,12411.0,400918.0,50632.0,118742.0,98.0,731535,0.0,9.0,1.0,3.0,3.0,0.0,2.0,2.0,430539_1007,0,2017-05-11,11
339,12411.0,400918.0,50632.0,118742.0,98.0,595142,0.0,3.0,2.0,3.0,3.0,0.0,2.0,2.0,430548_1007,0,2017-05-09,8
339,12411.0,400918.0,50632.0,118742.0,98.0,745911,0.0,4.0,2.0,4.0,3.0,0.0,2.0,2.0,430539_1007,0,2017-05-12,2
339,12411.0,400918.0,50632.0,118742.0,98.0,771565,26.0,4.0,2.0,4.0,2.0,0.0,2.0,2.0,430539_1007,0,2017-05-06,16
339,12411.0,400918.0,50632.0,118742.0,98.0,88019,7.0,2.0,2.0,2.0,3.0,0.0,1.0,2.0,430539_1007,0,2017-05-07,3
339,12411.0,400918.0,50632.0,118742.0,98.0,832231,0.0,3.0,2.0,3.0,3.0,0.0,3.0,2.0,430539_1007,0,2017-05-11,11
339,12411.0,400918.0,50632.0,118742.0,98.0,77980,35.0,4.0,2.0,4.0,3.0,0.0,2.0,2.0,430539_1007,0,2017-05-07,12
339,12411.0,400918.0,50632.0,118742.0,98.0,985744,0.0,3.0,2.0,3.0,3.0,0.0,2.0,1.0,430548_1007,0,2017-05-09,16
339,12411.0,400918.0,50632.0,118742.0,98.0,849347,34.0,4.0,2.0,4.0,3.0,0.0,4.0,2.0,430539_1007,0,2017-05-07,11
339,12411.0,400918.0,50632.0,118742.0,98.0,384690,6.0,2.0,2.0,2.0,2.0,0.0,3.0,2.0,430548_1007,0,2017-05-11,4
339,12411.0,400918.0,50632.0,118742.0,98.0,561837,11.0,3.0,2.0,3.0,2.0,0.0,2.0,2.0,430548_1007,0,2017-05-13,11
339,12411.0,400918.0,50632.0,118742.0,98.0,561837,11.0,3.0,2.0,3.0,2.0,0.0,2.0,2.0,430548_1007,0,2017-05-13,11
339,12411.0,400918.0,50632.0,118742.0,98.0,1074489,20.0,3.0,2.0,3.0,3.0,0.0,3.0,2.0,430548_1007,0,2017-05-11,11
339,12411.0,400918.0,50632.0,118742.0,98.0,1022488,0.0,2.0,2.0,2.0,3.0,0.0,3.0,2.0,430548_1007,0,2017-05-08,16
339,12411.0,400918.0,50632.0,118742.0,98.0,572923,20.0,3.0,2.0,3.0,3.0,0.0,4.0,2.0,430539_1007,0,2017-05-06,2
339,12411.0,400918.0,50632.0,118742.0,98.0,127579,0.0,4.0,2.0,4.0,3.0,0.0,2.0,1.0,430539_1007,0,2017-05-13,2
339,12411.0,400918.0,50632.0,118742.0,98.0,744881,18.0,3.0,2.0,3.0,3.0,0.0,1.0,2.0,430539_1007,0,2017-05-10,4
339,12411.0,400918.0,50632.0,118742.0,98.0,499229,0.0,10.0,1.0,4.0,3.0,0.0,1.0,2.0,430548_1007,0,2017-05-12,3
339,12411.0,400918.0,50632.0,118742.0,98.0,883680,19.0,3.0,2.0,3.0,3.0,0.0,2.0,2.0,430539_1007,0,2017-05-07,23
339,12411.0,400918.0,50632.0,118742.0,98.0,305299,0.0,3.0,2.0,3.0,3.0,0.0,2.0,1.0,430539_1007,0,2017-05-08,3
339,12411.0,400918.0,50632.0,118742.0,98.0,889702,0.0,4.0,2.0,4.0,3.0,0.0,1.0,2.0,430539_1007,0,2017-05-08,13
339,12411.0,400918.0,50632.0,118742.0,98.0,295057,35.0,4.0,2.0,4.0,3.0,0.0,1.0,2.0,430548_1007,0,2017-05-12,1
339,12411.0,400918.0,50632.0,118742.0,98.0,557911,0.0,3.0,2.0,3.0,3.0,0.0,2.0,2.0,430548_1007,0,2017-05-13,2
339,12411.0,400918.0,50632.0,118742.0,98.0,380719,0.0,3.0,2.0,3.0,3.0,0.0,2.0,2.0,430539_1007,0,2017-05-11,0
339,12411.0,400918.0,50632.0,118742.0,98.0,491841,7.0,2.0,2.0,2.0,3.0,0.0,2.0,2.0,430539_1007,0,2017-05-06,12
339,12411.0,400918.0,50632.0,118742.0,98.0,681114,0.0,3.0,2.0,3.0,3.0,0.0,2.0,2.0,430539_1007,0,2017-05-10,4
339,12411.0,400918.0,50632.0,118742.0,98.0,384256,0.0,6.0,2.0,6.0,3.0,0.0,2.0,2.0,430548_1007,0,2017-05-07,0
339,12411.0,400918.0,50632.0,118742.0,98.0,52736,0.0,3.0,2.0,3.0,3.0,0.0,2.0,1.0,430539_1007,0,2017-05-07,12
339,12411.0,400918.0,50632.0,118742.0,98.0,801292,0.0,3.0,2.0,3.0,3.0,0.0,2.0,2.0,430548_1007,1,2017-05-07,1
339,12411.0,400918.0,50632.0,118742.0,98.0,163151,19.0,3.0,2.0,3.0,3.0,0.0,2.0,2.0,430539_1007,0,2017-05-09,15
339,12411.0,400918.0,50632.0,118742.0,98.0,383615,34.0,4.0,2.0,4.0,3.0,0.0,3.0,3.0,430548_1007,0,2017-05-12,14
339,12411.0,400918.0,50632.0,118742.0,98.0,863123,0.0,9.0,1.0,3.0,3.0,0.0,2.0,2.0,430539_1007,0,2017-05-06,14
339,12411.0,400918.0,50632.0,118742.0,98.0,163616,0.0,4.0,2.0,4.0,3.0,0.0,2.0,1.0,430539_1007,0,2017-05-11,0
339,12411.0,400918.0,50632.0,118742.0,98.0,393050,0.0,3.0,2.0,3.0,3.0,0.0,3.0,2.0,430548_1007,0,2017-05-12,1
339,12411.0,400918.0,50632.0,118742.0,98.0,940116,0.0,3.0,2.0,3.0,2.0,0.0,2.0,2.0,430548_1007,0,2017-05-12,0
339,12411.0,400918.0,50632.0,118742.0,98.0,940116,0.0,3.0,2.0,3.0,2.0,0.0,2.0,2.0,430548_1007,0,2017-05-09,23
339,12411.0,400918.0,50632.0,118742.0,98.0,973735,0.0,3.0,2.0,3.0,3.0,0.0,2.0,1.0,430539_1007,0,2017-05-11,11
339,12411.0,400918.0,50632.0,118742.0,98.0,146955,0.0,3.0,2.0,3.0,3.0,0.0,2.0,2.0,430539_1007,0,2017-05-08,12
339,12411.0,400918.0,50632.0,118742.0,98.0,427779,0.0,3.0,2.0,3.0,1.0,0.0,4.0,1.0,430539_1007,0,2017-05-08,16
339,12411.0,400918.0,50632.0,118742.0,98.0,60779,0.0,4.0,2.0,4.0,3.0,0.0,2.0,3.0,430539_1007,0,2017-05-13,4
339,12411.0,400918.0,50632.0,118742.0,98.0,435984,0.0,4.0,2.0,4.0,3.0,0.0,4.0,1.0,430548_1007,0,2017-05-05,16
339,12411.0,400918.0,50632.0,118742.0,98.0,128401,0.0,3.0,2.0,3.0,3.0,0.0,2.0,2.0,430539_1007,0,2017-05-11,2
339,12411.0,400918.0,50632.0,118742.0,98.0,901258,0.0,10.0,1.0,4.0,3.0,0.0,4.0,1.0,430539_1007,0,2017-05-12,0
339,12411.0,400918.0,50632.0,118742.0,98.0,255248,0.0,3.0,2.0,3.0,3.0,0.0,2.0,2.0,430539_1007,0,2017-05-12,12
339,12411.0,400918.0,50632.0,118742.0,98.0,738696,0.0,3.0,2.0,3.0,3.0,0.0,2.0,1.0,430539_1007,1,2017-05-12,6
339,12411.0,400918.0,50632.0,118742.0,98.0,1071417,31.0,4.0,2.0,4.0,3.0,0.0,3.0,1.0,430548_1007,0,2017-05-09,0
339,12411.0,400918.0,50632.0,118742.0,98.0,1078235,0.0,4.0,2.0,4.0,3.0,0.0,3.0,2.0,430548_1007,0,2017-05-12,0
339,12411.0,400918.0,50632.0,118742.0,98.0,24874,20.0,3.0,2.0,3.0,3.0,0.0,4.0,2.0,430548_1007,0,2017-05-05,23
339,12411.0,400918.0,50632.0,118742.0,98.0,10368,34.0,4.0,2.0,4.0,3.0,0.0,3.0,2.0,430539_1007,0,2017-05-12,16
339,12411.0,400918.0,50632.0,118742.0,98.0,8596,44.0,5.0,2.0,5.0,3.0,0.0,2.0,2.0,430539_1007,0,2017-05-08,21
339,12411.0,400918.0,50632.0,118742.0,98.0,1099686,20.0,3.0,2.0,3.0,3.0,0.0,4.0,2.0,430539_1007,0,2017-05-08,16
339,12411.0,400918.0,50632.0,118742.0,98.0,503683,33.0,4.0,2.0,4.0,3.0,0.0,2.0,2.0,430548_1007,0,2017-05-07,23
339,12411.0,400918.0,50632.0,118742.0,98.0,503683,33.0,4.0,2.0,4.0,3.0,0.0,2.0,2.0,430548_1007,0,2017-05-11,23
339,12411.0,400918.0,50632.0,118742.0,98.0,1024561,34.0,4.0,2.0,4.0,3.0,0.0,3.0,2.0,430539_1007,1,2017-05-06,0
339,12411.0,400918.0,50632.0,118742.0,98.0,937476,0.0,1.0,2.0,1.0,3.0,0.0,2.0,1.0,430548_1007,1,2017-05-09,0
339,12411.0,400918.0,50632.0,118742.0,98.0,1024561,34.0,4.0,2.0,4.0,3.0,0.0,3.0,2.0,430539_1007,0,2017-05-09,0
339,12411.0,400918.0,50632.0,118742.0,98.0,981113,15.0,3.0,2.0,3.0,3.0,0.0,1.0,1.0,430539_1007,0,2017-05-07,12
339,12411.0,400918.0,50632.0,118742.0,98.0,354045,45.0,5.0,2.0,5.0,3.0,0.0,4.0,2.0,430548_1007,0,2017-05-12,20
339,12411.0,400918.0,50632.0,118742.0,98.0,892963,0.0,3.0,2.0,3.0,3.0,0.0,2.0,2.0,430539_1007,0,2017-05-09,1
339,12411.0,400918.0,50632.0,118742.0,98.0,661536,0.0,5.0,2.0,5.0,3.0,0.0,4.0,1.0,430548_1007,0,2017-05-11,2
339,12411.0,400918.0,50632.0,118742.0,98.0,866426,0.0,3.0,2.0,3.0,3.0,0.0,2.0,1.0,430539_1007,0,2017-05-09,9
339,12411.0,400918.0,50632.0,118742.0,98.0,866426,0.0,3.0,2.0,3.0,3.0,0.0,2.0,1.0,430539_1007,0,2017-05-13,0
339,12411.0,400918.0,50632.0,118742.0,98.0,1013227,18.0,3.0,2.0,3.0,3.0,0.0,1.0,2.0,430539_1007,0,2017-05-05,17
339,12411.0,400918.0,50632.0,118742.0,98.0,1013227,18.0,3.0,2.0,3.0,3.0,0.0,1.0,2.0,430539_1007,0,2017-05-08,13
339,12411.0,400918.0,50632.0,118742.0,98.0,1013551,18.0,3.0,2.0,3.0,3.0,0.0,1.0,2.0,430548_1007,0,2017-05-12,2
339,12411.0,400918.0,50632.0,118742.0,98.0,1032314,0.0,4.0,2.0,4.0,3.0,0.0,1.0,2.0,430539_1007,0,2017-05-06,22
339,12411.0,400918.0,50632.0,118742.0,98.0,239514,0.0,10.0,1.0,4.0,3.0,0.0,2.0,2.0,430548_1007,0,2017-05-11,0
339,12411.0,400918.0,50632.0,118742.0,98.0,720943,0.0,4.0,2.0,4.0,3.0,0.0,3.0,1.0,430539_1007,0,2017-05-09,1
339,12411.0,400918.0,50632.0,118742.0,98.0,1071417,31.0,4.0,2.0,4.0,3.0,0.0,3.0,1.0,430548_1007,0,2017-05-13,2
339,12411.0,400918.0,50632.0,118742.0,98.0,700236,35.0,4.0,2.0,4.0,3.0,0.0,2.0,3.0,430539_1007,0,2017-05-11,4
340,7185.0,394507.0,48873.0,185373.0,26.0,70107,0.0,11.0,1.0,5.0,1.0,0.0,2.0,2.0,430548_1007,0,2017-05-11,2
342,6152.0,103062.0,714.0,309537.0,120.0,463447,0.0,2.0,2.0,2.0,3.0,0.0,2.0,2.0,430539_1007,0,2017-05-06,2
342,6152.0,103062.0,714.0,309537.0,120.0,756149,0.0,4.0,2.0,4.0,3.0,0.0,3.0,1.0,430539_1007,0,2017-05-06,9
343,8025.0,398171.0,49325.0,460768.0,26.0,615205,5.0,2.0,2.0,2.0,3.0,1.0,4.0,2.0,430548_1007,0,2017-05-08,13
343,8025.0,398171.0,49325.0,460768.0,26.0,823725,30.0,4.0,2.0,4.0,3.0,0.0,2.0,1.0,430548_1007,0,2017-05-07,13
343,8025.0,398171.0,49325.0,460768.0,26.0,357602,0.0,2.0,2.0,2.0,2.0,1.0,2.0,2.0,430548_1007,0,2017-05-10,3
343,8025.0,398171.0,49325.0,460768.0,26.0,285946,0.0,4.0,2.0,4.0,3.0,0.0,3.0,1.0,430539_1007,0,2017-05-06,0
343,8025.0,398171.0,49325.0,460768.0,26.0,216887,0.0,5.0,2.0,5.0,1.0,0.0,2.0,1.0,430548_1007,0,2017-05-09,2
344,7998.0,130429.0,6315.0,23120.0,138.0,991553,33.0,4.0,2.0,4.0,3.0,0.0,2.0,2.0,430548_1007,0,2017-05-06,2
347,9991.0,354298.0,36707.0,335490.0,1.5,360521,66.0,9.0,1.0,3.0,3.0,0.0,2.0,2.0,430548_1007,0,2017-05-11,16
348,1269.0,400971.0,55330.0,329069.0,78.0,658044,17.0,3.0,2.0,3.0,3.0,0.0,3.0,1.0,430548_1007,0,2017-05-11,3
348,1269.0,400971.0,55330.0,329069.0,78.0,237833,16.0,3.0,2.0,3.0,3.0,0.0,2.0,1.0,430548_1007,0,2017-05-09,15
348,1269.0,400971.0,55330.0,329069.0,78.0,1016442,30.0,4.0,2.0,4.0,3.0,0.0,2.0,1.0,430548_1007,0,2017-05-06,7
348,1269.0,400971.0,55330.0,329069.0,78.0,658044,17.0,3.0,2.0,3.0,3.0,0.0,3.0,1.0,430548_1007,0,2017-05-08,8
348,1269.0,400971.0,55330.0,329069.0,78.0,658044,17.0,3.0,2.0,3.0,3.0,0.0,3.0,1.0,430548_1007,0,2017-05-10,8
348,1269.0,400971.0,55330.0,329069.0,78.0,1009593,0.0,4.0,2.0,4.0,3.0,0.0,1.0,1.0,430539_1007,0,2017-05-07,14
348,1269.0,400971.0,55330.0,329069.0,78.0,828511,0.0,9.0,1.0,3.0,1.0,0.0,2.0,1.0,430548_1007,0,2017-05-13,0
348,1269.0,400971.0,55330.0,329069.0,78.0,287070,0.0,9.0,1.0,3.0,3.0,0.0,2.0,2.0,430548_1007,0,2017-05-12,14
350,317.0,175687.0,26032.0,37793.0,25.0,139928,0.0,4.0,2.0,4.0,3.0,0.0,2.0,1.0,430548_1007,0,2017-05-06,15
350,317.0,175687.0,26032.0,37793.0,25.0,904179,33.0,4.0,2.0,4.0,3.0,0.0,2.0,2.0,430539_1007,0,2017-05-07,13
351,6709.0,401001.0,48615.0,347090.0,30.0,100844,0.0,3.0,2.0,3.0,3.0,0.0,2.0,1.0,430548_1007,0,2017-05-07,13
351,6709.0,401001.0,48615.0,347090.0,30.0,323775,33.0,4.0,2.0,4.0,3.0,0.0,2.0,2.0,430548_1007,0,2017-05-07,15
352,4284.0,366804.0,27371.0,317202.0,165.0,935712,0.0,1.0,2.0,1.0,3.0,0.0,2.0,1.0,430548_1007,0,2017-05-07,14
352,4284.0,366804.0,27371.0,317202.0,165.0,569671,5.0,2.0,2.0,2.0,3.0,1.0,3.0,1.0,430548_1007,0,2017-05-07,5
352,4284.0,366804.0,27371.0,317202.0,165.0,1129941,35.0,4.0,2.0,4.0,3.0,0.0,1.0,3.0,430539_1007,0,2017-05-08,1
352,4284.0,366804.0,27371.0,317202.0,165.0,536847,0.0,5.0,2.0,5.0,2.0,0.0,2.0,1.0,430548_1007,0,2017-05-06,14
352,4284.0,366804.0,27371.0,317202.0,165.0,536847,0.0,5.0,2.0,5.0,2.0,0.0,2.0,1.0,430548_1007,0,2017-05-06,14
353,8068.0,247505.0,2299.0,405193.0,100.0,148089,0.0,11.0,1.0,5.0,3.0,0.0,2.0,1.0,430548_1007,0,2017-05-07,13
356,5504.0,133942.0,14650.0,254541.0,218.0,185607,92.0,11.0,1.0,5.0,3.0,0.0,3.0,2.0,430548_1007,0,2017-05-11,13
356,5504.0,133942.0,14650.0,254541.0,218.0,982033,67.0,9.0,1.0,3.0,3.0,0.0,3.0,2.0,430548_1007,0,2017-05-11,12
356,5504.0,133942.0,14650.0,254541.0,218.0,982033,67.0,9.0,1.0,3.0,3.0,0.0,3.0,2.0,430548_1007,0,2017-05-13,1
356,5504.0,133942.0,14650.0,254541.0,218.0,982033,67.0,9.0,1.0,3.0,3.0,0.0,3.0,2.0,430548_1007,0,2017-05-13,14
365,9300.0,245991.0,33713.0,350697.0,138.0,540695,0.0,10.0,1.0,4.0,3.0,0.0,2.0,1.0,430539_1007,0,2017-05-06,8
365,9300.0,245991.0,33713.0,350697.0,138.0,257889,0.0,12.0,1.0,6.0,2.0,0.0,2.0,1.0,430548_1007,0,2017-05-06,7
365,9300.0,245991.0,33713.0,350697.0,138.0,588177,0.0,10.0,1.0,4.0,1.0,0.0,2.0,1.0,430539_1007,0,2017-05-09,1
367,4305.0,231173.0,32253.0,293357.0,2550.0,1085937,0.0,11.0,1.0,5.0,3.0,0.0,2.0,1.0,430548_1007,0,2017-05-06,8
367,4305.0,231173.0,32253.0,293357.0,2550.0,1122239,0.0,4.0,2.0,4.0,3.0,0.0,2.0,2.0,430539_1007,0,2017-05-13,13
367,4305.0,231173.0,32253.0,293357.0,2550.0,530864,0.0,4.0,2.0,4.0,3.0,0.0,2.0,3.0,430539_1007,0,2017-05-12,2
370,6083.0,400658.0,16311.0,341796.0,6.0,759456,89.0,11.0,1.0,5.0,3.0,0.0,3.0,1.0,430548_1007,0,2017-05-10,11
370,6083.0,400658.0,16311.0,341796.0,6.0,1039624,0.0,2.0,2.0,2.0,3.0,0.0,4.0,3.0,430539_1007,0,2017-05-06,12
370,6083.0,400658.0,16311.0,341796.0,6.0,263126,0.0,3.0,2.0,3.0,1.0,0.0,2.0,1.0,430548_1007,0,2017-05-08,1
370,6083.0,400658.0,16311.0,341796.0,6.0,729315,0.0,9.0,1.0,3.0,3.0,0.0,2.0,1.0,430548_1007,0,2017-05-11,11
370,6083.0,400658.0,16311.0,341796.0,6.0,402839,2.0,1.0,2.0,1.0,3.0,1.0,2.0,1.0,430548_1007,0,2017-05-11,7
370,6083.0,400658.0,16311.0,341796.0,6.0,887188,0.0,3.0,2.0,3.0,3.0,0.0,2.0,2.0,430548_1007,1,2017-05-12,6
370,6083.0,400658.0,16311.0,341796.0,6.0,18233,34.0,4.0,2.0,4.0,3.0,0.0,3.0,2.0,430548_1007,0,2017-05-13,5
370,6083.0,400658.0,16311.0,341796.0,6.0,193584,0.0,4.0,2.0,4.0,3.0,0.0,2.0,2.0,430548_1007,1,2017-05-13,10
370,6083.0,400658.0,16311.0,341796.0,6.0,650708,0.0,4.0,2.0,4.0,3.0,0.0,2.0,1.0,430548_1007,1,2017-05-11,13
370,6083.0,400658.0,16311.0,341796.0,6.0,887188,0.0,3.0,2.0,3.0,3.0,0.0,2.0,2.0,430548_1007,0,2017-05-09,6
370,6083.0,400658.0,16311.0,341796.0,6.0,35300,0.0,11.0,1.0,5.0,3.0,0.0,2.0,1.0,430548_1007,0,2017-05-12,12
370,6083.0,400658.0,16311.0,341796.0,6.0,35300,0.0,11.0,1.0,5.0,3.0,0.0,2.0,1.0,430548_1007,1,2017-05-09,13
372,10090.0,387158.0,41041.0,114639.0,48.0,375982,80.0,10.0,1.0,4.0,3.0,0.0,2.0,2.0,430548_1007,0,2017-05-11,22
372,10090.0,387158.0,41041.0,114639.0,48.0,669145,92.0,11.0,1.0,5.0,3.0,0.0,4.0,2.0,430548_1007,0,2017-05-10,10
372,10090.0,387158.0,41041.0,114639.0,48.0,669145,92.0,11.0,1.0,5.0,3.0,0.0,4.0,2.0,430548_1007,0,2017-05-13,10
381,6432.0,390673.0,44840.0,423780.0,79.0,842542,0.0,1.0,2.0,1.0,2.0,0.0,2.0,2.0,430548_1007,0,2017-05-06,9
381,6432.0,390673.0,44840.0,423780.0,79.0,608937,16.0,3.0,2.0,3.0,3.0,0.0,2.0,1.0,430548_1007,0,2017-05-13,9
381,6432.0,390673.0,44840.0,423780.0,79.0,7828,0.0,5.0,2.0,5.0,3.0,0.0,4.0,1.0,430548_1007,0,2017-05-11,13
381,6432.0,390673.0,44840.0,423780.0,79.0,7828,0.0,5.0,2.0,5.0,3.0,0.0,4.0,1.0,430548_1007,0,2017-05-10,1
381,6432.0,390673.0,44840.0,423780.0,79.0,315665,56.0,8.0,1.0,2.0,3.0,0.0,2.0,1.0,430539_1007,0,2017-05-11,1
381,6432.0,390673.0,44840.0,423780.0,79.0,146105,0.0,11.0,1.0,5.0,3.0,0.0,4.0,2.0,430548_1007,0,2017-05-09,8
381,6432.0,390673.0,44840.0,423780.0,79.0,728493,0.0,9.0,1.0,3.0,2.0,0.0,2.0,2.0,430548_1007,0,2017-05-11,10
381,6432.0,390673.0,44840.0,423780.0,79.0,679136,45.0,5.0,2.0,5.0,3.0,0.0,4.0,2.0,430548_1007,0,2017-05-11,12
381,6432.0,390673.0,44840.0,423780.0,79.0,593424,8.0,2.0,2.0,2.0,3.0,0.0,4.0,1.0,430548_1007,0,2017-05-13,15
386,8551.0,123879.0,3509.0,361467.0,360.0,742095,56.0,8.0,1.0,2.0,3.0,0.0,2.0,3.0,430539_1007,0,2017-05-12,14
386,8551.0,123879.0,3509.0,361467.0,360.0,671003,0.0,4.0,2.0,4.0,3.0,0.0,2.0,1.0,430539_1007,0,2017-05-11,7
388,12160.0,385858.0,39638.0,363889.0,10.8,267654,44.0,5.0,2.0,5.0,3.0,0.0,2.0,1.0,430548_1007,0,2017-05-12,7
388,12160.0,385858.0,39638.0,363889.0,10.8,1042501,8.0,2.0,2.0,2.0,3.0,0.0,3.0,2.0,430539_1007,0,2017-05-12,7
388,12160.0,385858.0,39638.0,363889.0,10.8,290419,0.0,5.0,2.0,5.0,3.0,0.0,1.0,1.0,430548_1007,0,2017-05-12,6
388,12160.0,385858.0,39638.0,363889.0,10.8,60164,0.0,11.0,1.0,5.0,3.0,0.0,2.0,2.0,430548_1007,0,2017-05-12,5
388,12160.0,385858.0,39638.0,363889.0,10.8,67184,0.0,4.0,2.0,4.0,3.0,0.0,2.0,1.0,430548_1007,0,2017-05-10,21
388,12160.0,385858.0,39638.0,363889.0,10.8,422971,34.0,4.0,2.0,4.0,3.0,0.0,3.0,2.0,430548_1007,0,2017-05-11,7
388,12160.0,385858.0,39638.0,363889.0,10.8,1053646,66.0,9.0,1.0,3.0,3.0,0.0,2.0,2.0,430548_1007,0,2017-05-11,7
388,12160.0,385858.0,39638.0,363889.0,10.8,157775,34.0,4.0,2.0,4.0,3.0,0.0,4.0,2.0,430548_1007,0,2017-05-11,5
388,12160.0,385858.0,39638.0,363889.0,10.8,539978,0.0,6.0,2.0,6.0,3.0,0.0,4.0,1.0,430548_1007,0,2017-05-11,1
388,12160.0,385858.0,39638.0,363889.0,10.8,458568,0.0,10.0,1.0,4.0,3.0,0.0,2.0,2.0,430539_1007,0,2017-05-11,3
388,12160.0,385858.0,39638.0,363889.0,10.8,781758,0.0,11.0,1.0,5.0,3.0,0.0,2.0,2.0,430548_1007,0,2017-05-12,3
388,12160.0,385858.0,39638.0,363889.0,10.8,270007,0.0,4.0,2.0,4.0,3.0,0.0,2.0,2.0,430548_1007,0,2017-05-11,5
388,12160.0,385858.0,39638.0,363889.0,10.8,675504,30.0,4.0,2.0,4.0,3.0,0.0,1.0,1.0,430548_1007,0,2017-05-12,4
388,12160.0,385858.0,39638.0,363889.0,10.8,233708,12.0,3.0,2.0,3.0,2.0,0.0,3.0,1.0,430548_1007,0,2017-05-11,20
388,12160.0,385858.0,39638.0,363889.0,10.8,436921,0.0,4.0,2.0,4.0,3.0,0.0,2.0,1.0,430539_1007,0,2017-05-11,8
388,12160.0,385858.0,39638.0,363889.0,10.8,696789,33.0,4.0,2.0,4.0,3.0,0.0,2.0,2.0,430548_1007,0,2017-05-11,4
388,12160.0,385858.0,39638.0,363889.0,10.8,836691,0.0,4.0,2.0,4.0,3.0,0.0,2.0,2.0,430548_1007,0,2017-05-11,5
388,12160.0,385858.0,39638.0,363889.0,10.8,795240,21.0,3.0,2.0,3.0,3.0,0.0,2.0,2.0,430539_1007,0,2017-05-12,7
388,12160.0,385858.0,39638.0,363889.0,10.8,574055,34.0,4.0,2.0,4.0,3.0,0.0,3.0,2.0,430548_1007,0,2017-05-11,6
388,12160.0,385858.0,39638.0,363889.0,10.8,1041916,41.0,5.0,2.0,5.0,3.0,0.0,2.0,1.0,430548_1007,0,2017-05-11,17
388,12160.0,385858.0,39638.0,363889.0,10.8,1045551,0.0,11.0,1.0,5.0,3.0,0.0,3.0,2.0,430539_1007,0,2017-05-11,4
388,12160.0,385858.0,39638.0,363889.0,10.8,928148,0.0,12.0,1.0,6.0,1.0,0.0,2.0,1.0,430539_1007,0,2017-05-10,16
388,12160.0,385858.0,39638.0,363889.0,10.8,574055,34.0,4.0,2.0,4.0,3.0,0.0,3.0,2.0,430548_1007,0,2017-05-11,4
388,12160.0,385858.0,39638.0,363889.0,10.8,539722,44.0,5.0,2.0,5.0,3.0,0.0,2.0,1.0,430548_1007,0,2017-05-12,8
389,2.0,392206.0,46403.0,450429.0,180.0,448381,0.0,8.0,1.0,2.0,3.0,0.0,4.0,2.0,430548_1007,0,2017-05-12,4
389,2.0,392206.0,46403.0,450429.0,180.0,795535,88.0,11.0,1.0,5.0,3.0,0.0,2.0,1.0,430548_1007,0,2017-05-13,5
389,2.0,392206.0,46403.0,450429.0,180.0,863455,0.0,9.0,1.0,3.0,3.0,0.0,2.0,1.0,430539_1007,0,2017-05-12,6
389,2.0,392206.0,46403.0,450429.0,180.0,863455,0.0,9.0,1.0,3.0,3.0,0.0,2.0,1.0,430539_1007,0,2017-05-06,6
389,2.0,392206.0,46403.0,450429.0,180.0,271111,0.0,11.0,1.0,5.0,1.0,0.0,2.0,2.0,430548_1007,0,2017-05-09,12
389,2.0,392206.0,46403.0,450429.0,180.0,562454,0.0,7.0,1.0,1.0,2.0,0.0,2.0,1.0,430548_1007,0,2017-05-09,14
389,2.0,392206.0,46403.0,450429.0,180.0,258950,74.0,10.0,1.0,4.0,2.0,0.0,3.0,1.0,430548_1007,1,2017-05-07,4
389,2.0,392206.0,46403.0,450429.0,180.0,258950,74.0,10.0,1.0,4.0,2.0,0.0,3.0,1.0,430548_1007,0,2017-05-12,9
391,4872.0,388315.0,42374.0,425589.0,53.98,725093,88.0,11.0,1.0,5.0,3.0,0.0,1.0,1.0,430548_1007,0,2017-05-06,23
391,4872.0,388315.0,42374.0,425589.0,53.98,635256,0.0,9.0,1.0,3.0,2.0,0.0,2.0,1.0,430548_1007,0,2017-05-07,1
391,4872.0,388315.0,42374.0,425589.0,53.98,380361,0.0,11.0,1.0,5.0,2.0,0.0,2.0,2.0,430539_1007,0,2017-05-13,2
391,4872.0,388315.0,42374.0,425589.0,53.98,224070,0.0,5.0,2.0,5.0,3.0,0.0,3.0,1.0,430539_1007,0,2017-05-09,0
391,4872.0,388315.0,42374.0,425589.0,53.98,964186,0.0,11.0,1.0,5.0,2.0,0.0,2.0,2.0,430539_1007,0,2017-05-07,0
391,4872.0,388315.0,42374.0,425589.0,53.98,1093218,0.0,11.0,1.0,5.0,3.0,0.0,2.0,2.0,430539_1007,0,2017-05-09,22
391,4872.0,388315.0,42374.0,425589.0,53.98,194541,0.0,9.0,1.0,3.0,3.0,0.0,2.0,2.0,430548_1007,0,2017-05-06,22
397,4585.0,128441.0,5029.0,195240.0,22.0,379148,0.0,3.0,2.0,3.0,3.0,0.0,2.0,2.0,430548_1007,0,2017-05-08,13
398,9083.0,140394.0,14149.0,175932.0,6.5,1080498,0.0,11.0,1.0,5.0,3.0,0.0,3.0,2.0,430548_1007,0,2017-05-10,13
402,5180.0,400061.0,19730.0,172226.0,8.0,784445,0.0,10.0,1.0,4.0,3.0,0.0,1.0,2.0,430548_1007,0,2017-05-10,14
402,5180.0,400061.0,19730.0,172226.0,8.0,129035,0.0,3.0,2.0,3.0,3.0,0.0,4.0,1.0,430548_1007,0,2017-05-12,15
402,5180.0,400061.0,19730.0,172226.0,8.0,530398,0.0,5.0,2.0,5.0,3.0,0.0,2.0,1.0,430539_1007,0,2017-05-13,13
402,5180.0,400061.0,19730.0,172226.0,8.0,473058,51.0,7.0,1.0,1.0,3.0,0.0,4.0,2.0,430548_1007,0,2017-05-12,15
403,4571.0,152003.0,23609.0,2882.0,180.0,214376,49.0,6.0,2.0,6.0,3.0,0.0,2.0,2.0,430539_1007,1,2017-05-12,18
404,6795.0,104128.0,1009.0,14870.0,55.0,130432,0.0,10.0,1.0,4.0,1.0,0.0,2.0,2.0,430548_1007,0,2017-05-08,12
408,5861.0,384451.0,38118.0,318327.0,38.0,67773,45.0,5.0,2.0,5.0,3.0,0.0,4.0,2.0,430548_1007,0,2017-05-07,6
408,5861.0,384451.0,38118.0,318327.0,38.0,476393,0.0,5.0,2.0,5.0,3.0,0.0,2.0,1.0,430548_1007,0,2017-05-13,5
408,5861.0,384451.0,38118.0,318327.0,38.0,656596,0.0,10.0,1.0,4.0,3.0,0.0,1.0,2.0,430548_1007,0,2017-05-08,14
408,5861.0,384451.0,38118.0,318327.0,38.0,656596,0.0,10.0,1.0,4.0,3.0,0.0,1.0,2.0,430548_1007,0,2017-05-06,14
408,5861.0,384451.0,38118.0,318327.0,38.0,920642,0.0,9.0,1.0,3.0,3.0,0.0,3.0,2.0,430548_1007,0,2017-05-11,8
408,5861.0,384451.0,38118.0,318327.0,38.0,920642,0.0,9.0,1.0,3.0,3.0,0.0,3.0,2.0,430548_1007,0,2017-05-09,10
408,5861.0,384451.0,38118.0,318327.0,38.0,949832,0.0,4.0,2.0,4.0,1.0,0.0,2.0,2.0,430548_1007,0,2017-05-06,11
417,5379.0,391877.0,46072.0,87023.0,25.0,912529,56.0,8.0,1.0,2.0,3.0,0.0,2.0,2.0,430548_1007,0,2017-05-13,15
421,6025.0,205162.0,29774.0,113879.0,98.0,618405,0.0,10.0,1.0,4.0,2.0,0.0,2.0,2.0,430548_1007,0,2017-05-13,11
421,6025.0,205162.0,29774.0,113879.0,98.0,891914,0.0,11.0,1.0,5.0,2.0,0.0,2.0,1.0,430548_1007,0,2017-05-13,5
423,5381.0,139723.0,21587.0,313471.0,45.0,632770,0.0,11.0,1.0,5.0,3.0,0.0,4.0,2.0,430548_1007,0,2017-05-12,12
423,5381.0,139723.0,21587.0,313471.0,45.0,1047776,0.0,4.0,2.0,4.0,3.0,0.0,2.0,2.0,430548_1007,0,2017-05-08,11
423,5381.0,139723.0,21587.0,313471.0,45.0,632770,0.0,11.0,1.0,5.0,3.0,0.0,4.0,2.0,430548_1007,0,2017-05-11,11
423,5381.0,139723.0,21587.0,313471.0,45.0,191284,0.0,11.0,1.0,5.0,2.0,0.0,2.0,3.0,430548_1007,0,2017-05-08,14
428,5142.0,401664.0,10175.0,17597.0,320.0,173164,64.0,9.0,1.0,3.0,3.0,0.0,2.0,1.0,430548_1007,1,2017-05-13,5
428,5142.0,401664.0,10175.0,17597.0,320.0,1048080,67.0,9.0,1.0,3.0,3.0,0.0,4.0,2.0,430548_1007,0,2017-05-13,0
437,10880.0,137826.0,18847.0,425589.0,108.0,43708,81.0,10.0,1.0,4.0,3.0,0.0,4.0,1.0,430548_1007,0,2017-05-12,13
438,8312.0,137042.0,15053.0,354803.0,21360.0,733967,80.0,10.0,1.0,4.0,3.0,0.0,2.0,2.0,430539_1007,0,2017-05-06,5
446,1079.0,154266.0,24283.0,226823.0,9.5,68902,93.0,11.0,1.0,5.0,3.0,0.0,2.0,3.0,430539_1007,1,2017-05-10,0
446,1079.0,154266.0,24283.0,226823.0,9.5,494254,0.0,11.0,1.0,5.0,2.0,0.0,2.0,2.0,430548_1007,0,2017-05-09,6
446,1079.0,154266.0,24283.0,226823.0,9.5,301415,50.0,7.0,1.0,1.0,2.0,0.0,2.0,2.0,430548_1007,0,2017-05-11,17
446,1079.0,154266.0,24283.0,226823.0,9.5,387433,0.0,9.0,1.0,3.0,3.0,0.0,2.0,2.0,430539_1007,0,2017-05-05,23
457,7209.0,390828.0,18296.0,364403.0,98.0,554854,0.0,10.0,1.0,4.0,3.0,0.0,4.0,1.0,430539_1007,0,2017-05-10,5
457,7209.0,390828.0,18296.0,364403.0,98.0,1016991,20.0,3.0,2.0,3.0,3.0,0.0,4.0,2.0,430539_1007,0,2017-05-11,2
457,7209.0,390828.0,18296.0,364403.0,98.0,1016991,20.0,3.0,2.0,3.0,3.0,0.0,4.0,2.0,430539_1007,1,2017-05-13,7
457,7209.0,390828.0,18296.0,364403.0,98.0,999382,5.0,2.0,2.0,2.0,3.0,1.0,2.0,2.0,430539_1007,0,2017-05-10,6
458,7037.0,236565.0,32736.0,36889.0,925.0,876503,0.0,11.0,1.0,5.0,2.0,0.0,4.0,2.0,430548_1007,0,2017-05-12,23
458,7037.0,236565.0,32736.0,36889.0,925.0,38547,0.0,12.0,1.0,6.0,2.0,0.0,2.0,1.0,430548_1007,0,2017-05-08,12
464,11869.0,136308.0,1905.0,56725.0,34.0,1140422,91.0,11.0,1.0,5.0,3.0,0.0,2.0,2.0,430548_1007,0,2017-05-09,1
464,11869.0,136308.0,1905.0,56725.0,34.0,445136,0.0,4.0,2.0,4.0,3.0,0.0,2.0,2.0,430548_1007,0,2017-05-10,1
464,11869.0,136308.0,1905.0,56725.0,34.0,616630,5.0,2.0,2.0,2.0,3.0,1.0,2.0,2.0,430539_1007,0,2017-05-10,7
464,11869.0,136308.0,1905.0,56725.0,34.0,848344,0.0,4.0,2.0,4.0,3.0,0.0,2.0,2.0,430548_1007,0,2017-05-06,14
465,6569.0,396042.0,31985.0,62157.0,18.0,1049551,0.0,10.0,1.0,4.0,3.0,0.0,2.0,2.0,430539_1007,0,2017-05-08,4
465,6569.0,396042.0,31985.0,62157.0,18.0,768296,81.0,10.0,1.0,4.0,3.0,0.0,4.0,2.0,430548_1007,0,2017-05-05,23
465,6569.0,396042.0,31985.0,62157.0,18.0,592801,0.0,11.0,1.0,5.0,2.0,0.0,4.0,2.0,430548_1007,0,2017-05-08,10
467,4603.0,135185.0,17244.0,332849.0,12.0,1079130,0.0,9.0,1.0,3.0,3.0,0.0,4.0,2.0,430539_1007,0,2017-05-08,0
467,4603.0,135185.0,17244.0,332849.0,12.0,302924,0.0,8.0,1.0,2.0,3.0,0.0,2.0,1.0,430539_1007,0,2017-05-10,1
478,5372.0,148590.0,23764.0,359087.0,50.0,886008,74.0,10.0,1.0,4.0,2.0,0.0,3.0,1.0,430548_1007,0,2017-05-13,1
478,5372.0,148590.0,23764.0,359087.0,50.0,637914,92.0,11.0,1.0,5.0,3.0,0.0,3.0,3.0,430539_1007,0,2017-05-08,1
478,5372.0,148590.0,23764.0,359087.0,50.0,877704,0.0,10.0,1.0,4.0,3.0,0.0,2.0,2.0,430548_1007,0,2017-05-12,8
478,5372.0,148590.0,23764.0,359087.0,50.0,855443,49.0,6.0,2.0,6.0,3.0,0.0,1.0,2.0,430539_1007,0,2017-05-11,23
480,11787.0,130717.0,7064.0,384589.0,74.5,1122258,33.0,4.0,2.0,4.0,3.0,0.0,2.0,2.0,430539_1007,0,2017-05-13,0
480,11787.0,130717.0,7064.0,384589.0,74.5,603365,6.0,2.0,2.0,2.0,2.0,0.0,4.0,2.0,430548_1007,0,2017-05-10,11
480,11787.0,130717.0,7064.0,384589.0,74.5,44223,0.0,5.0,2.0,5.0,3.0,0.0,2.0,1.0,430548_1007,0,2017-05-07,23
480,11787.0,130717.0,7064.0,384589.0,74.5,204304,19.0,3.0,2.0,3.0,3.0,0.0,2.0,2.0,430548_1007,0,2017-05-13,4
480,11787.0,130717.0,7064.0,384589.0,74.5,1122258,33.0,4.0,2.0,4.0,3.0,0.0,2.0,2.0,430539_1007,0,2017-05-10,7
480,11787.0,130717.0,7064.0,384589.0,74.5,377913,0.0,4.0,2.0,4.0,3.0,0.0,2.0,2.0,430539_1007,0,2017-05-09,14
480,11787.0,130717.0,7064.0,384589.0,74.5,208997,0.0,4.0,2.0,4.0,3.0,0.0,3.0,2.0,430548_1007,0,2017-05-12,14
480,11787.0,130717.0,7064.0,384589.0,74.5,49405,0.0,2.0,2.0,2.0,3.0,0.0,3.0,1.0,430548_1007,0,2017-05-11,13
480,11787.0,130717.0,7064.0,384589.0,74.5,1122258,33.0,4.0,2.0,4.0,3.0,0.0,2.0,2.0,430539_1007,0,2017-05-08,13
480,11787.0,130717.0,7064.0,384589.0,74.5,11102,6.0,2.0,2.0,2.0,2.0,0.0,4.0,2.0,430548_1007,0,2017-05-06,8
480,11787.0,130717.0,7064.0,384589.0,74.5,521568,0.0,11.0,1.0,5.0,3.0,0.0,2.0,2.0,430548_1007,0,2017-05-11,15
480,11787.0,130717.0,7064.0,384589.0,74.5,617763,41.0,5.0,2.0,5.0,3.0,0.0,2.0,1.0,430548_1007,0,2017-05-05,23
480,11787.0,130717.0,7064.0,384589.0,74.5,1051914,19.0,3.0,2.0,3.0,3.0,0.0,2.0,2.0,430548_1007,0,2017-05-07,14
480,11787.0,130717.0,7064.0,384589.0,74.5,514804,5.0,2.0,2.0,2.0,3.0,1.0,4.0,2.0,430539_1007,0,2017-05-11,14
480,11787.0,130717.0,7064.0,384589.0,74.5,778825,0.0,3.0,2.0,3.0,3.0,0.0,2.0,2.0,430548_1007,0,2017-05-08,14
480,11787.0,130717.0,7064.0,384589.0,74.5,563373,0.0,10.0,1.0,4.0,3.0,0.0,2.0,2.0,430548_1007,0,2017-05-09,14
480,11787.0,130717.0,7064.0,384589.0,74.5,1122258,33.0,4.0,2.0,4.0,3.0,0.0,2.0,2.0,430539_1007,0,2017-05-06,8
480,11787.0,130717.0,7064.0,384589.0,74.5,442609,19.0,3.0,2.0,3.0,3.0,0.0,2.0,2.0,430539_1007,0,2017-05-12,7
480,11787.0,130717.0,7064.0,384589.0,74.5,763108,0.0,4.0,2.0,4.0,3.0,0.0,2.0,2.0,430548_1007,0,2017-05-12,17
480,11787.0,130717.0,7064.0,384589.0,74.5,377913,0.0,4.0,2.0,4.0,3.0,0.0,2.0,2.0,430539_1007,0,2017-05-12,14
480,11787.0,130717.0,7064.0,384589.0,74.5,339424,0.0,3.0,2.0,3.0,3.0,1.0,4.0,1.0,430548_1007,0,2017-05-07,14
480,11787.0,130717.0,7064.0,384589.0,74.5,763108,0.0,4.0,2.0,4.0,3.0,0.0,2.0,2.0,430548_1007,0,2017-05-12,15
480,11787.0,130717.0,7064.0,384589.0,74.5,222026,31.0,4.0,2.0,4.0,3.0,0.0,3.0,1.0,430548_1007,1,2017-05-11,0
480,11787.0,130717.0,7064.0,384589.0,74.5,99477,34.0,4.0,2.0,4.0,3.0,0.0,3.0,2.0,430539_1007,0,2017-05-07,14
480,11787.0,130717.0,7064.0,384589.0,74.5,906949,77.0,10.0,1.0,4.0,3.0,0.0,1.0,1.0,430539_1007,0,2017-05-06,23
480,11787.0,130717.0,7064.0,384589.0,74.5,710288,0.0,2.0,2.0,2.0,3.0,0.0,1.0,1.0,430539_1007,0,2017-05-10,17
480,11787.0,130717.0,7064.0,384589.0,74.5,451488,0.0,2.0,2.0,2.0,3.0,0.0,2.0,1.0,430548_1007,0,2017-05-07,4
480,11787.0,130717.0,7064.0,384589.0,74.5,1135657,45.0,5.0,2.0,5.0,3.0,0.0,3.0,2.0,430539_1007,0,2017-05-11,9
480,11787.0,130717.0,7064.0,384589.0,74.5,660655,0.0,5.0,2.0,5.0,3.0,0.0,3.0,2.0,430548_1007,0,2017-05-10,23
480,11787.0,130717.0,7064.0,384589.0,74.5,511991,0.0,2.0,2.0,2.0,3.0,0.0,3.0,1.0,430548_1007,0,2017-05-08,6
480,11787.0,130717.0,7064.0,384589.0,74.5,583192,0.0,9.0,1.0,3.0,1.0,0.0,2.0,2.0,430548_1007,0,2017-05-10,15
480,11787.0,130717.0,7064.0,384589.0,74.5,426487,0.0,10.0,1.0,4.0,3.0,0.0,3.0,2.0,430548_1007,0,2017-05-09,12
480,11787.0,130717.0,7064.0,384589.0,74.5,891595,74.0,10.0,1.0,4.0,2.0,0.0,4.0,1.0,430548_1007,0,2017-05-11,13
480,11787.0,130717.0,7064.0,384589.0,74.5,388986,0.0,7.0,1.0,1.0,2.0,0.0,2.0,2.0,430548_1007,0,2017-05-11,15
480,11787.0,130717.0,7064.0,384589.0,74.5,331038,0.0,5.0,2.0,5.0,3.0,0.0,2.0,1.0,430548_1007,0,2017-05-10,7
480,11787.0,130717.0,7064.0,384589.0,74.5,900342,0.0,10.0,1.0,4.0,3.0,0.0,2.0,1.0,430548_1007,0,2017-05-09,7
480,11787.0,130717.0,7064.0,384589.0,74.5,54086,0.0,6.0,2.0,6.0,3.0,0.0,2.0,2.0,430548_1007,0,2017-05-11,16
480,11787.0,130717.0,7064.0,384589.0,74.5,969206,0.0,3.0,2.0,3.0,2.0,0.0,1.0,2.0,430539_1007,0,2017-05-06,10
480,11787.0,130717.0,7064.0,384589.0,74.5,900342,0.0,10.0,1.0,4.0,3.0,0.0,2.0,1.0,430548_1007,0,2017-05-06,13
480,11787.0,130717.0,7064.0,384589.0,74.5,545036,0.0,5.0,2.0,5.0,3.0,0.0,2.0,2.0,430548_1007,1,2017-05-12,14
480,11787.0,130717.0,7064.0,384589.0,74.5,900342,0.0,10.0,1.0,4.0,3.0,0.0,2.0,1.0,430548_1007,0,2017-05-07,7
480,11787.0,130717.0,7064.0,384589.0,74.5,310937,0.0,3.0,2.0,3.0,1.0,0.0,2.0,2.0,430548_1007,0,2017-05-13,8
480,11787.0,130717.0,7064.0,384589.0,74.5,221640,0.0,5.0,2.0,5.0,3.0,0.0,2.0,2.0,430548_1007,0,2017-05-11,13
483,7717.0,132355.0,11029.0,278545.0,440.0,974509,0.0,11.0,1.0,5.0,3.0,0.0,1.0,2.0,430539_1007,0,2017-05-12,2
484,6388.0,388741.0,30187.0,439755.0,130.0,189072,0.0,9.0,1.0,3.0,3.0,0.0,2.0,2.0,430539_1007,0,2017-05-08,14
484,6388.0,388741.0,30187.0,439755.0,130.0,189072,0.0,9.0,1.0,3.0,3.0,0.0,2.0,2.0,430539_1007,0,2017-05-07,13
484,6388.0,388741.0,30187.0,439755.0,130.0,608866,18.0,3.0,2.0,3.0,3.0,0.0,1.0,2.0,430548_1007,0,2017-05-12,17
489,10061.0,161769.0,6243.0,243661.0,160.0,1055240,81.0,10.0,1.0,4.0,3.0,0.0,4.0,2.0,430539_1007,0,2017-05-10,5
489,10061.0,161769.0,6243.0,243661.0,160.0,662403,77.0,10.0,1.0,4.0,3.0,0.0,2.0,1.0,430539_1007,0,2017-05-06,11
489,10061.0,161769.0,6243.0,243661.0,160.0,131357,0.0,11.0,1.0,5.0,3.0,0.0,2.0,2.0,430548_1007,0,2017-05-08,0
503,9147.0,118431.0,2793.0,213525.0,95.0,38966,0.0,3.0,2.0,3.0,2.0,0.0,2.0,1.0,430548_1007,0,2017-05-13,14
503,9147.0,118431.0,2793.0,213525.0,95.0,155505,0.0,10.0,1.0,4.0,3.0,0.0,4.0,2.0,430548_1007,0,2017-05-08,12
503,9147.0,118431.0,2793.0,213525.0,95.0,117747,0.0,10.0,1.0,4.0,3.0,0.0,2.0,2.0,430548_1007,0,2017-05-10,2
504,9652.0,200169.0,29155.0,49911.0,108.0,1109140,0.0,10.0,1.0,4.0,3.0,0.0,1.0,1.0,430539_1007,0,2017-05-07,8
504,9652.0,200169.0,29155.0,49911.0,108.0,486643,88.0,11.0,1.0,5.0,3.0,0.0,2.0,1.0,430548_1007,0,2017-05-07,22
504,9652.0,200169.0,29155.0,49911.0,108.0,53977,34.0,4.0,2.0,4.0,3.0,0.0,3.0,2.0,430548_1007,0,2017-05-12,14
504,9652.0,200169.0,29155.0,49911.0,108.0,74857,92.0,11.0,1.0,5.0,3.0,0.0,4.0,2.0,430548_1007,0,2017-05-09,8
508,7214.0,140326.0,22145.0,372026.0,13.8,329644,0.0,5.0,2.0,5.0,3.0,0.0,2.0,2.0,430548_1007,0,2017-05-07,5
518,6708.0,385424.0,12638.0,56698.0,93.1,879277,69.0,9.0,1.0,3.0,3.0,0.0,3.0,3.0,430548_1007,0,2017-05-09,15
518,6708.0,385424.0,12638.0,56698.0,93.1,879277,69.0,9.0,1.0,3.0,3.0,0.0,3.0,3.0,430548_1007,0,2017-05-10,12
518,6708.0,385424.0,12638.0,56698.0,93.1,816720,0.0,4.0,2.0,4.0,3.0,0.0,2.0,1.0,430548_1007,0,2017-05-12,15
518,6708.0,385424.0,12638.0,56698.0,93.1,792564,19.0,3.0,2.0,3.0,3.0,0.0,2.0,2.0,430539_1007,0,2017-05-11,5
518,6708.0,385424.0,12638.0,56698.0,93.1,879277,69.0,9.0,1.0,3.0,3.0,0.0,3.0,3.0,430548_1007,0,2017-05-09,13
520,6181.0,131608.0,9303.0,184921.0,9.8,92956,0.0,11.0,1.0,5.0,3.0,0.0,2.0,1.0,430548_1007,0,2017-05-12,2
520,6181.0,131608.0,9303.0,184921.0,9.8,378881,12.0,3.0,2.0,3.0,2.0,0.0,4.0,1.0,430548_1007,0,2017-05-09,23
520,6181.0,131608.0,9303.0,184921.0,9.8,1015077,88.0,11.0,1.0,5.0,3.0,0.0,2.0,1.0,430539_1007,0,2017-05-08,12
520,6181.0,131608.0,9303.0,184921.0,9.8,707753,0.0,3.0,2.0,3.0,3.0,0.0,2.0,1.0,430548_1007,0,2017-05-11,7
520,6181.0,131608.0,9303.0,184921.0,9.8,149692,33.0,4.0,2.0,4.0,3.0,0.0,2.0,2.0,430548_1007,0,2017-05-13,11
520,6181.0,131608.0,9303.0,184921.0,9.8,320231,6.0,2.0,2.0,2.0,2.0,0.0,2.0,1.0,430548_1007,0,2017-05-10,9
520,6181.0,131608.0,9303.0,184921.0,9.8,1043226,7.0,2.0,2.0,2.0,3.0,0.0,2.0,1.0,430548_1007,0,2017-05-07,5
520,6181.0,131608.0,9303.0,184921.0,9.8,586370,33.0,4.0,2.0,4.0,3.0,0.0,2.0,2.0,430548_1007,0,2017-05-12,6
520,6181.0,131608.0,9303.0,184921.0,9.8,448097,0.0,9.0,1.0,3.0,3.0,0.0,2.0,2.0,430548_1007,1,2017-05-12,23
520,6181.0,131608.0,9303.0,184921.0,9.8,92956,0.0,11.0,1.0,5.0,3.0,0.0,2.0,1.0,430548_1007,0,2017-05-10,22
520,6181.0,131608.0,9303.0,184921.0,9.8,141499,0.0,4.0,2.0,4.0,3.0,0.0,2.0,1.0,430548_1007,0,2017-05-06,10
520,6181.0,131608.0,9303.0,184921.0,9.8,586370,33.0,4.0,2.0,4.0,3.0,0.0,2.0,2.0,430548_1007,0,2017-05-07,12
520,6181.0,131608.0,9303.0,184921.0,9.8,586370,33.0,4.0,2.0,4.0,3.0,0.0,2.0,2.0,430548_1007,0,2017-05-10,6
520,6181.0,131608.0,9303.0,184921.0,9.8,244327,0.0,3.0,2.0,3.0,3.0,0.0,3.0,2.0,430548_1007,0,2017-05-08,4
520,6181.0,131608.0,9303.0,184921.0,9.8,56639,0.0,3.0,2.0,3.0,3.0,0.0,2.0,1.0,430548_1007,0,2017-05-08,6
520,6181.0,131608.0,9303.0,184921.0,9.8,644845,30.0,4.0,2.0,4.0,3.0,0.0,1.0,1.0,430548_1007,0,2017-05-13,6
520,6181.0,131608.0,9303.0,184921.0,9.8,429675,0.0,4.0,2.0,4.0,2.0,0.0,4.0,2.0,430548_1007,0,2017-05-11,1
520,6181.0,131608.0,9303.0,184921.0,9.8,228072,31.0,4.0,2.0,4.0,3.0,0.0,4.0,1.0,430548_1007,0,2017-05-07,9
520,6181.0,131608.0,9303.0,184921.0,9.8,1043226,7.0,2.0,2.0,2.0,3.0,0.0,2.0,1.0,430548_1007,0,2017-05-11,10
520,6181.0,131608.0,9303.0,184921.0,9.8,253796,0.0,4.0,2.0,4.0,3.0,0.0,2.0,1.0,430539_1007,0,2017-05-09,6
520,6181.0,131608.0,9303.0,184921.0,9.8,204279,0.0,4.0,2.0,4.0,3.0,0.0,4.0,3.0,430548_1007,0,2017-05-10,4
520,6181.0,131608.0,9303.0,184921.0,9.8,459998,16.0,3.0,2.0,3.0,3.0,0.0,2.0,1.0,430548_1007,0,2017-05-12,19
520,6181.0,131608.0,9303.0,184921.0,9.8,295660,0.0,4.0,2.0,4.0,2.0,0.0,2.0,1.0,430548_1007,0,2017-05-09,12
520,6181.0,131608.0,9303.0,184921.0,9.8,124544,78.0,10.0,1.0,4.0,3.0,0.0,4.0,1.0,430548_1007,0,2017-05-12,9
520,6181.0,131608.0,9303.0,184921.0,9.8,817390,16.0,3.0,2.0,3.0,3.0,0.0,2.0,1.0,430539_1007,0,2017-05-09,2
520,6181.0,131608.0,9303.0,184921.0,9.8,817390,16.0,3.0,2.0,3.0,3.0,0.0,2.0,1.0,430539_1007,0,2017-05-11,4
520,6181.0,131608.0,9303.0,184921.0,9.8,186987,17.0,3.0,2.0,3.0,3.0,0.0,4.0,1.0,430539_1007,0,2017-05-13,0
520,6181.0,131608.0,9303.0,184921.0,9.8,190305,0.0,2.0,2.0,2.0,3.0,0.0,2.0,1.0,430548_1007,0,2017-05-11,0
520,6181.0,131608.0,9303.0,184921.0,9.8,858086,27.0,4.0,2.0,4.0,2.0,0.0,4.0,2.0,430539_1007,0,2017-05-12,10
520,6181.0,131608.0,9303.0,184921.0,9.8,1101647,77.0,10.0,1.0,4.0,3.0,0.0,2.0,1.0,430548_1007,1,2017-05-13,13
520,6181.0,131608.0,9303.0,184921.0,9.8,680815,0.0,9.0,1.0,3.0,3.0,0.0,2.0,1.0,430548_1007,0,2017-05-09,11
520,6181.0,131608.0,9303.0,184921.0,9.8,308035,7.0,2.0,2.0,2.0,3.0,0.0,2.0,1.0,430548_1007,0,2017-05-12,11
520,6181.0,131608.0,9303.0,184921.0,9.8,190305,0.0,2.0,2.0,2.0,3.0,0.0,2.0,1.0,430548_1007,0,2017-05-13,5
520,6181.0,131608.0,9303.0,184921.0,9.8,190305,0.0,2.0,2.0,2.0,3.0,0.0,2.0,1.0,430548_1007,0,2017-05-08,2
520,6181.0,131608.0,9303.0,184921.0,9.8,190305,0.0,2.0,2.0,2.0,3.0,0.0,2.0,1.0,430548_1007,0,2017-05-10,5
520,6181.0,131608.0,9303.0,184921.0,9.8,190305,0.0,2.0,2.0,2.0,3.0,0.0,2.0,1.0,430548_1007,0,2017-05-06,6
520,6181.0,131608.0,9303.0,184921.0,9.8,190305,0.0,2.0,2.0,2.0,3.0,0.0,2.0,1.0,430548_1007,0,2017-05-10,2
520,6181.0,131608.0,9303.0,184921.0,9.8,1101647,77.0,10.0,1.0,4.0,3.0,0.0,2.0,1.0,430548_1007,1,2017-05-09,9
520,6181.0,131608.0,9303.0,184921.0,9.8,559815,0.0,2.0,2.0,2.0,3.0,0.0,2.0,1.0,430548_1007,0,2017-05-08,4
520,6181.0,131608.0,9303.0,184921.0,9.8,1081910,0.0,3.0,2.0,3.0,3.0,0.0,2.0,1.0,430548_1007,0,2017-05-07,13
520,6181.0,131608.0,9303.0,184921.0,9.8,562818,0.0,3.0,2.0,3.0,3.0,0.0,4.0,1.0,430548_1007,0,2017-05-10,23
520,6181.0,131608.0,9303.0,184921.0,9.8,530381,0.0,4.0,2.0,4.0,2.0,0.0,2.0,1.0,430548_1007,0,2017-05-09,7
520,6181.0,131608.0,9303.0,184921.0,9.8,322731,0.0,11.0,1.0,5.0,3.0,0.0,2.0,2.0,430539_1007,0,2017-05-12,1
520,6181.0,131608.0,9303.0,184921.0,9.8,322731,0.0,11.0,1.0,5.0,3.0,0.0,2.0,2.0,430539_1007,0,2017-05-09,4
520,6181.0,131608.0,9303.0,184921.0,9.8,322731,0.0,11.0,1.0,5.0,3.0,0.0,2.0,2.0,430539_1007,0,2017-05-10,6
520,6181.0,131608.0,9303.0,184921.0,9.8,559815,0.0,2.0,2.0,2.0,3.0,0.0,2.0,1.0,430548_1007,0,2017-05-07,2
520,6181.0,131608.0,9303.0,184921.0,9.8,562818,0.0,3.0,2.0,3.0,3.0,0.0,4.0,1.0,430548_1007,0,2017-05-12,10
520,6181.0,131608.0,9303.0,184921.0,9.8,910618,0.0,10.0,1.0,4.0,3.0,0.0,2.0,2.0,430548_1007,0,2017-05-09,3
520,6181.0,131608.0,9303.0,184921.0,9.8,581592,0.0,3.0,2.0,3.0,2.0,0.0,2.0,1.0,430548_1007,0,2017-05-12,7
520,6181.0,131608.0,9303.0,184921.0,9.8,530381,0.0,4.0,2.0,4.0,2.0,0.0,2.0,1.0,430548_1007,0,2017-05-12,11
520,6181.0,131608.0,9303.0,184921.0,9.8,530381,0.0,4.0,2.0,4.0,2.0,0.0,2.0,1.0,430548_1007,0,2017-05-07,0
520,6181.0,131608.0,9303.0,184921.0,9.8,989024,0.0,3.0,2.0,3.0,3.0,0.0,2.0,2.0,430539_1007,0,2017-05-07,10
520,6181.0,131608.0,9303.0,184921.0,9.8,602460,0.0,3.0,2.0,3.0,3.0,0.0,3.0,1.0,430539_1007,0,2017-05-05,16
520,6181.0,131608.0,9303.0,184921.0,9.8,752015,17.0,3.0,2.0,3.0,3.0,0.0,4.0,1.0,430548_1007,0,2017-05-09,13
520,6181.0,131608.0,9303.0,184921.0,9.8,562818,0.0,3.0,2.0,3.0,3.0,0.0,4.0,1.0,430548_1007,0,2017-05-11,7
520,6181.0,131608.0,9303.0,184921.0,9.8,971917,20.0,3.0,2.0,3.0,3.0,0.0,4.0,2.0,430548_1007,0,2017-05-10,8
520,6181.0,131608.0,9303.0,184921.0,9.8,773668,0.0,10.0,1.0,4.0,3.0,0.0,2.0,1.0,430539_1007,0,2017-05-09,12
520,6181.0,131608.0,9303.0,184921.0,9.8,322731,0.0,11.0,1.0,5.0,3.0,0.0,2.0,2.0,430539_1007,0,2017-05-06,22
520,6181.0,131608.0,9303.0,184921.0,9.8,562818,0.0,3.0,2.0,3.0,3.0,0.0,4.0,1.0,430548_1007,0,2017-05-10,6
520,6181.0,131608.0,9303.0,184921.0,9.8,669556,16.0,3.0,2.0,3.0,3.0,0.0,2.0,1.0,430539_1007,0,2017-05-12,12
520,6181.0,131608.0,9303.0,184921.0,9.8,479883,0.0,4.0,2.0,4.0,1.0,0.0,2.0,1.0,430548_1007,0,2017-05-12,11
520,6181.0,131608.0,9303.0,184921.0,9.8,239627,0.0,2.0,2.0,2.0,3.0,0.0,2.0,1.0,430539_1007,0,2017-05-11,19
524,7635.0,402171.0,56715.0,373371.0,4180.0,484182,0.0,2.0,2.0,2.0,3.0,1.0,2.0,1.0,430548_1007,0,2017-05-09,10
524,7635.0,402171.0,56715.0,373371.0,4180.0,764541,93.0,11.0,1.0,5.0,3.0,0.0,2.0,3.0,430548_1007,0,2017-05-11,10
524,7635.0,402171.0,56715.0,373371.0,4180.0,997144,0.0,3.0,2.0,3.0,3.0,0.0,2.0,1.0,430539_1007,0,2017-05-13,13
524,7635.0,402171.0,56715.0,373371.0,4180.0,580300,0.0,4.0,2.0,4.0,3.0,0.0,2.0,1.0,430539_1007,0,2017-05-10,1
524,7635.0,402171.0,56715.0,373371.0,4180.0,247797,73.0,10.0,1.0,4.0,2.0,0.0,2.0,2.0,430548_1007,0,2017-05-12,1
524,7635.0,402171.0,56715.0,373371.0,4180.0,338450,0.0,11.0,1.0,5.0,3.0,0.0,3.0,2.0,430548_1007,0,2017-05-11,8
524,7635.0,402171.0,56715.0,373371.0,4180.0,604905,91.0,11.0,1.0,5.0,3.0,0.0,2.0,2.0,430548_1007,0,2017-05-07,6
524,7635.0,402171.0,56715.0,373371.0,4180.0,604905,91.0,11.0,1.0,5.0,3.0,0.0,2.0,2.0,430548_1007,0,2017-05-11,1
524,7635.0,402171.0,56715.0,373371.0,4180.0,765561,5.0,2.0,2.0,2.0,3.0,1.0,2.0,2.0,430548_1007,0,2017-05-06,14
524,7635.0,402171.0,56715.0,373371.0,4180.0,411838,0.0,7.0,1.0,1.0,2.0,0.0,2.0,1.0,430548_1007,0,2017-05-09,14
524,7635.0,402171.0,56715.0,373371.0,4180.0,275554,45.0,5.0,2.0,5.0,3.0,0.0,4.0,2.0,430548_1007,0,2017-05-13,14
524,7635.0,402171.0,56715.0,373371.0,4180.0,1101904,18.0,3.0,2.0,3.0,3.0,0.0,1.0,2.0,430539_1007,0,2017-05-12,3
524,7635.0,402171.0,56715.0,373371.0,4180.0,255787,0.0,9.0,1.0,3.0,3.0,0.0,2.0,2.0,430539_1007,0,2017-05-12,15
524,7635.0,402171.0,56715.0,373371.0,4180.0,257701,0.0,3.0,2.0,3.0,2.0,0.0,2.0,1.0,430539_1007,0,2017-05-12,15
524,7635.0,402171.0,56715.0,373371.0,4180.0,361383,0.0,5.0,2.0,5.0,3.0,0.0,3.0,2.0,430548_1007,0,2017-05-09,13
524,7635.0,402171.0,56715.0,373371.0,4180.0,1123056,45.0,5.0,2.0,5.0,3.0,0.0,4.0,2.0,430539_1007,0,2017-05-09,9
524,7635.0,402171.0,56715.0,373371.0,4180.0,1123056,45.0,5.0,2.0,5.0,3.0,0.0,4.0,2.0,430539_1007,1,2017-05-06,13
524,7635.0,402171.0,56715.0,373371.0,4180.0,513283,0.0,3.0,2.0,3.0,3.0,0.0,2.0,3.0,430539_1007,0,2017-05-09,14
524,7635.0,402171.0,56715.0,373371.0,4180.0,836551,7.0,2.0,2.0,2.0,3.0,0.0,1.0,1.0,430539_1007,0,2017-05-07,13
524,7635.0,402171.0,56715.0,373371.0,4180.0,947769,0.0,4.0,2.0,4.0,1.0,0.0,2.0,2.0,430539_1007,0,2017-05-12,10
524,7635.0,402171.0,56715.0,373371.0,4180.0,836551,7.0,2.0,2.0,2.0,3.0,0.0,1.0,1.0,430539_1007,0,2017-05-09,12
524,7635.0,402171.0,56715.0,373371.0,4180.0,407327,0.0,2.0,2.0,2.0,3.0,1.0,2.0,3.0,430548_1007,0,2017-05-06,14
524,7635.0,402171.0,56715.0,373371.0,4180.0,814470,0.0,8.0,1.0,2.0,3.0,0.0,2.0,1.0,430539_1007,0,2017-05-12,1
524,7635.0,402171.0,56715.0,373371.0,4180.0,174241,78.0,10.0,1.0,4.0,3.0,0.0,4.0,1.0,430548_1007,0,2017-05-09,13
524,7635.0,402171.0,56715.0,373371.0,4180.0,1119499,20.0,3.0,2.0,3.0,3.0,0.0,4.0,2.0,430548_1007,0,2017-05-09,8
524,7635.0,402171.0,56715.0,373371.0,4180.0,431218,0.0,5.0,2.0,5.0,3.0,0.0,2.0,2.0,430539_1007,0,2017-05-12,1
524,7635.0,402171.0,56715.0,373371.0,4180.0,1112792,0.0,3.0,2.0,3.0,3.0,0.0,2.0,2.0,430539_1007,1,2017-05-11,12
524,7635.0,402171.0,56715.0,373371.0,4180.0,213132,0.0,11.0,1.0,5.0,3.0,0.0,3.0,2.0,430539_1007,0,2017-05-11,11
524,7635.0,402171.0,56715.0,373371.0,4180.0,401598,44.0,5.0,2.0,5.0,3.0,0.0,2.0,2.0,430548_1007,0,2017-05-09,12
524,7635.0,402171.0,56715.0,373371.0,4180.0,747433,0.0,9.0,1.0,3.0,2.0,0.0,2.0,1.0,430539_1007,0,2017-05-13,13
524,7635.0,402171.0,56715.0,373371.0,4180.0,754486,0.0,10.0,1.0,4.0,3.0,0.0,1.0,3.0,430539_1007,0,2017-05-11,13
524,7635.0,402171.0,56715.0,373371.0,4180.0,230537,0.0,5.0,2.0,5.0,3.0,0.0,2.0,2.0,430548_1007,0,2017-05-12,0
524,7635.0,402171.0,56715.0,373371.0,4180.0,11583,0.0,4.0,2.0,4.0,3.0,0.0,2.0,1.0,430548_1007,0,2017-05-13,1
524,7635.0,402171.0,56715.0,373371.0,4180.0,947769,0.0,4.0,2.0,4.0,1.0,0.0,2.0,2.0,430539_1007,0,2017-05-07,8
524,7635.0,402171.0,56715.0,373371.0,4180.0,583561,46.0,5.0,2.0,5.0,3.0,0.0,1.0,3.0,430539_1007,0,2017-05-10,15
524,7635.0,402171.0,56715.0,373371.0,4180.0,500645,20.0,3.0,2.0,3.0,3.0,0.0,4.0,2.0,430548_1007,0,2017-05-06,10
524,7635.0,402171.0,56715.0,373371.0,4180.0,1122015,0.0,9.0,1.0,3.0,3.0,0.0,2.0,2.0,430548_1007,0,2017-05-11,13
524,7635.0,402171.0,56715.0,373371.0,4180.0,318018,33.0,4.0,2.0,4.0,3.0,0.0,2.0,2.0,430539_1007,0,2017-05-12,5
524,7635.0,402171.0,56715.0,373371.0,4180.0,153406,35.0,4.0,2.0,4.0,3.0,0.0,1.0,3.0,430539_1007,0,2017-05-13,0
524,7635.0,402171.0,56715.0,373371.0,4180.0,11583,0.0,4.0,2.0,4.0,3.0,0.0,2.0,1.0,430548_1007,0,2017-05-13,4
532,7565.0,131958.0,10136.0,329835.0,3000.0,592641,0.0,5.0,2.0,5.0,3.0,0.0,2.0,2.0,430548_1007,0,2017-05-06,14
532,7565.0,131958.0,10136.0,329835.0,3000.0,854791,0.0,5.0,2.0,5.0,3.0,0.0,2.0,1.0,430548_1007,0,2017-05-10,4
532,7565.0,131958.0,10136.0,329835.0,3000.0,799581,56.0,8.0,1.0,2.0,3.0,0.0,2.0,1.0,430548_1007,0,2017-05-08,8
532,7565.0,131958.0,10136.0,329835.0,3000.0,391398,8.0,2.0,2.0,2.0,3.0,0.0,3.0,2.0,430539_1007,0,2017-05-11,7
532,7565.0,131958.0,10136.0,329835.0,3000.0,586548,45.0,5.0,2.0,5.0,3.0,0.0,4.0,2.0,430539_1007,0,2017-05-10,14
532,7565.0,131958.0,10136.0,329835.0,3000.0,155827,92.0,11.0,1.0,5.0,3.0,0.0,3.0,2.0,430548_1007,0,2017-05-07,7
532,7565.0,131958.0,10136.0,329835.0,3000.0,961805,0.0,4.0,2.0,4.0,3.0,0.0,3.0,2.0,430548_1007,0,2017-05-11,5
532,7565.0,131958.0,10136.0,329835.0,3000.0,961805,0.0,4.0,2.0,4.0,3.0,0.0,3.0,2.0,430548_1007,0,2017-05-12,13
532,7565.0,131958.0,10136.0,329835.0,3000.0,472442,0.0,3.0,2.0,3.0,3.0,0.0,3.0,1.0,430548_1007,0,2017-05-08,13
532,7565.0,131958.0,10136.0,329835.0,3000.0,300779,45.0,5.0,2.0,5.0,3.0,0.0,3.0,2.0,430548_1007,0,2017-05-13,14
533,7650.0,131958.0,10136.0,329835.0,950.0,746568,0.0,8.0,1.0,2.0,3.0,0.0,2.0,1.0,430548_1007,1,2017-05-06,7
535,10075.0,384738.0,38460.0,251087.0,9.8,610498,77.0,10.0,1.0,4.0,3.0,0.0,2.0,1.0,430539_1007,0,2017-05-10,13
535,10075.0,384738.0,38460.0,251087.0,9.8,707046,0.0,9.0,1.0,3.0,3.0,0.0,1.0,3.0,430548_1007,0,2017-05-11,0
535,10075.0,384738.0,38460.0,251087.0,9.8,628869,80.0,10.0,1.0,4.0,3.0,0.0,2.0,2.0,430548_1007,0,2017-05-13,11
535,10075.0,384738.0,38460.0,251087.0,9.8,628869,80.0,10.0,1.0,4.0,3.0,0.0,2.0,2.0,430548_1007,0,2017-05-12,3
541,1478.0,206050.0,27785.0,48560.0,768.0,736464,0.0,11.0,1.0,5.0,3.0,0.0,3.0,3.0,430548_1007,0,2017-05-09,15
541,1478.0,206050.0,27785.0,48560.0,768.0,29459,0.0,3.0,2.0,3.0,3.0,0.0,2.0,1.0,430539_1007,0,2017-05-07,7
541,1478.0,206050.0,27785.0,48560.0,768.0,1120413,0.0,4.0,2.0,4.0,3.0,0.0,2.0,1.0,430548_1007,0,2017-05-08,4
541,1478.0,206050.0,27785.0,48560.0,768.0,793983,0.0,9.0,1.0,3.0,3.0,0.0,2.0,2.0,430548_1007,0,2017-05-10,2
541,1478.0,206050.0,27785.0,48560.0,768.0,867226,0.0,12.0,1.0,6.0,2.0,0.0,2.0,2.0,430548_1007,0,2017-05-09,12
541,1478.0,206050.0,27785.0,48560.0,768.0,1040256,76.0,10.0,1.0,4.0,2.0,0.0,3.0,3.0,430548_1007,0,2017-05-11,15
541,1478.0,206050.0,27785.0,48560.0,768.0,672925,44.0,5.0,2.0,5.0,3.0,0.0,2.0,2.0,430548_1007,0,2017-05-11,1
541,1478.0,206050.0,27785.0,48560.0,768.0,1071830,42.0,5.0,2.0,5.0,3.0,0.0,4.0,1.0,430548_1007,0,2017-05-09,12
541,1478.0,206050.0,27785.0,48560.0,768.0,121728,0.0,10.0,1.0,4.0,2.0,0.0,2.0,1.0,430548_1007,0,2017-05-09,2
541,1478.0,206050.0,27785.0,48560.0,768.0,432947,0.0,12.0,1.0,6.0,3.0,0.0,3.0,3.0,430548_1007,0,2017-05-10,6
546,4384.0,400257.0,43666.0,247789.0,50.0,1044876,45.0,5.0,2.0,5.0,3.0,0.0,3.0,2.0,430539_1007,0,2017-05-12,14
548,7172.0,111047.0,1723.0,435906.0,495.0,186626,0.0,11.0,1.0,5.0,3.0,0.0,3.0,1.0,430548_1007,0,2017-05-06,19
548,7172.0,111047.0,1723.0,435906.0,495.0,573037,33.0,4.0,2.0,4.0,3.0,0.0,2.0,2.0,430539_1007,0,2017-05-10,20
548,7172.0,111047.0,1723.0,435906.0,495.0,482968,0.0,10.0,1.0,4.0,3.0,0.0,4.0,1.0,430548_1007,0,2017-05-10,22
548,7172.0,111047.0,1723.0,435906.0,495.0,439866,91.0,11.0,1.0,5.0,3.0,0.0,2.0,2.0,430548_1007,0,2017-05-10,17
548,7172.0,111047.0,1723.0,435906.0,495.0,164548,92.0,11.0,1.0,5.0,3.0,0.0,3.0,3.0,430539_1007,0,2017-05-07,18
548,7172.0,111047.0,1723.0,435906.0,495.0,288770,0.0,11.0,1.0,5.0,1.0,0.0,2.0,1.0,430548_1007,0,2017-05-10,16
548,7172.0,111047.0,1723.0,435906.0,495.0,972052,0.0,11.0,1.0,5.0,3.0,0.0,2.0,2.0,430548_1007,0,2017-05-07,21
548,7172.0,111047.0,1723.0,435906.0,495.0,680066,0.0,10.0,1.0,4.0,3.0,0.0,2.0,1.0,430539_1007,0,2017-05-07,23
548,7172.0,111047.0,1723.0,435906.0,495.0,1118272,0.0,11.0,1.0,5.0,3.0,0.0,2.0,1.0,430548_1007,0,2017-05-10,18
550,9784.0,399229.0,53873.0,412482.0,1680.0,442770,0.0,5.0,2.0,5.0,2.0,0.0,2.0,2.0,430548_1007,0,2017-05-07,13
563,6206.0,182935.0,27205.0,425241.0,15.0,404847,0.0,11.0,1.0,5.0,2.0,0.0,4.0,1.0,430548_1007,0,2017-05-13,15
565,6426.0,229132.0,29648.0,234352.0,58.0,367554,0.0,9.0,1.0,3.0,2.0,0.0,2.0,1.0,430548_1007,0,2017-05-12,15
565,6426.0,229132.0,29648.0,234352.0,58.0,246132,44.0,5.0,2.0,5.0,3.0,0.0,2.0,2.0,430539_1007,0,2017-05-12,14
565,6426.0,229132.0,29648.0,234352.0,58.0,682790,7.0,2.0,2.0,2.0,3.0,0.0,2.0,2.0,430539_1007,0,2017-05-13,1
565,6426.0,229132.0,29648.0,234352.0,58.0,335128,0.0,2.0,2.0,2.0,3.0,0.0,2.0,1.0,430539_1007,0,2017-05-06,23
565,6426.0,229132.0,29648.0,234352.0,58.0,235870,0.0,3.0,2.0,3.0,3.0,0.0,3.0,1.0,430548_1007,0,2017-05-12,16
565,6426.0,229132.0,29648.0,234352.0,58.0,465093,32.0,4.0,2.0,4.0,3.0,0.0,1.0,2.0,430539_1007,0,2017-05-13,10
565,6426.0,229132.0,29648.0,234352.0,58.0,1040929,0.0,1.0,2.0,1.0,3.0,0.0,3.0,1.0,430539_1007,0,2017-05-13,1
565,6426.0,229132.0,29648.0,234352.0,58.0,513254,41.0,5.0,2.0,5.0,3.0,0.0,2.0,1.0,430548_1007,0,2017-05-13,3
565,6426.0,229132.0,29648.0,234352.0,58.0,726927,0.0,3.0,2.0,3.0,2.0,0.0,2.0,2.0,430539_1007,0,2017-05-12,9
565,6426.0,229132.0,29648.0,234352.0,58.0,1046488,20.0,3.0,2.0,3.0,3.0,0.0,4.0,2.0,430539_1007,0,2017-05-13,13
565,6426.0,229132.0,29648.0,234352.0,58.0,553322,0.0,5.0,2.0,5.0,3.0,0.0,2.0,2.0,430548_1007,0,2017-05-12,13
565,6426.0,229132.0,29648.0,234352.0,58.0,613202,32.0,4.0,2.0,4.0,3.0,0.0,1.0,2.0,430548_1007,0,2017-05-12,13
565,6426.0,229132.0,29648.0,234352.0,58.0,875591,5.0,2.0,2.0,2.0,3.0,1.0,4.0,2.0,430539_1007,0,2017-05-12,19
565,6426.0,229132.0,29648.0,234352.0,58.0,912797,7.0,2.0,2.0,2.0,3.0,0.0,1.0,1.0,430539_1007,0,2017-05-12,9
565,6426.0,229132.0,29648.0,234352.0,58.0,175414,85.0,11.0,1.0,5.0,2.0,0.0,4.0,1.0,430548_1007,0,2017-05-13,9
565,6426.0,229132.0,29648.0,234352.0,58.0,401568,65.0,9.0,1.0,3.0,3.0,0.0,3.0,1.0,430548_1007,0,2017-05-13,8
565,6426.0,229132.0,29648.0,234352.0,58.0,361326,0.0,4.0,2.0,4.0,3.0,0.0,2.0,1.0,430548_1007,0,2017-05-13,6
565,6426.0,229132.0,29648.0,234352.0,58.0,727951,44.0,5.0,2.0,5.0,3.0,0.0,2.0,2.0,430548_1007,0,2017-05-13,8
565,6426.0,229132.0,29648.0,234352.0,58.0,258813,0.0,3.0,2.0,3.0,3.0,0.0,2.0,1.0,430539_1007,0,2017-05-12,23
565,6426.0,229132.0,29648.0,234352.0,58.0,481840,0.0,3.0,2.0,3.0,3.0,0.0,3.0,1.0,430539_1007,1,2017-05-13,13
565,6426.0,229132.0,29648.0,234352.0,58.0,696835,0.0,2.0,2.0,2.0,3.0,0.0,2.0,2.0,430548_1007,0,2017-05-13,14
565,6426.0,229132.0,29648.0,234352.0,58.0,657016,0.0,5.0,2.0,5.0,3.0,0.0,4.0,2.0,430548_1007,0,2017-05-13,14
571,7185.0,392229.0,46415.0,236367.0,13.5,1134880,88.0,11.0,1.0,5.0,3.0,0.0,2.0,1.0,430548_1007,0,2017-05-10,2
571,7185.0,392229.0,46415.0,236367.0,13.5,421986,0.0,8.0,1.0,2.0,2.0,1.0,2.0,1.0,430548_1007,0,2017-05-10,2
572,7001.0,118848.0,2814.0,454237.0,500.0,332634,90.0,11.0,1.0,5.0,3.0,0.0,1.0,2.0,430539_1007,0,2017-05-08,23
572,7001.0,118848.0,2814.0,454237.0,500.0,329051,0.0,3.0,2.0,3.0,3.0,0.0,1.0,2.0,430539_1007,0,2017-05-10,3
573,10978.0,135092.0,17175.0,170596.0,12.0,1135754,0.0,4.0,2.0,4.0,3.0,0.0,2.0,2.0,430548_1007,0,2017-05-06,9
573,10978.0,135092.0,17175.0,170596.0,12.0,338525,67.0,9.0,1.0,3.0,3.0,0.0,4.0,2.0,430548_1007,0,2017-05-06,0
573,10978.0,135092.0,17175.0,170596.0,12.0,207319,54.0,8.0,1.0,2.0,3.0,1.0,2.0,2.0,430548_1007,0,2017-05-12,2
573,10978.0,135092.0,17175.0,170596.0,12.0,207319,54.0,8.0,1.0,2.0,3.0,1.0,2.0,2.0,430548_1007,0,2017-05-08,0
573,10978.0,135092.0,17175.0,170596.0,12.0,1089096,19.0,3.0,2.0,3.0,3.0,0.0,2.0,2.0,430548_1007,0,2017-05-10,0
573,10978.0,135092.0,17175.0,170596.0,12.0,1130488,0.0,11.0,1.0,5.0,3.0,0.0,2.0,2.0,430539_1007,0,2017-05-09,1
573,10978.0,135092.0,17175.0,170596.0,12.0,1006599,0.0,11.0,1.0,5.0,3.0,0.0,2.0,1.0,430548_1007,0,2017-05-11,7
573,10978.0,135092.0,17175.0,170596.0,12.0,559475,56.0,8.0,1.0,2.0,3.0,0.0,1.0,2.0,430548_1007,0,2017-05-12,2
573,10978.0,135092.0,17175.0,170596.0,12.0,829110,84.0,11.0,1.0,5.0,2.0,0.0,2.0,2.0,430548_1007,0,2017-05-08,7
573,10978.0,135092.0,17175.0,170596.0,12.0,468366,0.0,11.0,1.0,5.0,3.0,0.0,4.0,2.0,430548_1007,0,2017-05-08,0
573,10978.0,135092.0,17175.0,170596.0,12.0,871462,0.0,11.0,1.0,5.0,3.0,0.0,2.0,1.0,430548_1007,0,2017-05-10,6
573,10978.0,135092.0,17175.0,170596.0,12.0,198875,0.0,10.0,1.0,4.0,3.0,0.0,2.0,3.0,430548_1007,0,2017-05-12,8
573,10978.0,135092.0,17175.0,170596.0,12.0,871462,0.0,11.0,1.0,5.0,3.0,0.0,2.0,1.0,430548_1007,0,2017-05-06,8
573,10978.0,135092.0,17175.0,170596.0,12.0,837790,80.0,10.0,1.0,4.0,3.0,0.0,2.0,2.0,430548_1007,0,2017-05-10,9
573,10978.0,135092.0,17175.0,170596.0,12.0,327473,68.0,9.0,1.0,3.0,3.0,0.0,1.0,2.0,430548_1007,0,2017-05-05,23
573,10978.0,135092.0,17175.0,170596.0,12.0,1040637,0.0,10.0,1.0,4.0,2.0,0.0,4.0,2.0,430548_1007,0,2017-05-10,3
573,10978.0,135092.0,17175.0,170596.0,12.0,969523,0.0,3.0,2.0,3.0,2.0,0.0,2.0,1.0,430548_1007,0,2017-05-08,2
573,10978.0,135092.0,17175.0,170596.0,12.0,950116,0.0,3.0,2.0,3.0,1.0,0.0,2.0,2.0,430548_1007,0,2017-05-12,8
573,10978.0,135092.0,17175.0,170596.0,12.0,778105,0.0,10.0,1.0,4.0,3.0,0.0,3.0,2.0,430548_1007,0,2017-05-13,3
573,10978.0,135092.0,17175.0,170596.0,12.0,781921,0.0,10.0,1.0,4.0,1.0,0.0,2.0,2.0,430548_1007,0,2017-05-09,10
573,10978.0,135092.0,17175.0,170596.0,12.0,439330,0.0,11.0,1.0,5.0,3.0,0.0,3.0,1.0,430548_1007,0,2017-05-08,7
573,10978.0,135092.0,17175.0,170596.0,12.0,884927,81.0,10.0,1.0,4.0,3.0,0.0,3.0,2.0,430548_1007,0,2017-05-09,6
573,10978.0,135092.0,17175.0,170596.0,12.0,896132,0.0,10.0,1.0,4.0,3.0,0.0,4.0,1.0,430548_1007,0,2017-05-11,3
573,10978.0,135092.0,17175.0,170596.0,12.0,729251,0.0,9.0,1.0,3.0,3.0,0.0,2.0,3.0,430539_1007,0,2017-05-08,3
573,10978.0,135092.0,17175.0,170596.0,12.0,1043280,92.0,11.0,1.0,5.0,3.0,0.0,4.0,2.0,430548_1007,0,2017-05-06,1
573,10978.0,135092.0,17175.0,170596.0,12.0,580291,0.0,10.0,1.0,4.0,3.0,0.0,1.0,1.0,430548_1007,0,2017-05-09,2
573,10978.0,135092.0,17175.0,170596.0,12.0,677903,0.0,11.0,1.0,5.0,3.0,0.0,2.0,2.0,430539_1007,0,2017-05-13,6
573,10978.0,135092.0,17175.0,170596.0,12.0,364350,74.0,10.0,1.0,4.0,2.0,0.0,3.0,2.0,430539_1007,0,2017-05-10,10
573,10978.0,135092.0,17175.0,170596.0,12.0,364050,0.0,10.0,1.0,4.0,1.0,0.0,3.0,2.0,430539_1007,0,2017-05-13,2
573,10978.0,135092.0,17175.0,170596.0,12.0,1098594,66.0,9.0,1.0,3.0,3.0,0.0,2.0,2.0,430548_1007,0,2017-05-08,9
573,10978.0,135092.0,17175.0,170596.0,12.0,457645,0.0,10.0,1.0,4.0,2.0,0.0,4.0,1.0,430548_1007,0,2017-05-13,0
573,10978.0,135092.0,17175.0,170596.0,12.0,643957,34.0,4.0,2.0,4.0,3.0,0.0,4.0,2.0,430548_1007,0,2017-05-09,8
573,10978.0,135092.0,17175.0,170596.0,12.0,6209,0.0,4.0,2.0,4.0,3.0,0.0,1.0,1.0,430539_1007,0,2017-05-08,6
573,10978.0,135092.0,17175.0,170596.0,12.0,549815,44.0,5.0,2.0,5.0,3.0,0.0,2.0,2.0,430548_1007,0,2017-05-10,6
573,10978.0,135092.0,17175.0,170596.0,12.0,472434,91.0,11.0,1.0,5.0,3.0,0.0,2.0,2.0,430548_1007,0,2017-05-10,6
573,10978.0,135092.0,17175.0,170596.0,12.0,233060,0.0,9.0,1.0,3.0,3.0,0.0,4.0,2.0,430548_1007,0,2017-05-09,5
573,10978.0,135092.0,17175.0,170596.0,12.0,264121,0.0,10.0,1.0,4.0,3.0,0.0,4.0,2.0,430539_1007,0,2017-05-08,8
573,10978.0,135092.0,17175.0,170596.0,12.0,1067626,56.0,8.0,1.0,2.0,3.0,0.0,2.0,2.0,430539_1007,0,2017-05-08,5
573,10978.0,135092.0,17175.0,170596.0,12.0,734913,80.0,10.0,1.0,4.0,3.0,0.0,2.0,2.0,430548_1007,0,2017-05-10,2
573,10978.0,135092.0,17175.0,170596.0,12.0,1071827,0.0,9.0,1.0,3.0,2.0,0.0,2.0,2.0,430548_1007,0,2017-05-09,9
573,10978.0,135092.0,17175.0,170596.0,12.0,866205,0.0,10.0,1.0,4.0,1.0,0.0,2.0,2.0,430548_1007,0,2017-05-11,10
573,10978.0,135092.0,17175.0,170596.0,12.0,887894,0.0,11.0,1.0,5.0,3.0,0.0,1.0,2.0,430548_1007,0,2017-05-12,10
573,10978.0,135092.0,17175.0,170596.0,12.0,440015,54.0,8.0,1.0,2.0,3.0,1.0,3.0,1.0,430548_1007,0,2017-05-10,6
573,10978.0,135092.0,17175.0,170596.0,12.0,1071827,0.0,9.0,1.0,3.0,2.0,0.0,2.0,2.0,430548_1007,0,2017-05-12,3
573,10978.0,135092.0,17175.0,170596.0,12.0,819320,91.0,11.0,1.0,5.0,3.0,0.0,2.0,2.0,430548_1007,0,2017-05-06,10
573,10978.0,135092.0,17175.0,170596.0,12.0,440015,54.0,8.0,1.0,2.0,3.0,1.0,3.0,1.0,430548_1007,0,2017-05-07,23
573,10978.0,135092.0,17175.0,170596.0,12.0,698733,88.0,11.0,1.0,5.0,3.0,0.0,2.0,1.0,430548_1007,0,2017-05-10,1
573,10978.0,135092.0,17175.0,170596.0,12.0,137093,0.0,10.0,1.0,4.0,2.0,0.0,2.0,1.0,430548_1007,0,2017-05-09,7
573,10978.0,135092.0,17175.0,170596.0,12.0,748207,0.0,11.0,1.0,5.0,3.0,0.0,1.0,2.0,430548_1007,0,2017-05-08,0
573,10978.0,135092.0,17175.0,170596.0,12.0,795246,0.0,10.0,1.0,4.0,3.0,0.0,4.0,2.0,430548_1007,0,2017-05-10,2
573,10978.0,135092.0,17175.0,170596.0,12.0,48267,0.0,8.0,1.0,2.0,3.0,1.0,2.0,2.0,430548_1007,0,2017-05-11,9
573,10978.0,135092.0,17175.0,170596.0,12.0,838508,0.0,11.0,1.0,5.0,3.0,0.0,2.0,2.0,430548_1007,0,2017-05-08,9
573,10978.0,135092.0,17175.0,170596.0,12.0,86299,0.0,10.0,1.0,4.0,2.0,0.0,3.0,2.0,430539_1007,0,2017-05-11,6
573,10978.0,135092.0,17175.0,170596.0,12.0,540755,89.0,11.0,1.0,5.0,3.0,0.0,4.0,1.0,430548_1007,0,2017-05-09,10
573,10978.0,135092.0,17175.0,170596.0,12.0,931577,0.0,10.0,1.0,4.0,3.0,0.0,2.0,2.0,430548_1007,0,2017-05-13,10
577,3382.0,228749.0,32045.0,44421.0,900.0,904077,66.0,9.0,1.0,3.0,3.0,0.0,2.0,2.0,430548_1007,0,2017-05-12,10
584,5760.0,394898.0,49291.0,160582.0,100.0,686186,66.0,9.0,1.0,3.0,3.0,0.0,2.0,2.0,430548_1007,0,2017-05-10,13
584,5760.0,394898.0,49291.0,160582.0,100.0,939148,0.0,10.0,1.0,4.0,2.0,0.0,2.0,3.0,430539_1007,0,2017-05-11,12
584,5760.0,394898.0,49291.0,160582.0,100.0,86995,20.0,3.0,2.0,3.0,3.0,0.0,3.0,2.0,430539_1007,0,2017-05-11,11
584,5760.0,394898.0,49291.0,160582.0,100.0,237314,68.0,9.0,1.0,3.0,3.0,0.0,1.0,3.0,430539_1007,0,2017-05-12,15
615,4571.0,146731.0,23609.0,2882.0,180.0,825283,35.0,4.0,2.0,4.0,3.0,0.0,2.0,3.0,430539_1007,0,2017-05-07,14
615,4571.0,146731.0,23609.0,2882.0,180.0,393281,0.0,10.0,1.0,4.0,3.0,0.0,2.0,1.0,430548_1007,0,2017-05-12,7
615,4571.0,146731.0,23609.0,2882.0,180.0,89567,46.0,5.0,2.0,5.0,3.0,0.0,2.0,3.0,430548_1007,0,2017-05-13,13
615,4571.0,146731.0,23609.0,2882.0,180.0,1074049,0.0,4.0,2.0,4.0,2.0,0.0,2.0,1.0,430539_1007,0,2017-05-09,21
615,4571.0,146731.0,23609.0,2882.0,180.0,323648,0.0,4.0,2.0,4.0,3.0,0.0,2.0,1.0,430548_1007,0,2017-05-12,23
615,4571.0,146731.0,23609.0,2882.0,180.0,1049988,0.0,12.0,1.0,6.0,3.0,0.0,3.0,2.0,430548_1007,0,2017-05-06,15
615,4571.0,146731.0,23609.0,2882.0,180.0,37691,42.0,5.0,2.0,5.0,3.0,0.0,4.0,1.0,430548_1007,0,2017-05-08,13
615,4571.0,146731.0,23609.0,2882.0,180.0,419605,0.0,12.0,1.0,6.0,3.0,0.0,4.0,2.0,430539_1007,0,2017-05-13,8
616,527.0,140913.0,21759.0,59264.0,18000.0,128946,0.0,5.0,2.0,5.0,3.0,0.0,2.0,1.0,430539_1007,0,2017-05-10,0
616,527.0,140913.0,21759.0,59264.0,18000.0,1122611,18.0,3.0,2.0,3.0,3.0,0.0,1.0,2.0,430539_1007,0,2017-05-12,2
616,527.0,140913.0,21759.0,59264.0,18000.0,67195,45.0,5.0,2.0,5.0,3.0,0.0,3.0,2.0,430548_1007,0,2017-05-09,8
616,527.0,140913.0,21759.0,59264.0,18000.0,523044,0.0,11.0,1.0,5.0,1.0,0.0,2.0,2.0,430548_1007,0,2017-05-06,10
616,527.0,140913.0,21759.0,59264.0,18000.0,551267,0.0,10.0,1.0,4.0,3.0,0.0,2.0,2.0,430539_1007,0,2017-05-13,8
616,527.0,140913.0,21759.0,59264.0,18000.0,1102932,0.0,9.0,1.0,3.0,3.0,0.0,3.0,2.0,430548_1007,0,2017-05-07,8
616,527.0,140913.0,21759.0,59264.0,18000.0,909639,0.0,2.0,2.0,2.0,3.0,0.0,2.0,1.0,430548_1007,0,2017-05-12,12
616,527.0,140913.0,21759.0,59264.0,18000.0,153513,0.0,4.0,2.0,4.0,1.0,0.0,2.0,1.0,430539_1007,0,2017-05-07,7
616,527.0,140913.0,21759.0,59264.0,18000.0,936377,0.0,2.0,2.0,2.0,3.0,0.0,2.0,1.0,430548_1007,0,2017-05-08,4
616,527.0,140913.0,21759.0,59264.0,18000.0,523281,19.0,3.0,2.0,3.0,3.0,0.0,2.0,2.0,430548_1007,0,2017-05-07,6
616,527.0,140913.0,21759.0,59264.0,18000.0,89424,0.0,4.0,2.0,4.0,3.0,0.0,2.0,2.0,430548_1007,0,2017-05-09,6
616,527.0,140913.0,21759.0,59264.0,18000.0,443447,19.0,3.0,2.0,3.0,3.0,0.0,2.0,2.0,430539_1007,0,2017-05-06,3
616,527.0,140913.0,21759.0,59264.0,18000.0,156543,0.0,4.0,2.0,4.0,3.0,0.0,2.0,1.0,430548_1007,0,2017-05-07,10
616,527.0,140913.0,21759.0,59264.0,18000.0,831321,0.0,5.0,2.0,5.0,2.0,0.0,2.0,1.0,430548_1007,0,2017-05-07,2
616,527.0,140913.0,21759.0,59264.0,18000.0,497115,0.0,3.0,2.0,3.0,3.0,0.0,4.0,1.0,430548_1007,0,2017-05-12,12
616,527.0,140913.0,21759.0,59264.0,18000.0,1030765,0.0,8.0,1.0,2.0,2.0,0.0,2.0,1.0,430548_1007,0,2017-05-10,0
616,527.0,140913.0,21759.0,59264.0,18000.0,265141,0.0,5.0,2.0,5.0,3.0,0.0,3.0,1.0,430548_1007,0,2017-05-08,5
616,527.0,140913.0,21759.0,59264.0,18000.0,326033,0.0,4.0,2.0,4.0,2.0,0.0,2.0,1.0,430548_1007,0,2017-05-10,0
616,527.0,140913.0,21759.0,59264.0,18000.0,716944,0.0,5.0,2.0,5.0,3.0,0.0,2.0,2.0,430539_1007,0,2017-05-12,14
616,527.0,140913.0,21759.0,59264.0,18000.0,3504,18.0,3.0,2.0,3.0,3.0,0.0,1.0,2.0,430548_1007,0,2017-05-08,5
616,527.0,140913.0,21759.0,59264.0,18000.0,347791,0.0,2.0,2.0,2.0,1.0,0.0,2.0,1.0,430539_1007,0,2017-05-11,11
616,527.0,140913.0,21759.0,59264.0,18000.0,623663,0.0,5.0,2.0,5.0,3.0,0.0,1.0,2.0,430539_1007,1,2017-05-12,8
616,527.0,140913.0,21759.0,59264.0,18000.0,623663,0.0,5.0,2.0,5.0,3.0,0.0,1.0,2.0,430539_1007,0,2017-05-12,8
616,527.0,140913.0,21759.0,59264.0,18000.0,970547,7.0,2.0,2.0,2.0,3.0,0.0,2.0,1.0,430539_1007,0,2017-05-07,6
616,527.0,140913.0,21759.0,59264.0,18000.0,896708,0.0,3.0,2.0,3.0,3.0,0.0,2.0,2.0,430548_1007,0,2017-05-10,3
616,527.0,140913.0,21759.0,59264.0,18000.0,757366,0.0,4.0,2.0,4.0,3.0,0.0,2.0,2.0,430548_1007,0,2017-05-07,6
616,527.0,140913.0,21759.0,59264.0,18000.0,1112680,18.0,3.0,2.0,3.0,3.0,0.0,1.0,2.0,430539_1007,0,2017-05-10,6
616,527.0,140913.0,21759.0,59264.0,18000.0,742751,35.0,4.0,2.0,4.0,3.0,0.0,1.0,3.0,430548_1007,0,2017-05-11,2
616,527.0,140913.0,21759.0,59264.0,18000.0,919623,0.0,10.0,1.0,4.0,2.0,0.0,2.0,2.0,430548_1007,0,2017-05-13,5
616,527.0,140913.0,21759.0,59264.0,18000.0,931593,0.0,2.0,2.0,2.0,2.0,0.0,2.0,1.0,430548_1007,0,2017-05-06,9
616,527.0,140913.0,21759.0,59264.0,18000.0,526050,0.0,3.0,2.0,3.0,3.0,0.0,3.0,1.0,430539_1007,0,2017-05-08,4
616,527.0,140913.0,21759.0,59264.0,18000.0,480776,0.0,4.0,2.0,4.0,3.0,0.0,2.0,2.0,430548_1007,0,2017-05-07,6
616,527.0,140913.0,21759.0,59264.0,18000.0,147810,45.0,5.0,2.0,5.0,3.0,0.0,3.0,2.0,430539_1007,0,2017-05-09,3
616,527.0,140913.0,21759.0,59264.0,18000.0,1056253,44.0,5.0,2.0,5.0,3.0,0.0,2.0,2.0,430539_1007,0,2017-05-13,6
616,527.0,140913.0,21759.0,59264.0,18000.0,124831,0.0,11.0,1.0,5.0,1.0,0.0,2.0,3.0,430548_1007,0,2017-05-11,12
616,527.0,140913.0,21759.0,59264.0,18000.0,939517,0.0,5.0,2.0,5.0,1.0,0.0,2.0,2.0,430539_1007,0,2017-05-07,0
616,527.0,140913.0,21759.0,59264.0,18000.0,631342,0.0,3.0,2.0,3.0,3.0,0.0,2.0,2.0,430548_1007,0,2017-05-10,7
616,527.0,140913.0,21759.0,59264.0,18000.0,862077,0.0,3.0,2.0,3.0,1.0,0.0,2.0,2.0,430548_1007,0,2017-05-06,6
616,527.0,140913.0,21759.0,59264.0,18000.0,375496,0.0,1.0,2.0,1.0,3.0,0.0,2.0,2.0,430548_1007,0,2017-05-10,0
616,527.0,140913.0,21759.0,59264.0,18000.0,476722,34.0,4.0,2.0,4.0,3.0,0.0,3.0,2.0,430548_1007,0,2017-05-13,13
616,527.0,140913.0,21759.0,59264.0,18000.0,1085771,0.0,4.0,2.0,4.0,3.0,0.0,4.0,2.0,430548_1007,0,2017-05-11,14
616,527.0,140913.0,21759.0,59264.0,18000.0,383704,0.0,2.0,2.0,2.0,3.0,0.0,1.0,2.0,430548_1007,0,2017-05-09,3
616,527.0,140913.0,21759.0,59264.0,18000.0,383704,0.0,2.0,2.0,2.0,3.0,0.0,1.0,2.0,430539_1007,0,2017-05-09,1
616,527.0,140913.0,21759.0,59264.0,18000.0,533038,44.0,5.0,2.0,5.0,3.0,0.0,2.0,2.0,430548_1007,1,2017-05-12,7
616,527.0,140913.0,21759.0,59264.0,18000.0,663598,18.0,3.0,2.0,3.0,3.0,0.0,1.0,2.0,430539_1007,0,2017-05-12,7
616,527.0,140913.0,21759.0,59264.0,18000.0,637385,0.0,3.0,2.0,3.0,3.0,0.0,2.0,2.0,430539_1007,0,2017-05-06,12
616,527.0,140913.0,21759.0,59264.0,18000.0,859466,0.0,3.0,2.0,3.0,3.0,0.0,3.0,2.0,430539_1007,0,2017-05-06,8
616,527.0,140913.0,21759.0,59264.0,18000.0,345098,0.0,9.0,1.0,3.0,3.0,0.0,2.0,1.0,430539_1007,0,2017-05-12,13
616,527.0,140913.0,21759.0,59264.0,18000.0,891631,0.0,12.0,1.0,6.0,2.0,0.0,2.0,1.0,430548_1007,0,2017-05-07,7
616,527.0,140913.0,21759.0,59264.0,18000.0,645497,0.0,4.0,2.0,4.0,3.0,0.0,2.0,1.0,430539_1007,0,2017-05-13,6
616,527.0,140913.0,21759.0,59264.0,18000.0,595957,33.0,4.0,2.0,4.0,3.0,0.0,2.0,2.0,430539_1007,0,2017-05-06,3
616,527.0,140913.0,21759.0,59264.0,18000.0,28529,44.0,5.0,2.0,5.0,3.0,0.0,2.0,2.0,430548_1007,0,2017-05-12,14
616,527.0,140913.0,21759.0,59264.0,18000.0,465798,0.0,5.0,2.0,5.0,3.0,0.0,3.0,2.0,430548_1007,0,2017-05-07,2
616,527.0,140913.0,21759.0,59264.0,18000.0,1107482,21.0,3.0,2.0,3.0,3.0,0.0,2.0,2.0,430539_1007,0,2017-05-06,1
616,527.0,140913.0,21759.0,59264.0,18000.0,493397,34.0,4.0,2.0,4.0,3.0,0.0,3.0,2.0,430539_1007,0,2017-05-07,11
616,527.0,140913.0,21759.0,59264.0,18000.0,301481,0.0,11.0,1.0,5.0,3.0,0.0,2.0,2.0,430548_1007,0,2017-05-10,1
616,527.0,140913.0,21759.0,59264.0,18000.0,301481,0.0,11.0,1.0,5.0,3.0,0.0,2.0,2.0,430548_1007,0,2017-05-11,8
616,527.0,140913.0,21759.0,59264.0,18000.0,301481,0.0,11.0,1.0,5.0,3.0,0.0,2.0,2.0,430548_1007,0,2017-05-08,7
616,527.0,140913.0,21759.0,59264.0,18000.0,813108,0.0,9.0,1.0,3.0,3.0,0.0,4.0,2.0,430548_1007,0,2017-05-13,12
616,527.0,140913.0,21759.0,59264.0,18000.0,532783,2.0,1.0,2.0,1.0,3.0,0.0,3.0,1.0,430548_1007,0,2017-05-07,7
616,527.0,140913.0,21759.0,59264.0,18000.0,693520,0.0,4.0,2.0,4.0,2.0,0.0,2.0,2.0,430548_1007,0,2017-05-06,6
616,527.0,140913.0,21759.0,59264.0,18000.0,693520,0.0,4.0,2.0,4.0,2.0,0.0,2.0,2.0,430548_1007,0,2017-05-08,6
616,527.0,140913.0,21759.0,59264.0,18000.0,586965,20.0,3.0,2.0,3.0,3.0,0.0,3.0,2.0,430539_1007,0,2017-05-10,2
616,527.0,140913.0,21759.0,59264.0,18000.0,369536,0.0,12.0,1.0,6.0,3.0,0.0,2.0,2.0,430539_1007,0,2017-05-09,6
616,527.0,140913.0,21759.0,59264.0,18000.0,211477,0.0,4.0,2.0,4.0,3.0,0.0,4.0,1.0,430548_1007,0,2017-05-12,12
616,527.0,140913.0,21759.0,59264.0,18000.0,914797,0.0,5.0,2.0,5.0,3.0,0.0,2.0,1.0,430548_1007,0,2017-05-07,7
616,527.0,140913.0,21759.0,59264.0,18000.0,395449,0.0,4.0,2.0,4.0,2.0,0.0,2.0,2.0,430539_1007,0,2017-05-13,7
616,527.0,140913.0,21759.0,59264.0,18000.0,609794,21.0,3.0,2.0,3.0,3.0,0.0,1.0,3.0,430539_1007,0,2017-05-11,8
616,527.0,140913.0,21759.0,59264.0,18000.0,358344,0.0,5.0,2.0,5.0,3.0,0.0,2.0,2.0,430539_1007,0,2017-05-12,11
616,527.0,140913.0,21759.0,59264.0,18000.0,694652,77.0,10.0,1.0,4.0,3.0,0.0,1.0,1.0,430548_1007,0,2017-05-08,5
616,527.0,140913.0,21759.0,59264.0,18000.0,443302,0.0,5.0,2.0,5.0,3.0,0.0,2.0,2.0,430548_1007,0,2017-05-10,3
616,527.0,140913.0,21759.0,59264.0,18000.0,809650,8.0,2.0,2.0,2.0,3.0,0.0,4.0,2.0,430548_1007,0,2017-05-06,4
616,527.0,140913.0,21759.0,59264.0,18000.0,131824,0.0,2.0,2.0,2.0,3.0,0.0,2.0,2.0,430548_1007,0,2017-05-12,4
616,527.0,140913.0,21759.0,59264.0,18000.0,291312,0.0,7.0,1.0,1.0,3.0,0.0,1.0,2.0,430548_1007,0,2017-05-08,3
616,527.0,140913.0,21759.0,59264.0,18000.0,611509,49.0,6.0,2.0,6.0,3.0,0.0,2.0,2.0,430548_1007,0,2017-05-11,10
616,527.0,140913.0,21759.0,59264.0,18000.0,374302,0.0,7.0,1.0,1.0,3.0,0.0,2.0,2.0,430548_1007,0,2017-05-11,10
616,527.0,140913.0,21759.0,59264.0,18000.0,53803,0.0,2.0,2.0,2.0,1.0,0.0,2.0,1.0,430548_1007,0,2017-05-06,9
616,527.0,140913.0,21759.0,59264.0,18000.0,374302,0.0,7.0,1.0,1.0,3.0,0.0,2.0,2.0,430548_1007,0,2017-05-07,6
616,527.0,140913.0,21759.0,59264.0,18000.0,855203,35.0,4.0,2.0,4.0,3.0,0.0,1.0,3.0,430539_1007,0,2017-05-12,6
616,527.0,140913.0,21759.0,59264.0,18000.0,525439,0.0,4.0,2.0,4.0,3.0,0.0,2.0,1.0,430539_1007,0,2017-05-13,3
616,527.0,140913.0,21759.0,59264.0,18000.0,26395,34.0,4.0,2.0,4.0,3.0,0.0,4.0,2.0,430539_1007,0,2017-05-08,1
616,527.0,140913.0,21759.0,59264.0,18000.0,145356,0.0,9.0,1.0,3.0,3.0,0.0,2.0,3.0,430539_1007,0,2017-05-10,6
616,527.0,140913.0,21759.0,59264.0,18000.0,1043507,0.0,5.0,2.0,5.0,3.0,0.0,3.0,2.0,430548_1007,0,2017-05-11,13
616,527.0,140913.0,21759.0,59264.0,18000.0,308932,8.0,2.0,2.0,2.0,3.0,0.0,3.0,2.0,430548_1007,0,2017-05-10,4
616,527.0,140913.0,21759.0,59264.0,18000.0,679193,55.0,8.0,1.0,2.0,2.0,0.0,2.0,2.0,430548_1007,0,2017-05-08,2
616,527.0,140913.0,21759.0,59264.0,18000.0,596707,8.0,2.0,2.0,2.0,3.0,0.0,4.0,1.0,430539_1007,0,2017-05-09,3
616,527.0,140913.0,21759.0,59264.0,18000.0,174985,0.0,3.0,2.0,3.0,3.0,0.0,4.0,2.0,430539_1007,0,2017-05-11,8
616,527.0,140913.0,21759.0,59264.0,18000.0,466031,0.0,4.0,2.0,4.0,3.0,0.0,2.0,2.0,430548_1007,0,2017-05-11,10
616,527.0,140913.0,21759.0,59264.0,18000.0,1040496,0.0,3.0,2.0,3.0,2.0,0.0,2.0,1.0,430548_1007,0,2017-05-08,2
616,527.0,140913.0,21759.0,59264.0,18000.0,1040496,0.0,3.0,2.0,3.0,2.0,0.0,2.0,1.0,430548_1007,0,2017-05-13,10
616,527.0,140913.0,21759.0,59264.0,18000.0,466031,0.0,4.0,2.0,4.0,3.0,0.0,2.0,2.0,430548_1007,0,2017-05-13,11
616,527.0,140913.0,21759.0,59264.0,18000.0,983842,0.0,9.0,1.0,3.0,3.0,0.0,3.0,2.0,430548_1007,0,2017-05-08,6
616,527.0,140913.0,21759.0,59264.0,18000.0,735116,20.0,3.0,2.0,3.0,3.0,0.0,3.0,2.0,430548_1007,0,2017-05-07,10
616,527.0,140913.0,21759.0,59264.0,18000.0,1089294,0.0,3.0,2.0,3.0,3.0,0.0,4.0,2.0,430548_1007,0,2017-05-13,1
616,527.0,140913.0,21759.0,59264.0,18000.0,259259,34.0,4.0,2.0,4.0,3.0,0.0,3.0,2.0,430548_1007,0,2017-05-11,13
616,527.0,140913.0,21759.0,59264.0,18000.0,1089294,0.0,3.0,2.0,3.0,3.0,0.0,4.0,2.0,430548_1007,0,2017-05-07,7
616,527.0,140913.0,21759.0,59264.0,18000.0,776725,8.0,2.0,2.0,2.0,3.0,0.0,4.0,1.0,430548_1007,0,2017-05-08,6
616,527.0,140913.0,21759.0,59264.0,18000.0,596707,8.0,2.0,2.0,2.0,3.0,0.0,4.0,1.0,430539_1007,0,2017-05-13,0
616,527.0,140913.0,21759.0,59264.0,18000.0,987923,45.0,5.0,2.0,5.0,3.0,0.0,3.0,2.0,430548_1007,1,2017-05-13,13
616,527.0,140913.0,21759.0,59264.0,18000.0,921303,0.0,4.0,2.0,4.0,2.0,0.0,2.0,2.0,430539_1007,0,2017-05-11,13
616,527.0,140913.0,21759.0,59264.0,18000.0,296761,0.0,5.0,2.0,5.0,3.0,0.0,2.0,2.0,430548_1007,0,2017-05-08,0
616,527.0,140913.0,21759.0,59264.0,18000.0,272451,0.0,8.0,1.0,2.0,2.0,0.0,2.0,2.0,430548_1007,0,2017-05-12,8
616,527.0,140913.0,21759.0,59264.0,18000.0,984523,34.0,4.0,2.0,4.0,3.0,0.0,4.0,2.0,430539_1007,0,2017-05-07,8
616,527.0,140913.0,21759.0,59264.0,18000.0,747301,92.0,11.0,1.0,5.0,3.0,0.0,3.0,2.0,430548_1007,0,2017-05-13,13
616,527.0,140913.0,21759.0,59264.0,18000.0,1111901,17.0,3.0,2.0,3.0,3.0,0.0,4.0,1.0,430548_1007,0,2017-05-13,12
616,527.0,140913.0,21759.0,59264.0,18000.0,400954,0.0,2.0,2.0,2.0,3.0,1.0,2.0,2.0,430548_1007,0,2017-05-10,0
616,527.0,140913.0,21759.0,59264.0,18000.0,927836,0.0,4.0,2.0,4.0,1.0,0.0,2.0,1.0,430548_1007,0,2017-05-07,6
616,527.0,140913.0,21759.0,59264.0,18000.0,512305,24.0,4.0,2.0,4.0,1.0,0.0,4.0,2.0,430548_1007,0,2017-05-13,10
616,527.0,140913.0,21759.0,59264.0,18000.0,472440,0.0,5.0,2.0,5.0,3.0,0.0,2.0,1.0,430548_1007,0,2017-05-06,2
616,527.0,140913.0,21759.0,59264.0,18000.0,81874,7.0,2.0,2.0,2.0,3.0,0.0,1.0,2.0,430539_1007,0,2017-05-07,11
616,527.0,140913.0,21759.0,59264.0,18000.0,1001339,0.0,3.0,2.0,3.0,3.0,0.0,2.0,2.0,430548_1007,0,2017-05-07,3
616,527.0,140913.0,21759.0,59264.0,18000.0,1001209,92.0,11.0,1.0,5.0,3.0,0.0,3.0,2.0,430539_1007,0,2017-05-11,3
616,527.0,140913.0,21759.0,59264.0,18000.0,1010769,42.0,5.0,2.0,5.0,3.0,0.0,3.0,1.0,430548_1007,1,2017-05-13,13
616,527.0,140913.0,21759.0,59264.0,18000.0,596707,8.0,2.0,2.0,2.0,3.0,0.0,4.0,1.0,430539_1007,0,2017-05-08,6
616,527.0,140913.0,21759.0,59264.0,18000.0,1010769,42.0,5.0,2.0,5.0,3.0,0.0,3.0,1.0,430548_1007,0,2017-05-13,14
616,527.0,140913.0,21759.0,59264.0,18000.0,989961,0.0,4.0,2.0,4.0,3.0,0.0,1.0,2.0,430539_1007,0,2017-05-12,12
616,527.0,140913.0,21759.0,59264.0,18000.0,96063,0.0,10.0,1.0,4.0,1.0,0.0,2.0,1.0,430548_1007,0,2017-05-12,3
616,527.0,140913.0,21759.0,59264.0,18000.0,790320,0.0,4.0,2.0,4.0,3.0,0.0,2.0,1.0,430548_1007,0,2017-05-12,13
616,527.0,140913.0,21759.0,59264.0,18000.0,790320,0.0,4.0,2.0,4.0,3.0,0.0,2.0,1.0,430548_1007,0,2017-05-08,1
616,527.0,140913.0,21759.0,59264.0,18000.0,884531,0.0,11.0,1.0,5.0,3.0,0.0,2.0,1.0,430539_1007,1,2017-05-12,7
616,527.0,140913.0,21759.0,59264.0,18000.0,115917,2.0,1.0,2.0,1.0,3.0,0.0,2.0,1.0,430539_1007,0,2017-05-08,2
616,527.0,140913.0,21759.0,59264.0,18000.0,993678,45.0,5.0,2.0,5.0,3.0,0.0,3.0,2.0,430548_1007,0,2017-05-09,0
616,527.0,140913.0,21759.0,59264.0,18000.0,709532,34.0,4.0,2.0,4.0,3.0,0.0,3.0,2.0,430539_1007,0,2017-05-13,10
616,527.0,140913.0,21759.0,59264.0,18000.0,800731,0.0,4.0,2.0,4.0,3.0,0.0,3.0,2.0,430539_1007,1,2017-05-07,5
616,527.0,140913.0,21759.0,59264.0,18000.0,413764,0.0,5.0,2.0,5.0,3.0,0.0,3.0,2.0,430548_1007,0,2017-05-08,2
616,527.0,140913.0,21759.0,59264.0,18000.0,633399,0.0,3.0,2.0,3.0,3.0,0.0,4.0,1.0,430548_1007,0,2017-05-10,2
616,527.0,140913.0,21759.0,59264.0,18000.0,126921,0.0,12.0,1.0,6.0,3.0,0.0,4.0,2.0,430548_1007,0,2017-05-12,6
616,527.0,140913.0,21759.0,59264.0,18000.0,758880,0.0,5.0,2.0,5.0,3.0,0.0,1.0,2.0,430548_1007,0,2017-05-11,13
616,527.0,140913.0,21759.0,59264.0,18000.0,966494,6.0,2.0,2.0,2.0,2.0,0.0,2.0,2.0,430548_1007,0,2017-05-08,4
616,527.0,140913.0,21759.0,59264.0,18000.0,1097679,20.0,3.0,2.0,3.0,3.0,0.0,4.0,2.0,430539_1007,0,2017-05-07,2
616,527.0,140913.0,21759.0,59264.0,18000.0,758880,0.0,5.0,2.0,5.0,3.0,0.0,1.0,2.0,430548_1007,0,2017-05-07,8
616,527.0,140913.0,21759.0,59264.0,18000.0,933051,0.0,8.0,1.0,2.0,2.0,0.0,2.0,2.0,430539_1007,0,2017-05-12,6
616,527.0,140913.0,21759.0,59264.0,18000.0,932342,0.0,8.0,1.0,2.0,1.0,0.0,2.0,1.0,430548_1007,0,2017-05-13,1
616,527.0,140913.0,21759.0,59264.0,18000.0,99394,19.0,3.0,2.0,3.0,3.0,0.0,2.0,2.0,430539_1007,0,2017-05-11,11
616,527.0,140913.0,21759.0,59264.0,18000.0,1088272,0.0,5.0,2.0,5.0,3.0,0.0,2.0,1.0,430539_1007,0,2017-05-11,8
616,527.0,140913.0,21759.0,59264.0,18000.0,920101,0.0,10.0,1.0,4.0,1.0,0.0,2.0,1.0,430548_1007,0,2017-05-09,7
616,527.0,140913.0,21759.0,59264.0,18000.0,89925,0.0,6.0,2.0,6.0,3.0,0.0,2.0,2.0,430539_1007,0,2017-05-12,12
616,527.0,140913.0,21759.0,59264.0,18000.0,355158,0.0,5.0,2.0,5.0,3.0,0.0,2.0,1.0,430548_1007,0,2017-05-11,2
616,527.0,140913.0,21759.0,59264.0,18000.0,197636,0.0,6.0,2.0,6.0,3.0,0.0,2.0,1.0,430548_1007,0,2017-05-12,0
616,527.0,140913.0,21759.0,59264.0,18000.0,933678,0.0,11.0,1.0,5.0,2.0,0.0,2.0,2.0,430539_1007,1,2017-05-10,6
616,527.0,140913.0,21759.0,59264.0,18000.0,935432,0.0,5.0,2.0,5.0,1.0,0.0,2.0,1.0,430548_1007,0,2017-05-06,12
616,527.0,140913.0,21759.0,59264.0,18000.0,1053632,0.0,5.0,2.0,5.0,2.0,0.0,2.0,1.0,430548_1007,0,2017-05-12,7
616,527.0,140913.0,21759.0,59264.0,18000.0,1053632,0.0,5.0,2.0,5.0,2.0,0.0,2.0,1.0,430548_1007,0,2017-05-12,3
616,527.0,140913.0,21759.0,59264.0,18000.0,521322,31.0,4.0,2.0,4.0,3.0,0.0,4.0,1.0,430548_1007,0,2017-05-10,1
616,527.0,140913.0,21759.0,59264.0,18000.0,487225,0.0,4.0,2.0,4.0,3.0,0.0,2.0,1.0,430548_1007,0,2017-05-10,7
616,527.0,140913.0,21759.0,59264.0,18000.0,997801,0.0,4.0,2.0,4.0,3.0,0.0,4.0,1.0,430548_1007,0,2017-05-07,4
616,527.0,140913.0,21759.0,59264.0,18000.0,834517,0.0,1.0,2.0,1.0,2.0,0.0,2.0,2.0,430548_1007,0,2017-05-11,1
616,527.0,140913.0,21759.0,59264.0,18000.0,937389,0.0,5.0,2.0,5.0,3.0,0.0,2.0,2.0,430548_1007,1,2017-05-06,2
616,527.0,140913.0,21759.0,59264.0,18000.0,711699,0.0,10.0,1.0,4.0,3.0,0.0,2.0,2.0,430548_1007,0,2017-05-07,3
616,527.0,140913.0,21759.0,59264.0,18000.0,371760,0.0,4.0,2.0,4.0,3.0,0.0,4.0,2.0,430548_1007,0,2017-05-10,2
616,527.0,140913.0,21759.0,59264.0,18000.0,1078484,20.0,3.0,2.0,3.0,3.0,0.0,4.0,2.0,430539_1007,0,2017-05-12,12
616,527.0,140913.0,21759.0,59264.0,18000.0,779567,44.0,5.0,2.0,5.0,3.0,0.0,2.0,2.0,430539_1007,0,2017-05-13,13
616,527.0,140913.0,21759.0,59264.0,18000.0,725666,0.0,9.0,1.0,3.0,3.0,0.0,1.0,2.0,430548_1007,0,2017-05-10,0
616,527.0,140913.0,21759.0,59264.0,18000.0,973817,7.0,2.0,2.0,2.0,3.0,0.0,2.0,2.0,430548_1007,1,2017-05-13,7
616,527.0,140913.0,21759.0,59264.0,18000.0,926876,0.0,10.0,1.0,4.0,3.0,0.0,2.0,2.0,430548_1007,0,2017-05-10,3
616,527.0,140913.0,21759.0,59264.0,18000.0,474172,82.0,10.0,1.0,4.0,3.0,0.0,2.0,3.0,430548_1007,0,2017-05-08,2
616,527.0,140913.0,21759.0,59264.0,18000.0,630422,44.0,5.0,2.0,5.0,3.0,0.0,2.0,2.0,430548_1007,0,2017-05-12,0
616,527.0,140913.0,21759.0,59264.0,18000.0,634816,88.0,11.0,1.0,5.0,3.0,0.0,2.0,1.0,430548_1007,0,2017-05-09,2
616,527.0,140913.0,21759.0,59264.0,18000.0,1086422,0.0,12.0,1.0,6.0,3.0,0.0,2.0,1.0,430548_1007,0,2017-05-10,6
616,527.0,140913.0,21759.0,59264.0,18000.0,725666,0.0,9.0,1.0,3.0,3.0,0.0,1.0,2.0,430548_1007,0,2017-05-12,10
616,527.0,140913.0,21759.0,59264.0,18000.0,383682,0.0,8.0,1.0,2.0,2.0,0.0,2.0,2.0,430548_1007,0,2017-05-06,4
616,527.0,140913.0,21759.0,59264.0,18000.0,925002,0.0,3.0,2.0,3.0,3.0,0.0,2.0,2.0,430548_1007,0,2017-05-06,5
616,527.0,140913.0,21759.0,59264.0,18000.0,660866,0.0,8.0,1.0,2.0,3.0,0.0,2.0,1.0,430548_1007,0,2017-05-07,10
616,527.0,140913.0,21759.0,59264.0,18000.0,900402,67.0,9.0,1.0,3.0,3.0,0.0,3.0,2.0,430539_1007,0,2017-05-08,6
616,527.0,140913.0,21759.0,59264.0,18000.0,727720,0.0,4.0,2.0,4.0,3.0,0.0,2.0,2.0,430539_1007,0,2017-05-09,7
616,527.0,140913.0,21759.0,59264.0,18000.0,947405,0.0,5.0,2.0,5.0,1.0,0.0,2.0,2.0,430548_1007,0,2017-05-09,3
616,527.0,140913.0,21759.0,59264.0,18000.0,488608,7.0,2.0,2.0,2.0,3.0,0.0,1.0,2.0,430548_1007,0,2017-05-13,11
616,527.0,140913.0,21759.0,59264.0,18000.0,114983,20.0,3.0,2.0,3.0,3.0,0.0,4.0,2.0,430548_1007,0,2017-05-08,1
616,527.0,140913.0,21759.0,59264.0,18000.0,114983,20.0,3.0,2.0,3.0,3.0,0.0,4.0,2.0,430548_1007,0,2017-05-11,4
616,527.0,140913.0,21759.0,59264.0,18000.0,889297,7.0,2.0,2.0,2.0,3.0,0.0,1.0,1.0,430548_1007,0,2017-05-09,7
616,527.0,140913.0,21759.0,59264.0,18000.0,634620,44.0,5.0,2.0,5.0,3.0,0.0,2.0,2.0,430548_1007,0,2017-05-08,7
616,527.0,140913.0,21759.0,59264.0,18000.0,645595,34.0,4.0,2.0,4.0,3.0,0.0,3.0,2.0,430548_1007,0,2017-05-12,13
616,527.0,140913.0,21759.0,59264.0,18000.0,979404,0.0,9.0,1.0,3.0,3.0,0.0,4.0,1.0,430548_1007,0,2017-05-11,3
616,527.0,140913.0,21759.0,59264.0,18000.0,1105098,0.0,5.0,2.0,5.0,3.0,0.0,2.0,1.0,430548_1007,0,2017-05-12,6
616,527.0,140913.0,21759.0,59264.0,18000.0,691884,92.0,11.0,1.0,5.0,3.0,0.0,3.0,2.0,430548_1007,0,2017-05-07,8
616,527.0,140913.0,21759.0,59264.0,18000.0,1009694,0.0,5.0,2.0,5.0,3.0,0.0,4.0,2.0,430548_1007,0,2017-05-09,6
616,527.0,140913.0,21759.0,59264.0,18000.0,377033,0.0,3.0,2.0,3.0,3.0,0.0,2.0,1.0,430548_1007,0,2017-05-12,2
616,527.0,140913.0,21759.0,59264.0,18000.0,953421,0.0,4.0,2.0,4.0,1.0,0.0,2.0,1.0,430548_1007,0,2017-05-10,5
616,527.0,140913.0,21759.0,59264.0,18000.0,882006,0.0,3.0,2.0,3.0,3.0,0.0,2.0,1.0,430539_1007,0,2017-05-12,8
616,527.0,140913.0,21759.0,59264.0,18000.0,236814,0.0,10.0,1.0,4.0,2.0,0.0,2.0,2.0,430548_1007,0,2017-05-11,8
616,527.0,140913.0,21759.0,59264.0,18000.0,29258,0.0,9.0,1.0,3.0,3.0,0.0,2.0,3.0,430548_1007,0,2017-05-08,4
616,527.0,140913.0,21759.0,59264.0,18000.0,1007889,57.0,8.0,1.0,2.0,3.0,0.0,4.0,2.0,430548_1007,0,2017-05-08,3
616,527.0,140913.0,21759.0,59264.0,18000.0,251514,7.0,2.0,2.0,2.0,3.0,0.0,2.0,1.0,430548_1007,0,2017-05-10,5
616,527.0,140913.0,21759.0,59264.0,18000.0,949305,0.0,11.0,1.0,5.0,1.0,0.0,2.0,2.0,430548_1007,0,2017-05-12,10
616,527.0,140913.0,21759.0,59264.0,18000.0,28276,16.0,3.0,2.0,3.0,3.0,0.0,2.0,1.0,430539_1007,0,2017-05-09,6
616,527.0,140913.0,21759.0,59264.0,18000.0,71450,0.0,9.0,1.0,3.0,3.0,0.0,2.0,1.0,430539_1007,0,2017-05-07,9
616,527.0,140913.0,21759.0,59264.0,18000.0,118691,0.0,3.0,2.0,3.0,3.0,0.0,1.0,1.0,430548_1007,1,2017-05-07,8
616,527.0,140913.0,21759.0,59264.0,18000.0,71450,0.0,9.0,1.0,3.0,3.0,0.0,2.0,1.0,430539_1007,0,2017-05-11,4
616,527.0,140913.0,21759.0,59264.0,18000.0,310870,0.0,3.0,2.0,3.0,2.0,0.0,2.0,2.0,430539_1007,0,2017-05-07,3
616,527.0,140913.0,21759.0,59264.0,18000.0,463797,0.0,3.0,2.0,3.0,3.0,0.0,2.0,2.0,430539_1007,0,2017-05-12,14
616,527.0,140913.0,21759.0,59264.0,18000.0,625012,31.0,4.0,2.0,4.0,3.0,0.0,4.0,1.0,430548_1007,0,2017-05-07,10
616,527.0,140913.0,21759.0,59264.0,18000.0,675929,0.0,5.0,2.0,5.0,3.0,0.0,3.0,2.0,430548_1007,0,2017-05-13,7
616,527.0,140913.0,21759.0,59264.0,18000.0,35764,72.0,10.0,1.0,4.0,2.0,0.0,1.0,1.0,430548_1007,0,2017-05-06,10
616,527.0,140913.0,21759.0,59264.0,18000.0,1099064,32.0,4.0,2.0,4.0,3.0,0.0,1.0,2.0,430539_1007,0,2017-05-09,8
616,527.0,140913.0,21759.0,59264.0,18000.0,296421,0.0,5.0,2.0,5.0,1.0,0.0,2.0,2.0,430548_1007,0,2017-05-09,8
616,527.0,140913.0,21759.0,59264.0,18000.0,65267,31.0,4.0,2.0,4.0,3.0,0.0,3.0,1.0,430548_1007,0,2017-05-08,6
616,527.0,140913.0,21759.0,59264.0,18000.0,917930,0.0,5.0,2.0,5.0,3.0,0.0,4.0,2.0,430548_1007,0,2017-05-08,1
616,527.0,140913.0,21759.0,59264.0,18000.0,890700,0.0,4.0,2.0,4.0,3.0,0.0,2.0,2.0,430548_1007,0,2017-05-06,10
616,527.0,140913.0,21759.0,59264.0,18000.0,1131626,0.0,4.0,2.0,4.0,3.0,0.0,2.0,2.0,430548_1007,0,2017-05-09,3
616,527.0,140913.0,21759.0,59264.0,18000.0,632087,17.0,3.0,2.0,3.0,3.0,0.0,3.0,1.0,430548_1007,0,2017-05-13,2
616,527.0,140913.0,21759.0,59264.0,18000.0,920061,0.0,5.0,2.0,5.0,1.0,0.0,2.0,1.0,430548_1007,0,2017-05-11,2
616,527.0,140913.0,21759.0,59264.0,18000.0,459319,0.0,4.0,2.0,4.0,3.0,0.0,2.0,2.0,430548_1007,0,2017-05-07,7
616,527.0,140913.0,21759.0,59264.0,18000.0,343377,54.0,8.0,1.0,2.0,3.0,1.0,2.0,2.0,430548_1007,0,2017-05-13,13
616,527.0,140913.0,21759.0,59264.0,18000.0,660866,0.0,8.0,1.0,2.0,3.0,0.0,2.0,1.0,430548_1007,0,2017-05-10,2
616,527.0,140913.0,21759.0,59264.0,18000.0,600583,34.0,4.0,2.0,4.0,3.0,0.0,3.0,2.0,430539_1007,0,2017-05-13,3
616,527.0,140913.0,21759.0,59264.0,18000.0,649957,92.0,11.0,1.0,5.0,3.0,0.0,4.0,2.0,430548_1007,0,2017-05-06,0
616,527.0,140913.0,21759.0,59264.0,18000.0,645911,0.0,3.0,2.0,3.0,3.0,0.0,2.0,1.0,430548_1007,0,2017-05-09,3
616,527.0,140913.0,21759.0,59264.0,18000.0,457935,0.0,5.0,2.0,5.0,3.0,0.0,3.0,1.0,430548_1007,0,2017-05-08,1
616,527.0,140913.0,21759.0,59264.0,18000.0,425676,0.0,2.0,2.0,2.0,3.0,1.0,2.0,2.0,430548_1007,0,2017-05-13,13
616,527.0,140913.0,21759.0,59264.0,18000.0,755568,0.0,4.0,2.0,4.0,3.0,0.0,1.0,2.0,430548_1007,0,2017-05-12,2
616,527.0,140913.0,21759.0,59264.0,18000.0,298501,18.0,3.0,2.0,3.0,3.0,1.0,1.0,2.0,430548_1007,1,2017-05-12,13
616,527.0,140913.0,21759.0,59264.0,18000.0,947061,0.0,3.0,2.0,3.0,1.0,0.0,2.0,2.0,430548_1007,0,2017-05-06,4
616,527.0,140913.0,21759.0,59264.0,18000.0,235142,44.0,5.0,2.0,5.0,3.0,0.0,2.0,2.0,430548_1007,0,2017-05-07,8
616,527.0,140913.0,21759.0,59264.0,18000.0,186566,2.0,1.0,2.0,1.0,3.0,0.0,3.0,1.0,430548_1007,0,2017-05-10,2
616,527.0,140913.0,21759.0,59264.0,18000.0,415155,0.0,4.0,2.0,4.0,3.0,0.0,1.0,1.0,430548_1007,0,2017-05-07,10
616,527.0,140913.0,21759.0,59264.0,18000.0,230954,44.0,5.0,2.0,5.0,3.0,0.0,2.0,2.0,430548_1007,0,2017-05-09,0
616,527.0,140913.0,21759.0,59264.0,18000.0,367133,0.0,8.0,1.0,2.0,3.0,0.0,2.0,1.0,430548_1007,0,2017-05-13,13
616,527.0,140913.0,21759.0,59264.0,18000.0,601262,0.0,3.0,2.0,3.0,3.0,0.0,4.0,2.0,430548_1007,0,2017-05-11,0
616,527.0,140913.0,21759.0,59264.0,18000.0,933678,0.0,11.0,1.0,5.0,2.0,0.0,2.0,2.0,430539_1007,1,2017-05-12,13
616,527.0,140913.0,21759.0,59264.0,18000.0,882916,7.0,2.0,2.0,2.0,3.0,0.0,2.0,2.0,430548_1007,0,2017-05-13,12
616,527.0,140913.0,21759.0,59264.0,18000.0,58461,42.0,5.0,2.0,5.0,3.0,0.0,3.0,1.0,430548_1007,0,2017-05-12,11
616,527.0,140913.0,21759.0,59264.0,18000.0,35764,72.0,10.0,1.0,4.0,2.0,0.0,1.0,1.0,430548_1007,0,2017-05-09,6
616,527.0,140913.0,21759.0,59264.0,18000.0,1123695,2.0,1.0,2.0,1.0,3.0,0.0,3.0,1.0,430548_1007,0,2017-05-06,7
616,527.0,140913.0,21759.0,59264.0,18000.0,215614,92.0,11.0,1.0,5.0,3.0,0.0,3.0,2.0,430548_1007,0,2017-05-12,0
616,527.0,140913.0,21759.0,59264.0,18000.0,390470,0.0,5.0,2.0,5.0,2.0,0.0,2.0,3.0,430548_1007,0,2017-05-11,8
616,527.0,140913.0,21759.0,59264.0,18000.0,692163,0.0,5.0,2.0,5.0,3.0,0.0,4.0,2.0,430548_1007,0,2017-05-12,13
616,527.0,140913.0,21759.0,59264.0,18000.0,161580,0.0,4.0,2.0,4.0,2.0,0.0,2.0,1.0,430548_1007,0,2017-05-08,3
616,527.0,140913.0,21759.0,59264.0,18000.0,925018,0.0,5.0,2.0,5.0,2.0,0.0,2.0,2.0,430548_1007,0,2017-05-12,13
616,527.0,140913.0,21759.0,59264.0,18000.0,1090794,0.0,4.0,2.0,4.0,2.0,0.0,2.0,1.0,430539_1007,0,2017-05-07,9
616,527.0,140913.0,21759.0,59264.0,18000.0,344807,91.0,11.0,1.0,5.0,3.0,0.0,2.0,2.0,430548_1007,0,2017-05-11,3
616,527.0,140913.0,21759.0,59264.0,18000.0,240490,0.0,2.0,2.0,2.0,3.0,0.0,2.0,1.0,430539_1007,0,2017-05-11,11
616,527.0,140913.0,21759.0,59264.0,18000.0,809968,65.0,9.0,1.0,3.0,3.0,0.0,4.0,1.0,430548_1007,0,2017-05-07,7
616,527.0,140913.0,21759.0,59264.0,18000.0,902458,0.0,4.0,2.0,4.0,3.0,0.0,2.0,2.0,430539_1007,0,2017-05-13,1
616,527.0,140913.0,21759.0,59264.0,18000.0,20577,0.0,9.0,1.0,3.0,2.0,0.0,4.0,1.0,430548_1007,0,2017-05-12,2
616,527.0,140913.0,21759.0,59264.0,18000.0,1095713,91.0,11.0,1.0,5.0,3.0,0.0,2.0,2.0,430548_1007,0,2017-05-06,4
616,527.0,140913.0,21759.0,59264.0,18000.0,688214,0.0,3.0,2.0,3.0,3.0,0.0,1.0,3.0,430539_1007,0,2017-05-12,5
616,527.0,140913.0,21759.0,59264.0,18000.0,47592,0.0,4.0,2.0,4.0,3.0,0.0,4.0,2.0,430548_1007,0,2017-05-12,13
616,527.0,140913.0,21759.0,59264.0,18000.0,466483,19.0,3.0,2.0,3.0,3.0,0.0,2.0,2.0,430539_1007,0,2017-05-08,7
616,527.0,140913.0,21759.0,59264.0,18000.0,285254,0.0,3.0,2.0,3.0,3.0,0.0,4.0,2.0,430548_1007,0,2017-05-11,3
616,527.0,140913.0,21759.0,59264.0,18000.0,883459,8.0,2.0,2.0,2.0,3.0,0.0,3.0,1.0,430548_1007,0,2017-05-08,1
616,527.0,140913.0,21759.0,59264.0,18000.0,372604,0.0,11.0,1.0,5.0,2.0,0.0,3.0,1.0,430548_1007,0,2017-05-10,7
616,527.0,140913.0,21759.0,59264.0,18000.0,102383,0.0,3.0,2.0,3.0,3.0,0.0,1.0,2.0,430548_1007,0,2017-05-13,2
616,527.0,140913.0,21759.0,59264.0,18000.0,7196,38.0,5.0,2.0,5.0,2.0,0.0,4.0,1.0,430548_1007,0,2017-05-10,0
616,527.0,140913.0,21759.0,59264.0,18000.0,859039,0.0,10.0,1.0,4.0,3.0,0.0,3.0,2.0,430548_1007,0,2017-05-10,3
616,527.0,140913.0,21759.0,59264.0,18000.0,300811,0.0,2.0,2.0,2.0,3.0,0.0,2.0,1.0,430539_1007,0,2017-05-06,11
616,527.0,140913.0,21759.0,59264.0,18000.0,107154,0.0,5.0,2.0,5.0,3.0,0.0,3.0,1.0,430539_1007,0,2017-05-12,6
616,527.0,140913.0,21759.0,59264.0,18000.0,745148,0.0,10.0,1.0,4.0,1.0,0.0,2.0,1.0,430548_1007,0,2017-05-11,2
616,527.0,140913.0,21759.0,59264.0,18000.0,607110,0.0,11.0,1.0,5.0,3.0,0.0,4.0,1.0,430548_1007,0,2017-05-10,3
616,527.0,140913.0,21759.0,59264.0,18000.0,819520,0.0,4.0,2.0,4.0,3.0,0.0,2.0,1.0,430548_1007,0,2017-05-13,4
616,527.0,140913.0,21759.0,59264.0,18000.0,994469,0.0,3.0,2.0,3.0,3.0,0.0,2.0,2.0,430539_1007,0,2017-05-11,13
616,527.0,140913.0,21759.0,59264.0,18000.0,307520,54.0,8.0,1.0,2.0,3.0,1.0,3.0,2.0,430539_1007,0,2017-05-10,7
616,527.0,140913.0,21759.0,59264.0,18000.0,310865,0.0,3.0,2.0,3.0,2.0,0.0,2.0,2.0,430539_1007,0,2017-05-12,13
616,527.0,140913.0,21759.0,59264.0,18000.0,883459,8.0,2.0,2.0,2.0,3.0,0.0,3.0,1.0,430548_1007,0,2017-05-12,3
616,527.0,140913.0,21759.0,59264.0,18000.0,426847,0.0,3.0,2.0,3.0,3.0,0.0,2.0,2.0,430548_1007,0,2017-05-07,0
616,527.0,140913.0,21759.0,59264.0,18000.0,277339,34.0,4.0,2.0,4.0,3.0,0.0,3.0,2.0,430548_1007,0,2017-05-12,3
616,527.0,140913.0,21759.0,59264.0,18000.0,84416,0.0,4.0,2.0,4.0,3.0,0.0,2.0,1.0,430548_1007,0,2017-05-08,6
616,527.0,140913.0,21759.0,59264.0,18000.0,622380,0.0,10.0,1.0,4.0,2.0,0.0,2.0,2.0,430548_1007,0,2017-05-12,14
616,527.0,140913.0,21759.0,59264.0,18000.0,1044736,0.0,5.0,2.0,5.0,2.0,0.0,2.0,3.0,430539_1007,0,2017-05-13,9
616,527.0,140913.0,21759.0,59264.0,18000.0,899050,0.0,3.0,2.0,3.0,2.0,0.0,4.0,3.0,430548_1007,0,2017-05-10,4
616,527.0,140913.0,21759.0,59264.0,18000.0,470496,0.0,3.0,2.0,3.0,3.0,0.0,2.0,1.0,430548_1007,0,2017-05-13,13
616,527.0,140913.0,21759.0,59264.0,18000.0,446967,0.0,5.0,2.0,5.0,3.0,0.0,2.0,1.0,430548_1007,0,2017-05-13,9
616,527.0,140913.0,21759.0,59264.0,18000.0,606016,0.0,3.0,2.0,3.0,3.0,0.0,2.0,2.0,430539_1007,0,2017-05-12,12
616,527.0,140913.0,21759.0,59264.0,18000.0,675797,0.0,3.0,2.0,3.0,3.0,1.0,3.0,1.0,430539_1007,0,2017-05-11,12
616,527.0,140913.0,21759.0,59264.0,18000.0,660866,0.0,8.0,1.0,2.0,3.0,0.0,2.0,1.0,430548_1007,0,2017-05-12,3
616,527.0,140913.0,21759.0,59264.0,18000.0,392006,8.0,2.0,2.0,2.0,3.0,0.0,3.0,2.0,430548_1007,0,2017-05-12,8
616,527.0,140913.0,21759.0,59264.0,18000.0,546566,17.0,3.0,2.0,3.0,3.0,1.0,4.0,1.0,430539_1007,0,2017-05-10,2
616,527.0,140913.0,21759.0,59264.0,18000.0,224682,0.0,5.0,2.0,5.0,3.0,0.0,2.0,2.0,430548_1007,0,2017-05-13,6
616,527.0,140913.0,21759.0,59264.0,18000.0,126160,77.0,10.0,1.0,4.0,3.0,0.0,2.0,1.0,430548_1007,0,2017-05-12,13
616,527.0,140913.0,21759.0,59264.0,18000.0,532485,0.0,4.0,2.0,4.0,2.0,0.0,4.0,2.0,430548_1007,0,2017-05-13,6
616,527.0,140913.0,21759.0,59264.0,18000.0,9720,20.0,3.0,2.0,3.0,3.0,0.0,4.0,1.0,430548_1007,0,2017-05-10,5
616,527.0,140913.0,21759.0,59264.0,18000.0,994469,0.0,3.0,2.0,3.0,3.0,0.0,2.0,2.0,430539_1007,0,2017-05-11,13
616,527.0,140913.0,21759.0,59264.0,18000.0,567955,0.0,5.0,2.0,5.0,3.0,0.0,2.0,2.0,430548_1007,0,2017-05-13,8
616,527.0,140913.0,21759.0,59264.0,18000.0,9720,20.0,3.0,2.0,3.0,3.0,0.0,4.0,1.0,430548_1007,0,2017-05-12,12
616,527.0,140913.0,21759.0,59264.0,18000.0,791046,32.0,4.0,2.0,4.0,3.0,0.0,1.0,2.0,430539_1007,0,2017-05-12,10
616,527.0,140913.0,21759.0,59264.0,18000.0,226466,30.0,4.0,2.0,4.0,3.0,0.0,2.0,1.0,430539_1007,0,2017-05-07,8
616,527.0,140913.0,21759.0,59264.0,18000.0,346132,0.0,4.0,2.0,4.0,3.0,0.0,2.0,2.0,430548_1007,0,2017-05-07,5
616,527.0,140913.0,21759.0,59264.0,18000.0,40260,0.0,3.0,2.0,3.0,2.0,0.0,2.0,2.0,430548_1007,0,2017-05-09,4
616,527.0,140913.0,21759.0,59264.0,18000.0,594438,7.0,2.0,2.0,2.0,3.0,0.0,2.0,1.0,430548_1007,0,2017-05-12,6
616,527.0,140913.0,21759.0,59264.0,18000.0,7196,38.0,5.0,2.0,5.0,2.0,0.0,4.0,1.0,430548_1007,0,2017-05-08,0
616,527.0,140913.0,21759.0,59264.0,18000.0,82773,0.0,5.0,2.0,5.0,3.0,0.0,2.0,2.0,430548_1007,0,2017-05-13,13
616,527.0,140913.0,21759.0,59264.0,18000.0,499480,0.0,1.0,2.0,1.0,3.0,0.0,2.0,1.0,430548_1007,0,2017-05-09,1
616,527.0,140913.0,21759.0,59264.0,18000.0,805186,0.0,4.0,2.0,4.0,3.0,0.0,1.0,2.0,430539_1007,0,2017-05-07,7
616,527.0,140913.0,21759.0,59264.0,18000.0,657588,0.0,2.0,2.0,2.0,3.0,0.0,4.0,1.0,430548_1007,0,2017-05-09,2
616,527.0,140913.0,21759.0,59264.0,18000.0,460961,0.0,5.0,2.0,5.0,2.0,0.0,2.0,1.0,430548_1007,0,2017-05-10,6
617,6160.0,201704.0,29359.0,210532.0,299.0,762650,0.0,3.0,2.0,3.0,3.0,0.0,2.0,2.0,430548_1007,0,2017-05-10,15
617,6160.0,201704.0,29359.0,210532.0,299.0,1082295,0.0,5.0,2.0,5.0,3.0,0.0,2.0,2.0,430548_1007,0,2017-05-09,13
617,6160.0,201704.0,29359.0,210532.0,299.0,852184,45.0,5.0,2.0,5.0,3.0,0.0,3.0,2.0,430548_1007,0,2017-05-10,7
617,6160.0,201704.0,29359.0,210532.0,299.0,495885,80.0,10.0,1.0,4.0,3.0,0.0,2.0,2.0,430548_1007,0,2017-05-11,13
623,1478.0,278355.0,35492.0,152792.0,138.0,1017150,0.0,8.0,1.0,2.0,2.0,0.0,3.0,2.0,430548_1007,0,2017-05-09,6
623,1478.0,278355.0,35492.0,152792.0,138.0,753598,0.0,11.0,1.0,5.0,3.0,0.0,2.0,2.0,430539_1007,0,2017-05-09,5
623,1478.0,278355.0,35492.0,152792.0,138.0,628408,93.0,11.0,1.0,5.0,3.0,0.0,2.0,3.0,430539_1007,0,2017-05-06,6
623,1478.0,278355.0,35492.0,152792.0,138.0,753598,0.0,11.0,1.0,5.0,3.0,0.0,2.0,2.0,430539_1007,0,2017-05-11,5
623,1478.0,278355.0,35492.0,152792.0,138.0,753598,0.0,11.0,1.0,5.0,3.0,0.0,2.0,2.0,430539_1007,0,2017-05-07,0
623,1478.0,278355.0,35492.0,152792.0,138.0,43849,92.0,11.0,1.0,5.0,3.0,0.0,3.0,2.0,430548_1007,0,2017-05-11,13
623,1478.0,278355.0,35492.0,152792.0,138.0,659628,49.0,6.0,2.0,6.0,3.0,0.0,4.0,2.0,430548_1007,0,2017-05-06,0
623,1478.0,278355.0,35492.0,152792.0,138.0,182572,0.0,11.0,1.0,5.0,3.0,0.0,3.0,1.0,430548_1007,0,2017-05-10,11
623,1478.0,278355.0,35492.0,152792.0,138.0,646306,96.0,12.0,1.0,6.0,3.0,0.0,3.0,2.0,430539_1007,0,2017-05-08,0
623,1478.0,278355.0,35492.0,152792.0,138.0,283215,0.0,4.0,2.0,4.0,3.0,0.0,3.0,2.0,430548_1007,0,2017-05-06,2
623,1478.0,278355.0,35492.0,152792.0,138.0,290622,80.0,10.0,1.0,4.0,3.0,0.0,2.0,2.0,430539_1007,0,2017-05-12,9
623,1478.0,278355.0,35492.0,152792.0,138.0,646306,96.0,12.0,1.0,6.0,3.0,0.0,3.0,2.0,430539_1007,0,2017-05-06,2
623,1478.0,278355.0,35492.0,152792.0,138.0,225122,0.0,11.0,1.0,5.0,3.0,0.0,2.0,2.0,430548_1007,0,2017-05-12,3
623,1478.0,278355.0,35492.0,152792.0,138.0,290622,80.0,10.0,1.0,4.0,3.0,0.0,2.0,2.0,430539_1007,0,2017-05-11,8
623,1478.0,278355.0,35492.0,152792.0,138.0,646306,96.0,12.0,1.0,6.0,3.0,0.0,3.0,2.0,430539_1007,0,2017-05-07,2
629,10701.0,401247.0,55728.0,181986.0,350.0,843156,0.0,11.0,1.0,5.0,2.0,0.0,2.0,1.0,430548_1007,0,2017-05-13,3
630,822.0,330088.0,36357.0,232938.0,35.0,422701,0.0,4.0,2.0,4.0,3.0,0.0,3.0,2.0,430548_1007,0,2017-05-09,12
630,822.0,330088.0,36357.0,232938.0,35.0,124544,78.0,10.0,1.0,4.0,3.0,0.0,4.0,1.0,430548_1007,0,2017-05-13,4
631,7267.0,396641.0,51151.0,63567.0,6.0,460085,81.0,10.0,1.0,4.0,3.0,0.0,4.0,2.0,430548_1007,0,2017-05-11,8
631,7267.0,396641.0,51151.0,63567.0,6.0,267020,0.0,11.0,1.0,5.0,1.0,0.0,2.0,2.0,430548_1007,0,2017-05-06,12
631,7267.0,396641.0,51151.0,63567.0,6.0,51991,81.0,10.0,1.0,4.0,3.0,0.0,4.0,2.0,430548_1007,0,2017-05-08,13
632,6208.0,138686.0,20632.0,459913.0,0.45,681452,0.0,4.0,2.0,4.0,1.0,0.0,2.0,1.0,430548_1007,0,2017-05-10,8
632,6208.0,138686.0,20632.0,459913.0,0.45,861848,0.0,11.0,1.0,5.0,2.0,0.0,2.0,1.0,430548_1007,0,2017-05-06,22
632,6208.0,138686.0,20632.0,459913.0,0.45,480023,0.0,10.0,1.0,4.0,3.0,0.0,2.0,1.0,430539_1007,0,2017-05-08,19
633,11700.0,149772.0,14789.0,43477.0,108.0,551829,0.0,5.0,2.0,5.0,3.0,0.0,2.0,3.0,430548_1007,0,2017-05-12,4
633,11700.0,149772.0,14789.0,43477.0,108.0,1088685,0.0,5.0,2.0,5.0,3.0,0.0,4.0,1.0,430539_1007,0,2017-05-07,7
634,5154.0,152602.0,24153.0,331466.0,3.9,1126724,41.0,5.0,2.0,5.0,3.0,0.0,1.0,1.0,430548_1007,0,2017-05-06,11
638,11465.0,401076.0,55594.0,219805.0,28.0,622257,7.0,2.0,2.0,2.0,3.0,0.0,2.0,2.0,430548_1007,0,2017-05-10,9
638,11465.0,401076.0,55594.0,219805.0,28.0,734455,0.0,9.0,1.0,3.0,3.0,0.0,1.0,2.0,430548_1007,0,2017-05-10,15
638,11465.0,401076.0,55594.0,219805.0,28.0,871531,0.0,11.0,1.0,5.0,3.0,0.0,2.0,2.0,430548_1007,0,2017-05-07,6
638,11465.0,401076.0,55594.0,219805.0,28.0,751140,81.0,10.0,1.0,4.0,3.0,0.0,4.0,2.0,430548_1007,0,2017-05-09,14
640,8214.0,138837.0,893.0,140375.0,396.0,329551,2.0,1.0,2.0,1.0,3.0,0.0,2.0,2.0,430539_1007,0,2017-05-09,0
643,4385.0,139610.0,5419.0,247861.0,128.0,577969,0.0,11.0,1.0,5.0,3.0,0.0,3.0,1.0,430548_1007,0,2017-05-11,14
643,4385.0,139610.0,5419.0,247861.0,128.0,858866,91.0,11.0,1.0,5.0,3.0,0.0,2.0,2.0,430539_1007,0,2017-05-12,0
643,4385.0,139610.0,5419.0,247861.0,128.0,740932,0.0,12.0,1.0,6.0,3.0,0.0,4.0,2.0,430548_1007,0,2017-05-10,10
643,4385.0,139610.0,5419.0,247861.0,128.0,534358,0.0,12.0,1.0,6.0,2.0,0.0,2.0,1.0,430548_1007,0,2017-05-09,23
643,4385.0,139610.0,5419.0,247861.0,128.0,379611,91.0,11.0,1.0,5.0,3.0,0.0,2.0,2.0,430539_1007,0,2017-05-06,4
643,4385.0,139610.0,5419.0,247861.0,128.0,379611,91.0,11.0,1.0,5.0,3.0,0.0,2.0,2.0,430539_1007,0,2017-05-10,13
643,4385.0,139610.0,5419.0,247861.0,128.0,534358,0.0,12.0,1.0,6.0,2.0,0.0,2.0,1.0,430548_1007,0,2017-05-11,13
643,4385.0,139610.0,5419.0,247861.0,128.0,740932,0.0,12.0,1.0,6.0,3.0,0.0,4.0,2.0,430548_1007,0,2017-05-08,7
643,4385.0,139610.0,5419.0,247861.0,128.0,697752,0.0,11.0,1.0,5.0,3.0,0.0,3.0,2.0,430548_1007,0,2017-05-09,1
643,4385.0,139610.0,5419.0,247861.0,128.0,316873,54.0,8.0,1.0,2.0,3.0,1.0,2.0,3.0,430539_1007,0,2017-05-08,12
643,4385.0,139610.0,5419.0,247861.0,128.0,1124302,0.0,4.0,2.0,4.0,3.0,0.0,3.0,1.0,430548_1007,0,2017-05-06,4
643,4385.0,139610.0,5419.0,247861.0,128.0,1013532,0.0,11.0,1.0,5.0,3.0,0.0,2.0,2.0,430548_1007,0,2017-05-09,13
643,4385.0,139610.0,5419.0,247861.0,128.0,231047,0.0,8.0,1.0,2.0,3.0,0.0,4.0,2.0,430548_1007,0,2017-05-06,3
643,4385.0,139610.0,5419.0,247861.0,128.0,85781,0.0,4.0,2.0,4.0,3.0,0.0,2.0,2.0,430548_1007,0,2017-05-09,6
643,4385.0,139610.0,5419.0,247861.0,128.0,589289,0.0,11.0,1.0,5.0,3.0,0.0,2.0,1.0,430548_1007,0,2017-05-09,13
643,4385.0,139610.0,5419.0,247861.0,128.0,1025684,0.0,10.0,1.0,4.0,3.0,0.0,2.0,2.0,430548_1007,0,2017-05-05,21
643,4385.0,139610.0,5419.0,247861.0,128.0,1063005,0.0,11.0,1.0,5.0,3.0,0.0,2.0,1.0,430548_1007,0,2017-05-10,12
643,4385.0,139610.0,5419.0,247861.0,128.0,19948,81.0,10.0,1.0,4.0,3.0,0.0,3.0,2.0,430548_1007,0,2017-05-07,10
643,4385.0,139610.0,5419.0,247861.0,128.0,912430,91.0,11.0,1.0,5.0,3.0,0.0,2.0,2.0,430548_1007,0,2017-05-10,12
643,4385.0,139610.0,5419.0,247861.0,128.0,1103961,0.0,11.0,1.0,5.0,3.0,0.0,2.0,1.0,430539_1007,0,2017-05-13,3
643,4385.0,139610.0,5419.0,247861.0,128.0,1117566,0.0,4.0,2.0,4.0,3.0,0.0,2.0,1.0,430548_1007,0,2017-05-08,16
643,4385.0,139610.0,5419.0,247861.0,128.0,665564,0.0,3.0,2.0,3.0,3.0,0.0,2.0,1.0,430539_1007,0,2017-05-09,12
643,4385.0,139610.0,5419.0,247861.0,128.0,227261,0.0,9.0,1.0,3.0,3.0,0.0,4.0,1.0,430539_1007,0,2017-05-09,6
643,4385.0,139610.0,5419.0,247861.0,128.0,636648,89.0,11.0,1.0,5.0,3.0,0.0,3.0,1.0,430548_1007,0,2017-05-06,11
643,4385.0,139610.0,5419.0,247861.0,128.0,1027135,33.0,4.0,2.0,4.0,3.0,0.0,2.0,2.0,430539_1007,0,2017-05-07,6
643,4385.0,139610.0,5419.0,247861.0,128.0,409140,0.0,8.0,1.0,2.0,3.0,0.0,2.0,1.0,430548_1007,0,2017-05-10,5
643,4385.0,139610.0,5419.0,247861.0,128.0,568908,0.0,11.0,1.0,5.0,3.0,0.0,3.0,1.0,430539_1007,0,2017-05-10,11
643,4385.0,139610.0,5419.0,247861.0,128.0,498405,0.0,11.0,1.0,5.0,2.0,0.0,4.0,2.0,430548_1007,0,2017-05-11,16
643,4385.0,139610.0,5419.0,247861.0,128.0,1132973,0.0,11.0,1.0,5.0,3.0,0.0,2.0,1.0,430548_1007,0,2017-05-09,0
643,4385.0,139610.0,5419.0,247861.0,128.0,409140,0.0,8.0,1.0,2.0,3.0,0.0,2.0,1.0,430548_1007,0,2017-05-06,9
643,4385.0,139610.0,5419.0,247861.0,128.0,1132973,0.0,11.0,1.0,5.0,3.0,0.0,2.0,1.0,430548_1007,0,2017-05-07,9
643,4385.0,139610.0,5419.0,247861.0,128.0,603066,65.0,9.0,1.0,3.0,3.0,0.0,3.0,1.0,430548_1007,0,2017-05-06,3
643,4385.0,139610.0,5419.0,247861.0,128.0,233552,0.0,8.0,1.0,2.0,3.0,0.0,2.0,2.0,430539_1007,0,2017-05-10,5
643,4385.0,139610.0,5419.0,247861.0,128.0,791219,0.0,11.0,1.0,5.0,3.0,0.0,4.0,1.0,430539_1007,0,2017-05-07,14
643,4385.0,139610.0,5419.0,247861.0,128.0,872292,33.0,4.0,2.0,4.0,3.0,0.0,2.0,2.0,430548_1007,0,2017-05-13,14
643,4385.0,139610.0,5419.0,247861.0,128.0,1064357,0.0,4.0,2.0,4.0,1.0,0.0,2.0,2.0,430548_1007,0,2017-05-10,13
643,4385.0,139610.0,5419.0,247861.0,128.0,164488,61.0,9.0,1.0,3.0,2.0,0.0,4.0,2.0,430539_1007,0,2017-05-09,13
643,4385.0,139610.0,5419.0,247861.0,128.0,233552,0.0,8.0,1.0,2.0,3.0,0.0,2.0,2.0,430539_1007,0,2017-05-07,4
643,4385.0,139610.0,5419.0,247861.0,128.0,65601,0.0,11.0,1.0,5.0,2.0,0.0,2.0,1.0,430548_1007,0,2017-05-10,11
643,4385.0,139610.0,5419.0,247861.0,128.0,568908,0.0,11.0,1.0,5.0,3.0,0.0,3.0,1.0,430539_1007,0,2017-05-12,15
643,4385.0,139610.0,5419.0,247861.0,128.0,568908,0.0,11.0,1.0,5.0,3.0,0.0,3.0,1.0,430539_1007,0,2017-05-06,10
643,4385.0,139610.0,5419.0,247861.0,128.0,498405,0.0,11.0,1.0,5.0,2.0,0.0,4.0,2.0,430548_1007,0,2017-05-09,14
643,4385.0,139610.0,5419.0,247861.0,128.0,1069104,80.0,10.0,1.0,4.0,3.0,0.0,2.0,2.0,430548_1007,0,2017-05-08,6
643,4385.0,139610.0,5419.0,247861.0,128.0,1041659,0.0,10.0,1.0,4.0,3.0,0.0,2.0,2.0,430548_1007,0,2017-05-07,15
643,4385.0,139610.0,5419.0,247861.0,128.0,233552,0.0,8.0,1.0,2.0,3.0,0.0,2.0,2.0,430539_1007,0,2017-05-12,10
652,9878.0,401975.0,56518.0,244092.0,325.0,707139,0.0,11.0,1.0,5.0,3.0,0.0,3.0,2.0,430548_1007,0,2017-05-06,14
652,9878.0,401975.0,56518.0,244092.0,325.0,141154,66.0,9.0,1.0,3.0,3.0,1.0,2.0,2.0,430548_1007,0,2017-05-06,13
664,7803.0,164723.0,25313.0,264834.0,4598.0,733268,34.0,4.0,2.0,4.0,3.0,0.0,4.0,2.0,430548_1007,0,2017-05-09,6
664,7803.0,164723.0,25313.0,264834.0,4598.0,62697,0.0,3.0,2.0,3.0,2.0,0.0,2.0,1.0,430539_1007,0,2017-05-08,4
664,7803.0,164723.0,25313.0,264834.0,4598.0,454876,0.0,4.0,2.0,4.0,3.0,0.0,2.0,1.0,430539_1007,0,2017-05-10,2
664,7803.0,164723.0,25313.0,264834.0,4598.0,499228,19.0,3.0,2.0,3.0,3.0,0.0,2.0,2.0,430539_1007,0,2017-05-10,5
665,5811.0,150127.0,23825.0,34321.0,440.0,273708,0.0,10.0,1.0,4.0,1.0,0.0,2.0,2.0,430539_1007,0,2017-05-06,13
671,6736.0,396461.0,50961.0,406411.0,130.0,249545,20.0,3.0,2.0,3.0,3.0,0.0,3.0,2.0,430548_1007,0,2017-05-06,15
671,6736.0,396461.0,50961.0,406411.0,130.0,480566,0.0,1.0,2.0,1.0,2.0,0.0,2.0,2.0,430548_1007,0,2017-05-06,14
671,6736.0,396461.0,50961.0,406411.0,130.0,1033249,0.0,3.0,2.0,3.0,3.0,0.0,2.0,1.0,430548_1007,0,2017-05-08,0
671,6736.0,396461.0,50961.0,406411.0,130.0,83728,0.0,2.0,2.0,2.0,3.0,0.0,2.0,1.0,430548_1007,0,2017-05-09,13
671,6736.0,396461.0,50961.0,406411.0,130.0,997072,20.0,3.0,2.0,3.0,3.0,0.0,3.0,2.0,430548_1007,0,2017-05-13,13
671,6736.0,396461.0,50961.0,406411.0,130.0,512530,20.0,3.0,2.0,3.0,3.0,0.0,4.0,2.0,430539_1007,0,2017-05-10,12
671,6736.0,396461.0,50961.0,406411.0,130.0,529160,0.0,9.0,1.0,3.0,3.0,0.0,3.0,2.0,430548_1007,0,2017-05-11,2
671,6736.0,396461.0,50961.0,406411.0,130.0,689686,19.0,3.0,2.0,3.0,3.0,0.0,2.0,2.0,430548_1007,0,2017-05-09,23
671,6736.0,396461.0,50961.0,406411.0,130.0,997072,20.0,3.0,2.0,3.0,3.0,0.0,3.0,2.0,430548_1007,0,2017-05-09,7
671,6736.0,396461.0,50961.0,406411.0,130.0,474385,20.0,3.0,2.0,3.0,3.0,0.0,3.0,2.0,430548_1007,0,2017-05-06,12
671,6736.0,396461.0,50961.0,406411.0,130.0,78896,20.0,3.0,2.0,3.0,3.0,0.0,3.0,2.0,430539_1007,0,2017-05-07,10
671,6736.0,396461.0,50961.0,406411.0,130.0,295389,0.0,10.0,1.0,4.0,3.0,0.0,2.0,1.0,430548_1007,0,2017-05-12,12
671,6736.0,396461.0,50961.0,406411.0,130.0,343674,0.0,4.0,2.0,4.0,3.0,0.0,2.0,2.0,430548_1007,0,2017-05-06,15
671,6736.0,396461.0,50961.0,406411.0,130.0,166825,0.0,2.0,2.0,2.0,3.0,0.0,2.0,1.0,430548_1007,0,2017-05-11,11
671,6736.0,396461.0,50961.0,406411.0,130.0,932114,0.0,2.0,2.0,2.0,2.0,0.0,2.0,2.0,430548_1007,0,2017-05-11,19
671,6736.0,396461.0,50961.0,406411.0,130.0,586680,0.0,2.0,2.0,2.0,3.0,0.0,4.0,2.0,430548_1007,0,2017-05-06,13
671,6736.0,396461.0,50961.0,406411.0,130.0,770091,0.0,10.0,1.0,4.0,3.0,0.0,4.0,2.0,430539_1007,0,2017-05-13,7
671,6736.0,396461.0,50961.0,406411.0,130.0,226379,0.0,4.0,2.0,4.0,2.0,0.0,2.0,2.0,430548_1007,0,2017-05-13,7
671,6736.0,396461.0,50961.0,406411.0,130.0,16913,0.0,3.0,2.0,3.0,3.0,0.0,2.0,2.0,430548_1007,0,2017-05-12,0
671,6736.0,396461.0,50961.0,406411.0,130.0,1079030,51.0,7.0,1.0,1.0,3.0,0.0,2.0,1.0,430548_1007,0,2017-05-13,7
671,6736.0,396461.0,50961.0,406411.0,130.0,932114,0.0,2.0,2.0,2.0,2.0,0.0,2.0,2.0,430548_1007,0,2017-05-06,14
671,6736.0,396461.0,50961.0,406411.0,130.0,657674,0.0,3.0,2.0,3.0,1.0,0.0,2.0,2.0,430548_1007,0,2017-05-12,5
671,6736.0,396461.0,50961.0,406411.0,130.0,243333,0.0,4.0,2.0,4.0,3.0,0.0,2.0,2.0,430548_1007,0,2017-05-07,1
671,6736.0,396461.0,50961.0,406411.0,130.0,159896,41.0,5.0,2.0,5.0,3.0,0.0,2.0,1.0,430539_1007,0,2017-05-05,22
671,6736.0,396461.0,50961.0,406411.0,130.0,551180,0.0,2.0,2.0,2.0,2.0,0.0,2.0,2.0,430548_1007,0,2017-05-12,14
671,6736.0,396461.0,50961.0,406411.0,130.0,45705,0.0,2.0,2.0,2.0,3.0,0.0,2.0,1.0,430548_1007,0,2017-05-12,6
671,6736.0,396461.0,50961.0,406411.0,130.0,1071200,0.0,10.0,1.0,4.0,3.0,0.0,2.0,3.0,430548_1007,0,2017-05-12,17
673,6258.0,403365.0,27049.0,297539.0,180.0,1071482,86.0,11.0,1.0,5.0,2.0,0.0,2.0,3.0,430539_1007,0,2017-05-06,13
673,6258.0,403365.0,27049.0,297539.0,180.0,56853,0.0,5.0,2.0,5.0,3.0,0.0,2.0,2.0,430548_1007,0,2017-05-07,15
673,6258.0,403365.0,27049.0,297539.0,180.0,498411,0.0,11.0,1.0,5.0,2.0,0.0,2.0,2.0,430548_1007,0,2017-05-07,15
673,6258.0,403365.0,27049.0,297539.0,180.0,170643,92.0,11.0,1.0,5.0,3.0,0.0,3.0,2.0,430539_1007,0,2017-05-10,3
673,6258.0,403365.0,27049.0,297539.0,180.0,1029238,0.0,9.0,1.0,3.0,3.0,0.0,1.0,2.0,430548_1007,0,2017-05-11,15
673,6258.0,403365.0,27049.0,297539.0,180.0,891148,0.0,4.0,2.0,4.0,1.0,0.0,2.0,1.0,430548_1007,0,2017-05-11,10
673,6258.0,403365.0,27049.0,297539.0,180.0,170643,92.0,11.0,1.0,5.0,3.0,0.0,3.0,2.0,430539_1007,0,2017-05-09,0
673,6258.0,403365.0,27049.0,297539.0,180.0,722774,0.0,9.0,1.0,3.0,3.0,0.0,2.0,2.0,430539_1007,0,2017-05-06,6
673,6258.0,403365.0,27049.0,297539.0,180.0,891148,0.0,4.0,2.0,4.0,1.0,0.0,2.0,1.0,430548_1007,0,2017-05-08,10
673,6258.0,403365.0,27049.0,297539.0,180.0,756986,77.0,10.0,1.0,4.0,3.0,0.0,2.0,1.0,430539_1007,0,2017-05-06,11
673,6258.0,403365.0,27049.0,297539.0,180.0,630779,91.0,11.0,1.0,5.0,3.0,0.0,2.0,2.0,430539_1007,0,2017-05-13,14
673,6258.0,403365.0,27049.0,297539.0,180.0,681276,0.0,10.0,1.0,4.0,2.0,0.0,3.0,2.0,430548_1007,0,2017-05-06,9
673,6258.0,403365.0,27049.0,297539.0,180.0,213960,0.0,11.0,1.0,5.0,2.0,0.0,2.0,2.0,430548_1007,0,2017-05-08,12
673,6258.0,403365.0,27049.0,297539.0,180.0,790498,91.0,11.0,1.0,5.0,3.0,0.0,2.0,2.0,430548_1007,0,2017-05-08,21
673,6258.0,403365.0,27049.0,297539.0,180.0,470663,0.0,11.0,1.0,5.0,3.0,0.0,2.0,1.0,430548_1007,0,2017-05-07,12
673,6258.0,403365.0,27049.0,297539.0,180.0,829230,93.0,11.0,1.0,5.0,3.0,0.0,1.0,3.0,430539_1007,0,2017-05-12,14
673,6258.0,403365.0,27049.0,297539.0,180.0,5526,5.0,2.0,2.0,2.0,3.0,1.0,2.0,2.0,430548_1007,0,2017-05-08,13
673,6258.0,403365.0,27049.0,297539.0,180.0,985439,56.0,8.0,1.0,2.0,3.0,0.0,2.0,2.0,430539_1007,0,2017-05-13,5
673,6258.0,403365.0,27049.0,297539.0,180.0,1111833,0.0,9.0,1.0,3.0,3.0,0.0,2.0,1.0,430539_1007,0,2017-05-10,6
673,6258.0,403365.0,27049.0,297539.0,180.0,1131096,0.0,7.0,1.0,1.0,2.0,0.0,2.0,1.0,430548_1007,0,2017-05-13,14
673,6258.0,403365.0,27049.0,297539.0,180.0,794470,80.0,10.0,1.0,4.0,3.0,0.0,2.0,2.0,430548_1007,0,2017-05-13,8
673,6258.0,403365.0,27049.0,297539.0,180.0,779867,0.0,11.0,1.0,5.0,3.0,0.0,2.0,1.0,430548_1007,0,2017-05-08,15
673,6258.0,403365.0,27049.0,297539.0,180.0,1037762,33.0,4.0,2.0,4.0,3.0,0.0,2.0,2.0,430548_1007,0,2017-05-07,4
673,6258.0,403365.0,27049.0,297539.0,180.0,476103,80.0,10.0,1.0,4.0,3.0,0.0,2.0,2.0,430548_1007,0,2017-05-11,23
673,6258.0,403365.0,27049.0,297539.0,180.0,535661,0.0,10.0,1.0,4.0,2.0,0.0,2.0,2.0,430548_1007,0,2017-05-08,0
673,6258.0,403365.0,27049.0,297539.0,180.0,904142,0.0,9.0,1.0,3.0,2.0,0.0,1.0,2.0,430548_1007,0,2017-05-10,14
673,6258.0,403365.0,27049.0,297539.0,180.0,507454,0.0,11.0,1.0,5.0,2.0,0.0,2.0,3.0,430548_1007,0,2017-05-08,3
673,6258.0,403365.0,27049.0,297539.0,180.0,779867,0.0,11.0,1.0,5.0,3.0,0.0,2.0,1.0,430548_1007,0,2017-05-06,15
673,6258.0,403365.0,27049.0,297539.0,180.0,710030,0.0,10.0,1.0,4.0,3.0,0.0,2.0,2.0,430539_1007,0,2017-05-12,13
673,6258.0,403365.0,27049.0,297539.0,180.0,873450,0.0,11.0,1.0,5.0,3.0,0.0,4.0,2.0,430548_1007,0,2017-05-08,0
673,6258.0,403365.0,27049.0,297539.0,180.0,873450,0.0,11.0,1.0,5.0,3.0,0.0,4.0,2.0,430548_1007,0,2017-05-13,2
673,6258.0,403365.0,27049.0,297539.0,180.0,739939,80.0,10.0,1.0,4.0,3.0,0.0,2.0,2.0,430548_1007,0,2017-05-07,15
673,6258.0,403365.0,27049.0,297539.0,180.0,851518,90.0,11.0,1.0,5.0,3.0,0.0,1.0,2.0,430539_1007,0,2017-05-06,14
673,6258.0,403365.0,27049.0,297539.0,180.0,378352,89.0,11.0,1.0,5.0,3.0,0.0,3.0,1.0,430548_1007,0,2017-05-10,0
673,6258.0,403365.0,27049.0,297539.0,180.0,882703,80.0,10.0,1.0,4.0,3.0,0.0,2.0,2.0,430548_1007,0,2017-05-08,9
673,6258.0,403365.0,27049.0,297539.0,180.0,288368,69.0,9.0,1.0,3.0,3.0,0.0,4.0,3.0,430539_1007,0,2017-05-10,1
673,6258.0,403365.0,27049.0,297539.0,180.0,779867,0.0,11.0,1.0,5.0,3.0,0.0,2.0,1.0,430548_1007,0,2017-05-11,15
681,5379.0,391877.0,46072.0,87023.0,21.6,925808,0.0,11.0,1.0,5.0,3.0,0.0,2.0,1.0,430548_1007,0,2017-05-07,13
681,5379.0,391877.0,46072.0,87023.0,21.6,697563,0.0,4.0,2.0,4.0,3.0,0.0,2.0,2.0,430539_1007,0,2017-05-06,10
683,7066.0,398002.0,52606.0,183431.0,650.0,1125647,0.0,10.0,1.0,4.0,3.0,0.0,2.0,3.0,430548_1007,1,2017-05-06,12
683,7066.0,398002.0,52606.0,183431.0,650.0,276987,0.0,11.0,1.0,5.0,2.0,0.0,2.0,1.0,430548_1007,0,2017-05-06,7
688,8057.0,365653.0,36871.0,313218.0,198.0,827027,45.0,5.0,2.0,5.0,3.0,0.0,3.0,2.0,430539_1007,0,2017-05-11,0
695,9154.0,208949.0,7390.0,184598.0,128.0,724554,85.0,11.0,1.0,5.0,2.0,0.0,3.0,2.0,430548_1007,0,2017-05-11,16
695,9154.0,208949.0,7390.0,184598.0,128.0,348476,0.0,11.0,1.0,5.0,2.0,0.0,2.0,2.0,430548_1007,0,2017-05-05,17
707,9447.0,137078.0,18294.0,353787.0,316.0,704089,0.0,5.0,2.0,5.0,3.0,0.0,2.0,2.0,430548_1007,0,2017-05-13,9
707,9447.0,137078.0,18294.0,353787.0,316.0,616631,0.0,2.0,2.0,2.0,3.0,0.0,4.0,2.0,430539_1007,0,2017-05-13,4
707,9447.0,137078.0,18294.0,353787.0,316.0,962953,0.0,2.0,2.0,2.0,3.0,0.0,2.0,1.0,430548_1007,0,2017-05-06,4
707,9447.0,137078.0,18294.0,353787.0,316.0,534976,76.0,10.0,1.0,4.0,2.0,0.0,3.0,3.0,430548_1007,0,2017-05-13,2
707,9447.0,137078.0,18294.0,353787.0,316.0,521385,43.0,5.0,2.0,5.0,3.0,0.0,1.0,2.0,430539_1007,0,2017-05-09,13
718,6996.0,202009.0,29371.0,304635.0,2.0,276306,0.0,11.0,1.0,5.0,3.0,0.0,1.0,1.0,430548_1007,0,2017-05-09,15
723,531.0,403707.0,53818.0,301977.0,9.0,704085,17.0,3.0,2.0,3.0,3.0,0.0,4.0,1.0,430548_1007,0,2017-05-05,20
724,8673.0,387575.0,41524.0,194694.0,39.0,719169,92.0,11.0,1.0,5.0,3.0,0.0,3.0,3.0,430548_1007,0,2017-05-13,10
726,141.0,140737.0,22000.0,260411.0,23.0,103782,81.0,10.0,1.0,4.0,3.0,0.0,4.0,2.0,430548_1007,0,2017-05-09,23
726,141.0,140737.0,22000.0,260411.0,23.0,726199,0.0,3.0,2.0,3.0,3.0,0.0,3.0,2.0,430548_1007,0,2017-05-06,3
726,141.0,140737.0,22000.0,260411.0,23.0,626422,0.0,5.0,2.0,5.0,3.0,0.0,2.0,1.0,430548_1007,0,2017-05-09,21
726,141.0,140737.0,22000.0,260411.0,23.0,77734,21.0,3.0,2.0,3.0,3.0,0.0,1.0,2.0,430539_1007,0,2017-05-09,10
726,141.0,140737.0,22000.0,260411.0,23.0,723593,31.0,4.0,2.0,4.0,3.0,0.0,3.0,1.0,430539_1007,0,2017-05-10,11
726,141.0,140737.0,22000.0,260411.0,23.0,209900,0.0,4.0,2.0,4.0,1.0,0.0,2.0,2.0,430548_1007,0,2017-05-06,13
726,141.0,140737.0,22000.0,260411.0,23.0,378438,0.0,4.0,2.0,4.0,3.0,0.0,2.0,2.0,430548_1007,0,2017-05-09,22
726,141.0,140737.0,22000.0,260411.0,23.0,668144,0.0,3.0,2.0,3.0,3.0,0.0,2.0,1.0,430548_1007,0,2017-05-08,9
726,141.0,140737.0,22000.0,260411.0,23.0,477650,0.0,6.0,2.0,6.0,3.0,0.0,2.0,2.0,430548_1007,0,2017-05-12,8
726,141.0,140737.0,22000.0,260411.0,23.0,723593,31.0,4.0,2.0,4.0,3.0,0.0,3.0,1.0,430539_1007,0,2017-05-13,13
726,141.0,140737.0,22000.0,260411.0,23.0,209900,0.0,4.0,2.0,4.0,1.0,0.0,2.0,2.0,430548_1007,0,2017-05-08,7
726,141.0,140737.0,22000.0,260411.0,23.0,794330,0.0,10.0,1.0,4.0,3.0,0.0,3.0,1.0,430548_1007,0,2017-05-07,11
726,141.0,140737.0,22000.0,260411.0,23.0,494697,0.0,3.0,2.0,3.0,3.0,0.0,3.0,1.0,430539_1007,0,2017-05-09,23
726,141.0,140737.0,22000.0,260411.0,23.0,234032,34.0,4.0,2.0,4.0,3.0,0.0,3.0,2.0,430548_1007,0,2017-05-07,11
726,141.0,140737.0,22000.0,260411.0,23.0,926451,0.0,4.0,2.0,4.0,2.0,0.0,2.0,1.0,430548_1007,0,2017-05-11,4
726,141.0,140737.0,22000.0,260411.0,23.0,15436,0.0,11.0,1.0,5.0,3.0,0.0,2.0,2.0,430548_1007,0,2017-05-13,8
726,141.0,140737.0,22000.0,260411.0,23.0,926451,0.0,4.0,2.0,4.0,2.0,0.0,2.0,1.0,430548_1007,0,2017-05-06,3
726,141.0,140737.0,22000.0,260411.0,23.0,1112013,0.0,5.0,2.0,5.0,3.0,0.0,2.0,2.0,430539_1007,0,2017-05-06,6
726,141.0,140737.0,22000.0,260411.0,23.0,794330,0.0,10.0,1.0,4.0,3.0,0.0,3.0,1.0,430548_1007,0,2017-05-07,5
728,4834.0,399504.0,54184.0,217226.0,30.0,837696,0.0,10.0,1.0,4.0,2.0,0.0,2.0,1.0,430548_1007,0,2017-05-10,7
728,4834.0,399504.0,54184.0,217226.0,30.0,114230,0.0,5.0,2.0,5.0,3.0,0.0,2.0,2.0,430548_1007,0,2017-05-06,7
728,4834.0,399504.0,54184.0,217226.0,30.0,599863,51.0,7.0,1.0,1.0,3.0,0.0,4.0,2.0,430548_1007,0,2017-05-06,0
728,4834.0,399504.0,54184.0,217226.0,30.0,449596,0.0,3.0,2.0,3.0,3.0,0.0,2.0,1.0,430539_1007,0,2017-05-12,6
728,4834.0,399504.0,54184.0,217226.0,30.0,547361,20.0,3.0,2.0,3.0,3.0,0.0,4.0,2.0,430539_1007,0,2017-05-12,5
728,4834.0,399504.0,54184.0,217226.0,30.0,963235,0.0,9.0,1.0,3.0,3.0,0.0,2.0,1.0,430548_1007,0,2017-05-08,8
728,4834.0,399504.0,54184.0,217226.0,30.0,128238,0.0,5.0,2.0,5.0,2.0,0.0,2.0,2.0,430548_1007,0,2017-05-07,11
736,6984.0,387219.0,34937.0,73506.0,551.0,424653,80.0,10.0,1.0,4.0,3.0,0.0,2.0,2.0,430539_1007,0,2017-05-12,2
736,6984.0,387219.0,34937.0,73506.0,551.0,990521,43.0,5.0,2.0,5.0,3.0,0.0,1.0,2.0,430539_1007,0,2017-05-07,3
736,6984.0,387219.0,34937.0,73506.0,551.0,1104291,0.0,4.0,2.0,4.0,3.0,0.0,2.0,2.0,430548_1007,0,2017-05-12,12
736,6984.0,387219.0,34937.0,73506.0,551.0,438416,45.0,5.0,2.0,5.0,3.0,0.0,3.0,2.0,430548_1007,0,2017-05-13,4
736,6984.0,387219.0,34937.0,73506.0,551.0,114230,0.0,5.0,2.0,5.0,3.0,0.0,2.0,2.0,430548_1007,0,2017-05-07,6
736,6984.0,387219.0,34937.0,73506.0,551.0,928555,0.0,11.0,1.0,5.0,1.0,0.0,2.0,2.0,430548_1007,0,2017-05-06,13
736,6984.0,387219.0,34937.0,73506.0,551.0,729502,0.0,4.0,2.0,4.0,3.0,0.0,2.0,1.0,430548_1007,0,2017-05-09,14
736,6984.0,387219.0,34937.0,73506.0,551.0,722495,0.0,10.0,1.0,4.0,3.0,0.0,2.0,1.0,430539_1007,0,2017-05-11,10
736,6984.0,387219.0,34937.0,73506.0,551.0,910502,0.0,4.0,2.0,4.0,3.0,0.0,3.0,2.0,430548_1007,0,2017-05-09,7
736,6984.0,387219.0,34937.0,73506.0,551.0,444186,0.0,5.0,2.0,5.0,3.0,0.0,2.0,1.0,430539_1007,0,2017-05-06,8
736,6984.0,387219.0,34937.0,73506.0,551.0,1121597,92.0,11.0,1.0,5.0,3.0,0.0,4.0,2.0,430539_1007,0,2017-05-11,6
736,6984.0,387219.0,34937.0,73506.0,551.0,211261,26.0,4.0,2.0,4.0,2.0,0.0,2.0,1.0,430548_1007,0,2017-05-07,2
736,6984.0,387219.0,34937.0,73506.0,551.0,405662,49.0,6.0,2.0,6.0,3.0,0.0,2.0,2.0,430539_1007,0,2017-05-13,14
736,6984.0,387219.0,34937.0,73506.0,551.0,754920,0.0,3.0,2.0,3.0,3.0,0.0,4.0,2.0,430548_1007,0,2017-05-09,5
736,6984.0,387219.0,34937.0,73506.0,551.0,479324,0.0,3.0,2.0,3.0,3.0,0.0,3.0,1.0,430539_1007,0,2017-05-10,10
736,6984.0,387219.0,34937.0,73506.0,551.0,347025,0.0,11.0,1.0,5.0,3.0,0.0,2.0,1.0,430539_1007,0,2017-05-12,13
736,6984.0,387219.0,34937.0,73506.0,551.0,639755,19.0,3.0,2.0,3.0,3.0,0.0,2.0,2.0,430548_1007,0,2017-05-09,3
736,6984.0,387219.0,34937.0,73506.0,551.0,1062089,0.0,11.0,1.0,5.0,3.0,0.0,2.0,2.0,430548_1007,0,2017-05-10,7
736,6984.0,387219.0,34937.0,73506.0,551.0,825794,30.0,4.0,2.0,4.0,3.0,0.0,2.0,1.0,430539_1007,0,2017-05-08,8
736,6984.0,387219.0,34937.0,73506.0,551.0,560029,0.0,4.0,2.0,4.0,3.0,0.0,2.0,1.0,430539_1007,0,2017-05-13,3
736,6984.0,387219.0,34937.0,73506.0,551.0,195717,0.0,5.0,2.0,5.0,3.0,0.0,4.0,2.0,430548_1007,0,2017-05-13,2
736,6984.0,387219.0,34937.0,73506.0,551.0,366390,0.0,3.0,2.0,3.0,3.0,0.0,2.0,2.0,430548_1007,0,2017-05-08,11
736,6984.0,387219.0,34937.0,73506.0,551.0,372847,0.0,5.0,2.0,5.0,3.0,0.0,2.0,1.0,430548_1007,0,2017-05-06,11
736,6984.0,387219.0,34937.0,73506.0,551.0,979039,0.0,4.0,2.0,4.0,3.0,0.0,2.0,1.0,430539_1007,1,2017-05-07,4
736,6984.0,387219.0,34937.0,73506.0,551.0,844649,0.0,3.0,2.0,3.0,3.0,0.0,2.0,2.0,430539_1007,0,2017-05-07,9
736,6984.0,387219.0,34937.0,73506.0,551.0,131332,46.0,5.0,2.0,5.0,3.0,0.0,1.0,3.0,430548_1007,0,2017-05-12,7
736,6984.0,387219.0,34937.0,73506.0,551.0,724097,0.0,5.0,2.0,5.0,3.0,0.0,2.0,2.0,430539_1007,0,2017-05-09,12
736,6984.0,387219.0,34937.0,73506.0,551.0,657302,0.0,5.0,2.0,5.0,3.0,0.0,3.0,2.0,430548_1007,0,2017-05-13,14
736,6984.0,387219.0,34937.0,73506.0,551.0,724097,0.0,5.0,2.0,5.0,3.0,0.0,2.0,2.0,430539_1007,0,2017-05-12,12
736,6984.0,387219.0,34937.0,73506.0,551.0,724097,0.0,5.0,2.0,5.0,3.0,0.0,2.0,2.0,430539_1007,1,2017-05-07,5
736,6984.0,387219.0,34937.0,73506.0,551.0,661111,0.0,5.0,2.0,5.0,3.0,0.0,2.0,2.0,430548_1007,0,2017-05-09,11
736,6984.0,387219.0,34937.0,73506.0,551.0,165823,81.0,10.0,1.0,4.0,3.0,0.0,4.0,2.0,430539_1007,1,2017-05-09,3
736,6984.0,387219.0,34937.0,73506.0,551.0,32279,33.0,4.0,2.0,4.0,3.0,0.0,2.0,2.0,430539_1007,0,2017-05-08,12
736,6984.0,387219.0,34937.0,73506.0,551.0,328922,0.0,5.0,2.0,5.0,2.0,0.0,4.0,2.0,430548_1007,0,2017-05-09,6
736,6984.0,387219.0,34937.0,73506.0,551.0,975030,0.0,3.0,2.0,3.0,3.0,0.0,4.0,1.0,430548_1007,0,2017-05-08,4
736,6984.0,387219.0,34937.0,73506.0,551.0,896491,0.0,9.0,1.0,3.0,2.0,0.0,2.0,2.0,430539_1007,0,2017-05-13,15
736,6984.0,387219.0,34937.0,73506.0,551.0,29355,8.0,2.0,2.0,2.0,3.0,0.0,4.0,1.0,430539_1007,0,2017-05-06,1
736,6984.0,387219.0,34937.0,73506.0,551.0,567173,0.0,5.0,2.0,5.0,2.0,0.0,4.0,1.0,430539_1007,0,2017-05-08,9
736,6984.0,387219.0,34937.0,73506.0,551.0,1130921,92.0,11.0,1.0,5.0,3.0,0.0,3.0,2.0,430539_1007,0,2017-05-08,9
736,6984.0,387219.0,34937.0,73506.0,551.0,822940,0.0,4.0,2.0,4.0,3.0,0.0,2.0,3.0,430548_1007,0,2017-05-06,4
736,6984.0,387219.0,34937.0,73506.0,551.0,393773,21.0,3.0,2.0,3.0,3.0,0.0,1.0,3.0,430539_1007,0,2017-05-08,5
736,6984.0,387219.0,34937.0,73506.0,551.0,524187,0.0,9.0,1.0,3.0,3.0,0.0,2.0,2.0,430539_1007,0,2017-05-08,12
736,6984.0,387219.0,34937.0,73506.0,551.0,642615,0.0,6.0,2.0,6.0,2.0,0.0,2.0,1.0,430539_1007,0,2017-05-10,8
736,6984.0,387219.0,34937.0,73506.0,551.0,974934,33.0,4.0,2.0,4.0,3.0,0.0,2.0,2.0,430539_1007,0,2017-05-06,12
736,6984.0,387219.0,34937.0,73506.0,551.0,648867,0.0,2.0,2.0,2.0,3.0,0.0,2.0,2.0,430548_1007,0,2017-05-12,6
736,6984.0,387219.0,34937.0,73506.0,551.0,851408,96.0,12.0,1.0,6.0,3.0,0.0,4.0,2.0,430548_1007,0,2017-05-13,13
736,6984.0,387219.0,34937.0,73506.0,551.0,760975,0.0,3.0,2.0,3.0,3.0,0.0,3.0,3.0,430548_1007,0,2017-05-11,14
736,6984.0,387219.0,34937.0,73506.0,551.0,760975,0.0,3.0,2.0,3.0,3.0,0.0,3.0,3.0,430548_1007,0,2017-05-11,14
736,6984.0,387219.0,34937.0,73506.0,551.0,190859,0.0,3.0,2.0,3.0,3.0,0.0,2.0,1.0,430548_1007,0,2017-05-07,5
736,6984.0,387219.0,34937.0,73506.0,551.0,851408,96.0,12.0,1.0,6.0,3.0,0.0,4.0,2.0,430548_1007,0,2017-05-06,5
736,6984.0,387219.0,34937.0,73506.0,551.0,309793,0.0,3.0,2.0,3.0,3.0,0.0,2.0,1.0,430539_1007,0,2017-05-13,12
736,6984.0,387219.0,34937.0,73506.0,551.0,515364,0.0,5.0,2.0,5.0,3.0,0.0,3.0,2.0,430539_1007,0,2017-05-08,7
736,6984.0,387219.0,34937.0,73506.0,551.0,908035,0.0,4.0,2.0,4.0,3.0,0.0,2.0,2.0,430539_1007,0,2017-05-09,12
736,6984.0,387219.0,34937.0,73506.0,551.0,84655,0.0,3.0,2.0,3.0,3.0,0.0,2.0,2.0,430548_1007,0,2017-05-13,5
736,6984.0,387219.0,34937.0,73506.0,551.0,1095983,0.0,4.0,2.0,4.0,3.0,0.0,2.0,2.0,430539_1007,0,2017-05-10,13
736,6984.0,387219.0,34937.0,73506.0,551.0,851408,96.0,12.0,1.0,6.0,3.0,0.0,4.0,2.0,430548_1007,0,2017-05-10,11
736,6984.0,387219.0,34937.0,73506.0,551.0,1126883,44.0,5.0,2.0,5.0,3.0,0.0,2.0,2.0,430539_1007,0,2017-05-06,12
736,6984.0,387219.0,34937.0,73506.0,551.0,851408,96.0,12.0,1.0,6.0,3.0,0.0,4.0,2.0,430548_1007,0,2017-05-08,4
736,6984.0,387219.0,34937.0,73506.0,551.0,280103,20.0,3.0,2.0,3.0,3.0,0.0,4.0,2.0,430539_1007,0,2017-05-07,12
736,6984.0,387219.0,34937.0,73506.0,551.0,201691,0.0,5.0,2.0,5.0,2.0,0.0,2.0,2.0,430548_1007,0,2017-05-13,7
736,6984.0,387219.0,34937.0,73506.0,551.0,104835,0.0,11.0,1.0,5.0,2.0,0.0,2.0,2.0,430548_1007,0,2017-05-10,13
736,6984.0,387219.0,34937.0,73506.0,551.0,110816,81.0,10.0,1.0,4.0,3.0,0.0,3.0,2.0,430548_1007,0,2017-05-10,10
736,6984.0,387219.0,34937.0,73506.0,551.0,360790,67.0,9.0,1.0,3.0,3.0,0.0,3.0,2.0,430539_1007,1,2017-05-08,5
736,6984.0,387219.0,34937.0,73506.0,551.0,682725,81.0,10.0,1.0,4.0,3.0,0.0,4.0,2.0,430548_1007,0,2017-05-06,13
736,6984.0,387219.0,34937.0,73506.0,551.0,360790,67.0,9.0,1.0,3.0,3.0,0.0,3.0,2.0,430548_1007,1,2017-05-10,13
736,6984.0,387219.0,34937.0,73506.0,551.0,783838,0.0,4.0,2.0,4.0,3.0,0.0,2.0,2.0,430539_1007,0,2017-05-11,14
736,6984.0,387219.0,34937.0,73506.0,551.0,93310,91.0,11.0,1.0,5.0,3.0,0.0,2.0,2.0,430548_1007,0,2017-05-10,4
736,6984.0,387219.0,34937.0,73506.0,551.0,210675,0.0,3.0,2.0,3.0,3.0,0.0,2.0,2.0,430548_1007,0,2017-05-13,13
736,6984.0,387219.0,34937.0,73506.0,551.0,682725,81.0,10.0,1.0,4.0,3.0,0.0,4.0,2.0,430548_1007,0,2017-05-09,2
736,6984.0,387219.0,34937.0,73506.0,551.0,189865,0.0,11.0,1.0,5.0,3.0,0.0,2.0,2.0,430548_1007,0,2017-05-06,5
736,6984.0,387219.0,34937.0,73506.0,551.0,876297,35.0,4.0,2.0,4.0,3.0,0.0,2.0,3.0,430539_1007,0,2017-05-12,7
736,6984.0,387219.0,34937.0,73506.0,551.0,305417,0.0,10.0,1.0,4.0,3.0,0.0,2.0,1.0,430539_1007,0,2017-05-08,7
736,6984.0,387219.0,34937.0,73506.0,551.0,529565,0.0,5.0,2.0,5.0,3.0,0.0,2.0,2.0,430548_1007,0,2017-05-09,14
736,6984.0,387219.0,34937.0,73506.0,551.0,266891,0.0,5.0,2.0,5.0,3.0,0.0,4.0,2.0,430548_1007,0,2017-05-09,5
736,6984.0,387219.0,34937.0,73506.0,551.0,827642,91.0,11.0,1.0,5.0,3.0,0.0,2.0,2.0,430539_1007,0,2017-05-13,8
736,6984.0,387219.0,34937.0,73506.0,551.0,814983,20.0,3.0,2.0,3.0,3.0,0.0,3.0,2.0,430539_1007,0,2017-05-06,5
736,6984.0,387219.0,34937.0,73506.0,551.0,398529,0.0,3.0,2.0,3.0,3.0,0.0,2.0,1.0,430539_1007,0,2017-05-09,10
736,6984.0,387219.0,34937.0,73506.0,551.0,751966,46.0,5.0,2.0,5.0,3.0,0.0,1.0,3.0,430539_1007,0,2017-05-12,15
736,6984.0,387219.0,34937.0,73506.0,551.0,1117360,19.0,3.0,2.0,3.0,3.0,0.0,2.0,2.0,430539_1007,0,2017-05-07,9
736,6984.0,387219.0,34937.0,73506.0,551.0,698588,81.0,10.0,1.0,4.0,3.0,0.0,3.0,2.0,430548_1007,0,2017-05-07,8
736,6984.0,387219.0,34937.0,73506.0,551.0,335851,35.0,4.0,2.0,4.0,3.0,0.0,1.0,3.0,430539_1007,0,2017-05-09,12
736,6984.0,387219.0,34937.0,73506.0,551.0,772092,33.0,4.0,2.0,4.0,3.0,0.0,2.0,2.0,430548_1007,1,2017-05-06,3
736,6984.0,387219.0,34937.0,73506.0,551.0,44528,0.0,11.0,1.0,5.0,3.0,0.0,3.0,1.0,430548_1007,0,2017-05-12,12
736,6984.0,387219.0,34937.0,73506.0,551.0,790367,33.0,4.0,2.0,4.0,3.0,0.0,2.0,2.0,430539_1007,0,2017-05-08,2
736,6984.0,387219.0,34937.0,73506.0,551.0,1124178,33.0,4.0,2.0,4.0,3.0,0.0,2.0,1.0,430548_1007,0,2017-05-11,10
736,6984.0,387219.0,34937.0,73506.0,551.0,1053804,33.0,4.0,2.0,4.0,3.0,0.0,2.0,2.0,430548_1007,0,2017-05-06,5
736,6984.0,387219.0,34937.0,73506.0,551.0,366812,0.0,11.0,1.0,5.0,3.0,0.0,4.0,2.0,430548_1007,0,2017-05-10,2
736,6984.0,387219.0,34937.0,73506.0,551.0,877976,46.0,5.0,2.0,5.0,3.0,0.0,1.0,3.0,430548_1007,0,2017-05-06,9
736,6984.0,387219.0,34937.0,73506.0,551.0,1065164,84.0,11.0,1.0,5.0,2.0,0.0,2.0,2.0,430548_1007,0,2017-05-08,11
736,6984.0,387219.0,34937.0,73506.0,551.0,700443,31.0,4.0,2.0,4.0,3.0,0.0,4.0,1.0,430548_1007,0,2017-05-11,11
736,6984.0,387219.0,34937.0,73506.0,551.0,570192,42.0,5.0,2.0,5.0,3.0,0.0,3.0,1.0,430548_1007,0,2017-05-08,7
736,6984.0,387219.0,34937.0,73506.0,551.0,784581,0.0,5.0,2.0,5.0,3.0,0.0,2.0,2.0,430548_1007,0,2017-05-11,10
736,6984.0,387219.0,34937.0,73506.0,551.0,100529,34.0,4.0,2.0,4.0,3.0,0.0,3.0,2.0,430548_1007,0,2017-05-11,2
736,6984.0,387219.0,34937.0,73506.0,551.0,610695,0.0,3.0,2.0,3.0,3.0,0.0,2.0,2.0,430539_1007,0,2017-05-09,10
736,6984.0,387219.0,34937.0,73506.0,551.0,76668,0.0,5.0,2.0,5.0,3.0,0.0,2.0,2.0,430548_1007,0,2017-05-11,14
736,6984.0,387219.0,34937.0,73506.0,551.0,206189,0.0,4.0,2.0,4.0,3.0,0.0,3.0,2.0,430539_1007,0,2017-05-09,14
736,6984.0,387219.0,34937.0,73506.0,551.0,109335,0.0,11.0,1.0,5.0,3.0,0.0,2.0,3.0,430548_1007,0,2017-05-11,15
736,6984.0,387219.0,34937.0,73506.0,551.0,251839,19.0,3.0,2.0,3.0,3.0,0.0,2.0,2.0,430539_1007,0,2017-05-08,6
736,6984.0,387219.0,34937.0,73506.0,551.0,250526,33.0,4.0,2.0,4.0,3.0,0.0,2.0,2.0,430539_1007,1,2017-05-06,2
736,6984.0,387219.0,34937.0,73506.0,551.0,144106,81.0,10.0,1.0,4.0,3.0,0.0,3.0,2.0,430539_1007,0,2017-05-09,2
736,6984.0,387219.0,34937.0,73506.0,551.0,361431,0.0,4.0,2.0,4.0,3.0,0.0,1.0,1.0,430548_1007,0,2017-05-10,12
736,6984.0,387219.0,34937.0,73506.0,551.0,100169,0.0,3.0,2.0,3.0,3.0,0.0,2.0,1.0,430539_1007,0,2017-05-12,2
736,6984.0,387219.0,34937.0,73506.0,551.0,673567,0.0,3.0,2.0,3.0,3.0,0.0,2.0,1.0,430548_1007,0,2017-05-11,10
736,6984.0,387219.0,34937.0,73506.0,551.0,511580,19.0,3.0,2.0,3.0,3.0,0.0,2.0,2.0,430539_1007,0,2017-05-07,9
736,6984.0,387219.0,34937.0,73506.0,551.0,1054998,0.0,11.0,1.0,5.0,3.0,0.0,2.0,2.0,430539_1007,0,2017-05-09,3
736,6984.0,387219.0,34937.0,73506.0,551.0,1081295,33.0,4.0,2.0,4.0,3.0,0.0,2.0,2.0,430539_1007,0,2017-05-07,11
736,6984.0,387219.0,34937.0,73506.0,551.0,570412,35.0,4.0,2.0,4.0,3.0,0.0,1.0,3.0,430539_1007,0,2017-05-12,15
736,6984.0,387219.0,34937.0,73506.0,551.0,1054002,79.0,10.0,1.0,4.0,3.0,0.0,1.0,2.0,430548_1007,0,2017-05-13,14
736,6984.0,387219.0,34937.0,73506.0,551.0,329539,35.0,4.0,2.0,4.0,3.0,0.0,2.0,3.0,430539_1007,0,2017-05-10,12
736,6984.0,387219.0,34937.0,73506.0,551.0,16828,0.0,5.0,2.0,5.0,3.0,0.0,2.0,1.0,430539_1007,0,2017-05-11,12
736,6984.0,387219.0,34937.0,73506.0,551.0,777033,0.0,12.0,1.0,6.0,3.0,0.0,1.0,2.0,430539_1007,0,2017-05-08,4
736,6984.0,387219.0,34937.0,73506.0,551.0,982139,0.0,3.0,2.0,3.0,3.0,0.0,2.0,1.0,430539_1007,0,2017-05-12,2
736,6984.0,387219.0,34937.0,73506.0,551.0,620195,19.0,3.0,2.0,3.0,3.0,0.0,2.0,2.0,430539_1007,1,2017-05-10,6
736,6984.0,387219.0,34937.0,73506.0,551.0,78677,0.0,5.0,2.0,5.0,3.0,0.0,2.0,1.0,430539_1007,0,2017-05-06,2
741,7064.0,403607.0,58335.0,113555.0,23.5,1035708,0.0,9.0,1.0,3.0,3.0,0.0,3.0,2.0,430539_1007,0,2017-05-06,5
742,10915.0,134442.0,15791.0,198119.0,5.0,476575,42.0,5.0,2.0,5.0,3.0,0.0,4.0,1.0,430548_1007,0,2017-05-12,23
744,124.0,306878.0,35875.0,363426.0,198.0,193006,44.0,5.0,2.0,5.0,3.0,0.0,2.0,2.0,430548_1007,0,2017-05-08,7
744,124.0,306878.0,35875.0,363426.0,198.0,782399,0.0,3.0,2.0,3.0,3.0,0.0,4.0,1.0,430539_1007,0,2017-05-06,17
744,124.0,306878.0,35875.0,363426.0,198.0,822267,93.0,11.0,1.0,5.0,3.0,0.0,2.0,3.0,430539_1007,0,2017-05-06,10
744,124.0,306878.0,35875.0,363426.0,198.0,267018,45.0,5.0,2.0,5.0,3.0,0.0,4.0,3.0,430539_1007,1,2017-05-11,7
744,124.0,306878.0,35875.0,363426.0,198.0,905500,81.0,10.0,1.0,4.0,3.0,0.0,3.0,2.0,430539_1007,0,2017-05-08,6
744,124.0,306878.0,35875.0,363426.0,198.0,273321,93.0,11.0,1.0,5.0,3.0,0.0,2.0,3.0,430548_1007,0,2017-05-06,6
745,5920.0,390158.0,3068.0,58249.0,158.0,927764,0.0,4.0,2.0,4.0,1.0,0.0,2.0,2.0,430548_1007,0,2017-05-08,13
745,5920.0,390158.0,3068.0,58249.0,158.0,531631,19.0,3.0,2.0,3.0,3.0,0.0,2.0,2.0,430539_1007,0,2017-05-13,7
745,5920.0,390158.0,3068.0,58249.0,158.0,952286,0.0,4.0,2.0,4.0,1.0,0.0,2.0,2.0,430548_1007,0,2017-05-12,7
745,5920.0,390158.0,3068.0,58249.0,158.0,420791,0.0,3.0,2.0,3.0,3.0,0.0,4.0,1.0,430548_1007,0,2017-05-13,11
745,5920.0,390158.0,3068.0,58249.0,158.0,757261,33.0,4.0,2.0,4.0,3.0,0.0,2.0,2.0,430548_1007,0,2017-05-13,12
746,11457.0,140520.0,22334.0,137809.0,35.0,788044,0.0,5.0,2.0,5.0,2.0,0.0,2.0,2.0,430548_1007,0,2017-05-12,14
746,11457.0,140520.0,22334.0,137809.0,35.0,1084827,0.0,10.0,1.0,4.0,3.0,0.0,3.0,1.0,430539_1007,0,2017-05-13,12
746,11457.0,140520.0,22334.0,137809.0,35.0,62284,90.0,11.0,1.0,5.0,3.0,0.0,1.0,2.0,430548_1007,0,2017-05-13,7
746,11457.0,140520.0,22334.0,137809.0,35.0,470440,0.0,3.0,2.0,3.0,3.0,1.0,2.0,1.0,430539_1007,0,2017-05-10,9
746,11457.0,140520.0,22334.0,137809.0,35.0,390666,0.0,5.0,2.0,5.0,2.0,0.0,2.0,2.0,430548_1007,0,2017-05-07,16
746,11457.0,140520.0,22334.0,137809.0,35.0,390666,0.0,5.0,2.0,5.0,2.0,0.0,2.0,2.0,430548_1007,0,2017-05-12,2
746,11457.0,140520.0,22334.0,137809.0,35.0,721615,0.0,10.0,1.0,4.0,2.0,0.0,2.0,3.0,430548_1007,0,2017-05-11,20
746,11457.0,140520.0,22334.0,137809.0,35.0,1078023,0.0,10.0,1.0,4.0,3.0,0.0,4.0,2.0,430548_1007,0,2017-05-13,13
746,11457.0,140520.0,22334.0,137809.0,35.0,1078023,0.0,10.0,1.0,4.0,3.0,0.0,4.0,2.0,430548_1007,0,2017-05-10,12
746,11457.0,140520.0,22334.0,137809.0,35.0,600256,0.0,9.0,1.0,3.0,3.0,0.0,2.0,2.0,430539_1007,0,2017-05-11,15
746,11457.0,140520.0,22334.0,137809.0,35.0,12544,0.0,5.0,2.0,5.0,3.0,0.0,3.0,2.0,430548_1007,0,2017-05-07,22
746,11457.0,140520.0,22334.0,137809.0,35.0,712834,20.0,3.0,2.0,3.0,3.0,0.0,4.0,2.0,430548_1007,0,2017-05-11,4
746,11457.0,140520.0,22334.0,137809.0,35.0,892659,5.0,2.0,2.0,2.0,3.0,1.0,2.0,1.0,430548_1007,0,2017-05-12,6
755,5959.0,138030.0,20082.0,308259.0,5200.0,576990,0.0,12.0,1.0,6.0,3.0,0.0,2.0,1.0,430548_1007,0,2017-05-06,13
755,5959.0,138030.0,20082.0,308259.0,5200.0,576990,0.0,12.0,1.0,6.0,3.0,0.0,2.0,1.0,430548_1007,0,2017-05-11,3
766,5467.0,398528.0,53136.0,1644.0,39.8,94981,0.0,8.0,1.0,2.0,3.0,1.0,2.0,1.0,430539_1007,0,2017-05-09,0
766,5467.0,398528.0,53136.0,1644.0,39.8,288814,0.0,7.0,1.0,1.0,3.0,0.0,2.0,1.0,430548_1007,0,2017-05-06,16
767,4281.0,401881.0,56415.0,454237.0,158.0,263119,0.0,5.0,2.0,5.0,2.0,0.0,2.0,1.0,430548_1007,0,2017-05-06,0
767,4281.0,401881.0,56415.0,454237.0,158.0,503247,0.0,3.0,2.0,3.0,3.0,0.0,1.0,2.0,430548_1007,0,2017-05-12,14
767,4281.0,401881.0,56415.0,454237.0,158.0,771736,33.0,4.0,2.0,4.0,3.0,0.0,2.0,2.0,430539_1007,0,2017-05-11,7
767,4281.0,401881.0,56415.0,454237.0,158.0,487285,34.0,4.0,2.0,4.0,3.0,0.0,3.0,2.0,430548_1007,0,2017-05-13,3
767,4281.0,401881.0,56415.0,454237.0,158.0,38661,0.0,5.0,2.0,5.0,3.0,0.0,3.0,2.0,430548_1007,0,2017-05-13,14
767,4281.0,401881.0,56415.0,454237.0,158.0,520892,34.0,4.0,2.0,4.0,3.0,0.0,3.0,2.0,430548_1007,0,2017-05-07,13
767,4281.0,401881.0,56415.0,454237.0,158.0,338958,0.0,3.0,2.0,3.0,3.0,0.0,2.0,2.0,430548_1007,1,2017-05-07,3
767,4281.0,401881.0,56415.0,454237.0,158.0,105237,0.0,4.0,2.0,4.0,3.0,0.0,2.0,2.0,430548_1007,0,2017-05-06,10
767,4281.0,401881.0,56415.0,454237.0,158.0,248927,0.0,6.0,2.0,6.0,2.0,0.0,2.0,1.0,430548_1007,0,2017-05-07,10
767,4281.0,401881.0,56415.0,454237.0,158.0,980758,0.0,11.0,1.0,5.0,3.0,0.0,2.0,3.0,430548_1007,0,2017-05-10,6
767,4281.0,401881.0,56415.0,454237.0,158.0,248876,0.0,2.0,2.0,2.0,3.0,1.0,1.0,1.0,430548_1007,0,2017-05-07,1
767,4281.0,401881.0,56415.0,454237.0,158.0,237727,0.0,11.0,1.0,5.0,2.0,0.0,2.0,2.0,430548_1007,0,2017-05-09,4
767,4281.0,401881.0,56415.0,454237.0,158.0,521847,20.0,3.0,2.0,3.0,3.0,0.0,3.0,2.0,430548_1007,0,2017-05-12,13
767,4281.0,401881.0,56415.0,454237.0,158.0,336787,0.0,5.0,2.0,5.0,1.0,0.0,2.0,2.0,430548_1007,0,2017-05-13,6
767,4281.0,401881.0,56415.0,454237.0,158.0,80312,34.0,4.0,2.0,4.0,3.0,0.0,3.0,1.0,430548_1007,0,2017-05-10,8
767,4281.0,401881.0,56415.0,454237.0,158.0,80052,0.0,5.0,2.0,5.0,2.0,0.0,2.0,2.0,430548_1007,0,2017-05-07,13
767,4281.0,401881.0,56415.0,454237.0,158.0,7479,0.0,5.0,2.0,5.0,3.0,0.0,2.0,2.0,430539_1007,0,2017-05-13,14
767,4281.0,401881.0,56415.0,454237.0,158.0,7479,0.0,5.0,2.0,5.0,3.0,0.0,2.0,2.0,430539_1007,0,2017-05-09,14
767,4281.0,401881.0,56415.0,454237.0,158.0,918493,0.0,4.0,2.0,4.0,2.0,0.0,3.0,2.0,430548_1007,0,2017-05-11,0
767,4281.0,401881.0,56415.0,454237.0,158.0,910482,17.0,3.0,2.0,3.0,3.0,0.0,4.0,1.0,430548_1007,0,2017-05-13,14
767,4281.0,401881.0,56415.0,454237.0,158.0,419053,0.0,4.0,2.0,4.0,3.0,0.0,2.0,2.0,430539_1007,0,2017-05-05,16
767,4281.0,401881.0,56415.0,454237.0,158.0,640655,0.0,5.0,2.0,5.0,3.0,0.0,2.0,2.0,430539_1007,1,2017-05-07,13
767,4281.0,401881.0,56415.0,454237.0,158.0,67770,0.0,3.0,2.0,3.0,3.0,0.0,2.0,2.0,430548_1007,1,2017-05-07,7
767,4281.0,401881.0,56415.0,454237.0,158.0,340194,0.0,10.0,1.0,4.0,1.0,0.0,2.0,1.0,430539_1007,0,2017-05-06,8
767,4281.0,401881.0,56415.0,454237.0,158.0,514153,0.0,4.0,2.0,4.0,3.0,0.0,3.0,2.0,430539_1007,0,2017-05-06,8
767,4281.0,401881.0,56415.0,454237.0,158.0,548545,0.0,5.0,2.0,5.0,1.0,0.0,2.0,1.0,430548_1007,0,2017-05-08,14
767,4281.0,401881.0,56415.0,454237.0,158.0,403581,81.0,10.0,1.0,4.0,3.0,0.0,4.0,2.0,430548_1007,0,2017-05-13,10
767,4281.0,401881.0,56415.0,454237.0,158.0,334135,20.0,3.0,2.0,3.0,3.0,0.0,4.0,2.0,430539_1007,0,2017-05-12,21
767,4281.0,401881.0,56415.0,454237.0,158.0,932294,0.0,3.0,2.0,3.0,2.0,0.0,2.0,2.0,430548_1007,0,2017-05-08,14
767,4281.0,401881.0,56415.0,454237.0,158.0,350822,44.0,5.0,2.0,5.0,3.0,0.0,2.0,2.0,430548_1007,0,2017-05-09,8
767,4281.0,401881.0,56415.0,454237.0,158.0,3321,0.0,10.0,1.0,4.0,2.0,0.0,2.0,2.0,430548_1007,0,2017-05-08,7
767,4281.0,401881.0,56415.0,454237.0,158.0,1052032,0.0,5.0,2.0,5.0,1.0,0.0,2.0,1.0,430548_1007,0,2017-05-09,3
767,4281.0,401881.0,56415.0,454237.0,158.0,675595,31.0,4.0,2.0,4.0,3.0,0.0,3.0,1.0,430548_1007,0,2017-05-07,7
767,4281.0,401881.0,56415.0,454237.0,158.0,462053,0.0,4.0,2.0,4.0,3.0,0.0,2.0,2.0,430548_1007,0,2017-05-07,13
767,4281.0,401881.0,56415.0,454237.0,158.0,991739,43.0,5.0,2.0,5.0,3.0,0.0,1.0,2.0,430548_1007,0,2017-05-07,4
767,4281.0,401881.0,56415.0,454237.0,158.0,518758,0.0,5.0,2.0,5.0,3.0,0.0,2.0,2.0,430548_1007,1,2017-05-11,8
767,4281.0,401881.0,56415.0,454237.0,158.0,380993,38.0,5.0,2.0,5.0,2.0,0.0,4.0,2.0,430548_1007,0,2017-05-09,5
767,4281.0,401881.0,56415.0,454237.0,158.0,420241,0.0,5.0,2.0,5.0,2.0,0.0,2.0,2.0,430548_1007,0,2017-05-07,11
767,4281.0,401881.0,56415.0,454237.0,158.0,1018372,45.0,5.0,2.0,5.0,3.0,0.0,3.0,2.0,430539_1007,0,2017-05-11,10
767,4281.0,401881.0,56415.0,454237.0,158.0,894936,0.0,3.0,2.0,3.0,3.0,0.0,1.0,2.0,430548_1007,0,2017-05-12,14
767,4281.0,401881.0,56415.0,454237.0,158.0,52706,20.0,3.0,2.0,3.0,3.0,0.0,4.0,2.0,430539_1007,0,2017-05-06,3
767,4281.0,401881.0,56415.0,454237.0,158.0,579997,17.0,3.0,2.0,3.0,3.0,0.0,4.0,1.0,430548_1007,0,2017-05-13,14
767,4281.0,401881.0,56415.0,454237.0,158.0,932593,0.0,11.0,1.0,5.0,1.0,0.0,2.0,1.0,430548_1007,0,2017-05-11,9
767,4281.0,401881.0,56415.0,454237.0,158.0,836940,0.0,3.0,2.0,3.0,2.0,0.0,2.0,1.0,430548_1007,0,2017-05-08,12
767,4281.0,401881.0,56415.0,454237.0,158.0,510362,0.0,8.0,1.0,2.0,3.0,1.0,4.0,1.0,430539_1007,0,2017-05-07,7
767,4281.0,401881.0,56415.0,454237.0,158.0,663907,0.0,3.0,2.0,3.0,3.0,0.0,2.0,2.0,430548_1007,0,2017-05-10,10
767,4281.0,401881.0,56415.0,454237.0,158.0,1087449,0.0,4.0,2.0,4.0,2.0,0.0,2.0,2.0,430548_1007,0,2017-05-10,14
767,4281.0,401881.0,56415.0,454237.0,158.0,146193,21.0,3.0,2.0,3.0,3.0,0.0,2.0,3.0,430539_1007,0,2017-05-11,13
767,4281.0,401881.0,56415.0,454237.0,158.0,594567,0.0,9.0,1.0,3.0,3.0,0.0,2.0,1.0,430548_1007,0,2017-05-12,14
767,4281.0,401881.0,56415.0,454237.0,158.0,618532,0.0,11.0,1.0,5.0,3.0,0.0,2.0,1.0,430548_1007,0,2017-05-09,14
767,4281.0,401881.0,56415.0,454237.0,158.0,593678,0.0,3.0,2.0,3.0,1.0,0.0,2.0,1.0,430548_1007,0,2017-05-09,13
767,4281.0,401881.0,56415.0,454237.0,158.0,90229,0.0,5.0,2.0,5.0,3.0,0.0,3.0,2.0,430548_1007,0,2017-05-06,4
767,4281.0,401881.0,56415.0,454237.0,158.0,537640,39.0,5.0,2.0,5.0,2.0,0.0,2.0,3.0,430539_1007,0,2017-05-09,14
767,4281.0,401881.0,56415.0,454237.0,158.0,97611,0.0,10.0,1.0,4.0,3.0,0.0,2.0,1.0,430539_1007,0,2017-05-07,4
767,4281.0,401881.0,56415.0,454237.0,158.0,95699,19.0,3.0,2.0,3.0,3.0,0.0,2.0,2.0,430548_1007,0,2017-05-13,12
767,4281.0,401881.0,56415.0,454237.0,158.0,435117,44.0,5.0,2.0,5.0,3.0,0.0,2.0,2.0,430539_1007,0,2017-05-06,8
767,4281.0,401881.0,56415.0,454237.0,158.0,296082,0.0,5.0,2.0,5.0,3.0,0.0,2.0,1.0,430548_1007,0,2017-05-13,7
767,4281.0,401881.0,56415.0,454237.0,158.0,900287,19.0,3.0,2.0,3.0,3.0,0.0,2.0,2.0,430548_1007,0,2017-05-10,7
767,4281.0,401881.0,56415.0,454237.0,158.0,412273,90.0,11.0,1.0,5.0,3.0,0.0,1.0,2.0,430548_1007,0,2017-05-10,13
767,4281.0,401881.0,56415.0,454237.0,158.0,905059,0.0,5.0,2.0,5.0,3.0,0.0,3.0,2.0,430548_1007,1,2017-05-07,2
767,4281.0,401881.0,56415.0,454237.0,158.0,536713,0.0,5.0,2.0,5.0,3.0,0.0,2.0,1.0,430548_1007,0,2017-05-07,12
767,4281.0,401881.0,56415.0,454237.0,158.0,905059,0.0,5.0,2.0,5.0,3.0,0.0,3.0,2.0,430548_1007,1,2017-05-12,14
767,4281.0,401881.0,56415.0,454237.0,158.0,905059,0.0,5.0,2.0,5.0,3.0,0.0,3.0,2.0,430548_1007,0,2017-05-09,6
767,4281.0,401881.0,56415.0,454237.0,158.0,435370,45.0,5.0,2.0,5.0,3.0,0.0,4.0,2.0,430548_1007,0,2017-05-07,11
767,4281.0,401881.0,56415.0,454237.0,158.0,435117,44.0,5.0,2.0,5.0,3.0,0.0,2.0,2.0,430539_1007,0,2017-05-07,6
767,4281.0,401881.0,56415.0,454237.0,158.0,128759,0.0,5.0,2.0,5.0,3.0,0.0,3.0,2.0,430548_1007,0,2017-05-06,8
767,4281.0,401881.0,56415.0,454237.0,158.0,304882,0.0,4.0,2.0,4.0,3.0,0.0,3.0,1.0,430548_1007,0,2017-05-07,7
767,4281.0,401881.0,56415.0,454237.0,158.0,579626,0.0,5.0,2.0,5.0,3.0,0.0,2.0,1.0,430548_1007,0,2017-05-06,7
767,4281.0,401881.0,56415.0,454237.0,158.0,552532,45.0,5.0,2.0,5.0,3.0,0.0,4.0,2.0,430548_1007,0,2017-05-07,2
767,4281.0,401881.0,56415.0,454237.0,158.0,275710,0.0,11.0,1.0,5.0,3.0,0.0,3.0,1.0,430539_1007,0,2017-05-13,14
767,4281.0,401881.0,56415.0,454237.0,158.0,657335,0.0,5.0,2.0,5.0,3.0,0.0,2.0,3.0,430539_1007,0,2017-05-07,7
767,4281.0,401881.0,56415.0,454237.0,158.0,166272,0.0,10.0,1.0,4.0,3.0,0.0,2.0,1.0,430548_1007,0,2017-05-07,14
767,4281.0,401881.0,56415.0,454237.0,158.0,90229,0.0,5.0,2.0,5.0,3.0,0.0,3.0,2.0,430548_1007,0,2017-05-10,7
767,4281.0,401881.0,56415.0,454237.0,158.0,480925,0.0,4.0,2.0,4.0,3.0,0.0,2.0,1.0,430548_1007,0,2017-05-12,15
767,4281.0,401881.0,56415.0,454237.0,158.0,480925,0.0,4.0,2.0,4.0,3.0,0.0,2.0,1.0,430548_1007,0,2017-05-12,1
767,4281.0,401881.0,56415.0,454237.0,158.0,480925,0.0,4.0,2.0,4.0,3.0,0.0,2.0,1.0,430548_1007,0,2017-05-10,9
767,4281.0,401881.0,56415.0,454237.0,158.0,568111,0.0,5.0,2.0,5.0,3.0,0.0,2.0,1.0,430539_1007,0,2017-05-06,0
767,4281.0,401881.0,56415.0,454237.0,158.0,941285,0.0,5.0,2.0,5.0,2.0,0.0,2.0,1.0,430548_1007,0,2017-05-11,13
767,4281.0,401881.0,56415.0,454237.0,158.0,429012,31.0,4.0,2.0,4.0,3.0,0.0,4.0,1.0,430548_1007,0,2017-05-08,2
767,4281.0,401881.0,56415.0,454237.0,158.0,893647,0.0,5.0,2.0,5.0,3.0,0.0,2.0,1.0,430539_1007,0,2017-05-11,16
767,4281.0,401881.0,56415.0,454237.0,158.0,986459,0.0,4.0,2.0,4.0,2.0,0.0,2.0,1.0,430548_1007,0,2017-05-07,12
767,4281.0,401881.0,56415.0,454237.0,158.0,671500,17.0,3.0,2.0,3.0,3.0,0.0,4.0,1.0,430548_1007,0,2017-05-07,0
767,4281.0,401881.0,56415.0,454237.0,158.0,962624,0.0,4.0,2.0,4.0,3.0,0.0,2.0,2.0,430548_1007,0,2017-05-13,15
767,4281.0,401881.0,56415.0,454237.0,158.0,12654,96.0,12.0,1.0,6.0,3.0,0.0,2.0,2.0,430539_1007,0,2017-05-13,7
767,4281.0,401881.0,56415.0,454237.0,158.0,1075800,0.0,5.0,2.0,5.0,2.0,0.0,3.0,2.0,430548_1007,0,2017-05-07,12
767,4281.0,401881.0,56415.0,454237.0,158.0,843156,0.0,11.0,1.0,5.0,2.0,0.0,2.0,1.0,430548_1007,0,2017-05-11,13
767,4281.0,401881.0,56415.0,454237.0,158.0,290945,0.0,4.0,2.0,4.0,3.0,0.0,2.0,2.0,430539_1007,0,2017-05-13,7
767,4281.0,401881.0,56415.0,454237.0,158.0,427175,0.0,5.0,2.0,5.0,3.0,0.0,3.0,1.0,430548_1007,0,2017-05-08,9
767,4281.0,401881.0,56415.0,454237.0,158.0,434419,65.0,9.0,1.0,3.0,3.0,0.0,4.0,1.0,430548_1007,0,2017-05-13,14
767,4281.0,401881.0,56415.0,454237.0,158.0,554751,0.0,3.0,2.0,3.0,3.0,0.0,2.0,1.0,430539_1007,0,2017-05-10,15
767,4281.0,401881.0,56415.0,454237.0,158.0,539973,43.0,5.0,2.0,5.0,3.0,0.0,1.0,2.0,430548_1007,0,2017-05-07,4
767,4281.0,401881.0,56415.0,454237.0,158.0,539973,43.0,5.0,2.0,5.0,3.0,0.0,1.0,2.0,430548_1007,0,2017-05-13,14
767,4281.0,401881.0,56415.0,454237.0,158.0,838584,91.0,11.0,1.0,5.0,3.0,0.0,2.0,2.0,430548_1007,0,2017-05-13,9
767,4281.0,401881.0,56415.0,454237.0,158.0,20082,34.0,4.0,2.0,4.0,3.0,0.0,3.0,2.0,430548_1007,0,2017-05-11,8
767,4281.0,401881.0,56415.0,454237.0,158.0,20082,34.0,4.0,2.0,4.0,3.0,0.0,3.0,2.0,430548_1007,0,2017-05-13,13
767,4281.0,401881.0,56415.0,454237.0,158.0,557182,0.0,3.0,2.0,3.0,3.0,0.0,2.0,2.0,430539_1007,1,2017-05-06,13
767,4281.0,401881.0,56415.0,454237.0,158.0,424781,0.0,3.0,2.0,3.0,3.0,0.0,2.0,2.0,430548_1007,0,2017-05-07,5
767,4281.0,401881.0,56415.0,454237.0,158.0,673505,0.0,4.0,2.0,4.0,3.0,0.0,3.0,2.0,430548_1007,0,2017-05-12,5
767,4281.0,401881.0,56415.0,454237.0,158.0,662413,43.0,5.0,2.0,5.0,3.0,0.0,1.0,2.0,430548_1007,0,2017-05-08,12
767,4281.0,401881.0,56415.0,454237.0,158.0,453819,0.0,4.0,2.0,4.0,3.0,0.0,2.0,2.0,430548_1007,0,2017-05-07,11
767,4281.0,401881.0,56415.0,454237.0,158.0,48612,0.0,4.0,2.0,4.0,2.0,0.0,2.0,1.0,430548_1007,0,2017-05-12,8
767,4281.0,401881.0,56415.0,454237.0,158.0,453819,0.0,4.0,2.0,4.0,3.0,0.0,2.0,2.0,430539_1007,0,2017-05-11,3
767,4281.0,401881.0,56415.0,454237.0,158.0,267748,30.0,4.0,2.0,4.0,3.0,0.0,2.0,1.0,430548_1007,0,2017-05-09,6
767,4281.0,401881.0,56415.0,454237.0,158.0,435117,44.0,5.0,2.0,5.0,3.0,0.0,2.0,2.0,430539_1007,0,2017-05-08,11
767,4281.0,401881.0,56415.0,454237.0,158.0,1003722,20.0,3.0,2.0,3.0,3.0,0.0,3.0,2.0,430548_1007,0,2017-05-07,7
767,4281.0,401881.0,56415.0,454237.0,158.0,904854,0.0,2.0,2.0,2.0,3.0,0.0,2.0,1.0,430548_1007,0,2017-05-07,12
767,4281.0,401881.0,56415.0,454237.0,158.0,19866,0.0,5.0,2.0,5.0,2.0,0.0,2.0,2.0,430548_1007,0,2017-05-08,1
767,4281.0,401881.0,56415.0,454237.0,158.0,284320,34.0,4.0,2.0,4.0,3.0,0.0,3.0,2.0,430548_1007,0,2017-05-07,13
767,4281.0,401881.0,56415.0,454237.0,158.0,9267,0.0,4.0,2.0,4.0,3.0,0.0,2.0,1.0,430548_1007,1,2017-05-11,12
767,4281.0,401881.0,56415.0,454237.0,158.0,657335,0.0,5.0,2.0,5.0,3.0,0.0,2.0,3.0,430548_1007,0,2017-05-06,13
767,4281.0,401881.0,56415.0,454237.0,158.0,905662,32.0,4.0,2.0,4.0,3.0,0.0,1.0,2.0,430539_1007,0,2017-05-06,11
767,4281.0,401881.0,56415.0,454237.0,158.0,824392,0.0,6.0,2.0,6.0,1.0,0.0,2.0,2.0,430548_1007,0,2017-05-10,10
767,4281.0,401881.0,56415.0,454237.0,158.0,279309,43.0,5.0,2.0,5.0,3.0,0.0,1.0,2.0,430548_1007,0,2017-05-10,12
767,4281.0,401881.0,56415.0,454237.0,158.0,528897,31.0,4.0,2.0,4.0,3.0,0.0,3.0,1.0,430539_1007,0,2017-05-09,15
767,4281.0,401881.0,56415.0,454237.0,158.0,528897,31.0,4.0,2.0,4.0,3.0,0.0,3.0,1.0,430539_1007,0,2017-05-06,0
767,4281.0,401881.0,56415.0,454237.0,158.0,72432,8.0,2.0,2.0,2.0,3.0,0.0,3.0,2.0,430548_1007,0,2017-05-11,4
767,4281.0,401881.0,56415.0,454237.0,158.0,371762,31.0,4.0,2.0,4.0,3.0,0.0,3.0,1.0,430548_1007,0,2017-05-07,12
767,4281.0,401881.0,56415.0,454237.0,158.0,882882,20.0,3.0,2.0,3.0,3.0,0.0,3.0,2.0,430539_1007,0,2017-05-09,11
767,4281.0,401881.0,56415.0,454237.0,158.0,505987,77.0,10.0,1.0,4.0,3.0,0.0,2.0,1.0,430548_1007,0,2017-05-07,9
767,4281.0,401881.0,56415.0,454237.0,158.0,950291,0.0,5.0,2.0,5.0,1.0,0.0,2.0,2.0,430548_1007,0,2017-05-10,14
767,4281.0,401881.0,56415.0,454237.0,158.0,950291,0.0,5.0,2.0,5.0,1.0,0.0,2.0,2.0,430548_1007,0,2017-05-13,10
767,4281.0,401881.0,56415.0,454237.0,158.0,326254,0.0,4.0,2.0,4.0,1.0,0.0,2.0,1.0,430548_1007,0,2017-05-12,6
767,4281.0,401881.0,56415.0,454237.0,158.0,780521,41.0,5.0,2.0,5.0,3.0,0.0,2.0,1.0,430548_1007,0,2017-05-08,0
767,4281.0,401881.0,56415.0,454237.0,158.0,2748,16.0,3.0,2.0,3.0,3.0,0.0,2.0,1.0,430539_1007,0,2017-05-10,13
767,4281.0,401881.0,56415.0,454237.0,158.0,682940,0.0,4.0,2.0,4.0,3.0,0.0,2.0,1.0,430539_1007,0,2017-05-11,8
767,4281.0,401881.0,56415.0,454237.0,158.0,659966,44.0,5.0,2.0,5.0,3.0,0.0,2.0,2.0,430539_1007,0,2017-05-13,8
767,4281.0,401881.0,56415.0,454237.0,158.0,656061,0.0,4.0,2.0,4.0,3.0,0.0,2.0,2.0,430539_1007,0,2017-05-08,13
767,4281.0,401881.0,56415.0,454237.0,158.0,25356,0.0,2.0,2.0,2.0,2.0,0.0,2.0,2.0,430539_1007,0,2017-05-06,12
767,4281.0,401881.0,56415.0,454237.0,158.0,882882,20.0,3.0,2.0,3.0,3.0,0.0,3.0,2.0,430539_1007,0,2017-05-13,12
767,4281.0,401881.0,56415.0,454237.0,158.0,141276,0.0,5.0,2.0,5.0,3.0,0.0,1.0,1.0,430548_1007,0,2017-05-06,13
767,4281.0,401881.0,56415.0,454237.0,158.0,896655,0.0,2.0,2.0,2.0,3.0,0.0,1.0,1.0,430548_1007,0,2017-05-06,6
767,4281.0,401881.0,56415.0,454237.0,158.0,522343,44.0,5.0,2.0,5.0,3.0,0.0,2.0,2.0,430548_1007,0,2017-05-07,13
767,4281.0,401881.0,56415.0,454237.0,158.0,448433,0.0,5.0,2.0,5.0,2.0,0.0,2.0,2.0,430548_1007,0,2017-05-10,7
767,4281.0,401881.0,56415.0,454237.0,158.0,358345,0.0,10.0,1.0,4.0,3.0,0.0,2.0,2.0,430548_1007,0,2017-05-13,13
767,4281.0,401881.0,56415.0,454237.0,158.0,16252,0.0,10.0,1.0,4.0,2.0,0.0,2.0,2.0,430548_1007,0,2017-05-07,8
767,4281.0,401881.0,56415.0,454237.0,158.0,1056253,44.0,5.0,2.0,5.0,3.0,0.0,2.0,2.0,430539_1007,0,2017-05-12,9
767,4281.0,401881.0,56415.0,454237.0,158.0,494276,44.0,5.0,2.0,5.0,3.0,0.0,2.0,2.0,430539_1007,0,2017-05-06,16
767,4281.0,401881.0,56415.0,454237.0,158.0,791541,82.0,10.0,1.0,4.0,3.0,0.0,2.0,3.0,430539_1007,0,2017-05-08,12
767,4281.0,401881.0,56415.0,454237.0,158.0,386711,91.0,11.0,1.0,5.0,3.0,0.0,2.0,2.0,430539_1007,0,2017-05-12,14
767,4281.0,401881.0,56415.0,454237.0,158.0,85809,42.0,5.0,2.0,5.0,3.0,0.0,3.0,1.0,430548_1007,0,2017-05-07,13
767,4281.0,401881.0,56415.0,454237.0,158.0,1056253,44.0,5.0,2.0,5.0,3.0,0.0,2.0,2.0,430539_1007,0,2017-05-06,14
767,4281.0,401881.0,56415.0,454237.0,158.0,371602,81.0,10.0,1.0,4.0,3.0,0.0,4.0,2.0,430539_1007,0,2017-05-06,12
767,4281.0,401881.0,56415.0,454237.0,158.0,743758,0.0,4.0,2.0,4.0,3.0,0.0,3.0,2.0,430548_1007,0,2017-05-08,4
767,4281.0,401881.0,56415.0,454237.0,158.0,56349,88.0,11.0,1.0,5.0,3.0,0.0,2.0,1.0,430548_1007,0,2017-05-11,4
767,4281.0,401881.0,56415.0,454237.0,158.0,56349,88.0,11.0,1.0,5.0,3.0,0.0,2.0,1.0,430548_1007,0,2017-05-08,5
767,4281.0,401881.0,56415.0,454237.0,158.0,501598,42.0,5.0,2.0,5.0,3.0,0.0,3.0,1.0,430548_1007,0,2017-05-07,21
767,4281.0,401881.0,56415.0,454237.0,158.0,1141072,30.0,4.0,2.0,4.0,3.0,0.0,2.0,1.0,430539_1007,0,2017-05-07,4
767,4281.0,401881.0,56415.0,454237.0,158.0,1056253,44.0,5.0,2.0,5.0,3.0,0.0,2.0,2.0,430539_1007,0,2017-05-08,13
767,4281.0,401881.0,56415.0,454237.0,158.0,1141072,30.0,4.0,2.0,4.0,3.0,0.0,2.0,1.0,430539_1007,0,2017-05-07,7
767,4281.0,401881.0,56415.0,454237.0,158.0,555337,44.0,5.0,2.0,5.0,3.0,0.0,2.0,2.0,430548_1007,0,2017-05-13,6
767,4281.0,401881.0,56415.0,454237.0,158.0,555337,44.0,5.0,2.0,5.0,3.0,0.0,2.0,2.0,430548_1007,0,2017-05-11,5
767,4281.0,401881.0,56415.0,454237.0,158.0,317721,0.0,5.0,2.0,5.0,2.0,0.0,3.0,1.0,430548_1007,0,2017-05-13,7
767,4281.0,401881.0,56415.0,454237.0,158.0,1134337,44.0,5.0,2.0,5.0,3.0,0.0,2.0,2.0,430548_1007,0,2017-05-10,13
767,4281.0,401881.0,56415.0,454237.0,158.0,380940,17.0,3.0,2.0,3.0,3.0,0.0,4.0,1.0,430548_1007,0,2017-05-12,14
767,4281.0,401881.0,56415.0,454237.0,158.0,1010675,0.0,5.0,2.0,5.0,3.0,0.0,4.0,2.0,430539_1007,0,2017-05-07,13
767,4281.0,401881.0,56415.0,454237.0,158.0,1134337,44.0,5.0,2.0,5.0,3.0,0.0,2.0,2.0,430548_1007,0,2017-05-11,14
767,4281.0,401881.0,56415.0,454237.0,158.0,856521,0.0,5.0,2.0,5.0,3.0,0.0,2.0,2.0,430548_1007,0,2017-05-08,9
767,4281.0,401881.0,56415.0,454237.0,158.0,1036161,77.0,10.0,1.0,4.0,3.0,0.0,2.0,1.0,430548_1007,0,2017-05-13,6
767,4281.0,401881.0,56415.0,454237.0,158.0,999513,0.0,3.0,2.0,3.0,3.0,0.0,2.0,2.0,430548_1007,0,2017-05-12,11
767,4281.0,401881.0,56415.0,454237.0,158.0,286896,21.0,3.0,2.0,3.0,3.0,0.0,2.0,2.0,430548_1007,0,2017-05-05,17
767,4281.0,401881.0,56415.0,454237.0,158.0,507659,16.0,3.0,2.0,3.0,3.0,0.0,2.0,1.0,430539_1007,0,2017-05-06,15
767,4281.0,401881.0,56415.0,454237.0,158.0,244328,33.0,4.0,2.0,4.0,3.0,0.0,2.0,2.0,430548_1007,0,2017-05-06,11
767,4281.0,401881.0,56415.0,454237.0,158.0,1017077,44.0,5.0,2.0,5.0,3.0,0.0,2.0,2.0,430548_1007,0,2017-05-08,14
767,4281.0,401881.0,56415.0,454237.0,158.0,1017077,44.0,5.0,2.0,5.0,3.0,0.0,2.0,2.0,430548_1007,0,2017-05-06,14
767,4281.0,401881.0,56415.0,454237.0,158.0,943441,0.0,3.0,2.0,3.0,1.0,0.0,2.0,2.0,430548_1007,0,2017-05-13,12
767,4281.0,401881.0,56415.0,454237.0,158.0,881024,81.0,10.0,1.0,4.0,3.0,0.0,4.0,2.0,430539_1007,0,2017-05-12,2
767,4281.0,401881.0,56415.0,454237.0,158.0,881024,81.0,10.0,1.0,4.0,3.0,0.0,4.0,2.0,430539_1007,0,2017-05-06,14
767,4281.0,401881.0,56415.0,454237.0,158.0,746158,30.0,4.0,2.0,4.0,3.0,0.0,2.0,1.0,430548_1007,0,2017-05-12,12
767,4281.0,401881.0,56415.0,454237.0,158.0,33082,20.0,3.0,2.0,3.0,3.0,0.0,3.0,2.0,430539_1007,0,2017-05-13,8
767,4281.0,401881.0,56415.0,454237.0,158.0,704797,30.0,4.0,2.0,4.0,3.0,0.0,2.0,1.0,430539_1007,0,2017-05-10,13
767,4281.0,401881.0,56415.0,454237.0,158.0,657116,17.0,3.0,2.0,3.0,3.0,0.0,3.0,1.0,430539_1007,0,2017-05-07,14
767,4281.0,401881.0,56415.0,454237.0,158.0,687858,0.0,3.0,2.0,3.0,2.0,0.0,3.0,1.0,430548_1007,0,2017-05-10,12
767,4281.0,401881.0,56415.0,454237.0,158.0,606533,0.0,3.0,2.0,3.0,3.0,0.0,3.0,2.0,430548_1007,0,2017-05-07,7
767,4281.0,401881.0,56415.0,454237.0,158.0,831743,33.0,4.0,2.0,4.0,3.0,0.0,2.0,2.0,430548_1007,0,2017-05-11,8
767,4281.0,401881.0,56415.0,454237.0,158.0,651693,0.0,4.0,2.0,4.0,3.0,0.0,2.0,1.0,430539_1007,0,2017-05-08,8
767,4281.0,401881.0,56415.0,454237.0,158.0,881024,81.0,10.0,1.0,4.0,3.0,0.0,4.0,2.0,430539_1007,0,2017-05-10,0
767,4281.0,401881.0,56415.0,454237.0,158.0,111868,18.0,3.0,2.0,3.0,3.0,0.0,1.0,2.0,430539_1007,0,2017-05-10,4
767,4281.0,401881.0,56415.0,454237.0,158.0,150833,0.0,5.0,2.0,5.0,3.0,0.0,3.0,2.0,430548_1007,1,2017-05-10,2
767,4281.0,401881.0,56415.0,454237.0,158.0,111868,18.0,3.0,2.0,3.0,3.0,0.0,1.0,2.0,430539_1007,0,2017-05-08,0
767,4281.0,401881.0,56415.0,454237.0,158.0,792761,44.0,5.0,2.0,5.0,3.0,0.0,2.0,2.0,430548_1007,0,2017-05-10,6
767,4281.0,401881.0,56415.0,454237.0,158.0,661416,0.0,7.0,1.0,1.0,1.0,0.0,2.0,2.0,430548_1007,0,2017-05-10,10
767,4281.0,401881.0,56415.0,454237.0,158.0,246161,43.0,5.0,2.0,5.0,3.0,0.0,1.0,2.0,430539_1007,0,2017-05-13,0
767,4281.0,401881.0,56415.0,454237.0,158.0,235726,20.0,3.0,2.0,3.0,3.0,0.0,4.0,2.0,430548_1007,0,2017-05-12,6
767,4281.0,401881.0,56415.0,454237.0,158.0,1072687,34.0,4.0,2.0,4.0,3.0,0.0,3.0,2.0,430548_1007,0,2017-05-10,14
767,4281.0,401881.0,56415.0,454237.0,158.0,203263,45.0,5.0,2.0,5.0,3.0,0.0,4.0,3.0,430548_1007,0,2017-05-07,5
767,4281.0,401881.0,56415.0,454237.0,158.0,61589,0.0,4.0,2.0,4.0,2.0,0.0,2.0,2.0,430548_1007,0,2017-05-12,2
767,4281.0,401881.0,56415.0,454237.0,158.0,206418,0.0,6.0,2.0,6.0,3.0,0.0,2.0,2.0,430548_1007,0,2017-05-07,2
767,4281.0,401881.0,56415.0,454237.0,158.0,843967,0.0,4.0,2.0,4.0,3.0,0.0,2.0,3.0,430548_1007,0,2017-05-10,13
767,4281.0,401881.0,56415.0,454237.0,158.0,843967,0.0,4.0,2.0,4.0,3.0,0.0,2.0,3.0,430548_1007,0,2017-05-13,6
767,4281.0,401881.0,56415.0,454237.0,158.0,715894,0.0,5.0,2.0,5.0,3.0,0.0,2.0,2.0,430548_1007,0,2017-05-12,13
767,4281.0,401881.0,56415.0,454237.0,158.0,254472,64.0,9.0,1.0,3.0,3.0,0.0,2.0,1.0,430548_1007,0,2017-05-10,14
767,4281.0,401881.0,56415.0,454237.0,158.0,620441,0.0,4.0,2.0,4.0,3.0,0.0,2.0,2.0,430539_1007,0,2017-05-10,14
767,4281.0,401881.0,56415.0,454237.0,158.0,190052,25.0,4.0,2.0,4.0,2.0,0.0,1.0,2.0,430539_1007,0,2017-05-13,7
767,4281.0,401881.0,56415.0,454237.0,158.0,309192,82.0,10.0,1.0,4.0,3.0,0.0,2.0,3.0,430539_1007,0,2017-05-11,11
767,4281.0,401881.0,56415.0,454237.0,158.0,519277,0.0,5.0,2.0,5.0,3.0,0.0,2.0,2.0,430548_1007,0,2017-05-10,14
767,4281.0,401881.0,56415.0,454237.0,158.0,616427,0.0,3.0,2.0,3.0,2.0,0.0,2.0,3.0,430548_1007,0,2017-05-11,14
767,4281.0,401881.0,56415.0,454237.0,158.0,734639,0.0,5.0,2.0,5.0,2.0,0.0,2.0,2.0,430548_1007,0,2017-05-08,9
767,4281.0,401881.0,56415.0,454237.0,158.0,734639,0.0,5.0,2.0,5.0,2.0,0.0,2.0,2.0,430548_1007,0,2017-05-10,13
767,4281.0,401881.0,56415.0,454237.0,158.0,734639,0.0,5.0,2.0,5.0,2.0,0.0,2.0,2.0,430548_1007,0,2017-05-13,2
767,4281.0,401881.0,56415.0,454237.0,158.0,700517,0.0,5.0,2.0,5.0,3.0,0.0,2.0,1.0,430548_1007,0,2017-05-06,6
767,4281.0,401881.0,56415.0,454237.0,158.0,1000329,0.0,12.0,1.0,6.0,3.0,0.0,2.0,2.0,430548_1007,0,2017-05-12,6
767,4281.0,401881.0,56415.0,454237.0,158.0,274336,0.0,4.0,2.0,4.0,3.0,0.0,2.0,2.0,430548_1007,0,2017-05-08,4
767,4281.0,401881.0,56415.0,454237.0,158.0,433333,0.0,5.0,2.0,5.0,3.0,0.0,2.0,2.0,430539_1007,0,2017-05-13,5
767,4281.0,401881.0,56415.0,454237.0,158.0,433333,0.0,5.0,2.0,5.0,3.0,0.0,2.0,2.0,430539_1007,0,2017-05-10,8
767,4281.0,401881.0,56415.0,454237.0,158.0,826615,0.0,5.0,2.0,5.0,3.0,0.0,2.0,3.0,430539_1007,0,2017-05-11,4
767,4281.0,401881.0,56415.0,454237.0,158.0,312733,0.0,3.0,2.0,3.0,2.0,0.0,3.0,1.0,430548_1007,1,2017-05-12,11
767,4281.0,401881.0,56415.0,454237.0,158.0,312733,0.0,3.0,2.0,3.0,2.0,0.0,3.0,1.0,430548_1007,0,2017-05-13,9
767,4281.0,401881.0,56415.0,454237.0,158.0,651736,0.0,3.0,2.0,3.0,3.0,0.0,4.0,1.0,430548_1007,0,2017-05-08,4
767,4281.0,401881.0,56415.0,454237.0,158.0,982052,0.0,9.0,1.0,3.0,3.0,0.0,3.0,1.0,430548_1007,0,2017-05-10,1
767,4281.0,401881.0,56415.0,454237.0,158.0,198220,0.0,4.0,2.0,4.0,3.0,0.0,4.0,1.0,430539_1007,0,2017-05-09,5
767,4281.0,401881.0,56415.0,454237.0,158.0,687858,0.0,3.0,2.0,3.0,2.0,0.0,3.0,1.0,430548_1007,0,2017-05-10,8
767,4281.0,401881.0,56415.0,454237.0,158.0,709678,0.0,5.0,2.0,5.0,3.0,0.0,1.0,2.0,430539_1007,0,2017-05-11,7
767,4281.0,401881.0,56415.0,454237.0,158.0,709678,0.0,5.0,2.0,5.0,3.0,0.0,1.0,2.0,430539_1007,0,2017-05-07,7
767,4281.0,401881.0,56415.0,454237.0,158.0,754377,0.0,4.0,2.0,4.0,3.0,0.0,2.0,2.0,430539_1007,0,2017-05-07,3
767,4281.0,401881.0,56415.0,454237.0,158.0,754377,0.0,4.0,2.0,4.0,3.0,0.0,2.0,2.0,430539_1007,0,2017-05-09,6
767,4281.0,401881.0,56415.0,454237.0,158.0,313787,0.0,4.0,2.0,4.0,3.0,0.0,2.0,2.0,430548_1007,0,2017-05-11,1
767,4281.0,401881.0,56415.0,454237.0,158.0,472850,45.0,5.0,2.0,5.0,3.0,0.0,4.0,2.0,430548_1007,0,2017-05-10,12
767,4281.0,401881.0,56415.0,454237.0,158.0,9233,0.0,9.0,1.0,3.0,3.0,0.0,2.0,1.0,430548_1007,0,2017-05-12,13
767,4281.0,401881.0,56415.0,454237.0,158.0,388964,38.0,5.0,2.0,5.0,2.0,0.0,3.0,1.0,430548_1007,0,2017-05-06,12
767,4281.0,401881.0,56415.0,454237.0,158.0,493115,0.0,4.0,2.0,4.0,3.0,0.0,2.0,1.0,430548_1007,0,2017-05-12,0
767,4281.0,401881.0,56415.0,454237.0,158.0,9233,0.0,9.0,1.0,3.0,3.0,0.0,2.0,1.0,430548_1007,0,2017-05-10,13
767,4281.0,401881.0,56415.0,454237.0,158.0,189187,0.0,4.0,2.0,4.0,2.0,0.0,2.0,2.0,430548_1007,0,2017-05-10,11
767,4281.0,401881.0,56415.0,454237.0,158.0,711175,0.0,12.0,1.0,6.0,3.0,0.0,4.0,1.0,430548_1007,0,2017-05-09,13
767,4281.0,401881.0,56415.0,454237.0,158.0,711175,0.0,12.0,1.0,6.0,3.0,0.0,4.0,1.0,430548_1007,1,2017-05-11,13
767,4281.0,401881.0,56415.0,454237.0,158.0,806265,46.0,5.0,2.0,5.0,3.0,0.0,2.0,3.0,430539_1007,0,2017-05-10,13
767,4281.0,401881.0,56415.0,454237.0,158.0,711175,0.0,12.0,1.0,6.0,3.0,0.0,4.0,1.0,430548_1007,0,2017-05-13,14
767,4281.0,401881.0,56415.0,454237.0,158.0,806265,46.0,5.0,2.0,5.0,3.0,0.0,2.0,3.0,430539_1007,0,2017-05-08,1
767,4281.0,401881.0,56415.0,454237.0,158.0,236827,19.0,3.0,2.0,3.0,3.0,0.0,2.0,2.0,430548_1007,0,2017-05-11,8
767,4281.0,401881.0,56415.0,454237.0,158.0,759578,0.0,11.0,1.0,5.0,3.0,0.0,2.0,2.0,430539_1007,0,2017-05-07,9
767,4281.0,401881.0,56415.0,454237.0,158.0,201299,0.0,11.0,1.0,5.0,3.0,0.0,2.0,2.0,430548_1007,0,2017-05-12,14
767,4281.0,401881.0,56415.0,454237.0,158.0,619087,44.0,5.0,2.0,5.0,3.0,0.0,2.0,2.0,430548_1007,0,2017-05-10,8
767,4281.0,401881.0,56415.0,454237.0,158.0,619087,44.0,5.0,2.0,5.0,3.0,0.0,2.0,2.0,430548_1007,0,2017-05-07,12
767,4281.0,401881.0,56415.0,454237.0,158.0,707131,89.0,11.0,1.0,5.0,3.0,0.0,3.0,1.0,430548_1007,0,2017-05-10,9
767,4281.0,401881.0,56415.0,454237.0,158.0,975824,0.0,10.0,1.0,4.0,1.0,0.0,2.0,2.0,430548_1007,0,2017-05-11,7
767,4281.0,401881.0,56415.0,454237.0,158.0,191229,19.0,3.0,2.0,3.0,3.0,0.0,2.0,2.0,430539_1007,1,2017-05-12,16
767,4281.0,401881.0,56415.0,454237.0,158.0,228531,33.0,4.0,2.0,4.0,3.0,0.0,2.0,2.0,430548_1007,0,2017-05-13,6
767,4281.0,401881.0,56415.0,454237.0,158.0,226125,0.0,4.0,2.0,4.0,2.0,0.0,4.0,2.0,430548_1007,0,2017-05-12,7
767,4281.0,401881.0,56415.0,454237.0,158.0,198870,0.0,11.0,1.0,5.0,2.0,0.0,2.0,3.0,430548_1007,0,2017-05-07,14
767,4281.0,401881.0,56415.0,454237.0,158.0,824212,45.0,5.0,2.0,5.0,3.0,0.0,3.0,2.0,430539_1007,0,2017-05-13,8
767,4281.0,401881.0,56415.0,454237.0,158.0,490470,0.0,5.0,2.0,5.0,3.0,0.0,2.0,1.0,430548_1007,0,2017-05-08,7
767,4281.0,401881.0,56415.0,454237.0,158.0,594747,0.0,5.0,2.0,5.0,3.0,0.0,2.0,2.0,430548_1007,0,2017-05-12,14
767,4281.0,401881.0,56415.0,454237.0,158.0,594747,0.0,5.0,2.0,5.0,3.0,0.0,2.0,2.0,430548_1007,0,2017-05-10,4
767,4281.0,401881.0,56415.0,454237.0,158.0,340824,0.0,5.0,2.0,5.0,3.0,0.0,4.0,2.0,430539_1007,0,2017-05-06,12
767,4281.0,401881.0,56415.0,454237.0,158.0,45237,0.0,4.0,2.0,4.0,1.0,0.0,2.0,1.0,430548_1007,0,2017-05-09,13
767,4281.0,401881.0,56415.0,454237.0,158.0,810838,0.0,4.0,2.0,4.0,2.0,0.0,2.0,1.0,430548_1007,0,2017-05-12,2
767,4281.0,401881.0,56415.0,454237.0,158.0,229372,0.0,10.0,1.0,4.0,3.0,0.0,2.0,2.0,430548_1007,0,2017-05-08,6
767,4281.0,401881.0,56415.0,454237.0,158.0,582556,0.0,5.0,2.0,5.0,3.0,0.0,2.0,1.0,430539_1007,1,2017-05-07,7
767,4281.0,401881.0,56415.0,454237.0,158.0,9064,45.0,5.0,2.0,5.0,3.0,0.0,3.0,2.0,430548_1007,0,2017-05-10,6
767,4281.0,401881.0,56415.0,454237.0,158.0,1102499,0.0,4.0,2.0,4.0,3.0,0.0,2.0,3.0,430548_1007,0,2017-05-06,5
767,4281.0,401881.0,56415.0,454237.0,158.0,141939,5.0,2.0,2.0,2.0,3.0,1.0,3.0,1.0,430548_1007,0,2017-05-11,7
767,4281.0,401881.0,56415.0,454237.0,158.0,251584,0.0,9.0,1.0,3.0,3.0,0.0,2.0,2.0,430548_1007,0,2017-05-13,2
767,4281.0,401881.0,56415.0,454237.0,158.0,697379,0.0,9.0,1.0,3.0,3.0,0.0,4.0,2.0,430539_1007,0,2017-05-06,3
767,4281.0,401881.0,56415.0,454237.0,158.0,427101,45.0,5.0,2.0,5.0,3.0,0.0,3.0,2.0,430548_1007,0,2017-05-11,7
767,4281.0,401881.0,56415.0,454237.0,158.0,427101,45.0,5.0,2.0,5.0,3.0,0.0,3.0,2.0,430548_1007,0,2017-05-11,12
767,4281.0,401881.0,56415.0,454237.0,158.0,427101,45.0,5.0,2.0,5.0,3.0,0.0,3.0,2.0,430548_1007,0,2017-05-13,10
767,4281.0,401881.0,56415.0,454237.0,158.0,84943,0.0,3.0,2.0,3.0,2.0,0.0,2.0,2.0,430548_1007,0,2017-05-06,7
767,4281.0,401881.0,56415.0,454237.0,158.0,933438,0.0,3.0,2.0,3.0,1.0,0.0,2.0,2.0,430548_1007,0,2017-05-07,7
767,4281.0,401881.0,56415.0,454237.0,158.0,411596,0.0,11.0,1.0,5.0,3.0,0.0,4.0,1.0,430548_1007,0,2017-05-08,14
767,4281.0,401881.0,56415.0,454237.0,158.0,201496,81.0,10.0,1.0,4.0,3.0,0.0,4.0,2.0,430548_1007,0,2017-05-11,7
767,4281.0,401881.0,56415.0,454237.0,158.0,212581,45.0,5.0,2.0,5.0,3.0,0.0,3.0,2.0,430548_1007,0,2017-05-11,10
767,4281.0,401881.0,56415.0,454237.0,158.0,727194,0.0,11.0,1.0,5.0,2.0,0.0,2.0,2.0,430539_1007,0,2017-05-06,14
767,4281.0,401881.0,56415.0,454237.0,158.0,192766,67.0,9.0,1.0,3.0,3.0,0.0,4.0,2.0,430539_1007,0,2017-05-06,1
767,4281.0,401881.0,56415.0,454237.0,158.0,977520,0.0,5.0,2.0,5.0,3.0,0.0,2.0,1.0,430539_1007,0,2017-05-06,0
767,4281.0,401881.0,56415.0,454237.0,158.0,9233,0.0,9.0,1.0,3.0,3.0,0.0,2.0,1.0,430548_1007,0,2017-05-11,3
767,4281.0,401881.0,56415.0,454237.0,158.0,315023,0.0,4.0,2.0,4.0,3.0,0.0,2.0,1.0,430548_1007,0,2017-05-12,7
767,4281.0,401881.0,56415.0,454237.0,158.0,9233,0.0,9.0,1.0,3.0,3.0,0.0,2.0,1.0,430548_1007,0,2017-05-11,10
767,4281.0,401881.0,56415.0,454237.0,158.0,9233,0.0,9.0,1.0,3.0,3.0,0.0,2.0,1.0,430548_1007,0,2017-05-08,14
767,4281.0,401881.0,56415.0,454237.0,158.0,323669,0.0,4.0,2.0,4.0,3.0,0.0,3.0,2.0,430548_1007,0,2017-05-07,12
767,4281.0,401881.0,56415.0,454237.0,158.0,1023846,41.0,5.0,2.0,5.0,3.0,0.0,2.0,1.0,430548_1007,0,2017-05-11,0
767,4281.0,401881.0,56415.0,454237.0,158.0,494497,45.0,5.0,2.0,5.0,3.0,0.0,3.0,2.0,430539_1007,0,2017-05-10,12
767,4281.0,401881.0,56415.0,454237.0,158.0,9233,0.0,9.0,1.0,3.0,3.0,0.0,2.0,1.0,430548_1007,0,2017-05-10,4
767,4281.0,401881.0,56415.0,454237.0,158.0,1122866,81.0,10.0,1.0,4.0,3.0,0.0,3.0,2.0,430539_1007,0,2017-05-07,8
767,4281.0,401881.0,56415.0,454237.0,158.0,9233,0.0,9.0,1.0,3.0,3.0,0.0,2.0,1.0,430548_1007,0,2017-05-10,14
767,4281.0,401881.0,56415.0,454237.0,158.0,602779,0.0,9.0,1.0,3.0,3.0,0.0,2.0,2.0,430548_1007,0,2017-05-11,9
767,4281.0,401881.0,56415.0,454237.0,158.0,252732,0.0,3.0,2.0,3.0,3.0,0.0,2.0,2.0,430548_1007,0,2017-05-12,13
767,4281.0,401881.0,56415.0,454237.0,158.0,700403,0.0,11.0,1.0,5.0,3.0,0.0,2.0,1.0,430548_1007,0,2017-05-10,8
767,4281.0,401881.0,56415.0,454237.0,158.0,361645,0.0,3.0,2.0,3.0,3.0,0.0,2.0,1.0,430539_1007,0,2017-05-12,14
767,4281.0,401881.0,56415.0,454237.0,158.0,9233,0.0,9.0,1.0,3.0,3.0,0.0,2.0,1.0,430548_1007,0,2017-05-10,7
767,4281.0,401881.0,56415.0,454237.0,158.0,1060021,67.0,9.0,1.0,3.0,3.0,0.0,3.0,2.0,430539_1007,0,2017-05-12,12
767,4281.0,401881.0,56415.0,454237.0,158.0,1116106,33.0,4.0,2.0,4.0,3.0,0.0,2.0,2.0,430539_1007,0,2017-05-08,6
767,4281.0,401881.0,56415.0,454237.0,158.0,631774,0.0,10.0,1.0,4.0,3.0,0.0,4.0,2.0,430539_1007,0,2017-05-11,14
767,4281.0,401881.0,56415.0,454237.0,158.0,481971,0.0,4.0,2.0,4.0,3.0,0.0,4.0,2.0,430548_1007,0,2017-05-11,12
767,4281.0,401881.0,56415.0,454237.0,158.0,695597,0.0,10.0,1.0,4.0,3.0,0.0,1.0,1.0,430548_1007,0,2017-05-09,7
767,4281.0,401881.0,56415.0,454237.0,158.0,562917,0.0,5.0,2.0,5.0,2.0,0.0,2.0,2.0,430539_1007,0,2017-05-09,13
767,4281.0,401881.0,56415.0,454237.0,158.0,452305,42.0,5.0,2.0,5.0,3.0,0.0,4.0,1.0,430548_1007,0,2017-05-13,8
767,4281.0,401881.0,56415.0,454237.0,158.0,824420,21.0,3.0,2.0,3.0,3.0,0.0,2.0,3.0,430539_1007,0,2017-05-07,6
767,4281.0,401881.0,56415.0,454237.0,158.0,122586,0.0,10.0,1.0,4.0,3.0,0.0,4.0,2.0,430548_1007,0,2017-05-07,13
767,4281.0,401881.0,56415.0,454237.0,158.0,452305,42.0,5.0,2.0,5.0,3.0,0.0,4.0,1.0,430548_1007,0,2017-05-10,5
767,4281.0,401881.0,56415.0,454237.0,158.0,626386,42.0,5.0,2.0,5.0,3.0,0.0,4.0,1.0,430548_1007,0,2017-05-13,6
767,4281.0,401881.0,56415.0,454237.0,158.0,312880,0.0,3.0,2.0,3.0,1.0,0.0,2.0,1.0,430548_1007,0,2017-05-07,7
767,4281.0,401881.0,56415.0,454237.0,158.0,1090460,0.0,10.0,1.0,4.0,3.0,0.0,2.0,2.0,430548_1007,0,2017-05-13,14
767,4281.0,401881.0,56415.0,454237.0,158.0,980201,90.0,11.0,1.0,5.0,3.0,0.0,1.0,2.0,430539_1007,0,2017-05-12,12
767,4281.0,401881.0,56415.0,454237.0,158.0,490866,33.0,4.0,2.0,4.0,3.0,0.0,2.0,2.0,430539_1007,0,2017-05-07,10
767,4281.0,401881.0,56415.0,454237.0,158.0,491493,18.0,3.0,2.0,3.0,3.0,0.0,1.0,2.0,430539_1007,0,2017-05-06,3
767,4281.0,401881.0,56415.0,454237.0,158.0,593792,0.0,4.0,2.0,4.0,3.0,0.0,2.0,2.0,430548_1007,0,2017-05-11,13
767,4281.0,401881.0,56415.0,454237.0,158.0,1009398,0.0,11.0,1.0,5.0,3.0,0.0,2.0,2.0,430548_1007,0,2017-05-08,8
767,4281.0,401881.0,56415.0,454237.0,158.0,1107081,0.0,5.0,2.0,5.0,3.0,0.0,4.0,3.0,430548_1007,0,2017-05-11,6
767,4281.0,401881.0,56415.0,454237.0,158.0,85505,0.0,5.0,2.0,5.0,2.0,0.0,2.0,1.0,430548_1007,0,2017-05-13,11
767,4281.0,401881.0,56415.0,454237.0,158.0,471324,31.0,4.0,2.0,4.0,3.0,0.0,4.0,1.0,430548_1007,0,2017-05-11,8
767,4281.0,401881.0,56415.0,454237.0,158.0,582164,49.0,6.0,2.0,6.0,3.0,0.0,3.0,2.0,430539_1007,0,2017-05-11,8
767,4281.0,401881.0,56415.0,454237.0,158.0,11443,0.0,3.0,2.0,3.0,2.0,0.0,3.0,2.0,430548_1007,0,2017-05-08,3
767,4281.0,401881.0,56415.0,454237.0,158.0,1030207,0.0,4.0,2.0,4.0,3.0,0.0,3.0,2.0,430539_1007,0,2017-05-07,9
767,4281.0,401881.0,56415.0,454237.0,158.0,253669,17.0,3.0,2.0,3.0,3.0,0.0,3.0,1.0,430539_1007,0,2017-05-11,2
767,4281.0,401881.0,56415.0,454237.0,158.0,449359,0.0,2.0,2.0,2.0,3.0,1.0,2.0,2.0,430539_1007,0,2017-05-07,8
767,4281.0,401881.0,56415.0,454237.0,158.0,587551,0.0,4.0,2.0,4.0,1.0,0.0,2.0,2.0,430548_1007,0,2017-05-13,6
767,4281.0,401881.0,56415.0,454237.0,158.0,810484,34.0,4.0,2.0,4.0,3.0,0.0,4.0,2.0,430548_1007,0,2017-05-07,13
767,4281.0,401881.0,56415.0,454237.0,158.0,297442,44.0,5.0,2.0,5.0,3.0,0.0,2.0,2.0,430548_1007,1,2017-05-13,14
767,4281.0,401881.0,56415.0,454237.0,158.0,235726,20.0,3.0,2.0,3.0,3.0,0.0,4.0,2.0,430548_1007,0,2017-05-10,13
767,4281.0,401881.0,56415.0,454237.0,158.0,233646,0.0,10.0,1.0,4.0,1.0,0.0,2.0,1.0,430548_1007,0,2017-05-06,9
767,4281.0,401881.0,56415.0,454237.0,158.0,267559,31.0,4.0,2.0,4.0,3.0,0.0,3.0,1.0,430548_1007,0,2017-05-13,5
767,4281.0,401881.0,56415.0,454237.0,158.0,233646,0.0,10.0,1.0,4.0,1.0,0.0,2.0,1.0,430548_1007,0,2017-05-06,13
767,4281.0,401881.0,56415.0,454237.0,158.0,114113,0.0,4.0,2.0,4.0,3.0,0.0,2.0,1.0,430548_1007,0,2017-05-11,3
767,4281.0,401881.0,56415.0,454237.0,158.0,558854,0.0,5.0,2.0,5.0,3.0,0.0,2.0,1.0,430539_1007,0,2017-05-07,13
767,4281.0,401881.0,56415.0,454237.0,158.0,946853,0.0,2.0,2.0,2.0,1.0,0.0,2.0,2.0,430548_1007,0,2017-05-13,4
767,4281.0,401881.0,56415.0,454237.0,158.0,1130462,0.0,4.0,2.0,4.0,2.0,0.0,2.0,1.0,430548_1007,0,2017-05-13,10
767,4281.0,401881.0,56415.0,454237.0,158.0,865950,2.0,1.0,2.0,1.0,3.0,0.0,3.0,1.0,430548_1007,0,2017-05-12,10
767,4281.0,401881.0,56415.0,454237.0,158.0,460706,45.0,5.0,2.0,5.0,3.0,0.0,3.0,3.0,430548_1007,0,2017-05-13,13
767,4281.0,401881.0,56415.0,454237.0,158.0,631976,26.0,4.0,2.0,4.0,2.0,0.0,2.0,1.0,430548_1007,0,2017-05-11,4
767,4281.0,401881.0,56415.0,454237.0,158.0,185334,0.0,4.0,2.0,4.0,3.0,0.0,2.0,2.0,430548_1007,0,2017-05-10,13
767,4281.0,401881.0,56415.0,454237.0,158.0,1070473,0.0,4.0,2.0,4.0,2.0,0.0,4.0,3.0,430548_1007,0,2017-05-09,14
767,4281.0,401881.0,56415.0,454237.0,158.0,916241,46.0,5.0,2.0,5.0,3.0,0.0,2.0,2.0,430539_1007,0,2017-05-06,13
767,4281.0,401881.0,56415.0,454237.0,158.0,1119167,18.0,3.0,2.0,3.0,3.0,0.0,1.0,2.0,430539_1007,0,2017-05-12,2
767,4281.0,401881.0,56415.0,454237.0,158.0,873562,36.0,5.0,2.0,5.0,1.0,0.0,2.0,2.0,430548_1007,0,2017-05-11,14
767,4281.0,401881.0,56415.0,454237.0,158.0,296400,0.0,5.0,2.0,5.0,3.0,0.0,2.0,2.0,430548_1007,0,2017-05-06,14
767,4281.0,401881.0,56415.0,454237.0,158.0,904605,0.0,12.0,1.0,6.0,3.0,0.0,1.0,2.0,430539_1007,0,2017-05-12,2
767,4281.0,401881.0,56415.0,454237.0,158.0,633012,44.0,5.0,2.0,5.0,3.0,0.0,2.0,2.0,430548_1007,0,2017-05-09,1
767,4281.0,401881.0,56415.0,454237.0,158.0,788817,44.0,5.0,2.0,5.0,3.0,0.0,2.0,2.0,430548_1007,1,2017-05-06,8
767,4281.0,401881.0,56415.0,454237.0,158.0,759180,0.0,5.0,2.0,5.0,3.0,0.0,3.0,2.0,430539_1007,0,2017-05-11,2
767,4281.0,401881.0,56415.0,454237.0,158.0,695597,0.0,10.0,1.0,4.0,3.0,0.0,1.0,1.0,430548_1007,0,2017-05-07,12
767,4281.0,401881.0,56415.0,454237.0,158.0,479551,45.0,5.0,2.0,5.0,3.0,0.0,4.0,2.0,430548_1007,0,2017-05-12,1
767,4281.0,401881.0,56415.0,454237.0,158.0,479551,45.0,5.0,2.0,5.0,3.0,0.0,4.0,2.0,430548_1007,0,2017-05-07,12
767,4281.0,401881.0,56415.0,454237.0,158.0,695597,0.0,10.0,1.0,4.0,3.0,0.0,1.0,1.0,430548_1007,0,2017-05-11,12
767,4281.0,401881.0,56415.0,454237.0,158.0,788817,44.0,5.0,2.0,5.0,3.0,0.0,2.0,2.0,430548_1007,0,2017-05-09,6
767,4281.0,401881.0,56415.0,454237.0,158.0,479551,45.0,5.0,2.0,5.0,3.0,0.0,4.0,2.0,430548_1007,0,2017-05-10,7
767,4281.0,401881.0,56415.0,454237.0,158.0,695597,0.0,10.0,1.0,4.0,3.0,0.0,1.0,1.0,430548_1007,0,2017-05-13,8
767,4281.0,401881.0,56415.0,454237.0,158.0,461546,0.0,10.0,1.0,4.0,3.0,0.0,2.0,1.0,430548_1007,0,2017-05-09,12
767,4281.0,401881.0,56415.0,454237.0,158.0,855847,0.0,10.0,1.0,4.0,3.0,0.0,2.0,2.0,430548_1007,0,2017-05-09,12
767,4281.0,401881.0,56415.0,454237.0,158.0,1032239,0.0,10.0,1.0,4.0,3.0,0.0,2.0,2.0,430548_1007,0,2017-05-09,4
767,4281.0,401881.0,56415.0,454237.0,158.0,98880,0.0,5.0,2.0,5.0,3.0,0.0,2.0,3.0,430548_1007,0,2017-05-10,15
767,4281.0,401881.0,56415.0,454237.0,158.0,51475,0.0,5.0,2.0,5.0,3.0,0.0,2.0,2.0,430539_1007,0,2017-05-07,7
767,4281.0,401881.0,56415.0,454237.0,158.0,121095,0.0,3.0,2.0,3.0,3.0,0.0,4.0,1.0,430548_1007,0,2017-05-11,2
767,4281.0,401881.0,56415.0,454237.0,158.0,187566,33.0,4.0,2.0,4.0,3.0,0.0,2.0,2.0,430539_1007,0,2017-05-10,8
767,4281.0,401881.0,56415.0,454237.0,158.0,1136668,0.0,11.0,1.0,5.0,3.0,0.0,2.0,2.0,430539_1007,0,2017-05-12,11
767,4281.0,401881.0,56415.0,454237.0,158.0,513966,0.0,2.0,2.0,2.0,3.0,1.0,3.0,2.0,430548_1007,0,2017-05-06,14
767,4281.0,401881.0,56415.0,454237.0,158.0,964319,0.0,4.0,2.0,4.0,3.0,0.0,2.0,1.0,430548_1007,0,2017-05-06,0
767,4281.0,401881.0,56415.0,454237.0,158.0,98880,0.0,5.0,2.0,5.0,3.0,0.0,2.0,3.0,430548_1007,0,2017-05-11,3
767,4281.0,401881.0,56415.0,454237.0,158.0,98880,0.0,5.0,2.0,5.0,3.0,0.0,2.0,3.0,430548_1007,0,2017-05-13,0
767,4281.0,401881.0,56415.0,454237.0,158.0,982052,0.0,9.0,1.0,3.0,3.0,0.0,3.0,1.0,430548_1007,0,2017-05-13,2
767,4281.0,401881.0,56415.0,454237.0,158.0,1120333,46.0,5.0,2.0,5.0,3.0,0.0,2.0,3.0,430548_1007,0,2017-05-13,12
767,4281.0,401881.0,56415.0,454237.0,158.0,98880,0.0,5.0,2.0,5.0,3.0,0.0,2.0,3.0,430548_1007,0,2017-05-12,17
767,4281.0,401881.0,56415.0,454237.0,158.0,896628,0.0,3.0,2.0,3.0,3.0,0.0,2.0,2.0,430539_1007,0,2017-05-08,5
767,4281.0,401881.0,56415.0,454237.0,158.0,1063129,0.0,5.0,2.0,5.0,3.0,0.0,2.0,2.0,430548_1007,0,2017-05-13,6
767,4281.0,401881.0,56415.0,454237.0,158.0,819891,81.0,10.0,1.0,4.0,3.0,0.0,4.0,3.0,430539_1007,0,2017-05-13,14
767,4281.0,401881.0,56415.0,454237.0,158.0,809650,8.0,2.0,2.0,2.0,3.0,0.0,4.0,2.0,430548_1007,0,2017-05-12,14
767,4281.0,401881.0,56415.0,454237.0,158.0,618922,45.0,5.0,2.0,5.0,3.0,0.0,3.0,2.0,430548_1007,0,2017-05-12,14
767,4281.0,401881.0,56415.0,454237.0,158.0,798156,92.0,11.0,1.0,5.0,3.0,0.0,3.0,2.0,430548_1007,0,2017-05-08,14
767,4281.0,401881.0,56415.0,454237.0,158.0,517248,0.0,4.0,2.0,4.0,3.0,0.0,2.0,1.0,430548_1007,1,2017-05-13,6
767,4281.0,401881.0,56415.0,454237.0,158.0,9233,0.0,9.0,1.0,3.0,3.0,0.0,2.0,1.0,430548_1007,0,2017-05-13,10
767,4281.0,401881.0,56415.0,454237.0,158.0,9233,0.0,9.0,1.0,3.0,3.0,0.0,2.0,1.0,430548_1007,0,2017-05-13,7
767,4281.0,401881.0,56415.0,454237.0,158.0,871986,0.0,5.0,2.0,5.0,3.0,0.0,3.0,2.0,430548_1007,0,2017-05-06,5
767,4281.0,401881.0,56415.0,454237.0,158.0,613408,0.0,9.0,1.0,3.0,3.0,0.0,3.0,1.0,430548_1007,0,2017-05-06,14
767,4281.0,401881.0,56415.0,454237.0,158.0,519277,0.0,5.0,2.0,5.0,3.0,0.0,2.0,2.0,430548_1007,0,2017-05-07,9
767,4281.0,401881.0,56415.0,454237.0,158.0,519277,0.0,5.0,2.0,5.0,3.0,0.0,2.0,2.0,430548_1007,0,2017-05-13,12
767,4281.0,401881.0,56415.0,454237.0,158.0,11610,0.0,5.0,2.0,5.0,2.0,0.0,2.0,1.0,430548_1007,0,2017-05-12,2
767,4281.0,401881.0,56415.0,454237.0,158.0,871986,0.0,5.0,2.0,5.0,3.0,0.0,3.0,2.0,430548_1007,0,2017-05-06,16
767,4281.0,401881.0,56415.0,454237.0,158.0,871986,0.0,5.0,2.0,5.0,3.0,0.0,3.0,2.0,430548_1007,0,2017-05-07,14
767,4281.0,401881.0,56415.0,454237.0,158.0,597219,0.0,10.0,1.0,4.0,3.0,0.0,3.0,1.0,430548_1007,0,2017-05-11,0
767,4281.0,401881.0,56415.0,454237.0,158.0,593457,64.0,9.0,1.0,3.0,3.0,0.0,2.0,1.0,430548_1007,0,2017-05-13,3
767,4281.0,401881.0,56415.0,454237.0,158.0,593457,64.0,9.0,1.0,3.0,3.0,0.0,2.0,1.0,430548_1007,0,2017-05-11,1
767,4281.0,401881.0,56415.0,454237.0,158.0,453140,0.0,4.0,2.0,4.0,3.0,0.0,2.0,2.0,430548_1007,0,2017-05-08,6
767,4281.0,401881.0,56415.0,454237.0,158.0,973899,0.0,5.0,2.0,5.0,3.0,0.0,4.0,2.0,430548_1007,0,2017-05-11,5
767,4281.0,401881.0,56415.0,454237.0,158.0,982052,0.0,9.0,1.0,3.0,3.0,0.0,3.0,1.0,430548_1007,0,2017-05-07,5
767,4281.0,401881.0,56415.0,454237.0,158.0,593577,44.0,5.0,2.0,5.0,3.0,0.0,2.0,2.0,430548_1007,0,2017-05-07,8
767,4281.0,401881.0,56415.0,454237.0,158.0,180804,0.0,5.0,2.0,5.0,3.0,0.0,1.0,2.0,430548_1007,0,2017-05-13,14
767,4281.0,401881.0,56415.0,454237.0,158.0,297442,44.0,5.0,2.0,5.0,3.0,0.0,2.0,2.0,430548_1007,1,2017-05-10,6
767,4281.0,401881.0,56415.0,454237.0,158.0,484185,30.0,4.0,2.0,4.0,3.0,0.0,2.0,1.0,430548_1007,0,2017-05-12,13
767,4281.0,401881.0,56415.0,454237.0,158.0,576914,42.0,5.0,2.0,5.0,3.0,0.0,3.0,1.0,430539_1007,0,2017-05-09,8
767,4281.0,401881.0,56415.0,454237.0,158.0,32348,30.0,4.0,2.0,4.0,3.0,0.0,2.0,1.0,430548_1007,0,2017-05-07,22
767,4281.0,401881.0,56415.0,454237.0,158.0,125046,18.0,3.0,2.0,3.0,3.0,0.0,1.0,2.0,430548_1007,0,2017-05-13,15
767,4281.0,401881.0,56415.0,454237.0,158.0,457166,34.0,4.0,2.0,4.0,3.0,0.0,3.0,2.0,430539_1007,0,2017-05-12,12
767,4281.0,401881.0,56415.0,454237.0,158.0,859723,19.0,3.0,2.0,3.0,3.0,0.0,2.0,2.0,430548_1007,0,2017-05-06,15
767,4281.0,401881.0,56415.0,454237.0,158.0,482978,0.0,5.0,2.0,5.0,3.0,0.0,3.0,1.0,430548_1007,0,2017-05-12,12
767,4281.0,401881.0,56415.0,454237.0,158.0,1089743,45.0,5.0,2.0,5.0,3.0,0.0,4.0,3.0,430539_1007,0,2017-05-06,7
767,4281.0,401881.0,56415.0,454237.0,158.0,32348,30.0,4.0,2.0,4.0,3.0,0.0,2.0,1.0,430548_1007,0,2017-05-07,6
767,4281.0,401881.0,56415.0,454237.0,158.0,213483,0.0,5.0,2.0,5.0,1.0,0.0,2.0,2.0,430548_1007,0,2017-05-10,14
767,4281.0,401881.0,56415.0,454237.0,158.0,32348,30.0,4.0,2.0,4.0,3.0,0.0,2.0,1.0,430548_1007,0,2017-05-07,10
767,4281.0,401881.0,56415.0,454237.0,158.0,576914,42.0,5.0,2.0,5.0,3.0,0.0,3.0,1.0,430539_1007,0,2017-05-13,6
767,4281.0,401881.0,56415.0,454237.0,158.0,315138,34.0,4.0,2.0,4.0,3.0,0.0,3.0,2.0,430539_1007,0,2017-05-11,6
767,4281.0,401881.0,56415.0,454237.0,158.0,885262,0.0,5.0,2.0,5.0,3.0,0.0,2.0,2.0,430548_1007,0,2017-05-08,12
767,4281.0,401881.0,56415.0,454237.0,158.0,908986,0.0,3.0,2.0,3.0,3.0,0.0,1.0,2.0,430539_1007,1,2017-05-06,14
767,4281.0,401881.0,56415.0,454237.0,158.0,855106,80.0,10.0,1.0,4.0,3.0,0.0,2.0,2.0,430548_1007,0,2017-05-08,5
767,4281.0,401881.0,56415.0,454237.0,158.0,803255,0.0,5.0,2.0,5.0,3.0,0.0,4.0,2.0,430548_1007,0,2017-05-10,6
767,4281.0,401881.0,56415.0,454237.0,158.0,511424,0.0,3.0,2.0,3.0,2.0,0.0,2.0,1.0,430548_1007,0,2017-05-12,14
767,4281.0,401881.0,56415.0,454237.0,158.0,92653,31.0,4.0,2.0,4.0,3.0,0.0,4.0,1.0,430548_1007,0,2017-05-10,13
767,4281.0,401881.0,56415.0,454237.0,158.0,45336,0.0,4.0,2.0,4.0,3.0,0.0,3.0,2.0,430548_1007,0,2017-05-10,15
767,4281.0,401881.0,56415.0,454237.0,158.0,803545,0.0,4.0,2.0,4.0,1.0,0.0,2.0,3.0,430548_1007,0,2017-05-07,10
767,4281.0,401881.0,56415.0,454237.0,158.0,294925,44.0,5.0,2.0,5.0,3.0,0.0,2.0,2.0,430548_1007,0,2017-05-13,13
767,4281.0,401881.0,56415.0,454237.0,158.0,678902,0.0,5.0,2.0,5.0,3.0,0.0,2.0,2.0,430548_1007,0,2017-05-10,5
767,4281.0,401881.0,56415.0,454237.0,158.0,1101483,0.0,5.0,2.0,5.0,2.0,0.0,3.0,2.0,430539_1007,0,2017-05-09,13
767,4281.0,401881.0,56415.0,454237.0,158.0,743411,0.0,4.0,2.0,4.0,3.0,0.0,2.0,1.0,430548_1007,0,2017-05-10,9
767,4281.0,401881.0,56415.0,454237.0,158.0,808800,0.0,5.0,2.0,5.0,3.0,0.0,3.0,2.0,430548_1007,0,2017-05-06,8
767,4281.0,401881.0,56415.0,454237.0,158.0,614543,0.0,4.0,2.0,4.0,3.0,0.0,2.0,2.0,430548_1007,0,2017-05-13,13
767,4281.0,401881.0,56415.0,454237.0,158.0,458585,33.0,4.0,2.0,4.0,3.0,0.0,2.0,2.0,430539_1007,0,2017-05-10,12
767,4281.0,401881.0,56415.0,454237.0,158.0,32348,30.0,4.0,2.0,4.0,3.0,0.0,2.0,1.0,430548_1007,0,2017-05-06,6
767,4281.0,401881.0,56415.0,454237.0,158.0,374493,0.0,5.0,2.0,5.0,3.0,0.0,3.0,2.0,430548_1007,0,2017-05-13,13
767,4281.0,401881.0,56415.0,454237.0,158.0,346913,0.0,10.0,1.0,4.0,3.0,0.0,2.0,1.0,430548_1007,0,2017-05-06,5
767,4281.0,401881.0,56415.0,454237.0,158.0,744777,0.0,8.0,1.0,2.0,3.0,1.0,2.0,2.0,430539_1007,0,2017-05-08,8
767,4281.0,401881.0,56415.0,454237.0,158.0,457166,34.0,4.0,2.0,4.0,3.0,0.0,3.0,2.0,430539_1007,0,2017-05-10,11
767,4281.0,401881.0,56415.0,454237.0,158.0,875856,0.0,4.0,2.0,4.0,3.0,0.0,2.0,1.0,430548_1007,0,2017-05-11,5
767,4281.0,401881.0,56415.0,454237.0,158.0,32348,30.0,4.0,2.0,4.0,3.0,0.0,2.0,1.0,430548_1007,0,2017-05-08,14
767,4281.0,401881.0,56415.0,454237.0,158.0,732280,32.0,4.0,2.0,4.0,3.0,0.0,1.0,2.0,430548_1007,0,2017-05-07,3
767,4281.0,401881.0,56415.0,454237.0,158.0,1015885,0.0,3.0,2.0,3.0,3.0,0.0,2.0,2.0,430548_1007,0,2017-05-07,8
767,4281.0,401881.0,56415.0,454237.0,158.0,245654,66.0,9.0,1.0,3.0,3.0,0.0,2.0,2.0,430539_1007,0,2017-05-12,14
767,4281.0,401881.0,56415.0,454237.0,158.0,1088882,0.0,10.0,1.0,4.0,1.0,0.0,2.0,1.0,430548_1007,0,2017-05-11,7
767,4281.0,401881.0,56415.0,454237.0,158.0,91495,0.0,4.0,2.0,4.0,3.0,0.0,2.0,1.0,430548_1007,0,2017-05-10,0
767,4281.0,401881.0,56415.0,454237.0,158.0,556384,0.0,5.0,2.0,5.0,3.0,0.0,1.0,1.0,430539_1007,0,2017-05-08,12
767,4281.0,401881.0,56415.0,454237.0,158.0,380177,0.0,3.0,2.0,3.0,1.0,0.0,2.0,2.0,430539_1007,0,2017-05-11,5
767,4281.0,401881.0,56415.0,454237.0,158.0,1003819,0.0,9.0,1.0,3.0,3.0,0.0,2.0,1.0,430548_1007,0,2017-05-10,4
767,4281.0,401881.0,56415.0,454237.0,158.0,338274,20.0,3.0,2.0,3.0,3.0,0.0,3.0,2.0,430539_1007,0,2017-05-11,2
767,4281.0,401881.0,56415.0,454237.0,158.0,369768,45.0,5.0,2.0,5.0,3.0,0.0,4.0,2.0,430548_1007,0,2017-05-07,22
767,4281.0,401881.0,56415.0,454237.0,158.0,1008902,17.0,3.0,2.0,3.0,3.0,0.0,4.0,1.0,430539_1007,0,2017-05-11,11
767,4281.0,401881.0,56415.0,454237.0,158.0,1099181,0.0,3.0,2.0,3.0,3.0,0.0,2.0,2.0,430548_1007,0,2017-05-10,7
767,4281.0,401881.0,56415.0,454237.0,158.0,152720,20.0,3.0,2.0,3.0,3.0,0.0,4.0,2.0,430539_1007,0,2017-05-11,14
767,4281.0,401881.0,56415.0,454237.0,158.0,545350,0.0,3.0,2.0,3.0,3.0,0.0,2.0,1.0,430548_1007,0,2017-05-11,14
767,4281.0,401881.0,56415.0,454237.0,158.0,160800,0.0,5.0,2.0,5.0,3.0,0.0,2.0,2.0,430548_1007,0,2017-05-09,5
767,4281.0,401881.0,56415.0,454237.0,158.0,361184,0.0,4.0,2.0,4.0,3.0,0.0,3.0,2.0,430539_1007,0,2017-05-10,11
767,4281.0,401881.0,56415.0,454237.0,158.0,664471,0.0,10.0,1.0,4.0,3.0,0.0,2.0,1.0,430548_1007,0,2017-05-10,12
767,4281.0,401881.0,56415.0,454237.0,158.0,369768,45.0,5.0,2.0,5.0,3.0,0.0,4.0,2.0,430548_1007,0,2017-05-08,8
767,4281.0,401881.0,56415.0,454237.0,158.0,1011618,64.0,9.0,1.0,3.0,3.0,0.0,2.0,1.0,430548_1007,0,2017-05-06,7
767,4281.0,401881.0,56415.0,454237.0,158.0,91495,0.0,4.0,2.0,4.0,3.0,0.0,2.0,1.0,430548_1007,0,2017-05-09,11
767,4281.0,401881.0,56415.0,454237.0,158.0,458585,33.0,4.0,2.0,4.0,3.0,0.0,2.0,2.0,430539_1007,0,2017-05-08,11
767,4281.0,401881.0,56415.0,454237.0,158.0,146960,0.0,12.0,1.0,6.0,3.0,0.0,2.0,2.0,430548_1007,0,2017-05-10,11
767,4281.0,401881.0,56415.0,454237.0,158.0,146960,0.0,12.0,1.0,6.0,3.0,0.0,2.0,2.0,430548_1007,0,2017-05-08,5
767,4281.0,401881.0,56415.0,454237.0,158.0,91495,0.0,4.0,2.0,4.0,3.0,0.0,2.0,1.0,430548_1007,0,2017-05-11,9
767,4281.0,401881.0,56415.0,454237.0,158.0,763393,20.0,3.0,2.0,3.0,3.0,0.0,4.0,2.0,430548_1007,0,2017-05-07,14
767,4281.0,401881.0,56415.0,454237.0,158.0,280469,20.0,3.0,2.0,3.0,3.0,0.0,4.0,2.0,430548_1007,0,2017-05-06,2
767,4281.0,401881.0,56415.0,454237.0,158.0,146960,0.0,12.0,1.0,6.0,3.0,0.0,2.0,2.0,430548_1007,0,2017-05-12,13
767,4281.0,401881.0,56415.0,454237.0,158.0,406298,34.0,4.0,2.0,4.0,3.0,0.0,4.0,2.0,430539_1007,1,2017-05-08,0
767,4281.0,401881.0,56415.0,454237.0,158.0,458585,33.0,4.0,2.0,4.0,3.0,0.0,2.0,2.0,430539_1007,0,2017-05-07,0
767,4281.0,401881.0,56415.0,454237.0,158.0,1015400,0.0,4.0,2.0,4.0,3.0,0.0,3.0,1.0,430539_1007,0,2017-05-11,14
767,4281.0,401881.0,56415.0,454237.0,158.0,525957,45.0,5.0,2.0,5.0,3.0,0.0,3.0,2.0,430548_1007,0,2017-05-06,14
767,4281.0,401881.0,56415.0,454237.0,158.0,699019,0.0,5.0,2.0,5.0,3.0,0.0,2.0,2.0,430548_1007,0,2017-05-09,5
767,4281.0,401881.0,56415.0,454237.0,158.0,302953,0.0,5.0,2.0,5.0,3.0,0.0,2.0,1.0,430548_1007,0,2017-05-12,13
767,4281.0,401881.0,56415.0,454237.0,158.0,1005168,0.0,4.0,2.0,4.0,3.0,0.0,2.0,2.0,430539_1007,0,2017-05-06,3
767,4281.0,401881.0,56415.0,454237.0,158.0,275626,34.0,4.0,2.0,4.0,3.0,0.0,4.0,2.0,430548_1007,0,2017-05-11,9
767,4281.0,401881.0,56415.0,454237.0,158.0,338918,0.0,5.0,2.0,5.0,3.0,0.0,2.0,2.0,430548_1007,0,2017-05-09,9
767,4281.0,401881.0,56415.0,454237.0,158.0,752008,0.0,5.0,2.0,5.0,3.0,0.0,2.0,1.0,430548_1007,0,2017-05-13,12
767,4281.0,401881.0,56415.0,454237.0,158.0,406530,0.0,3.0,2.0,3.0,3.0,0.0,2.0,1.0,430548_1007,0,2017-05-12,14
767,4281.0,401881.0,56415.0,454237.0,158.0,771292,0.0,4.0,2.0,4.0,3.0,0.0,2.0,3.0,430539_1007,0,2017-05-08,2
767,4281.0,401881.0,56415.0,454237.0,158.0,890033,0.0,5.0,2.0,5.0,2.0,0.0,2.0,1.0,430539_1007,0,2017-05-07,10
767,4281.0,401881.0,56415.0,454237.0,158.0,674209,30.0,4.0,2.0,4.0,3.0,0.0,2.0,1.0,430539_1007,0,2017-05-11,4
767,4281.0,401881.0,56415.0,454237.0,158.0,65267,31.0,4.0,2.0,4.0,3.0,0.0,3.0,1.0,430548_1007,0,2017-05-07,6
767,4281.0,401881.0,56415.0,454237.0,158.0,862369,0.0,9.0,1.0,3.0,3.0,0.0,2.0,1.0,430548_1007,0,2017-05-11,14
767,4281.0,401881.0,56415.0,454237.0,158.0,1056662,0.0,10.0,1.0,4.0,3.0,0.0,2.0,3.0,430539_1007,0,2017-05-09,7
767,4281.0,401881.0,56415.0,454237.0,158.0,369768,45.0,5.0,2.0,5.0,3.0,0.0,4.0,2.0,430548_1007,0,2017-05-12,14
767,4281.0,401881.0,56415.0,454237.0,158.0,1015885,0.0,3.0,2.0,3.0,3.0,0.0,2.0,2.0,430548_1007,0,2017-05-12,7
767,4281.0,401881.0,56415.0,454237.0,158.0,344551,0.0,5.0,2.0,5.0,2.0,0.0,2.0,2.0,430548_1007,0,2017-05-09,11
767,4281.0,401881.0,56415.0,454237.0,158.0,1024694,0.0,4.0,2.0,4.0,3.0,0.0,3.0,2.0,430548_1007,0,2017-05-11,14
767,4281.0,401881.0,56415.0,454237.0,158.0,830177,0.0,4.0,2.0,4.0,3.0,0.0,1.0,1.0,430539_1007,0,2017-05-11,6
767,4281.0,401881.0,56415.0,454237.0,158.0,504286,0.0,3.0,2.0,3.0,3.0,0.0,4.0,2.0,430548_1007,0,2017-05-09,13
767,4281.0,401881.0,56415.0,454237.0,158.0,1117295,0.0,10.0,1.0,4.0,3.0,0.0,2.0,2.0,430539_1007,0,2017-05-12,14
767,4281.0,401881.0,56415.0,454237.0,158.0,106847,44.0,5.0,2.0,5.0,3.0,0.0,2.0,2.0,430548_1007,0,2017-05-06,12
767,4281.0,401881.0,56415.0,454237.0,158.0,1117295,0.0,10.0,1.0,4.0,3.0,0.0,2.0,2.0,430539_1007,0,2017-05-12,5
767,4281.0,401881.0,56415.0,454237.0,158.0,44994,31.0,4.0,2.0,4.0,3.0,0.0,4.0,1.0,430548_1007,0,2017-05-12,22
767,4281.0,401881.0,56415.0,454237.0,158.0,478591,0.0,5.0,2.0,5.0,2.0,0.0,2.0,1.0,430548_1007,0,2017-05-11,1
767,4281.0,401881.0,56415.0,454237.0,158.0,317062,0.0,3.0,2.0,3.0,1.0,0.0,2.0,1.0,430548_1007,0,2017-05-08,8
767,4281.0,401881.0,56415.0,454237.0,158.0,458585,33.0,4.0,2.0,4.0,3.0,0.0,2.0,2.0,430539_1007,1,2017-05-05,19
767,4281.0,401881.0,56415.0,454237.0,158.0,632372,0.0,5.0,2.0,5.0,3.0,0.0,2.0,2.0,430539_1007,0,2017-05-07,5
767,4281.0,401881.0,56415.0,454237.0,158.0,283282,0.0,4.0,2.0,4.0,3.0,0.0,2.0,1.0,430539_1007,0,2017-05-12,13
767,4281.0,401881.0,56415.0,454237.0,158.0,1034943,0.0,5.0,2.0,5.0,3.0,0.0,2.0,1.0,430548_1007,0,2017-05-13,7
767,4281.0,401881.0,56415.0,454237.0,158.0,48529,78.0,10.0,1.0,4.0,3.0,0.0,4.0,1.0,430548_1007,0,2017-05-06,2
767,4281.0,401881.0,56415.0,454237.0,158.0,532194,0.0,5.0,2.0,5.0,2.0,0.0,2.0,2.0,430539_1007,0,2017-05-11,6
767,4281.0,401881.0,56415.0,454237.0,158.0,1136723,0.0,11.0,1.0,5.0,2.0,0.0,4.0,1.0,430548_1007,0,2017-05-08,9
767,4281.0,401881.0,56415.0,454237.0,158.0,563907,41.0,5.0,2.0,5.0,3.0,0.0,2.0,1.0,430548_1007,0,2017-05-08,7
767,4281.0,401881.0,56415.0,454237.0,158.0,1136723,0.0,11.0,1.0,5.0,2.0,0.0,4.0,1.0,430548_1007,0,2017-05-06,6
767,4281.0,401881.0,56415.0,454237.0,158.0,563907,41.0,5.0,2.0,5.0,3.0,0.0,2.0,1.0,430548_1007,0,2017-05-10,13
767,4281.0,401881.0,56415.0,454237.0,158.0,136417,34.0,4.0,2.0,4.0,3.0,0.0,4.0,2.0,430548_1007,0,2017-05-07,10
767,4281.0,401881.0,56415.0,454237.0,158.0,1059855,0.0,10.0,1.0,4.0,2.0,0.0,2.0,2.0,430548_1007,0,2017-05-08,8
767,4281.0,401881.0,56415.0,454237.0,158.0,635772,92.0,11.0,1.0,5.0,3.0,0.0,4.0,2.0,430548_1007,0,2017-05-12,14
767,4281.0,401881.0,56415.0,454237.0,158.0,1071200,0.0,10.0,1.0,4.0,3.0,0.0,2.0,3.0,430548_1007,0,2017-05-10,11
767,4281.0,401881.0,56415.0,454237.0,158.0,490523,0.0,5.0,2.0,5.0,2.0,0.0,2.0,2.0,430548_1007,0,2017-05-11,9
767,4281.0,401881.0,56415.0,454237.0,158.0,566162,0.0,5.0,2.0,5.0,3.0,0.0,2.0,2.0,430548_1007,0,2017-05-12,12
767,4281.0,401881.0,56415.0,454237.0,158.0,621925,0.0,3.0,2.0,3.0,3.0,0.0,2.0,2.0,430548_1007,0,2017-05-08,8
767,4281.0,401881.0,56415.0,454237.0,158.0,363675,45.0,5.0,2.0,5.0,3.0,0.0,3.0,2.0,430548_1007,0,2017-05-12,2
767,4281.0,401881.0,56415.0,454237.0,158.0,143414,34.0,4.0,2.0,4.0,3.0,0.0,3.0,2.0,430548_1007,0,2017-05-12,13
767,4281.0,401881.0,56415.0,454237.0,158.0,621925,0.0,3.0,2.0,3.0,3.0,0.0,2.0,2.0,430548_1007,0,2017-05-10,4
767,4281.0,401881.0,56415.0,454237.0,158.0,220663,30.0,4.0,2.0,4.0,3.0,0.0,2.0,1.0,430548_1007,0,2017-05-11,13
767,4281.0,401881.0,56415.0,454237.0,158.0,884864,45.0,5.0,2.0,5.0,3.0,0.0,4.0,2.0,430539_1007,0,2017-05-07,13
767,4281.0,401881.0,56415.0,454237.0,158.0,128147,0.0,4.0,2.0,4.0,3.0,0.0,4.0,2.0,430539_1007,0,2017-05-13,6
767,4281.0,401881.0,56415.0,454237.0,158.0,651930,34.0,4.0,2.0,4.0,3.0,0.0,3.0,2.0,430548_1007,0,2017-05-11,22
767,4281.0,401881.0,56415.0,454237.0,158.0,1117295,0.0,10.0,1.0,4.0,3.0,0.0,2.0,2.0,430539_1007,0,2017-05-13,5
767,4281.0,401881.0,56415.0,454237.0,158.0,1129941,35.0,4.0,2.0,4.0,3.0,0.0,1.0,3.0,430539_1007,0,2017-05-11,8
767,4281.0,401881.0,56415.0,454237.0,158.0,647422,0.0,6.0,2.0,6.0,3.0,0.0,2.0,2.0,430539_1007,0,2017-05-07,7
767,4281.0,401881.0,56415.0,454237.0,158.0,817075,0.0,5.0,2.0,5.0,3.0,0.0,2.0,2.0,430548_1007,0,2017-05-11,14
767,4281.0,401881.0,56415.0,454237.0,158.0,679249,45.0,5.0,2.0,5.0,3.0,0.0,3.0,3.0,430539_1007,0,2017-05-06,13
767,4281.0,401881.0,56415.0,454237.0,158.0,658554,0.0,4.0,2.0,4.0,2.0,0.0,2.0,2.0,430548_1007,0,2017-05-10,7
767,4281.0,401881.0,56415.0,454237.0,158.0,679382,0.0,4.0,2.0,4.0,3.0,0.0,2.0,2.0,430548_1007,0,2017-05-08,6
767,4281.0,401881.0,56415.0,454237.0,158.0,54345,45.0,5.0,2.0,5.0,3.0,0.0,3.0,3.0,430548_1007,0,2017-05-13,12
767,4281.0,401881.0,56415.0,454237.0,158.0,664590,7.0,2.0,2.0,2.0,3.0,0.0,2.0,1.0,430548_1007,0,2017-05-12,13
767,4281.0,401881.0,56415.0,454237.0,158.0,1042018,66.0,9.0,1.0,3.0,3.0,0.0,2.0,2.0,430548_1007,0,2017-05-13,12
767,4281.0,401881.0,56415.0,454237.0,158.0,869047,67.0,9.0,1.0,3.0,3.0,0.0,3.0,2.0,430548_1007,0,2017-05-10,9
767,4281.0,401881.0,56415.0,454237.0,158.0,516912,0.0,6.0,2.0,6.0,3.0,0.0,3.0,2.0,430548_1007,0,2017-05-12,14
767,4281.0,401881.0,56415.0,454237.0,158.0,392175,49.0,6.0,2.0,6.0,3.0,0.0,2.0,2.0,430548_1007,0,2017-05-13,1
767,4281.0,401881.0,56415.0,454237.0,158.0,1092996,0.0,4.0,2.0,4.0,2.0,0.0,2.0,2.0,430548_1007,0,2017-05-11,14
767,4281.0,401881.0,56415.0,454237.0,158.0,6652,88.0,11.0,1.0,5.0,3.0,0.0,2.0,1.0,430548_1007,0,2017-05-11,7
767,4281.0,401881.0,56415.0,454237.0,158.0,65267,31.0,4.0,2.0,4.0,3.0,0.0,3.0,1.0,430548_1007,0,2017-05-10,13
767,4281.0,401881.0,56415.0,454237.0,158.0,967409,46.0,5.0,2.0,5.0,3.0,0.0,1.0,3.0,430548_1007,0,2017-05-12,7
767,4281.0,401881.0,56415.0,454237.0,158.0,967409,46.0,5.0,2.0,5.0,3.0,0.0,1.0,3.0,430548_1007,0,2017-05-06,6
767,4281.0,401881.0,56415.0,454237.0,158.0,3184,0.0,1.0,2.0,1.0,3.0,0.0,2.0,2.0,430539_1007,0,2017-05-07,14
767,4281.0,401881.0,56415.0,454237.0,158.0,621938,30.0,4.0,2.0,4.0,3.0,0.0,2.0,1.0,430539_1007,0,2017-05-07,6
767,4281.0,401881.0,56415.0,454237.0,158.0,283282,0.0,4.0,2.0,4.0,3.0,0.0,2.0,1.0,430539_1007,0,2017-05-06,9
767,4281.0,401881.0,56415.0,454237.0,158.0,1117295,0.0,10.0,1.0,4.0,3.0,0.0,2.0,2.0,430539_1007,1,2017-05-11,14
767,4281.0,401881.0,56415.0,454237.0,158.0,1136723,0.0,11.0,1.0,5.0,2.0,0.0,4.0,1.0,430548_1007,0,2017-05-11,5
767,4281.0,401881.0,56415.0,454237.0,158.0,187305,0.0,11.0,1.0,5.0,3.0,0.0,2.0,1.0,430548_1007,0,2017-05-06,13
767,4281.0,401881.0,56415.0,454237.0,158.0,1089836,0.0,10.0,1.0,4.0,3.0,0.0,3.0,3.0,430539_1007,0,2017-05-06,6
767,4281.0,401881.0,56415.0,454237.0,158.0,790777,0.0,5.0,2.0,5.0,3.0,0.0,2.0,2.0,430539_1007,0,2017-05-06,4
767,4281.0,401881.0,56415.0,454237.0,158.0,743428,0.0,4.0,2.0,4.0,3.0,0.0,2.0,2.0,430548_1007,0,2017-05-11,6
767,4281.0,401881.0,56415.0,454237.0,158.0,81503,0.0,11.0,1.0,5.0,3.0,0.0,2.0,1.0,430548_1007,0,2017-05-10,11
767,4281.0,401881.0,56415.0,454237.0,158.0,1104439,35.0,4.0,2.0,4.0,3.0,0.0,2.0,3.0,430539_1007,0,2017-05-13,12
767,4281.0,401881.0,56415.0,454237.0,158.0,870610,19.0,3.0,2.0,3.0,3.0,0.0,2.0,2.0,430548_1007,0,2017-05-12,14
767,4281.0,401881.0,56415.0,454237.0,158.0,1115723,0.0,5.0,2.0,5.0,3.0,0.0,4.0,2.0,430548_1007,0,2017-05-09,8
767,4281.0,401881.0,56415.0,454237.0,158.0,595226,31.0,4.0,2.0,4.0,3.0,0.0,3.0,1.0,430548_1007,0,2017-05-07,14
767,4281.0,401881.0,56415.0,454237.0,158.0,682896,0.0,11.0,1.0,5.0,3.0,0.0,4.0,3.0,430548_1007,0,2017-05-08,14
767,4281.0,401881.0,56415.0,454237.0,158.0,241814,0.0,3.0,2.0,3.0,3.0,0.0,1.0,2.0,430539_1007,0,2017-05-11,3
767,4281.0,401881.0,56415.0,454237.0,158.0,318377,5.0,2.0,2.0,2.0,3.0,1.0,2.0,1.0,430548_1007,0,2017-05-09,4
767,4281.0,401881.0,56415.0,454237.0,158.0,28142,0.0,5.0,2.0,5.0,3.0,0.0,3.0,1.0,430548_1007,0,2017-05-12,3
767,4281.0,401881.0,56415.0,454237.0,158.0,318377,5.0,2.0,2.0,2.0,3.0,1.0,2.0,1.0,430548_1007,0,2017-05-07,3
767,4281.0,401881.0,56415.0,454237.0,158.0,90832,0.0,3.0,2.0,3.0,1.0,0.0,4.0,2.0,430548_1007,0,2017-05-10,13
767,4281.0,401881.0,56415.0,454237.0,158.0,318377,5.0,2.0,2.0,2.0,3.0,1.0,2.0,1.0,430548_1007,0,2017-05-11,10
767,4281.0,401881.0,56415.0,454237.0,158.0,1059855,0.0,10.0,1.0,4.0,2.0,0.0,2.0,2.0,430548_1007,0,2017-05-10,4
767,4281.0,401881.0,56415.0,454237.0,158.0,386226,45.0,5.0,2.0,5.0,3.0,0.0,3.0,2.0,430548_1007,0,2017-05-13,10
767,4281.0,401881.0,56415.0,454237.0,158.0,881105,0.0,10.0,1.0,4.0,3.0,0.0,2.0,3.0,430539_1007,0,2017-05-11,12
767,4281.0,401881.0,56415.0,454237.0,158.0,1132545,0.0,10.0,1.0,4.0,3.0,0.0,2.0,2.0,430548_1007,0,2017-05-11,5
767,4281.0,401881.0,56415.0,454237.0,158.0,1101066,0.0,4.0,2.0,4.0,3.0,0.0,3.0,1.0,430548_1007,0,2017-05-07,6
767,4281.0,401881.0,56415.0,454237.0,158.0,1060444,0.0,5.0,2.0,5.0,3.0,0.0,2.0,2.0,430548_1007,0,2017-05-13,0
767,4281.0,401881.0,56415.0,454237.0,158.0,28142,0.0,5.0,2.0,5.0,3.0,0.0,3.0,1.0,430548_1007,0,2017-05-10,1
767,4281.0,401881.0,56415.0,454237.0,158.0,28142,0.0,5.0,2.0,5.0,3.0,0.0,3.0,1.0,430548_1007,1,2017-05-06,4
767,4281.0,401881.0,56415.0,454237.0,158.0,105259,33.0,4.0,2.0,4.0,3.0,0.0,2.0,2.0,430548_1007,0,2017-05-09,12
767,4281.0,401881.0,56415.0,454237.0,158.0,792696,0.0,3.0,2.0,3.0,3.0,0.0,1.0,2.0,430539_1007,0,2017-05-08,15
767,4281.0,401881.0,56415.0,454237.0,158.0,324478,0.0,3.0,2.0,3.0,3.0,0.0,2.0,2.0,430539_1007,0,2017-05-11,16
767,4281.0,401881.0,56415.0,454237.0,158.0,553088,17.0,3.0,2.0,3.0,3.0,0.0,4.0,1.0,430548_1007,0,2017-05-07,12
767,4281.0,401881.0,56415.0,454237.0,158.0,985559,78.0,10.0,1.0,4.0,3.0,0.0,3.0,1.0,430548_1007,0,2017-05-12,2
767,4281.0,401881.0,56415.0,454237.0,158.0,1059855,0.0,10.0,1.0,4.0,2.0,0.0,2.0,2.0,430548_1007,0,2017-05-11,10
767,4281.0,401881.0,56415.0,454237.0,158.0,51069,44.0,5.0,2.0,5.0,3.0,0.0,2.0,2.0,430548_1007,0,2017-05-08,9
767,4281.0,401881.0,56415.0,454237.0,158.0,147850,0.0,10.0,1.0,4.0,3.0,0.0,2.0,2.0,430548_1007,0,2017-05-13,8
767,4281.0,401881.0,56415.0,454237.0,158.0,508605,0.0,3.0,2.0,3.0,3.0,0.0,3.0,2.0,430548_1007,0,2017-05-12,0
767,4281.0,401881.0,56415.0,454237.0,158.0,832466,0.0,3.0,2.0,3.0,3.0,0.0,2.0,1.0,430539_1007,0,2017-05-11,11
767,4281.0,401881.0,56415.0,454237.0,158.0,874025,56.0,8.0,1.0,2.0,3.0,0.0,2.0,1.0,430548_1007,0,2017-05-11,8
767,4281.0,401881.0,56415.0,454237.0,158.0,1028030,0.0,5.0,2.0,5.0,3.0,0.0,2.0,2.0,430548_1007,0,2017-05-08,13
767,4281.0,401881.0,56415.0,454237.0,158.0,592295,20.0,3.0,2.0,3.0,3.0,0.0,4.0,2.0,430548_1007,0,2017-05-13,5
767,4281.0,401881.0,56415.0,454237.0,158.0,621925,0.0,3.0,2.0,3.0,3.0,0.0,2.0,2.0,430548_1007,0,2017-05-13,1
767,4281.0,401881.0,56415.0,454237.0,158.0,621925,0.0,3.0,2.0,3.0,3.0,0.0,2.0,2.0,430548_1007,0,2017-05-13,12
767,4281.0,401881.0,56415.0,454237.0,158.0,301507,37.0,5.0,2.0,5.0,2.0,0.0,2.0,2.0,430548_1007,0,2017-05-13,13
767,4281.0,401881.0,56415.0,454237.0,158.0,301507,37.0,5.0,2.0,5.0,2.0,0.0,2.0,2.0,430548_1007,0,2017-05-13,12
767,4281.0,401881.0,56415.0,454237.0,158.0,741121,0.0,5.0,2.0,5.0,3.0,0.0,2.0,2.0,430539_1007,0,2017-05-11,5
767,4281.0,401881.0,56415.0,454237.0,158.0,621925,0.0,3.0,2.0,3.0,3.0,0.0,2.0,2.0,430548_1007,0,2017-05-12,2
767,4281.0,401881.0,56415.0,454237.0,158.0,573993,0.0,11.0,1.0,5.0,3.0,0.0,2.0,2.0,430539_1007,0,2017-05-11,14
767,4281.0,401881.0,56415.0,454237.0,158.0,832929,0.0,5.0,2.0,5.0,1.0,0.0,2.0,1.0,430548_1007,0,2017-05-13,7
767,4281.0,401881.0,56415.0,454237.0,158.0,64268,7.0,2.0,2.0,2.0,3.0,0.0,2.0,2.0,430548_1007,0,2017-05-13,8
767,4281.0,401881.0,56415.0,454237.0,158.0,64268,7.0,2.0,2.0,2.0,3.0,0.0,2.0,2.0,430548_1007,0,2017-05-12,12
767,4281.0,401881.0,56415.0,454237.0,158.0,104845,17.0,3.0,2.0,3.0,3.0,0.0,3.0,1.0,430548_1007,0,2017-05-07,5
767,4281.0,401881.0,56415.0,454237.0,158.0,621925,0.0,3.0,2.0,3.0,3.0,0.0,2.0,2.0,430548_1007,0,2017-05-06,0
767,4281.0,401881.0,56415.0,454237.0,158.0,1060444,0.0,5.0,2.0,5.0,3.0,0.0,2.0,2.0,430548_1007,0,2017-05-06,15
767,4281.0,401881.0,56415.0,454237.0,158.0,1061520,77.0,10.0,1.0,4.0,3.0,0.0,2.0,1.0,430548_1007,0,2017-05-07,11
767,4281.0,401881.0,56415.0,454237.0,158.0,621925,0.0,3.0,2.0,3.0,3.0,0.0,2.0,2.0,430548_1007,0,2017-05-09,11
767,4281.0,401881.0,56415.0,454237.0,158.0,1072283,0.0,4.0,2.0,4.0,3.0,0.0,4.0,2.0,430548_1007,0,2017-05-06,13
767,4281.0,401881.0,56415.0,454237.0,158.0,1137670,45.0,5.0,2.0,5.0,3.0,0.0,3.0,2.0,430548_1007,0,2017-05-11,5
767,4281.0,401881.0,56415.0,454237.0,158.0,414813,0.0,5.0,2.0,5.0,2.0,0.0,2.0,1.0,430548_1007,1,2017-05-12,5
767,4281.0,401881.0,56415.0,454237.0,158.0,606965,0.0,5.0,2.0,5.0,3.0,0.0,2.0,2.0,430539_1007,0,2017-05-06,1
767,4281.0,401881.0,56415.0,454237.0,158.0,414813,0.0,5.0,2.0,5.0,2.0,0.0,2.0,1.0,430548_1007,0,2017-05-06,11
767,4281.0,401881.0,56415.0,454237.0,158.0,414813,0.0,5.0,2.0,5.0,2.0,0.0,2.0,1.0,430548_1007,1,2017-05-09,5
767,4281.0,401881.0,56415.0,454237.0,158.0,621925,0.0,3.0,2.0,3.0,3.0,0.0,2.0,2.0,430548_1007,0,2017-05-11,13
767,4281.0,401881.0,56415.0,454237.0,158.0,621925,0.0,3.0,2.0,3.0,3.0,0.0,2.0,2.0,430548_1007,0,2017-05-11,8
767,4281.0,401881.0,56415.0,454237.0,158.0,937133,0.0,5.0,2.0,5.0,2.0,0.0,2.0,2.0,430548_1007,0,2017-05-06,12
767,4281.0,401881.0,56415.0,454237.0,158.0,762666,0.0,4.0,2.0,4.0,3.0,0.0,2.0,2.0,430539_1007,0,2017-05-12,1
767,4281.0,401881.0,56415.0,454237.0,158.0,1141559,0.0,11.0,1.0,5.0,2.0,0.0,2.0,1.0,430548_1007,0,2017-05-10,14
767,4281.0,401881.0,56415.0,454237.0,158.0,77774,0.0,11.0,1.0,5.0,3.0,0.0,2.0,1.0,430539_1007,0,2017-05-09,5
767,4281.0,401881.0,56415.0,454237.0,158.0,136417,34.0,4.0,2.0,4.0,3.0,0.0,4.0,2.0,430548_1007,0,2017-05-11,2
767,4281.0,401881.0,56415.0,454237.0,158.0,693752,0.0,4.0,2.0,4.0,3.0,0.0,2.0,2.0,430548_1007,0,2017-05-13,12
767,4281.0,401881.0,56415.0,454237.0,158.0,144916,0.0,4.0,2.0,4.0,2.0,0.0,2.0,1.0,430548_1007,0,2017-05-08,14
767,4281.0,401881.0,56415.0,454237.0,158.0,937133,0.0,5.0,2.0,5.0,2.0,0.0,2.0,2.0,430548_1007,0,2017-05-08,14
767,4281.0,401881.0,56415.0,454237.0,158.0,458585,33.0,4.0,2.0,4.0,3.0,0.0,2.0,2.0,430539_1007,0,2017-05-09,8
767,4281.0,401881.0,56415.0,454237.0,158.0,983192,0.0,2.0,2.0,2.0,3.0,0.0,2.0,1.0,430539_1007,0,2017-05-13,4
767,4281.0,401881.0,56415.0,454237.0,158.0,133731,47.0,6.0,2.0,6.0,1.0,0.0,2.0,2.0,430548_1007,0,2017-05-06,9
767,4281.0,401881.0,56415.0,454237.0,158.0,621925,0.0,3.0,2.0,3.0,3.0,0.0,2.0,2.0,430548_1007,0,2017-05-07,5
767,4281.0,401881.0,56415.0,454237.0,158.0,679494,31.0,4.0,2.0,4.0,3.0,0.0,4.0,1.0,430548_1007,0,2017-05-07,9
767,4281.0,401881.0,56415.0,454237.0,158.0,473473,0.0,6.0,2.0,6.0,1.0,0.0,2.0,1.0,430548_1007,0,2017-05-06,7
767,4281.0,401881.0,56415.0,454237.0,158.0,1119930,0.0,3.0,2.0,3.0,3.0,0.0,2.0,2.0,430548_1007,0,2017-05-10,15
767,4281.0,401881.0,56415.0,454237.0,158.0,1102849,0.0,4.0,2.0,4.0,3.0,0.0,2.0,2.0,430539_1007,1,2017-05-07,5
767,4281.0,401881.0,56415.0,454237.0,158.0,735886,20.0,3.0,2.0,3.0,3.0,0.0,4.0,2.0,430539_1007,0,2017-05-11,4
767,4281.0,401881.0,56415.0,454237.0,158.0,632019,0.0,5.0,2.0,5.0,3.0,0.0,3.0,2.0,430548_1007,0,2017-05-11,14
767,4281.0,401881.0,56415.0,454237.0,158.0,1102849,0.0,4.0,2.0,4.0,3.0,0.0,2.0,2.0,430539_1007,0,2017-05-09,15
767,4281.0,401881.0,56415.0,454237.0,158.0,888343,64.0,9.0,1.0,3.0,3.0,0.0,2.0,1.0,430548_1007,0,2017-05-11,17
767,4281.0,401881.0,56415.0,454237.0,158.0,164108,16.0,3.0,2.0,3.0,3.0,0.0,2.0,1.0,430548_1007,0,2017-05-13,0
767,4281.0,401881.0,56415.0,454237.0,158.0,39937,0.0,3.0,2.0,3.0,2.0,0.0,2.0,1.0,430548_1007,0,2017-05-10,7
767,4281.0,401881.0,56415.0,454237.0,158.0,1128405,0.0,4.0,2.0,4.0,3.0,0.0,2.0,2.0,430548_1007,0,2017-05-06,10
767,4281.0,401881.0,56415.0,454237.0,158.0,54492,20.0,3.0,2.0,3.0,3.0,0.0,4.0,2.0,430548_1007,0,2017-05-12,5
767,4281.0,401881.0,56415.0,454237.0,158.0,458585,33.0,4.0,2.0,4.0,3.0,0.0,2.0,2.0,430539_1007,0,2017-05-08,5
767,4281.0,401881.0,56415.0,454237.0,158.0,117839,0.0,5.0,2.0,5.0,3.0,0.0,2.0,2.0,430539_1007,0,2017-05-09,2
767,4281.0,401881.0,56415.0,454237.0,158.0,155929,43.0,5.0,2.0,5.0,3.0,0.0,1.0,2.0,430539_1007,0,2017-05-08,6
767,4281.0,401881.0,56415.0,454237.0,158.0,1009497,0.0,3.0,2.0,3.0,3.0,0.0,4.0,1.0,430548_1007,0,2017-05-06,4
767,4281.0,401881.0,56415.0,454237.0,158.0,767758,0.0,6.0,2.0,6.0,3.0,0.0,2.0,2.0,430539_1007,0,2017-05-13,14
767,4281.0,401881.0,56415.0,454237.0,158.0,809057,92.0,11.0,1.0,5.0,3.0,0.0,3.0,3.0,430539_1007,0,2017-05-08,13
767,4281.0,401881.0,56415.0,454237.0,158.0,458585,33.0,4.0,2.0,4.0,3.0,0.0,2.0,2.0,430539_1007,0,2017-05-12,12
767,4281.0,401881.0,56415.0,454237.0,158.0,676239,0.0,6.0,2.0,6.0,2.0,0.0,2.0,1.0,430539_1007,1,2017-05-07,11
767,4281.0,401881.0,56415.0,454237.0,158.0,1049129,0.0,4.0,2.0,4.0,3.0,0.0,2.0,2.0,430548_1007,0,2017-05-09,10
767,4281.0,401881.0,56415.0,454237.0,158.0,989351,44.0,5.0,2.0,5.0,3.0,0.0,2.0,2.0,430548_1007,0,2017-05-12,2
767,4281.0,401881.0,56415.0,454237.0,158.0,101075,69.0,9.0,1.0,3.0,3.0,0.0,4.0,3.0,430548_1007,0,2017-05-06,7
767,4281.0,401881.0,56415.0,454237.0,158.0,482756,0.0,5.0,2.0,5.0,1.0,0.0,2.0,1.0,430548_1007,0,2017-05-06,2
767,4281.0,401881.0,56415.0,454237.0,158.0,693752,0.0,4.0,2.0,4.0,3.0,0.0,2.0,2.0,430548_1007,0,2017-05-11,6
767,4281.0,401881.0,56415.0,454237.0,158.0,482756,0.0,5.0,2.0,5.0,1.0,0.0,2.0,1.0,430548_1007,0,2017-05-08,10
767,4281.0,401881.0,56415.0,454237.0,158.0,538067,30.0,4.0,2.0,4.0,3.0,0.0,2.0,1.0,430548_1007,0,2017-05-07,7
767,4281.0,401881.0,56415.0,454237.0,158.0,780669,0.0,5.0,2.0,5.0,1.0,0.0,2.0,2.0,430548_1007,0,2017-05-12,7
767,4281.0,401881.0,56415.0,454237.0,158.0,567000,0.0,4.0,2.0,4.0,3.0,0.0,2.0,2.0,430539_1007,0,2017-05-07,13
767,4281.0,401881.0,56415.0,454237.0,158.0,349739,30.0,4.0,2.0,4.0,3.0,0.0,2.0,1.0,430539_1007,0,2017-05-07,11
767,4281.0,401881.0,56415.0,454237.0,158.0,977795,0.0,6.0,2.0,6.0,3.0,0.0,2.0,1.0,430548_1007,0,2017-05-07,13
767,4281.0,401881.0,56415.0,454237.0,158.0,780669,0.0,5.0,2.0,5.0,1.0,0.0,2.0,2.0,430548_1007,0,2017-05-10,6
767,4281.0,401881.0,56415.0,454237.0,158.0,780669,0.0,5.0,2.0,5.0,1.0,0.0,2.0,2.0,430548_1007,0,2017-05-08,2
767,4281.0,401881.0,56415.0,454237.0,158.0,788607,0.0,5.0,2.0,5.0,3.0,0.0,3.0,2.0,430539_1007,0,2017-05-07,1
767,4281.0,401881.0,56415.0,454237.0,158.0,147161,0.0,4.0,2.0,4.0,3.0,0.0,2.0,1.0,430548_1007,0,2017-05-13,3
767,4281.0,401881.0,56415.0,454237.0,158.0,1102849,0.0,4.0,2.0,4.0,3.0,0.0,2.0,2.0,430539_1007,0,2017-05-13,5
767,4281.0,401881.0,56415.0,454237.0,158.0,788607,0.0,5.0,2.0,5.0,3.0,0.0,3.0,2.0,430539_1007,0,2017-05-05,16
767,4281.0,401881.0,56415.0,454237.0,158.0,998428,41.0,5.0,2.0,5.0,3.0,0.0,2.0,1.0,430548_1007,0,2017-05-12,10
767,4281.0,401881.0,56415.0,454237.0,158.0,127998,77.0,10.0,1.0,4.0,3.0,0.0,2.0,1.0,430548_1007,0,2017-05-10,9
767,4281.0,401881.0,56415.0,454237.0,158.0,426408,49.0,6.0,2.0,6.0,3.0,0.0,1.0,2.0,430539_1007,0,2017-05-07,4
767,4281.0,401881.0,56415.0,454237.0,158.0,19624,0.0,5.0,2.0,5.0,1.0,0.0,2.0,2.0,430548_1007,0,2017-05-07,8
767,4281.0,401881.0,56415.0,454237.0,158.0,751452,32.0,4.0,2.0,4.0,3.0,0.0,1.0,2.0,430548_1007,0,2017-05-07,22
767,4281.0,401881.0,56415.0,454237.0,158.0,384341,67.0,9.0,1.0,3.0,3.0,0.0,3.0,2.0,430539_1007,0,2017-05-12,14
767,4281.0,401881.0,56415.0,454237.0,158.0,110713,0.0,4.0,2.0,4.0,3.0,0.0,4.0,2.0,430539_1007,0,2017-05-07,8
767,4281.0,401881.0,56415.0,454237.0,158.0,39374,0.0,3.0,2.0,3.0,3.0,1.0,2.0,2.0,430548_1007,0,2017-05-07,8
767,4281.0,401881.0,56415.0,454237.0,158.0,705328,0.0,11.0,1.0,5.0,3.0,0.0,3.0,2.0,430548_1007,0,2017-05-06,1
767,4281.0,401881.0,56415.0,454237.0,158.0,434508,0.0,3.0,2.0,3.0,3.0,0.0,3.0,1.0,430548_1007,0,2017-05-06,14
767,4281.0,401881.0,56415.0,454237.0,158.0,787181,0.0,4.0,2.0,4.0,3.0,0.0,4.0,2.0,430548_1007,0,2017-05-08,2
767,4281.0,401881.0,56415.0,454237.0,158.0,557197,0.0,4.0,2.0,4.0,3.0,0.0,2.0,1.0,430539_1007,0,2017-05-08,14
767,4281.0,401881.0,56415.0,454237.0,158.0,680080,45.0,5.0,2.0,5.0,3.0,0.0,3.0,3.0,430548_1007,0,2017-05-11,6
767,4281.0,401881.0,56415.0,454237.0,158.0,298511,45.0,5.0,2.0,5.0,3.0,0.0,4.0,2.0,430548_1007,0,2017-05-11,6
767,4281.0,401881.0,56415.0,454237.0,158.0,1036240,0.0,4.0,2.0,4.0,3.0,0.0,2.0,2.0,430548_1007,0,2017-05-10,13
767,4281.0,401881.0,56415.0,454237.0,158.0,664405,0.0,11.0,1.0,5.0,3.0,0.0,2.0,2.0,430548_1007,0,2017-05-08,14
767,4281.0,401881.0,56415.0,454237.0,158.0,1084827,0.0,10.0,1.0,4.0,3.0,0.0,3.0,1.0,430539_1007,0,2017-05-12,7
767,4281.0,401881.0,56415.0,454237.0,158.0,610913,41.0,5.0,2.0,5.0,3.0,0.0,2.0,1.0,430548_1007,0,2017-05-11,10
767,4281.0,401881.0,56415.0,454237.0,158.0,491970,0.0,4.0,2.0,4.0,1.0,0.0,3.0,2.0,430548_1007,0,2017-05-10,14
767,4281.0,401881.0,56415.0,454237.0,158.0,429639,0.0,5.0,2.0,5.0,3.0,0.0,2.0,2.0,430548_1007,0,2017-05-08,0
767,4281.0,401881.0,56415.0,454237.0,158.0,1105771,0.0,4.0,2.0,4.0,3.0,0.0,2.0,3.0,430539_1007,0,2017-05-07,6
767,4281.0,401881.0,56415.0,454237.0,158.0,458585,33.0,4.0,2.0,4.0,3.0,0.0,2.0,2.0,430539_1007,0,2017-05-12,11
767,4281.0,401881.0,56415.0,454237.0,158.0,862369,0.0,9.0,1.0,3.0,3.0,0.0,2.0,1.0,430548_1007,1,2017-05-13,12
767,4281.0,401881.0,56415.0,454237.0,158.0,355323,0.0,3.0,2.0,3.0,3.0,0.0,2.0,2.0,430548_1007,0,2017-05-10,5
767,4281.0,401881.0,56415.0,454237.0,158.0,458585,33.0,4.0,2.0,4.0,3.0,0.0,2.0,2.0,430539_1007,0,2017-05-13,8
767,4281.0,401881.0,56415.0,454237.0,158.0,802355,0.0,4.0,2.0,4.0,3.0,0.0,3.0,2.0,430539_1007,0,2017-05-07,5
767,4281.0,401881.0,56415.0,454237.0,158.0,368597,42.0,5.0,2.0,5.0,3.0,0.0,3.0,1.0,430548_1007,0,2017-05-08,11
767,4281.0,401881.0,56415.0,454237.0,158.0,215528,0.0,5.0,2.0,5.0,3.0,0.0,3.0,1.0,430548_1007,0,2017-05-12,1
767,4281.0,401881.0,56415.0,454237.0,158.0,1066671,0.0,4.0,2.0,4.0,3.0,0.0,2.0,2.0,430539_1007,0,2017-05-11,3
767,4281.0,401881.0,56415.0,454237.0,158.0,899865,0.0,3.0,2.0,3.0,2.0,0.0,2.0,1.0,430548_1007,0,2017-05-06,8
767,4281.0,401881.0,56415.0,454237.0,158.0,1101903,35.0,4.0,2.0,4.0,3.0,0.0,1.0,3.0,430539_1007,0,2017-05-06,7
767,4281.0,401881.0,56415.0,454237.0,158.0,369768,45.0,5.0,2.0,5.0,3.0,0.0,4.0,2.0,430548_1007,0,2017-05-11,6
767,4281.0,401881.0,56415.0,454237.0,158.0,555949,0.0,3.0,2.0,3.0,3.0,0.0,2.0,1.0,430539_1007,0,2017-05-08,14
767,4281.0,401881.0,56415.0,454237.0,158.0,368597,42.0,5.0,2.0,5.0,3.0,0.0,3.0,1.0,430548_1007,0,2017-05-13,0
767,4281.0,401881.0,56415.0,454237.0,158.0,65267,31.0,4.0,2.0,4.0,3.0,0.0,3.0,1.0,430548_1007,0,2017-05-08,6
767,4281.0,401881.0,56415.0,454237.0,158.0,445732,89.0,11.0,1.0,5.0,3.0,0.0,4.0,1.0,430548_1007,0,2017-05-11,4
767,4281.0,401881.0,56415.0,454237.0,158.0,1016728,20.0,3.0,2.0,3.0,3.0,0.0,4.0,2.0,430548_1007,0,2017-05-07,15
767,4281.0,401881.0,56415.0,454237.0,158.0,1118657,0.0,3.0,2.0,3.0,3.0,0.0,2.0,2.0,430539_1007,0,2017-05-08,3
767,4281.0,401881.0,56415.0,454237.0,158.0,614162,0.0,11.0,1.0,5.0,1.0,0.0,2.0,1.0,430548_1007,0,2017-05-10,9
767,4281.0,401881.0,56415.0,454237.0,158.0,679509,45.0,5.0,2.0,5.0,3.0,0.0,3.0,2.0,430548_1007,0,2017-05-10,14
767,4281.0,401881.0,56415.0,454237.0,158.0,394816,0.0,5.0,2.0,5.0,3.0,0.0,1.0,2.0,430548_1007,0,2017-05-13,5
767,4281.0,401881.0,56415.0,454237.0,158.0,1118657,0.0,3.0,2.0,3.0,3.0,0.0,2.0,2.0,430539_1007,0,2017-05-07,6
767,4281.0,401881.0,56415.0,454237.0,158.0,147161,0.0,4.0,2.0,4.0,3.0,0.0,2.0,1.0,430548_1007,0,2017-05-10,12
767,4281.0,401881.0,56415.0,454237.0,158.0,67821,33.0,4.0,2.0,4.0,3.0,0.0,2.0,2.0,430548_1007,0,2017-05-10,13
767,4281.0,401881.0,56415.0,454237.0,158.0,862369,0.0,9.0,1.0,3.0,3.0,0.0,2.0,1.0,430548_1007,0,2017-05-13,15
767,4281.0,401881.0,56415.0,454237.0,158.0,922186,0.0,5.0,2.0,5.0,2.0,0.0,2.0,2.0,430548_1007,0,2017-05-07,13
767,4281.0,401881.0,56415.0,454237.0,158.0,348365,0.0,5.0,2.0,5.0,2.0,0.0,2.0,1.0,430548_1007,0,2017-05-10,9
767,4281.0,401881.0,56415.0,454237.0,158.0,722708,67.0,9.0,1.0,3.0,3.0,0.0,4.0,2.0,430548_1007,0,2017-05-10,11
767,4281.0,401881.0,56415.0,454237.0,158.0,722708,67.0,9.0,1.0,3.0,3.0,0.0,4.0,2.0,430548_1007,0,2017-05-07,9
767,4281.0,401881.0,56415.0,454237.0,158.0,1030879,0.0,4.0,2.0,4.0,3.0,0.0,2.0,2.0,430548_1007,0,2017-05-13,6
767,4281.0,401881.0,56415.0,454237.0,158.0,993469,0.0,5.0,2.0,5.0,3.0,0.0,2.0,2.0,430548_1007,0,2017-05-07,8
767,4281.0,401881.0,56415.0,454237.0,158.0,384830,0.0,4.0,2.0,4.0,3.0,0.0,3.0,2.0,430548_1007,0,2017-05-07,5
767,4281.0,401881.0,56415.0,454237.0,158.0,829524,44.0,5.0,2.0,5.0,3.0,0.0,2.0,2.0,430548_1007,0,2017-05-13,11
767,4281.0,401881.0,56415.0,454237.0,158.0,297311,92.0,11.0,1.0,5.0,3.0,0.0,3.0,3.0,430548_1007,0,2017-05-13,13
767,4281.0,401881.0,56415.0,454237.0,158.0,834489,0.0,3.0,2.0,3.0,3.0,1.0,3.0,2.0,430548_1007,0,2017-05-13,2
767,4281.0,401881.0,56415.0,454237.0,158.0,693752,0.0,4.0,2.0,4.0,3.0,0.0,2.0,2.0,430548_1007,0,2017-05-11,2
767,4281.0,401881.0,56415.0,454237.0,158.0,1129941,35.0,4.0,2.0,4.0,3.0,0.0,1.0,3.0,430539_1007,0,2017-05-11,4
767,4281.0,401881.0,56415.0,454237.0,158.0,964504,78.0,10.0,1.0,4.0,3.0,0.0,4.0,1.0,430548_1007,0,2017-05-06,14
767,4281.0,401881.0,56415.0,454237.0,158.0,1140684,0.0,5.0,2.0,5.0,3.0,0.0,2.0,1.0,430548_1007,0,2017-05-07,22
767,4281.0,401881.0,56415.0,454237.0,158.0,1092996,0.0,4.0,2.0,4.0,2.0,0.0,2.0,2.0,430548_1007,0,2017-05-08,15
767,4281.0,401881.0,56415.0,454237.0,158.0,54345,45.0,5.0,2.0,5.0,3.0,0.0,3.0,3.0,430548_1007,0,2017-05-10,12
767,4281.0,401881.0,56415.0,454237.0,158.0,853101,80.0,10.0,1.0,4.0,3.0,0.0,2.0,2.0,430548_1007,0,2017-05-12,12
767,4281.0,401881.0,56415.0,454237.0,158.0,657278,0.0,2.0,2.0,2.0,3.0,0.0,2.0,2.0,430548_1007,0,2017-05-07,15
767,4281.0,401881.0,56415.0,454237.0,158.0,659159,41.0,5.0,2.0,5.0,3.0,0.0,2.0,1.0,430548_1007,0,2017-05-07,13
767,4281.0,401881.0,56415.0,454237.0,158.0,862369,0.0,9.0,1.0,3.0,3.0,0.0,2.0,1.0,430548_1007,0,2017-05-10,12
767,4281.0,401881.0,56415.0,454237.0,158.0,1118657,0.0,3.0,2.0,3.0,3.0,0.0,2.0,2.0,430539_1007,0,2017-05-06,2
767,4281.0,401881.0,56415.0,454237.0,158.0,481072,0.0,4.0,2.0,4.0,3.0,0.0,4.0,2.0,430548_1007,0,2017-05-11,3
767,4281.0,401881.0,56415.0,454237.0,158.0,1118657,0.0,3.0,2.0,3.0,3.0,0.0,2.0,2.0,430539_1007,0,2017-05-06,8
767,4281.0,401881.0,56415.0,454237.0,158.0,583842,34.0,4.0,2.0,4.0,3.0,0.0,4.0,2.0,430548_1007,0,2017-05-08,12
767,4281.0,401881.0,56415.0,454237.0,158.0,629707,0.0,4.0,2.0,4.0,3.0,0.0,2.0,2.0,430548_1007,1,2017-05-11,7
767,4281.0,401881.0,56415.0,454237.0,158.0,755004,0.0,4.0,2.0,4.0,3.0,0.0,2.0,1.0,430539_1007,0,2017-05-06,8
767,4281.0,401881.0,56415.0,454237.0,158.0,583842,34.0,4.0,2.0,4.0,3.0,0.0,4.0,2.0,430548_1007,0,2017-05-10,12
767,4281.0,401881.0,56415.0,454237.0,158.0,481072,0.0,4.0,2.0,4.0,3.0,0.0,4.0,2.0,430548_1007,0,2017-05-09,20
767,4281.0,401881.0,56415.0,454237.0,158.0,64425,0.0,4.0,2.0,4.0,3.0,0.0,4.0,2.0,430548_1007,0,2017-05-13,8
767,4281.0,401881.0,56415.0,454237.0,158.0,110940,5.0,2.0,2.0,2.0,3.0,1.0,2.0,3.0,430548_1007,0,2017-05-12,13
767,4281.0,401881.0,56415.0,454237.0,158.0,147161,0.0,4.0,2.0,4.0,3.0,0.0,2.0,1.0,430548_1007,0,2017-05-09,11
767,4281.0,401881.0,56415.0,454237.0,158.0,894266,0.0,3.0,2.0,3.0,3.0,0.0,2.0,2.0,430539_1007,0,2017-05-13,14
767,4281.0,401881.0,56415.0,454237.0,158.0,498474,73.0,10.0,1.0,4.0,2.0,0.0,2.0,2.0,430548_1007,0,2017-05-12,14
767,4281.0,401881.0,56415.0,454237.0,158.0,1049129,0.0,4.0,2.0,4.0,3.0,0.0,2.0,2.0,430548_1007,0,2017-05-13,14
767,4281.0,401881.0,56415.0,454237.0,158.0,466080,0.0,3.0,2.0,3.0,2.0,0.0,2.0,2.0,430548_1007,0,2017-05-07,8
767,4281.0,401881.0,56415.0,454237.0,158.0,1118657,0.0,3.0,2.0,3.0,3.0,0.0,2.0,2.0,430539_1007,0,2017-05-09,8
767,4281.0,401881.0,56415.0,454237.0,158.0,922186,0.0,5.0,2.0,5.0,2.0,0.0,2.0,2.0,430548_1007,0,2017-05-10,7
768,6022.0,140131.0,21950.0,75603.0,1.9,8411,8.0,2.0,2.0,2.0,3.0,0.0,3.0,1.0,430548_1007,0,2017-05-11,14
768,6022.0,140131.0,21950.0,75603.0,1.9,582620,0.0,3.0,2.0,3.0,3.0,0.0,2.0,2.0,430539_1007,0,2017-05-10,5
768,6022.0,140131.0,21950.0,75603.0,1.9,1091236,19.0,3.0,2.0,3.0,3.0,0.0,2.0,2.0,430539_1007,0,2017-05-10,14
768,6022.0,140131.0,21950.0,75603.0,1.9,1091236,19.0,3.0,2.0,3.0,3.0,0.0,2.0,2.0,430539_1007,0,2017-05-08,7
768,6022.0,140131.0,21950.0,75603.0,1.9,615172,66.0,9.0,1.0,3.0,3.0,0.0,2.0,2.0,430539_1007,0,2017-05-09,2
768,6022.0,140131.0,21950.0,75603.0,1.9,1116566,0.0,3.0,2.0,3.0,3.0,0.0,2.0,1.0,430548_1007,0,2017-05-11,8
768,6022.0,140131.0,21950.0,75603.0,1.9,48529,78.0,10.0,1.0,4.0,3.0,0.0,4.0,1.0,430548_1007,0,2017-05-10,8
768,6022.0,140131.0,21950.0,75603.0,1.9,380640,0.0,3.0,2.0,3.0,3.0,0.0,2.0,2.0,430548_1007,0,2017-05-06,4
768,6022.0,140131.0,21950.0,75603.0,1.9,119746,19.0,3.0,2.0,3.0,3.0,0.0,2.0,2.0,430539_1007,0,2017-05-08,12
768,6022.0,140131.0,21950.0,75603.0,1.9,728050,0.0,5.0,2.0,5.0,3.0,0.0,1.0,2.0,430548_1007,0,2017-05-12,7
768,6022.0,140131.0,21950.0,75603.0,1.9,790212,0.0,9.0,1.0,3.0,3.0,0.0,2.0,1.0,430539_1007,0,2017-05-12,12
768,6022.0,140131.0,21950.0,75603.0,1.9,233128,30.0,4.0,2.0,4.0,3.0,0.0,2.0,1.0,430548_1007,1,2017-05-11,12
768,6022.0,140131.0,21950.0,75603.0,1.9,31378,0.0,4.0,2.0,4.0,2.0,0.0,2.0,1.0,430548_1007,0,2017-05-07,17
768,6022.0,140131.0,21950.0,75603.0,1.9,1116566,0.0,3.0,2.0,3.0,3.0,0.0,2.0,1.0,430548_1007,0,2017-05-13,11
768,6022.0,140131.0,21950.0,75603.0,1.9,146576,0.0,3.0,2.0,3.0,3.0,0.0,4.0,3.0,430548_1007,0,2017-05-11,22
768,6022.0,140131.0,21950.0,75603.0,1.9,479127,0.0,5.0,2.0,5.0,3.0,0.0,3.0,1.0,430548_1007,1,2017-05-10,18
768,6022.0,140131.0,21950.0,75603.0,1.9,193110,0.0,4.0,2.0,4.0,2.0,0.0,2.0,1.0,430548_1007,0,2017-05-11,2
768,6022.0,140131.0,21950.0,75603.0,1.9,264612,77.0,10.0,1.0,4.0,3.0,0.0,2.0,1.0,430548_1007,0,2017-05-11,12
768,6022.0,140131.0,21950.0,75603.0,1.9,204798,17.0,3.0,2.0,3.0,3.0,0.0,3.0,1.0,430548_1007,0,2017-05-07,3
768,6022.0,140131.0,21950.0,75603.0,1.9,990708,2.0,1.0,2.0,1.0,3.0,0.0,2.0,1.0,430548_1007,0,2017-05-11,1
768,6022.0,140131.0,21950.0,75603.0,1.9,233458,0.0,3.0,2.0,3.0,3.0,0.0,2.0,2.0,430548_1007,0,2017-05-07,14
768,6022.0,140131.0,21950.0,75603.0,1.9,204103,0.0,4.0,2.0,4.0,3.0,0.0,2.0,1.0,430548_1007,0,2017-05-13,9
768,6022.0,140131.0,21950.0,75603.0,1.9,101712,34.0,4.0,2.0,4.0,3.0,0.0,3.0,2.0,430548_1007,0,2017-05-13,5
768,6022.0,140131.0,21950.0,75603.0,1.9,101712,34.0,4.0,2.0,4.0,3.0,0.0,3.0,2.0,430548_1007,0,2017-05-10,3
768,6022.0,140131.0,21950.0,75603.0,1.9,101712,34.0,4.0,2.0,4.0,3.0,0.0,3.0,2.0,430548_1007,0,2017-05-08,0
768,6022.0,140131.0,21950.0,75603.0,1.9,881704,5.0,2.0,2.0,2.0,3.0,1.0,2.0,2.0,430539_1007,0,2017-05-12,15
768,6022.0,140131.0,21950.0,75603.0,1.9,1010148,81.0,10.0,1.0,4.0,3.0,0.0,3.0,2.0,430548_1007,0,2017-05-09,3
768,6022.0,140131.0,21950.0,75603.0,1.9,198572,0.0,4.0,2.0,4.0,3.0,0.0,2.0,2.0,430539_1007,0,2017-05-09,11
768,6022.0,140131.0,21950.0,75603.0,1.9,596467,0.0,4.0,2.0,4.0,3.0,0.0,4.0,2.0,430548_1007,0,2017-05-06,14
768,6022.0,140131.0,21950.0,75603.0,1.9,1010148,81.0,10.0,1.0,4.0,3.0,0.0,3.0,2.0,430548_1007,1,2017-05-08,0
768,6022.0,140131.0,21950.0,75603.0,1.9,1047335,0.0,5.0,2.0,5.0,2.0,0.0,3.0,2.0,430539_1007,0,2017-05-10,16
768,6022.0,140131.0,21950.0,75603.0,1.9,1010148,81.0,10.0,1.0,4.0,3.0,0.0,3.0,2.0,430548_1007,0,2017-05-07,2
768,6022.0,140131.0,21950.0,75603.0,1.9,1003803,0.0,4.0,2.0,4.0,3.0,0.0,3.0,2.0,430548_1007,0,2017-05-13,15
768,6022.0,140131.0,21950.0,75603.0,1.9,237755,0.0,3.0,2.0,3.0,3.0,0.0,2.0,1.0,430539_1007,0,2017-05-10,13
768,6022.0,140131.0,21950.0,75603.0,1.9,1109354,5.0,2.0,2.0,2.0,3.0,1.0,3.0,1.0,430548_1007,0,2017-05-11,14
768,6022.0,140131.0,21950.0,75603.0,1.9,307709,0.0,4.0,2.0,4.0,3.0,0.0,2.0,1.0,430548_1007,0,2017-05-13,14
768,6022.0,140131.0,21950.0,75603.0,1.9,714633,69.0,9.0,1.0,3.0,3.0,0.0,3.0,2.0,430539_1007,0,2017-05-10,2
768,6022.0,140131.0,21950.0,75603.0,1.9,917551,19.0,3.0,2.0,3.0,3.0,0.0,2.0,2.0,430539_1007,0,2017-05-09,6
768,6022.0,140131.0,21950.0,75603.0,1.9,30992,34.0,4.0,2.0,4.0,3.0,0.0,4.0,2.0,430548_1007,0,2017-05-13,14
768,6022.0,140131.0,21950.0,75603.0,1.9,243869,0.0,3.0,2.0,3.0,3.0,0.0,2.0,3.0,430539_1007,0,2017-05-09,11
768,6022.0,140131.0,21950.0,75603.0,1.9,247955,0.0,5.0,2.0,5.0,3.0,0.0,2.0,2.0,430548_1007,0,2017-05-12,0
768,6022.0,140131.0,21950.0,75603.0,1.9,514676,0.0,4.0,2.0,4.0,3.0,0.0,4.0,1.0,430548_1007,0,2017-05-06,8
768,6022.0,140131.0,21950.0,75603.0,1.9,247955,0.0,5.0,2.0,5.0,3.0,0.0,2.0,2.0,430548_1007,1,2017-05-08,7
768,6022.0,140131.0,21950.0,75603.0,1.9,248725,0.0,2.0,2.0,2.0,3.0,0.0,2.0,2.0,430539_1007,0,2017-05-12,19
768,6022.0,140131.0,21950.0,75603.0,1.9,445412,0.0,10.0,1.0,4.0,3.0,0.0,2.0,2.0,430548_1007,0,2017-05-09,13
768,6022.0,140131.0,21950.0,75603.0,1.9,597899,0.0,3.0,2.0,3.0,3.0,0.0,3.0,1.0,430539_1007,0,2017-05-10,1
768,6022.0,140131.0,21950.0,75603.0,1.9,1010148,81.0,10.0,1.0,4.0,3.0,0.0,3.0,2.0,430548_1007,0,2017-05-10,9
768,6022.0,140131.0,21950.0,75603.0,1.9,597899,0.0,3.0,2.0,3.0,3.0,0.0,3.0,1.0,430539_1007,1,2017-05-07,6
768,6022.0,140131.0,21950.0,75603.0,1.9,1125485,17.0,3.0,2.0,3.0,3.0,0.0,4.0,1.0,430548_1007,0,2017-05-06,22
768,6022.0,140131.0,21950.0,75603.0,1.9,692556,45.0,5.0,2.0,5.0,3.0,0.0,4.0,2.0,430539_1007,0,2017-05-12,9
768,6022.0,140131.0,21950.0,75603.0,1.9,597899,0.0,3.0,2.0,3.0,3.0,0.0,3.0,1.0,430539_1007,0,2017-05-13,6
770,6421.0,403779.0,58542.0,44432.0,145.0,855337,0.0,5.0,2.0,5.0,3.0,0.0,2.0,2.0,430539_1007,0,2017-05-13,9
770,6421.0,403779.0,58542.0,44432.0,145.0,395523,0.0,3.0,2.0,3.0,3.0,0.0,2.0,2.0,430539_1007,0,2017-05-12,4
770,6421.0,403779.0,58542.0,44432.0,145.0,862007,0.0,6.0,2.0,6.0,3.0,0.0,3.0,3.0,430548_1007,0,2017-05-07,11
770,6421.0,403779.0,58542.0,44432.0,145.0,740489,0.0,1.0,2.0,1.0,3.0,1.0,3.0,2.0,430548_1007,0,2017-05-13,2
770,6421.0,403779.0,58542.0,44432.0,145.0,274124,0.0,6.0,2.0,6.0,3.0,0.0,2.0,1.0,430548_1007,0,2017-05-13,10
770,6421.0,403779.0,58542.0,44432.0,145.0,1115127,11.0,3.0,2.0,3.0,2.0,0.0,2.0,2.0,430548_1007,0,2017-05-13,4
770,6421.0,403779.0,58542.0,44432.0,145.0,821137,0.0,11.0,1.0,5.0,1.0,0.0,2.0,2.0,430548_1007,0,2017-05-06,10
770,6421.0,403779.0,58542.0,44432.0,145.0,380524,80.0,10.0,1.0,4.0,3.0,0.0,2.0,2.0,430548_1007,0,2017-05-10,13
770,6421.0,403779.0,58542.0,44432.0,145.0,492197,0.0,4.0,2.0,4.0,3.0,0.0,2.0,2.0,430548_1007,0,2017-05-11,12
770,6421.0,403779.0,58542.0,44432.0,145.0,1062110,19.0,3.0,2.0,3.0,3.0,0.0,2.0,2.0,430548_1007,0,2017-05-12,12
770,6421.0,403779.0,58542.0,44432.0,145.0,838584,91.0,11.0,1.0,5.0,3.0,0.0,2.0,2.0,430548_1007,0,2017-05-13,9
770,6421.0,403779.0,58542.0,44432.0,145.0,383566,45.0,5.0,2.0,5.0,3.0,0.0,4.0,2.0,430548_1007,0,2017-05-08,22
770,6421.0,403779.0,58542.0,44432.0,145.0,777302,44.0,5.0,2.0,5.0,3.0,0.0,2.0,2.0,430548_1007,0,2017-05-09,14
770,6421.0,403779.0,58542.0,44432.0,145.0,1140340,0.0,6.0,2.0,6.0,1.0,0.0,1.0,1.0,430548_1007,0,2017-05-13,12
770,6421.0,403779.0,58542.0,44432.0,145.0,1122669,0.0,5.0,2.0,5.0,3.0,0.0,2.0,2.0,430548_1007,0,2017-05-12,21
770,6421.0,403779.0,58542.0,44432.0,145.0,561390,45.0,5.0,2.0,5.0,3.0,0.0,3.0,2.0,430548_1007,0,2017-05-10,22
770,6421.0,403779.0,58542.0,44432.0,145.0,834401,92.0,11.0,1.0,5.0,3.0,0.0,3.0,3.0,430548_1007,0,2017-05-13,14
770,6421.0,403779.0,58542.0,44432.0,145.0,1140340,0.0,6.0,2.0,6.0,1.0,0.0,1.0,1.0,430548_1007,0,2017-05-08,14
770,6421.0,403779.0,58542.0,44432.0,145.0,344585,0.0,3.0,2.0,3.0,1.0,0.0,2.0,2.0,430539_1007,0,2017-05-12,14
770,6421.0,403779.0,58542.0,44432.0,145.0,805370,34.0,4.0,2.0,4.0,3.0,0.0,3.0,2.0,430539_1007,0,2017-05-10,13
770,6421.0,403779.0,58542.0,44432.0,145.0,662647,0.0,10.0,1.0,4.0,3.0,0.0,3.0,2.0,430548_1007,0,2017-05-06,11
770,6421.0,403779.0,58542.0,44432.0,145.0,598723,0.0,4.0,2.0,4.0,3.0,0.0,2.0,2.0,430548_1007,0,2017-05-06,9
770,6421.0,403779.0,58542.0,44432.0,145.0,997023,49.0,6.0,2.0,6.0,3.0,0.0,2.0,2.0,430548_1007,0,2017-05-09,14
770,6421.0,403779.0,58542.0,44432.0,145.0,495656,0.0,5.0,2.0,5.0,2.0,0.0,2.0,1.0,430548_1007,0,2017-05-13,13
770,6421.0,403779.0,58542.0,44432.0,145.0,640773,33.0,4.0,2.0,4.0,3.0,0.0,2.0,2.0,430539_1007,0,2017-05-12,5
770,6421.0,403779.0,58542.0,44432.0,145.0,468057,36.0,5.0,2.0,5.0,1.0,0.0,2.0,1.0,430548_1007,0,2017-05-12,23
770,6421.0,403779.0,58542.0,44432.0,145.0,1074818,45.0,5.0,2.0,5.0,3.0,0.0,3.0,2.0,430548_1007,0,2017-05-07,5
770,6421.0,403779.0,58542.0,44432.0,145.0,917342,34.0,4.0,2.0,4.0,3.0,0.0,4.0,2.0,430539_1007,0,2017-05-13,13
770,6421.0,403779.0,58542.0,44432.0,145.0,359552,17.0,3.0,2.0,3.0,3.0,0.0,4.0,1.0,430548_1007,0,2017-05-12,8
770,6421.0,403779.0,58542.0,44432.0,145.0,163554,0.0,6.0,2.0,6.0,3.0,0.0,2.0,2.0,430548_1007,0,2017-05-12,12
770,6421.0,403779.0,58542.0,44432.0,145.0,1141341,66.0,9.0,1.0,3.0,3.0,0.0,1.0,2.0,430539_1007,0,2017-05-10,10
770,6421.0,403779.0,58542.0,44432.0,145.0,918137,0.0,5.0,2.0,5.0,2.0,0.0,4.0,1.0,430548_1007,0,2017-05-07,3
770,6421.0,403779.0,58542.0,44432.0,145.0,138118,49.0,6.0,2.0,6.0,3.0,0.0,3.0,3.0,430548_1007,0,2017-05-09,22
770,6421.0,403779.0,58542.0,44432.0,145.0,1059943,0.0,6.0,2.0,6.0,2.0,0.0,2.0,2.0,430548_1007,0,2017-05-07,12
770,6421.0,403779.0,58542.0,44432.0,145.0,324305,0.0,5.0,2.0,5.0,3.0,0.0,2.0,2.0,430548_1007,0,2017-05-12,11
770,6421.0,403779.0,58542.0,44432.0,145.0,231778,45.0,5.0,2.0,5.0,3.0,0.0,3.0,2.0,430548_1007,0,2017-05-09,11
776,5467.0,388163.0,42140.0,398003.0,23.8,560789,2.0,1.0,2.0,1.0,3.0,0.0,1.0,2.0,430548_1007,0,2017-05-10,23
776,5467.0,388163.0,42140.0,398003.0,23.8,224142,0.0,4.0,2.0,4.0,3.0,0.0,3.0,2.0,430539_1007,0,2017-05-09,15
776,5467.0,388163.0,42140.0,398003.0,23.8,249604,0.0,9.0,1.0,3.0,3.0,0.0,3.0,2.0,430539_1007,0,2017-05-09,3
776,5467.0,388163.0,42140.0,398003.0,23.8,858674,0.0,3.0,2.0,3.0,3.0,0.0,2.0,3.0,430539_1007,0,2017-05-09,12
776,5467.0,388163.0,42140.0,398003.0,23.8,904969,0.0,8.0,1.0,2.0,3.0,0.0,2.0,2.0,430548_1007,1,2017-05-12,14
776,5467.0,388163.0,42140.0,398003.0,23.8,90872,0.0,2.0,2.0,2.0,3.0,0.0,2.0,1.0,430539_1007,0,2017-05-06,2
776,5467.0,388163.0,42140.0,398003.0,23.8,887594,7.0,2.0,2.0,2.0,3.0,0.0,2.0,2.0,430548_1007,0,2017-05-09,8
776,5467.0,388163.0,42140.0,398003.0,23.8,1072717,2.0,1.0,2.0,1.0,3.0,0.0,3.0,2.0,430548_1007,0,2017-05-12,14
776,5467.0,388163.0,42140.0,398003.0,23.8,166970,0.0,3.0,2.0,3.0,3.0,0.0,3.0,1.0,430548_1007,0,2017-05-06,13
776,5467.0,388163.0,42140.0,398003.0,23.8,166970,0.0,3.0,2.0,3.0,3.0,0.0,3.0,1.0,430548_1007,0,2017-05-07,8
776,5467.0,388163.0,42140.0,398003.0,23.8,306395,0.0,1.0,2.0,1.0,3.0,0.0,2.0,1.0,430548_1007,0,2017-05-13,15
776,5467.0,388163.0,42140.0,398003.0,23.8,405383,66.0,9.0,1.0,3.0,3.0,0.0,2.0,2.0,430548_1007,0,2017-05-12,2
776,5467.0,388163.0,42140.0,398003.0,23.8,1052881,66.0,9.0,1.0,3.0,3.0,0.0,2.0,2.0,430548_1007,0,2017-05-09,8
776,5467.0,388163.0,42140.0,398003.0,23.8,337032,7.0,2.0,2.0,2.0,3.0,0.0,1.0,2.0,430548_1007,0,2017-05-06,7
776,5467.0,388163.0,42140.0,398003.0,23.8,1094263,0.0,11.0,1.0,5.0,3.0,0.0,1.0,2.0,430539_1007,0,2017-05-08,9
776,5467.0,388163.0,42140.0,398003.0,23.8,44661,0.0,7.0,1.0,1.0,3.0,1.0,2.0,1.0,430548_1007,0,2017-05-09,3
776,5467.0,388163.0,42140.0,398003.0,23.8,972850,8.0,2.0,2.0,2.0,3.0,0.0,3.0,1.0,430548_1007,0,2017-05-08,8
776,5467.0,388163.0,42140.0,398003.0,23.8,949164,0.0,11.0,1.0,5.0,1.0,0.0,2.0,2.0,430548_1007,0,2017-05-06,21
776,5467.0,388163.0,42140.0,398003.0,23.8,662969,7.0,2.0,2.0,2.0,3.0,0.0,2.0,1.0,430548_1007,0,2017-05-10,6
783,5920.0,139773.0,183.0,214463.0,1280.0,43849,92.0,11.0,1.0,5.0,3.0,0.0,3.0,2.0,430548_1007,0,2017-05-08,14
783,5920.0,139773.0,183.0,214463.0,1280.0,1065266,0.0,4.0,2.0,4.0,3.0,0.0,2.0,1.0,430548_1007,0,2017-05-06,3
783,5920.0,139773.0,183.0,214463.0,1280.0,663588,0.0,9.0,1.0,3.0,3.0,0.0,2.0,2.0,430548_1007,0,2017-05-09,21
783,5920.0,139773.0,183.0,214463.0,1280.0,933347,0.0,5.0,2.0,5.0,2.0,0.0,2.0,2.0,430548_1007,0,2017-05-06,23
783,5920.0,139773.0,183.0,214463.0,1280.0,891683,36.0,5.0,2.0,5.0,1.0,0.0,2.0,2.0,430548_1007,0,2017-05-09,4
783,5920.0,139773.0,183.0,214463.0,1280.0,950680,0.0,1.0,2.0,1.0,1.0,0.0,2.0,1.0,430548_1007,0,2017-05-07,14
783,5920.0,139773.0,183.0,214463.0,1280.0,502903,0.0,4.0,2.0,4.0,1.0,0.0,2.0,1.0,430548_1007,0,2017-05-07,19
783,5920.0,139773.0,183.0,214463.0,1280.0,162276,0.0,5.0,2.0,5.0,1.0,0.0,2.0,1.0,430548_1007,0,2017-05-09,7
783,5920.0,139773.0,183.0,214463.0,1280.0,1041115,0.0,9.0,1.0,3.0,3.0,0.0,2.0,1.0,430539_1007,0,2017-05-09,8
783,5920.0,139773.0,183.0,214463.0,1280.0,30427,0.0,5.0,2.0,5.0,3.0,0.0,3.0,2.0,430548_1007,0,2017-05-10,7
783,5920.0,139773.0,183.0,214463.0,1280.0,1064520,0.0,5.0,2.0,5.0,3.0,0.0,2.0,1.0,430548_1007,1,2017-05-12,0
783,5920.0,139773.0,183.0,214463.0,1280.0,528856,0.0,5.0,2.0,5.0,3.0,0.0,2.0,2.0,430539_1007,0,2017-05-05,21
783,5920.0,139773.0,183.0,214463.0,1280.0,227239,0.0,5.0,2.0,5.0,3.0,0.0,2.0,2.0,430548_1007,0,2017-05-06,15
783,5920.0,139773.0,183.0,214463.0,1280.0,691197,80.0,10.0,1.0,4.0,3.0,0.0,2.0,2.0,430539_1007,0,2017-05-10,10
783,5920.0,139773.0,183.0,214463.0,1280.0,1064520,0.0,5.0,2.0,5.0,3.0,0.0,2.0,1.0,430548_1007,0,2017-05-06,4
783,5920.0,139773.0,183.0,214463.0,1280.0,481812,0.0,5.0,2.0,5.0,3.0,0.0,2.0,1.0,430548_1007,0,2017-05-09,5
783,5920.0,139773.0,183.0,214463.0,1280.0,267042,0.0,5.0,2.0,5.0,1.0,0.0,2.0,2.0,430548_1007,0,2017-05-10,15
783,5920.0,139773.0,183.0,214463.0,1280.0,1064520,0.0,5.0,2.0,5.0,3.0,0.0,2.0,1.0,430548_1007,0,2017-05-08,14
783,5920.0,139773.0,183.0,214463.0,1280.0,264495,0.0,3.0,2.0,3.0,3.0,0.0,4.0,2.0,430548_1007,0,2017-05-08,11
797,10431.0,390991.0,41493.0,406909.0,150.0,338326,0.0,9.0,1.0,3.0,3.0,0.0,3.0,3.0,430539_1007,0,2017-05-11,23
797,10431.0,390991.0,41493.0,406909.0,150.0,737952,0.0,10.0,1.0,4.0,3.0,0.0,2.0,2.0,430539_1007,0,2017-05-11,5
797,10431.0,390991.0,41493.0,406909.0,150.0,1061504,0.0,9.0,1.0,3.0,3.0,0.0,2.0,2.0,430548_1007,0,2017-05-08,0
797,10431.0,390991.0,41493.0,406909.0,150.0,507837,0.0,9.0,1.0,3.0,2.0,0.0,2.0,2.0,430548_1007,0,2017-05-11,7
797,10431.0,390991.0,41493.0,406909.0,150.0,486353,0.0,11.0,1.0,5.0,1.0,0.0,2.0,2.0,430548_1007,0,2017-05-10,0
797,10431.0,390991.0,41493.0,406909.0,150.0,63422,81.0,10.0,1.0,4.0,3.0,0.0,3.0,2.0,430548_1007,0,2017-05-11,6
806,7289.0,103351.0,840.0,337502.0,10.0,982614,57.0,8.0,1.0,2.0,3.0,0.0,4.0,2.0,430539_1007,0,2017-05-06,14
811,7872.0,141575.0,22051.0,254397.0,1.45,527611,0.0,8.0,1.0,2.0,3.0,0.0,3.0,2.0,430548_1007,0,2017-05-11,10
812,5759.0,134800.0,16559.0,137173.0,2860.0,1004041,67.0,9.0,1.0,3.0,3.0,1.0,3.0,2.0,430539_1007,0,2017-05-06,11
812,5759.0,134800.0,16559.0,137173.0,2860.0,1004041,67.0,9.0,1.0,3.0,3.0,1.0,3.0,2.0,430539_1007,0,2017-05-11,1
812,5759.0,134800.0,16559.0,137173.0,2860.0,1088554,0.0,4.0,2.0,4.0,3.0,0.0,2.0,2.0,430539_1007,0,2017-05-10,7
812,5759.0,134800.0,16559.0,137173.0,2860.0,1088554,0.0,4.0,2.0,4.0,3.0,0.0,2.0,2.0,430539_1007,0,2017-05-07,5
812,5759.0,134800.0,16559.0,137173.0,2860.0,1048837,89.0,11.0,1.0,5.0,3.0,0.0,4.0,1.0,430548_1007,0,2017-05-12,8
812,5759.0,134800.0,16559.0,137173.0,2860.0,635869,0.0,10.0,1.0,4.0,2.0,0.0,3.0,1.0,430548_1007,0,2017-05-09,3
812,5759.0,134800.0,16559.0,137173.0,2860.0,134872,78.0,10.0,1.0,4.0,3.0,0.0,4.0,1.0,430548_1007,0,2017-05-12,8
812,5759.0,134800.0,16559.0,137173.0,2860.0,891879,0.0,11.0,1.0,5.0,2.0,0.0,2.0,2.0,430548_1007,0,2017-05-08,5
812,5759.0,134800.0,16559.0,137173.0,2860.0,134872,78.0,10.0,1.0,4.0,3.0,0.0,4.0,1.0,430548_1007,0,2017-05-06,10
830,1478.0,404523.0,54009.0,162518.0,108.0,668666,81.0,10.0,1.0,4.0,3.0,0.0,3.0,2.0,430539_1007,0,2017-05-08,20
830,1478.0,404523.0,54009.0,162518.0,108.0,668666,81.0,10.0,1.0,4.0,3.0,0.0,3.0,2.0,430539_1007,0,2017-05-06,11
830,1478.0,404523.0,54009.0,162518.0,108.0,436019,0.0,8.0,1.0,2.0,2.0,0.0,2.0,1.0,430548_1007,0,2017-05-12,10
830,1478.0,404523.0,54009.0,162518.0,108.0,998528,0.0,8.0,1.0,2.0,3.0,0.0,2.0,1.0,430548_1007,0,2017-05-13,2
830,1478.0,404523.0,54009.0,162518.0,108.0,537253,54.0,8.0,1.0,2.0,3.0,1.0,2.0,2.0,430539_1007,0,2017-05-13,10
830,1478.0,404523.0,54009.0,162518.0,108.0,640378,0.0,10.0,1.0,4.0,2.0,0.0,2.0,2.0,430539_1007,0,2017-05-11,22
830,1478.0,404523.0,54009.0,162518.0,108.0,906362,0.0,10.0,1.0,4.0,2.0,0.0,3.0,3.0,430548_1007,0,2017-05-13,0
830,1478.0,404523.0,54009.0,162518.0,108.0,42877,73.0,10.0,1.0,4.0,2.0,0.0,2.0,2.0,430548_1007,0,2017-05-12,9
830,1478.0,404523.0,54009.0,162518.0,108.0,587100,0.0,8.0,1.0,2.0,3.0,1.0,2.0,3.0,430548_1007,0,2017-05-11,3
830,1478.0,404523.0,54009.0,162518.0,108.0,587100,0.0,8.0,1.0,2.0,3.0,1.0,2.0,3.0,430548_1007,0,2017-05-13,9
830,1478.0,404523.0,54009.0,162518.0,108.0,807021,0.0,9.0,1.0,3.0,2.0,0.0,1.0,1.0,430548_1007,1,2017-05-07,6
830,1478.0,404523.0,54009.0,162518.0,108.0,789573,0.0,9.0,1.0,3.0,1.0,0.0,2.0,2.0,430539_1007,1,2017-05-11,6
832,6821.0,135674.0,17897.0,435748.0,6.0,992741,0.0,2.0,2.0,2.0,3.0,0.0,4.0,1.0,430548_1007,0,2017-05-07,8
833,4862.0,393904.0,48265.0,91246.0,256.0,471972,0.0,9.0,1.0,3.0,2.0,0.0,3.0,2.0,430539_1007,0,2017-05-09,14
833,4862.0,393904.0,48265.0,91246.0,256.0,1004321,0.0,5.0,2.0,5.0,3.0,0.0,2.0,2.0,430548_1007,1,2017-05-10,14
833,4862.0,393904.0,48265.0,91246.0,256.0,983072,60.0,9.0,1.0,3.0,2.0,0.0,2.0,2.0,430539_1007,0,2017-05-08,0
833,4862.0,393904.0,48265.0,91246.0,256.0,973808,0.0,4.0,2.0,4.0,3.0,0.0,1.0,1.0,430548_1007,0,2017-05-07,13
833,4862.0,393904.0,48265.0,91246.0,256.0,908035,0.0,4.0,2.0,4.0,3.0,0.0,2.0,2.0,430539_1007,0,2017-05-09,15
841,7064.0,403607.0,58335.0,414209.0,67.0,1035708,0.0,9.0,1.0,3.0,3.0,0.0,3.0,2.0,430539_1007,0,2017-05-06,5
844,6077.0,403466.0,58193.0,243666.0,52.0,285277,45.0,5.0,2.0,5.0,3.0,0.0,4.0,2.0,430548_1007,0,2017-05-09,1
844,6077.0,403466.0,58193.0,243666.0,52.0,494744,0.0,3.0,2.0,3.0,1.0,0.0,2.0,2.0,430548_1007,0,2017-05-09,22
844,6077.0,403466.0,58193.0,243666.0,52.0,283066,0.0,5.0,2.0,5.0,3.0,0.0,3.0,2.0,430548_1007,0,2017-05-08,6
844,6077.0,403466.0,58193.0,243666.0,52.0,1009466,0.0,12.0,1.0,6.0,3.0,0.0,4.0,2.0,430548_1007,0,2017-05-09,8
845,6338.0,170602.0,14944.0,153954.0,19.8,619940,17.0,3.0,2.0,3.0,3.0,0.0,4.0,1.0,430548_1007,0,2017-05-08,14
845,6338.0,170602.0,14944.0,153954.0,19.8,332691,45.0,5.0,2.0,5.0,3.0,0.0,4.0,2.0,430548_1007,0,2017-05-12,13
845,6338.0,170602.0,14944.0,153954.0,19.8,332691,45.0,5.0,2.0,5.0,3.0,0.0,4.0,2.0,430548_1007,0,2017-05-10,9
845,6338.0,170602.0,14944.0,153954.0,19.8,848554,0.0,1.0,2.0,1.0,3.0,0.0,2.0,2.0,430548_1007,1,2017-05-11,7
845,6338.0,170602.0,14944.0,153954.0,19.8,1011759,0.0,3.0,2.0,3.0,3.0,0.0,2.0,1.0,430548_1007,0,2017-05-10,13
845,6338.0,170602.0,14944.0,153954.0,19.8,776659,8.0,2.0,2.0,2.0,3.0,0.0,4.0,1.0,430548_1007,0,2017-05-10,15
845,6338.0,170602.0,14944.0,153954.0,19.8,776659,8.0,2.0,2.0,2.0,3.0,0.0,4.0,1.0,430548_1007,0,2017-05-08,13
845,6338.0,170602.0,14944.0,153954.0,19.8,733998,0.0,5.0,2.0,5.0,3.0,0.0,3.0,1.0,430548_1007,0,2017-05-07,6
845,6338.0,170602.0,14944.0,153954.0,19.8,389138,17.0,3.0,2.0,3.0,3.0,0.0,4.0,1.0,430548_1007,0,2017-05-08,6
845,6338.0,170602.0,14944.0,153954.0,19.8,389138,17.0,3.0,2.0,3.0,3.0,0.0,4.0,1.0,430548_1007,0,2017-05-11,13
848,8000.0,154638.0,24327.0,338513.0,32.0,810965,0.0,5.0,2.0,5.0,3.0,0.0,4.0,1.0,430548_1007,0,2017-05-10,8
848,8000.0,154638.0,24327.0,338513.0,32.0,810965,0.0,5.0,2.0,5.0,3.0,0.0,4.0,1.0,430548_1007,0,2017-05-11,13
848,8000.0,154638.0,24327.0,338513.0,32.0,779032,0.0,5.0,2.0,5.0,3.0,0.0,2.0,2.0,430548_1007,0,2017-05-12,13
848,8000.0,154638.0,24327.0,338513.0,32.0,982490,0.0,5.0,2.0,5.0,3.0,0.0,2.0,1.0,430548_1007,0,2017-05-11,0
848,8000.0,154638.0,24327.0,338513.0,32.0,685804,89.0,11.0,1.0,5.0,3.0,0.0,4.0,1.0,430548_1007,0,2017-05-08,11
848,8000.0,154638.0,24327.0,338513.0,32.0,674715,0.0,9.0,1.0,3.0,3.0,0.0,2.0,1.0,430548_1007,0,2017-05-10,5
848,8000.0,154638.0,24327.0,338513.0,32.0,1098235,0.0,5.0,2.0,5.0,3.0,0.0,2.0,2.0,430548_1007,0,2017-05-13,8
848,8000.0,154638.0,24327.0,338513.0,32.0,554259,44.0,5.0,2.0,5.0,3.0,0.0,2.0,2.0,430539_1007,0,2017-05-11,2
848,8000.0,154638.0,24327.0,338513.0,32.0,662919,77.0,10.0,1.0,4.0,3.0,0.0,2.0,1.0,430548_1007,0,2017-05-11,10
848,8000.0,154638.0,24327.0,338513.0,32.0,1081670,0.0,5.0,2.0,5.0,3.0,0.0,2.0,1.0,430548_1007,0,2017-05-11,6
848,8000.0,154638.0,24327.0,338513.0,32.0,685804,89.0,11.0,1.0,5.0,3.0,0.0,4.0,1.0,430548_1007,0,2017-05-07,10
848,8000.0,154638.0,24327.0,338513.0,32.0,653136,0.0,5.0,2.0,5.0,2.0,0.0,4.0,2.0,430548_1007,0,2017-05-11,14
848,8000.0,154638.0,24327.0,338513.0,32.0,371602,81.0,10.0,1.0,4.0,3.0,0.0,4.0,2.0,430539_1007,0,2017-05-06,12
852,7764.0,395591.0,45532.0,353787.0,699.0,663886,0.0,9.0,1.0,3.0,2.0,0.0,2.0,1.0,430539_1007,0,2017-05-10,7
856,9929.0,391977.0,46169.0,425195.0,5.5,430821,0.0,11.0,1.0,5.0,3.0,0.0,2.0,2.0,430548_1007,0,2017-05-05,22
862,5239.0,385270.0,39082.0,381566.0,45.0,340818,0.0,3.0,2.0,3.0,3.0,0.0,4.0,2.0,430539_1007,0,2017-05-07,6
864,4513.0,233473.0,22422.0,241511.0,16.5,71249,67.0,9.0,1.0,3.0,3.0,0.0,3.0,2.0,430548_1007,0,2017-05-06,7
865,9601.0,397668.0,44558.0,251330.0,15.0,847626,77.0,10.0,1.0,4.0,3.0,0.0,2.0,1.0,430548_1007,0,2017-05-12,12
876,8224.0,129843.0,5645.0,280493.0,2200.0,276764,0.0,4.0,2.0,4.0,3.0,0.0,2.0,2.0,430548_1007,0,2017-05-08,9
876,8224.0,129843.0,5645.0,280493.0,2200.0,991650,20.0,3.0,2.0,3.0,3.0,0.0,4.0,1.0,430548_1007,0,2017-05-07,14
876,8224.0,129843.0,5645.0,280493.0,2200.0,181634,34.0,4.0,2.0,4.0,3.0,0.0,3.0,2.0,430539_1007,0,2017-05-11,17
876,8224.0,129843.0,5645.0,280493.0,2200.0,412206,0.0,3.0,2.0,3.0,2.0,0.0,2.0,1.0,430539_1007,0,2017-05-07,12
876,8224.0,129843.0,5645.0,280493.0,2200.0,1076332,0.0,4.0,2.0,4.0,3.0,0.0,2.0,1.0,430539_1007,0,2017-05-06,5
876,8224.0,129843.0,5645.0,280493.0,2200.0,484566,19.0,3.0,2.0,3.0,3.0,0.0,2.0,2.0,430548_1007,0,2017-05-12,13
876,8224.0,129843.0,5645.0,280493.0,2200.0,1030065,0.0,10.0,1.0,4.0,1.0,0.0,2.0,2.0,430539_1007,0,2017-05-13,12
876,8224.0,129843.0,5645.0,280493.0,2200.0,342602,0.0,5.0,2.0,5.0,2.0,0.0,4.0,1.0,430548_1007,0,2017-05-08,6
876,8224.0,129843.0,5645.0,280493.0,2200.0,1023784,45.0,5.0,2.0,5.0,3.0,0.0,3.0,2.0,430548_1007,0,2017-05-06,8
876,8224.0,129843.0,5645.0,280493.0,2200.0,420953,0.0,5.0,2.0,5.0,3.0,0.0,2.0,1.0,430548_1007,1,2017-05-08,0
876,8224.0,129843.0,5645.0,280493.0,2200.0,394564,0.0,4.0,2.0,4.0,2.0,0.0,2.0,2.0,430548_1007,0,2017-05-06,15
876,8224.0,129843.0,5645.0,280493.0,2200.0,394564,0.0,4.0,2.0,4.0,2.0,0.0,2.0,2.0,430548_1007,0,2017-05-09,11
876,8224.0,129843.0,5645.0,280493.0,2200.0,1096593,0.0,5.0,2.0,5.0,3.0,0.0,1.0,1.0,430539_1007,0,2017-05-08,2
876,8224.0,129843.0,5645.0,280493.0,2200.0,271439,0.0,9.0,1.0,3.0,1.0,0.0,2.0,2.0,430548_1007,0,2017-05-09,4
876,8224.0,129843.0,5645.0,280493.0,2200.0,1119901,0.0,11.0,1.0,5.0,3.0,0.0,2.0,2.0,430539_1007,0,2017-05-08,9
876,8224.0,129843.0,5645.0,280493.0,2200.0,945505,0.0,10.0,1.0,4.0,1.0,0.0,2.0,2.0,430539_1007,0,2017-05-13,2
876,8224.0,129843.0,5645.0,280493.0,2200.0,170795,0.0,3.0,2.0,3.0,3.0,0.0,2.0,2.0,430539_1007,0,2017-05-06,7
876,8224.0,129843.0,5645.0,280493.0,2200.0,414202,2.0,1.0,2.0,1.0,3.0,1.0,2.0,2.0,430539_1007,0,2017-05-08,7
876,8224.0,129843.0,5645.0,280493.0,2200.0,319278,0.0,8.0,1.0,2.0,1.0,0.0,2.0,1.0,430548_1007,0,2017-05-09,13
882,6152.0,132810.0,12162.0,97759.0,299.0,763648,0.0,5.0,2.0,5.0,3.0,0.0,1.0,2.0,430539_1007,0,2017-05-11,1
882,6152.0,132810.0,12162.0,97759.0,299.0,679046,33.0,4.0,2.0,4.0,3.0,0.0,2.0,2.0,430539_1007,0,2017-05-10,9
882,6152.0,132810.0,12162.0,97759.0,299.0,1129072,15.0,3.0,2.0,3.0,3.0,0.0,1.0,1.0,430548_1007,0,2017-05-09,4
882,6152.0,132810.0,12162.0,97759.0,299.0,619589,0.0,4.0,2.0,4.0,3.0,0.0,3.0,2.0,430539_1007,0,2017-05-11,6
882,6152.0,132810.0,12162.0,97759.0,299.0,62736,8.0,2.0,2.0,2.0,3.0,0.0,3.0,1.0,430548_1007,0,2017-05-06,10
882,6152.0,132810.0,12162.0,97759.0,299.0,345865,0.0,5.0,2.0,5.0,2.0,0.0,2.0,1.0,430548_1007,0,2017-05-09,11
882,6152.0,132810.0,12162.0,97759.0,299.0,8879,0.0,5.0,2.0,5.0,3.0,0.0,2.0,2.0,430539_1007,1,2017-05-10,6
884,5207.0,403955.0,58735.0,336066.0,188.0,967904,92.0,11.0,1.0,5.0,3.0,0.0,3.0,3.0,430548_1007,0,2017-05-07,5
887,9772.0,166546.0,24701.0,391205.0,245.0,896171,91.0,11.0,1.0,5.0,3.0,0.0,2.0,2.0,430548_1007,0,2017-05-06,14
889,192.0,131189.0,8272.0,182225.0,56.0,782813,45.0,5.0,2.0,5.0,3.0,0.0,3.0,2.0,430548_1007,0,2017-05-11,4
889,192.0,131189.0,8272.0,182225.0,56.0,227641,44.0,5.0,2.0,5.0,3.0,0.0,2.0,2.0,430548_1007,1,2017-05-11,1
889,192.0,131189.0,8272.0,182225.0,56.0,502825,0.0,10.0,1.0,4.0,3.0,0.0,2.0,1.0,430548_1007,0,2017-05-05,23
889,192.0,131189.0,8272.0,182225.0,56.0,287831,17.0,3.0,2.0,3.0,3.0,0.0,4.0,1.0,430548_1007,0,2017-05-10,4
889,192.0,131189.0,8272.0,182225.0,56.0,1012946,0.0,4.0,2.0,4.0,3.0,0.0,2.0,1.0,430539_1007,0,2017-05-12,15
889,192.0,131189.0,8272.0,182225.0,56.0,365949,0.0,4.0,2.0,4.0,3.0,0.0,2.0,1.0,430539_1007,0,2017-05-10,9
890,192.0,389396.0,8272.0,182225.0,7.5,213508,0.0,4.0,2.0,4.0,3.0,0.0,2.0,2.0,430548_1007,0,2017-05-09,7
890,192.0,389396.0,8272.0,182225.0,7.5,256319,81.0,10.0,1.0,4.0,3.0,0.0,3.0,2.0,430548_1007,0,2017-05-12,12
890,192.0,389396.0,8272.0,182225.0,7.5,272778,0.0,5.0,2.0,5.0,1.0,0.0,2.0,1.0,430548_1007,0,2017-05-13,1
890,192.0,389396.0,8272.0,182225.0,7.5,1012946,0.0,4.0,2.0,4.0,3.0,0.0,2.0,1.0,430539_1007,0,2017-05-12,5
890,192.0,389396.0,8272.0,182225.0,7.5,888968,41.0,5.0,2.0,5.0,3.0,0.0,2.0,1.0,430548_1007,0,2017-05-12,11
890,192.0,389396.0,8272.0,182225.0,7.5,840185,16.0,3.0,2.0,3.0,3.0,0.0,2.0,1.0,430548_1007,0,2017-05-10,4
890,192.0,389396.0,8272.0,182225.0,7.5,597315,0.0,5.0,2.0,5.0,3.0,0.0,4.0,1.0,430548_1007,0,2017-05-10,7
890,192.0,389396.0,8272.0,182225.0,7.5,484296,0.0,10.0,1.0,4.0,3.0,0.0,4.0,1.0,430548_1007,0,2017-05-10,22
890,192.0,389396.0,8272.0,182225.0,7.5,630001,0.0,2.0,2.0,2.0,3.0,0.0,2.0,1.0,430548_1007,0,2017-05-10,3
890,192.0,389396.0,8272.0,182225.0,7.5,137393,0.0,9.0,1.0,3.0,3.0,0.0,2.0,2.0,430548_1007,0,2017-05-06,23
890,192.0,389396.0,8272.0,182225.0,7.5,596009,0.0,3.0,2.0,3.0,2.0,0.0,2.0,2.0,430548_1007,0,2017-05-10,5
890,192.0,389396.0,8272.0,182225.0,7.5,535708,0.0,5.0,2.0,5.0,3.0,0.0,2.0,2.0,430548_1007,0,2017-05-13,0
890,192.0,389396.0,8272.0,182225.0,7.5,247953,0.0,4.0,2.0,4.0,3.0,0.0,2.0,2.0,430548_1007,0,2017-05-07,1
890,192.0,389396.0,8272.0,182225.0,7.5,247953,0.0,4.0,2.0,4.0,3.0,0.0,2.0,2.0,430548_1007,0,2017-05-13,0
890,192.0,389396.0,8272.0,182225.0,7.5,979620,0.0,5.0,2.0,5.0,3.0,0.0,3.0,2.0,430548_1007,0,2017-05-08,6
890,192.0,389396.0,8272.0,182225.0,7.5,390897,42.0,5.0,2.0,5.0,3.0,0.0,4.0,1.0,430548_1007,0,2017-05-12,8
890,192.0,389396.0,8272.0,182225.0,7.5,976863,45.0,5.0,2.0,5.0,3.0,0.0,4.0,2.0,430548_1007,0,2017-05-05,23
890,192.0,389396.0,8272.0,182225.0,7.5,852844,0.0,10.0,1.0,4.0,3.0,0.0,2.0,2.0,430548_1007,0,2017-05-09,2
890,192.0,389396.0,8272.0,182225.0,7.5,652788,41.0,5.0,2.0,5.0,3.0,0.0,2.0,1.0,430548_1007,0,2017-05-13,3
890,192.0,389396.0,8272.0,182225.0,7.5,803177,80.0,10.0,1.0,4.0,3.0,0.0,2.0,2.0,430539_1007,0,2017-05-06,16
890,192.0,389396.0,8272.0,182225.0,7.5,880372,34.0,4.0,2.0,4.0,3.0,0.0,3.0,2.0,430539_1007,0,2017-05-09,8
890,192.0,389396.0,8272.0,182225.0,7.5,803177,80.0,10.0,1.0,4.0,3.0,0.0,2.0,2.0,430539_1007,0,2017-05-08,7
890,192.0,389396.0,8272.0,182225.0,7.5,616183,17.0,3.0,2.0,3.0,3.0,0.0,3.0,1.0,430548_1007,0,2017-05-06,7
890,192.0,389396.0,8272.0,182225.0,7.5,22632,0.0,3.0,2.0,3.0,2.0,0.0,2.0,1.0,430539_1007,0,2017-05-07,2
890,192.0,389396.0,8272.0,182225.0,7.5,634791,0.0,10.0,1.0,4.0,3.0,0.0,2.0,2.0,430539_1007,0,2017-05-08,1
890,192.0,389396.0,8272.0,182225.0,7.5,720367,34.0,4.0,2.0,4.0,3.0,0.0,4.0,2.0,430548_1007,0,2017-05-12,8
890,192.0,389396.0,8272.0,182225.0,7.5,1099971,0.0,3.0,2.0,3.0,3.0,0.0,2.0,1.0,430548_1007,0,2017-05-10,0
890,192.0,389396.0,8272.0,182225.0,7.5,249087,77.0,10.0,1.0,4.0,3.0,0.0,2.0,1.0,430548_1007,0,2017-05-13,3
890,192.0,389396.0,8272.0,182225.0,7.5,841633,96.0,12.0,1.0,6.0,3.0,0.0,2.0,1.0,430548_1007,0,2017-05-12,1
890,192.0,389396.0,8272.0,182225.0,7.5,1011260,0.0,10.0,1.0,4.0,3.0,0.0,2.0,1.0,430548_1007,0,2017-05-07,11
890,192.0,389396.0,8272.0,182225.0,7.5,105880,0.0,10.0,1.0,4.0,3.0,0.0,3.0,2.0,430539_1007,0,2017-05-08,3
890,192.0,389396.0,8272.0,182225.0,7.5,677083,0.0,9.0,1.0,3.0,3.0,0.0,4.0,3.0,430548_1007,0,2017-05-13,0
890,192.0,389396.0,8272.0,182225.0,7.5,58546,0.0,11.0,1.0,5.0,3.0,0.0,2.0,1.0,430548_1007,0,2017-05-08,1
890,192.0,389396.0,8272.0,182225.0,7.5,384305,17.0,3.0,2.0,3.0,3.0,0.0,4.0,1.0,430548_1007,0,2017-05-09,3
890,192.0,389396.0,8272.0,182225.0,7.5,646427,0.0,4.0,2.0,4.0,3.0,0.0,4.0,2.0,430548_1007,0,2017-05-09,9
890,192.0,389396.0,8272.0,182225.0,7.5,903111,0.0,4.0,2.0,4.0,3.0,0.0,3.0,2.0,430548_1007,0,2017-05-12,4
890,192.0,389396.0,8272.0,182225.0,7.5,607305,0.0,2.0,2.0,2.0,3.0,0.0,2.0,2.0,430539_1007,0,2017-05-06,6
890,192.0,389396.0,8272.0,182225.0,7.5,472598,0.0,5.0,2.0,5.0,3.0,0.0,2.0,2.0,430548_1007,0,2017-05-12,23
890,192.0,389396.0,8272.0,182225.0,7.5,1137803,49.0,6.0,2.0,6.0,3.0,0.0,3.0,2.0,430548_1007,0,2017-05-11,3
890,192.0,389396.0,8272.0,182225.0,7.5,6167,44.0,5.0,2.0,5.0,3.0,0.0,2.0,2.0,430548_1007,0,2017-05-10,6
890,192.0,389396.0,8272.0,182225.0,7.5,692247,41.0,5.0,2.0,5.0,3.0,0.0,2.0,1.0,430548_1007,0,2017-05-09,1
890,192.0,389396.0,8272.0,182225.0,7.5,469478,0.0,5.0,2.0,5.0,1.0,0.0,2.0,2.0,430548_1007,0,2017-05-12,12
890,192.0,389396.0,8272.0,182225.0,7.5,669464,0.0,5.0,2.0,5.0,3.0,0.0,2.0,2.0,430548_1007,1,2017-05-10,3
890,192.0,389396.0,8272.0,182225.0,7.5,311442,30.0,4.0,2.0,4.0,3.0,0.0,1.0,1.0,430548_1007,0,2017-05-06,3
890,192.0,389396.0,8272.0,182225.0,7.5,776839,32.0,4.0,2.0,4.0,3.0,0.0,1.0,2.0,430548_1007,0,2017-05-08,7
890,192.0,389396.0,8272.0,182225.0,7.5,1089384,0.0,10.0,1.0,4.0,3.0,0.0,2.0,1.0,430548_1007,0,2017-05-09,6
890,192.0,389396.0,8272.0,182225.0,7.5,667607,17.0,3.0,2.0,3.0,3.0,0.0,4.0,1.0,430548_1007,0,2017-05-06,7
890,192.0,389396.0,8272.0,182225.0,7.5,1089384,0.0,10.0,1.0,4.0,3.0,0.0,2.0,1.0,430548_1007,0,2017-05-07,5
890,192.0,389396.0,8272.0,182225.0,7.5,981443,0.0,10.0,1.0,4.0,3.0,0.0,3.0,2.0,430548_1007,0,2017-05-07,23
890,192.0,389396.0,8272.0,182225.0,7.5,342320,0.0,3.0,2.0,3.0,3.0,0.0,3.0,1.0,430548_1007,0,2017-05-05,23
890,192.0,389396.0,8272.0,182225.0,7.5,899465,0.0,10.0,1.0,4.0,3.0,0.0,2.0,1.0,430548_1007,0,2017-05-12,0
890,192.0,389396.0,8272.0,182225.0,7.5,541995,65.0,9.0,1.0,3.0,3.0,0.0,3.0,1.0,430548_1007,0,2017-05-13,12
890,192.0,389396.0,8272.0,182225.0,7.5,428778,34.0,4.0,2.0,4.0,3.0,0.0,4.0,2.0,430548_1007,0,2017-05-06,3
890,192.0,389396.0,8272.0,182225.0,7.5,1001943,0.0,4.0,2.0,4.0,3.0,0.0,1.0,1.0,430548_1007,0,2017-05-11,4
890,192.0,389396.0,8272.0,182225.0,7.5,510090,0.0,4.0,2.0,4.0,3.0,0.0,2.0,2.0,430548_1007,0,2017-05-09,6
890,192.0,389396.0,8272.0,182225.0,7.5,1075173,74.0,10.0,1.0,4.0,2.0,0.0,3.0,2.0,430548_1007,0,2017-05-11,3
890,192.0,389396.0,8272.0,182225.0,7.5,241648,0.0,5.0,2.0,5.0,2.0,0.0,2.0,1.0,430548_1007,0,2017-05-13,3
890,192.0,389396.0,8272.0,182225.0,7.5,441691,41.0,5.0,2.0,5.0,3.0,0.0,2.0,1.0,430548_1007,0,2017-05-13,6
890,192.0,389396.0,8272.0,182225.0,7.5,603585,45.0,5.0,2.0,5.0,3.0,0.0,4.0,2.0,430548_1007,1,2017-05-09,5
890,192.0,389396.0,8272.0,182225.0,7.5,821747,0.0,12.0,1.0,6.0,3.0,0.0,3.0,2.0,430548_1007,0,2017-05-12,8
890,192.0,389396.0,8272.0,182225.0,7.5,1083039,0.0,3.0,2.0,3.0,2.0,0.0,2.0,1.0,430548_1007,0,2017-05-07,6
890,192.0,389396.0,8272.0,182225.0,7.5,378312,0.0,4.0,2.0,4.0,3.0,0.0,2.0,1.0,430548_1007,0,2017-05-11,1
890,192.0,389396.0,8272.0,182225.0,7.5,790119,0.0,4.0,2.0,4.0,3.0,0.0,2.0,1.0,430548_1007,0,2017-05-06,7
890,192.0,389396.0,8272.0,182225.0,7.5,520765,0.0,5.0,2.0,5.0,3.0,0.0,2.0,1.0,430548_1007,0,2017-05-08,16
890,192.0,389396.0,8272.0,182225.0,7.5,790119,0.0,4.0,2.0,4.0,3.0,0.0,2.0,1.0,430548_1007,0,2017-05-08,7
890,192.0,389396.0,8272.0,182225.0,7.5,228346,81.0,10.0,1.0,4.0,3.0,0.0,4.0,2.0,430548_1007,0,2017-05-11,5
890,192.0,389396.0,8272.0,182225.0,7.5,928284,0.0,1.0,2.0,1.0,3.0,0.0,2.0,2.0,430548_1007,1,2017-05-13,8
890,192.0,389396.0,8272.0,182225.0,7.5,758868,0.0,4.0,2.0,4.0,3.0,0.0,2.0,3.0,430548_1007,0,2017-05-13,4
890,192.0,389396.0,8272.0,182225.0,7.5,603585,45.0,5.0,2.0,5.0,3.0,0.0,4.0,2.0,430548_1007,0,2017-05-12,6
890,192.0,389396.0,8272.0,182225.0,7.5,140972,16.0,3.0,2.0,3.0,3.0,0.0,2.0,1.0,430548_1007,0,2017-05-09,6
890,192.0,389396.0,8272.0,182225.0,7.5,455687,30.0,4.0,2.0,4.0,3.0,0.0,2.0,1.0,430548_1007,0,2017-05-08,6
890,192.0,389396.0,8272.0,182225.0,7.5,874356,0.0,9.0,1.0,3.0,3.0,0.0,4.0,2.0,430548_1007,0,2017-05-06,2
890,192.0,389396.0,8272.0,182225.0,7.5,658313,0.0,5.0,2.0,5.0,3.0,0.0,3.0,1.0,430539_1007,0,2017-05-12,23
890,192.0,389396.0,8272.0,182225.0,7.5,1023226,44.0,5.0,2.0,5.0,3.0,0.0,2.0,2.0,430548_1007,0,2017-05-10,3
890,192.0,389396.0,8272.0,182225.0,7.5,1132541,0.0,8.0,1.0,2.0,1.0,1.0,2.0,2.0,430548_1007,0,2017-05-08,9
890,192.0,389396.0,8272.0,182225.0,7.5,984285,0.0,4.0,2.0,4.0,3.0,0.0,2.0,3.0,430548_1007,0,2017-05-09,23
890,192.0,389396.0,8272.0,182225.0,7.5,922434,0.0,10.0,1.0,4.0,3.0,0.0,2.0,1.0,430548_1007,0,2017-05-06,2
890,192.0,389396.0,8272.0,182225.0,7.5,499850,0.0,4.0,2.0,4.0,2.0,0.0,2.0,2.0,430548_1007,0,2017-05-09,22
890,192.0,389396.0,8272.0,182225.0,7.5,30628,0.0,1.0,2.0,1.0,3.0,0.0,2.0,1.0,430548_1007,0,2017-05-06,7
890,192.0,389396.0,8272.0,182225.0,7.5,370265,17.0,3.0,2.0,3.0,3.0,0.0,4.0,1.0,430548_1007,0,2017-05-07,2
890,192.0,389396.0,8272.0,182225.0,7.5,370265,17.0,3.0,2.0,3.0,3.0,0.0,4.0,1.0,430548_1007,0,2017-05-13,3
890,192.0,389396.0,8272.0,182225.0,7.5,800675,19.0,3.0,2.0,3.0,3.0,0.0,2.0,2.0,430548_1007,0,2017-05-11,6
890,192.0,389396.0,8272.0,182225.0,7.5,846633,0.0,5.0,2.0,5.0,3.0,0.0,2.0,2.0,430548_1007,0,2017-05-07,6
890,192.0,389396.0,8272.0,182225.0,7.5,272494,0.0,4.0,2.0,4.0,1.0,0.0,2.0,1.0,430548_1007,0,2017-05-12,9
890,192.0,389396.0,8272.0,182225.0,7.5,373624,45.0,5.0,2.0,5.0,3.0,0.0,3.0,1.0,430548_1007,0,2017-05-07,0
890,192.0,389396.0,8272.0,182225.0,7.5,227641,44.0,5.0,2.0,5.0,3.0,0.0,2.0,2.0,430548_1007,0,2017-05-10,8
890,192.0,389396.0,8272.0,182225.0,7.5,84154,7.0,2.0,2.0,2.0,3.0,0.0,2.0,1.0,430548_1007,0,2017-05-12,8
890,192.0,389396.0,8272.0,182225.0,7.5,1123433,0.0,6.0,2.0,6.0,2.0,0.0,2.0,1.0,430548_1007,0,2017-05-10,3
890,192.0,389396.0,8272.0,182225.0,7.5,459023,0.0,10.0,1.0,4.0,1.0,0.0,2.0,2.0,430548_1007,1,2017-05-11,0
890,192.0,389396.0,8272.0,182225.0,7.5,73713,49.0,6.0,2.0,6.0,3.0,0.0,3.0,2.0,430548_1007,0,2017-05-13,3
890,192.0,389396.0,8272.0,182225.0,7.5,830386,0.0,9.0,1.0,3.0,3.0,0.0,2.0,1.0,430548_1007,0,2017-05-10,23
890,192.0,389396.0,8272.0,182225.0,7.5,287831,17.0,3.0,2.0,3.0,3.0,0.0,4.0,1.0,430548_1007,1,2017-05-10,4
890,192.0,389396.0,8272.0,182225.0,7.5,1106536,0.0,4.0,2.0,4.0,3.0,0.0,2.0,2.0,430539_1007,0,2017-05-12,13
890,192.0,389396.0,8272.0,182225.0,7.5,90040,45.0,5.0,2.0,5.0,3.0,0.0,4.0,2.0,430548_1007,0,2017-05-10,23
890,192.0,389396.0,8272.0,182225.0,7.5,563535,8.0,2.0,2.0,2.0,3.0,0.0,3.0,1.0,430548_1007,0,2017-05-06,7
890,192.0,389396.0,8272.0,182225.0,7.5,294360,0.0,11.0,1.0,5.0,3.0,0.0,2.0,2.0,430548_1007,0,2017-05-13,2
890,192.0,389396.0,8272.0,182225.0,7.5,347194,0.0,11.0,1.0,5.0,3.0,0.0,3.0,1.0,430539_1007,0,2017-05-09,23
890,192.0,389396.0,8272.0,182225.0,7.5,719508,0.0,6.0,2.0,6.0,3.0,0.0,1.0,1.0,430539_1007,0,2017-05-12,7
890,192.0,389396.0,8272.0,182225.0,7.5,552832,0.0,4.0,2.0,4.0,3.0,0.0,2.0,1.0,430539_1007,0,2017-05-07,8
891,1150.0,133445.0,13522.0,448514.0,50.0,235080,30.0,4.0,2.0,4.0,3.0,0.0,1.0,1.0,430539_1007,0,2017-05-10,3
891,1150.0,133445.0,13522.0,448514.0,50.0,12114,0.0,11.0,1.0,5.0,3.0,0.0,2.0,2.0,430539_1007,0,2017-05-09,14
891,1150.0,133445.0,13522.0,448514.0,50.0,155245,66.0,9.0,1.0,3.0,3.0,0.0,2.0,2.0,430539_1007,0,2017-05-09,13
891,1150.0,133445.0,13522.0,448514.0,50.0,820154,0.0,9.0,1.0,3.0,2.0,0.0,2.0,2.0,430548_1007,0,2017-05-06,5
899,4831.0,398434.0,53053.0,456647.0,89.0,795679,81.0,10.0,1.0,4.0,3.0,0.0,4.0,2.0,430548_1007,0,2017-05-09,4
901,6424.0,175388.0,26360.0,375813.0,498.0,1008606,0.0,5.0,2.0,5.0,1.0,0.0,2.0,2.0,430539_1007,0,2017-05-07,15
901,6424.0,175388.0,26360.0,375813.0,498.0,25331,0.0,10.0,1.0,4.0,3.0,0.0,2.0,1.0,430548_1007,0,2017-05-11,22
905,6423.0,393132.0,11093.0,23158.0,78.0,500296,42.0,5.0,2.0,5.0,3.0,0.0,4.0,1.0,430548_1007,0,2017-05-13,10
905,6423.0,393132.0,11093.0,23158.0,78.0,1098576,0.0,2.0,2.0,2.0,1.0,0.0,2.0,1.0,430539_1007,0,2017-05-07,19
905,6423.0,393132.0,11093.0,23158.0,78.0,658217,7.0,2.0,2.0,2.0,3.0,0.0,2.0,1.0,430548_1007,0,2017-05-10,9
905,6423.0,393132.0,11093.0,23158.0,78.0,844005,67.0,9.0,1.0,3.0,3.0,0.0,3.0,2.0,430548_1007,0,2017-05-06,14
905,6423.0,393132.0,11093.0,23158.0,78.0,838475,92.0,11.0,1.0,5.0,3.0,0.0,3.0,2.0,430548_1007,0,2017-05-06,14
905,6423.0,393132.0,11093.0,23158.0,78.0,265354,30.0,4.0,2.0,4.0,3.0,0.0,2.0,1.0,430548_1007,0,2017-05-12,14
905,6423.0,393132.0,11093.0,23158.0,78.0,476575,42.0,5.0,2.0,5.0,3.0,0.0,4.0,1.0,430548_1007,0,2017-05-13,1
905,6423.0,393132.0,11093.0,23158.0,78.0,1123448,77.0,10.0,1.0,4.0,3.0,0.0,1.0,1.0,430548_1007,0,2017-05-06,6
907,2808.0,400274.0,27049.0,297539.0,190.0,500573,33.0,4.0,2.0,4.0,3.0,0.0,2.0,2.0,430548_1007,0,2017-05-09,21
907,2808.0,400274.0,27049.0,297539.0,190.0,1010164,68.0,9.0,1.0,3.0,3.0,0.0,2.0,3.0,430539_1007,0,2017-05-12,5
910,7369.0,170192.0,25808.0,183855.0,100.0,427822,81.0,10.0,1.0,4.0,3.0,0.0,3.0,2.0,430539_1007,0,2017-05-12,8
910,7369.0,170192.0,25808.0,183855.0,100.0,969843,0.0,9.0,1.0,3.0,3.0,0.0,3.0,2.0,430539_1007,0,2017-05-11,11
910,7369.0,170192.0,25808.0,183855.0,100.0,757614,0.0,8.0,1.0,2.0,3.0,0.0,2.0,2.0,430548_1007,0,2017-05-11,8
912,6077.0,405212.0,58193.0,243666.0,52.0,299117,27.0,4.0,2.0,4.0,2.0,0.0,4.0,1.0,430548_1007,0,2017-05-07,22
916,5494.0,399088.0,53743.0,21896.0,450.0,350280,0.0,7.0,1.0,1.0,1.0,0.0,2.0,2.0,430548_1007,0,2017-05-05,16
916,5494.0,399088.0,53743.0,21896.0,450.0,663456,0.0,5.0,2.0,5.0,3.0,0.0,2.0,2.0,430539_1007,0,2017-05-12,17
922,7930.0,140958.0,22483.0,297586.0,20.0,442134,0.0,5.0,2.0,5.0,3.0,0.0,2.0,1.0,430548_1007,0,2017-05-10,6
922,7930.0,140958.0,22483.0,297586.0,20.0,445235,0.0,3.0,2.0,3.0,3.0,0.0,2.0,1.0,430539_1007,1,2017-05-06,9
922,7930.0,140958.0,22483.0,297586.0,20.0,710845,80.0,10.0,1.0,4.0,3.0,0.0,2.0,2.0,430548_1007,0,2017-05-10,3
922,7930.0,140958.0,22483.0,297586.0,20.0,249693,67.0,9.0,1.0,3.0,3.0,0.0,3.0,2.0,430548_1007,0,2017-05-11,19
922,7930.0,140958.0,22483.0,297586.0,20.0,1048693,17.0,3.0,2.0,3.0,3.0,0.0,3.0,1.0,430548_1007,0,2017-05-06,12
922,7930.0,140958.0,22483.0,297586.0,20.0,722413,0.0,9.0,1.0,3.0,2.0,0.0,2.0,1.0,430539_1007,0,2017-05-07,15
922,7930.0,140958.0,22483.0,297586.0,20.0,1054009,0.0,3.0,2.0,3.0,3.0,0.0,2.0,1.0,430548_1007,0,2017-05-13,3
922,7930.0,140958.0,22483.0,297586.0,20.0,501676,0.0,4.0,2.0,4.0,3.0,0.0,2.0,2.0,430548_1007,0,2017-05-10,8
922,7930.0,140958.0,22483.0,297586.0,20.0,877556,0.0,2.0,2.0,2.0,3.0,0.0,1.0,3.0,430539_1007,0,2017-05-07,8
922,7930.0,140958.0,22483.0,297586.0,20.0,907083,0.0,4.0,2.0,4.0,3.0,0.0,1.0,2.0,430548_1007,0,2017-05-09,13
922,7930.0,140958.0,22483.0,297586.0,20.0,46329,68.0,9.0,1.0,3.0,3.0,0.0,2.0,3.0,430539_1007,0,2017-05-12,14
922,7930.0,140958.0,22483.0,297586.0,20.0,66070,0.0,4.0,2.0,4.0,3.0,0.0,4.0,2.0,430548_1007,0,2017-05-12,23
922,7930.0,140958.0,22483.0,297586.0,20.0,618950,21.0,3.0,2.0,3.0,3.0,0.0,2.0,3.0,430539_1007,0,2017-05-07,7
922,7930.0,140958.0,22483.0,297586.0,20.0,151991,0.0,9.0,1.0,3.0,3.0,0.0,2.0,2.0,430548_1007,0,2017-05-09,5
922,7930.0,140958.0,22483.0,297586.0,20.0,508009,0.0,11.0,1.0,5.0,3.0,0.0,2.0,2.0,430539_1007,0,2017-05-12,9
922,7930.0,140958.0,22483.0,297586.0,20.0,446488,0.0,4.0,2.0,4.0,2.0,0.0,2.0,2.0,430548_1007,0,2017-05-11,4
922,7930.0,140958.0,22483.0,297586.0,20.0,712064,0.0,5.0,2.0,5.0,3.0,0.0,2.0,1.0,430548_1007,0,2017-05-12,23
922,7930.0,140958.0,22483.0,297586.0,20.0,624409,0.0,4.0,2.0,4.0,3.0,0.0,2.0,3.0,430539_1007,1,2017-05-07,13
922,7930.0,140958.0,22483.0,297586.0,20.0,712064,0.0,5.0,2.0,5.0,3.0,0.0,2.0,1.0,430548_1007,0,2017-05-07,6
922,7930.0,140958.0,22483.0,297586.0,20.0,9588,0.0,3.0,2.0,3.0,1.0,0.0,2.0,1.0,430548_1007,1,2017-05-07,6
922,7930.0,140958.0,22483.0,297586.0,20.0,257053,0.0,3.0,2.0,3.0,3.0,0.0,3.0,2.0,430548_1007,0,2017-05-09,14
922,7930.0,140958.0,22483.0,297586.0,20.0,974690,0.0,3.0,2.0,3.0,3.0,0.0,4.0,3.0,430548_1007,0,2017-05-13,6
922,7930.0,140958.0,22483.0,297586.0,20.0,712064,0.0,5.0,2.0,5.0,3.0,0.0,2.0,1.0,430548_1007,0,2017-05-10,15
922,7930.0,140958.0,22483.0,297586.0,20.0,710845,80.0,10.0,1.0,4.0,3.0,0.0,2.0,2.0,430548_1007,0,2017-05-12,16
922,7930.0,140958.0,22483.0,297586.0,20.0,30086,0.0,3.0,2.0,3.0,2.0,0.0,2.0,2.0,430548_1007,0,2017-05-09,10
922,7930.0,140958.0,22483.0,297586.0,20.0,54283,0.0,4.0,2.0,4.0,3.0,0.0,2.0,2.0,430539_1007,0,2017-05-06,12
922,7930.0,140958.0,22483.0,297586.0,20.0,307894,16.0,3.0,2.0,3.0,3.0,0.0,2.0,1.0,430548_1007,0,2017-05-13,5
922,7930.0,140958.0,22483.0,297586.0,20.0,1012299,0.0,2.0,2.0,2.0,3.0,0.0,3.0,1.0,430548_1007,0,2017-05-13,5
922,7930.0,140958.0,22483.0,297586.0,20.0,646782,0.0,5.0,2.0,5.0,3.0,0.0,2.0,1.0,430539_1007,0,2017-05-13,11
922,7930.0,140958.0,22483.0,297586.0,20.0,199076,44.0,5.0,2.0,5.0,3.0,0.0,2.0,2.0,430539_1007,0,2017-05-07,3
922,7930.0,140958.0,22483.0,297586.0,20.0,203549,20.0,3.0,2.0,3.0,3.0,0.0,4.0,2.0,430548_1007,0,2017-05-10,14
922,7930.0,140958.0,22483.0,297586.0,20.0,203549,20.0,3.0,2.0,3.0,3.0,0.0,4.0,2.0,430548_1007,0,2017-05-05,22
922,7930.0,140958.0,22483.0,297586.0,20.0,301560,0.0,4.0,2.0,4.0,3.0,0.0,3.0,1.0,430539_1007,0,2017-05-11,6
922,7930.0,140958.0,22483.0,297586.0,20.0,760293,34.0,4.0,2.0,4.0,3.0,0.0,3.0,3.0,430539_1007,0,2017-05-09,15
922,7930.0,140958.0,22483.0,297586.0,20.0,203549,20.0,3.0,2.0,3.0,3.0,0.0,4.0,2.0,430548_1007,0,2017-05-08,23
922,7930.0,140958.0,22483.0,297586.0,20.0,810941,19.0,3.0,2.0,3.0,3.0,0.0,2.0,2.0,430539_1007,0,2017-05-08,23
922,7930.0,140958.0,22483.0,297586.0,20.0,858211,10.0,3.0,2.0,3.0,1.0,0.0,3.0,1.0,430548_1007,0,2017-05-09,14
922,7930.0,140958.0,22483.0,297586.0,20.0,345142,79.0,10.0,1.0,4.0,3.0,0.0,1.0,2.0,430539_1007,0,2017-05-11,10
922,7930.0,140958.0,22483.0,297586.0,20.0,796260,0.0,10.0,1.0,4.0,3.0,0.0,3.0,2.0,430539_1007,0,2017-05-07,15
922,7930.0,140958.0,22483.0,297586.0,20.0,159423,0.0,11.0,1.0,5.0,3.0,0.0,2.0,3.0,430548_1007,0,2017-05-11,14
922,7930.0,140958.0,22483.0,297586.0,20.0,159423,0.0,11.0,1.0,5.0,3.0,0.0,2.0,3.0,430548_1007,0,2017-05-09,13
922,7930.0,140958.0,22483.0,297586.0,20.0,435315,67.0,9.0,1.0,3.0,3.0,0.0,3.0,2.0,430548_1007,0,2017-05-08,4
922,7930.0,140958.0,22483.0,297586.0,20.0,132509,0.0,3.0,2.0,3.0,3.0,0.0,4.0,2.0,430539_1007,0,2017-05-09,9
922,7930.0,140958.0,22483.0,297586.0,20.0,588072,80.0,10.0,1.0,4.0,3.0,0.0,2.0,2.0,430548_1007,0,2017-05-12,13
922,7930.0,140958.0,22483.0,297586.0,20.0,180355,0.0,10.0,1.0,4.0,3.0,0.0,2.0,2.0,430539_1007,0,2017-05-10,5
922,7930.0,140958.0,22483.0,297586.0,20.0,237226,0.0,2.0,2.0,2.0,3.0,0.0,2.0,2.0,430548_1007,0,2017-05-11,4
922,7930.0,140958.0,22483.0,297586.0,20.0,5686,0.0,3.0,2.0,3.0,2.0,0.0,2.0,2.0,430548_1007,0,2017-05-06,14
922,7930.0,140958.0,22483.0,297586.0,20.0,320328,0.0,9.0,1.0,3.0,3.0,0.0,3.0,1.0,430548_1007,0,2017-05-11,14
922,7930.0,140958.0,22483.0,297586.0,20.0,62293,34.0,4.0,2.0,4.0,3.0,0.0,4.0,2.0,430548_1007,0,2017-05-08,6
922,7930.0,140958.0,22483.0,297586.0,20.0,132509,0.0,3.0,2.0,3.0,3.0,0.0,4.0,2.0,430539_1007,0,2017-05-10,10
922,7930.0,140958.0,22483.0,297586.0,20.0,592481,67.0,9.0,1.0,3.0,3.0,0.0,3.0,2.0,430548_1007,0,2017-05-12,7
922,7930.0,140958.0,22483.0,297586.0,20.0,1060961,66.0,9.0,1.0,3.0,3.0,0.0,1.0,2.0,430539_1007,0,2017-05-09,9
922,7930.0,140958.0,22483.0,297586.0,20.0,132509,0.0,3.0,2.0,3.0,3.0,0.0,4.0,2.0,430539_1007,0,2017-05-10,6
922,7930.0,140958.0,22483.0,297586.0,20.0,981954,0.0,3.0,2.0,3.0,3.0,0.0,4.0,2.0,430548_1007,0,2017-05-11,4
922,7930.0,140958.0,22483.0,297586.0,20.0,503416,0.0,4.0,2.0,4.0,3.0,0.0,2.0,1.0,430539_1007,0,2017-05-10,10
922,7930.0,140958.0,22483.0,297586.0,20.0,711449,0.0,9.0,1.0,3.0,3.0,0.0,2.0,1.0,430539_1007,0,2017-05-06,23
922,7930.0,140958.0,22483.0,297586.0,20.0,240231,0.0,3.0,2.0,3.0,2.0,0.0,2.0,2.0,430539_1007,0,2017-05-12,3
922,7930.0,140958.0,22483.0,297586.0,20.0,285504,0.0,9.0,1.0,3.0,2.0,0.0,2.0,2.0,430548_1007,0,2017-05-13,12
922,7930.0,140958.0,22483.0,297586.0,20.0,877556,0.0,2.0,2.0,2.0,3.0,0.0,1.0,3.0,430539_1007,0,2017-05-06,5
922,7930.0,140958.0,22483.0,297586.0,20.0,3402,0.0,10.0,1.0,4.0,3.0,0.0,2.0,2.0,430539_1007,0,2017-05-09,13
922,7930.0,140958.0,22483.0,297586.0,20.0,1102543,0.0,10.0,1.0,4.0,3.0,0.0,4.0,2.0,430548_1007,0,2017-05-08,13
922,7930.0,140958.0,22483.0,297586.0,20.0,915535,0.0,10.0,1.0,4.0,3.0,0.0,1.0,3.0,430548_1007,0,2017-05-09,12
922,7930.0,140958.0,22483.0,297586.0,20.0,376351,0.0,10.0,1.0,4.0,3.0,0.0,2.0,3.0,430548_1007,0,2017-05-12,0
922,7930.0,140958.0,22483.0,297586.0,20.0,730516,33.0,4.0,2.0,4.0,3.0,0.0,2.0,2.0,430548_1007,0,2017-05-07,12
922,7930.0,140958.0,22483.0,297586.0,20.0,798250,65.0,9.0,1.0,3.0,3.0,0.0,3.0,1.0,430539_1007,0,2017-05-11,10
922,7930.0,140958.0,22483.0,297586.0,20.0,581936,0.0,10.0,1.0,4.0,3.0,0.0,4.0,2.0,430548_1007,0,2017-05-12,13
922,7930.0,140958.0,22483.0,297586.0,20.0,1133406,81.0,10.0,1.0,4.0,3.0,0.0,4.0,2.0,430548_1007,0,2017-05-10,3
922,7930.0,140958.0,22483.0,297586.0,20.0,262773,77.0,10.0,1.0,4.0,3.0,0.0,2.0,1.0,430539_1007,0,2017-05-07,8
922,7930.0,140958.0,22483.0,297586.0,20.0,35059,0.0,3.0,2.0,3.0,1.0,0.0,2.0,1.0,430548_1007,0,2017-05-08,5
922,7930.0,140958.0,22483.0,297586.0,20.0,1100459,19.0,3.0,2.0,3.0,3.0,0.0,2.0,2.0,430539_1007,0,2017-05-08,7
922,7930.0,140958.0,22483.0,297586.0,20.0,359204,64.0,9.0,1.0,3.0,3.0,0.0,2.0,1.0,430548_1007,0,2017-05-12,20
922,7930.0,140958.0,22483.0,297586.0,20.0,845622,0.0,4.0,2.0,4.0,3.0,0.0,2.0,2.0,430548_1007,0,2017-05-12,22
922,7930.0,140958.0,22483.0,297586.0,20.0,845622,0.0,4.0,2.0,4.0,3.0,0.0,2.0,2.0,430548_1007,0,2017-05-10,13
922,7930.0,140958.0,22483.0,297586.0,20.0,1092903,0.0,5.0,2.0,5.0,3.0,0.0,2.0,3.0,430539_1007,0,2017-05-10,4
922,7930.0,140958.0,22483.0,297586.0,20.0,46329,68.0,9.0,1.0,3.0,3.0,0.0,2.0,3.0,430539_1007,0,2017-05-12,3
922,7930.0,140958.0,22483.0,297586.0,20.0,1074267,34.0,4.0,2.0,4.0,3.0,0.0,4.0,2.0,430539_1007,0,2017-05-12,6
922,7930.0,140958.0,22483.0,297586.0,20.0,380774,34.0,4.0,2.0,4.0,3.0,0.0,4.0,2.0,430539_1007,0,2017-05-11,13
922,7930.0,140958.0,22483.0,297586.0,20.0,759836,0.0,3.0,2.0,3.0,3.0,0.0,1.0,1.0,430548_1007,0,2017-05-08,5
922,7930.0,140958.0,22483.0,297586.0,20.0,17864,34.0,4.0,2.0,4.0,3.0,0.0,4.0,2.0,430548_1007,0,2017-05-11,4
922,7930.0,140958.0,22483.0,297586.0,20.0,296732,66.0,9.0,1.0,3.0,3.0,0.0,2.0,2.0,430548_1007,0,2017-05-08,12
922,7930.0,140958.0,22483.0,297586.0,20.0,380774,34.0,4.0,2.0,4.0,3.0,0.0,4.0,2.0,430539_1007,0,2017-05-11,0
922,7930.0,140958.0,22483.0,297586.0,20.0,49477,0.0,9.0,1.0,3.0,3.0,0.0,3.0,2.0,430548_1007,0,2017-05-13,14
922,7930.0,140958.0,22483.0,297586.0,20.0,806734,0.0,4.0,2.0,4.0,3.0,0.0,3.0,1.0,430548_1007,0,2017-05-09,8
922,7930.0,140958.0,22483.0,297586.0,20.0,435645,44.0,5.0,2.0,5.0,3.0,0.0,2.0,2.0,430548_1007,0,2017-05-12,14
922,7930.0,140958.0,22483.0,297586.0,20.0,380774,34.0,4.0,2.0,4.0,3.0,0.0,4.0,2.0,430539_1007,0,2017-05-13,12
922,7930.0,140958.0,22483.0,297586.0,20.0,974509,0.0,11.0,1.0,5.0,3.0,0.0,1.0,2.0,430539_1007,0,2017-05-12,3
922,7930.0,140958.0,22483.0,297586.0,20.0,875539,0.0,11.0,1.0,5.0,3.0,0.0,2.0,2.0,430548_1007,0,2017-05-10,9
922,7930.0,140958.0,22483.0,297586.0,20.0,642288,7.0,2.0,2.0,2.0,3.0,0.0,2.0,1.0,430539_1007,0,2017-05-09,2
922,7930.0,140958.0,22483.0,297586.0,20.0,576673,19.0,3.0,2.0,3.0,3.0,1.0,2.0,2.0,430548_1007,0,2017-05-11,6
922,7930.0,140958.0,22483.0,297586.0,20.0,879003,16.0,3.0,2.0,3.0,3.0,0.0,2.0,1.0,430548_1007,0,2017-05-09,14
922,7930.0,140958.0,22483.0,297586.0,20.0,43687,0.0,10.0,1.0,4.0,2.0,0.0,2.0,2.0,430548_1007,0,2017-05-12,6
922,7930.0,140958.0,22483.0,297586.0,20.0,493043,0.0,9.0,1.0,3.0,3.0,0.0,4.0,2.0,430539_1007,0,2017-05-10,7
922,7930.0,140958.0,22483.0,297586.0,20.0,153869,44.0,5.0,2.0,5.0,3.0,0.0,2.0,2.0,430539_1007,1,2017-05-11,1
922,7930.0,140958.0,22483.0,297586.0,20.0,204613,33.0,4.0,2.0,4.0,3.0,0.0,2.0,2.0,430548_1007,0,2017-05-10,1
922,7930.0,140958.0,22483.0,297586.0,20.0,564719,0.0,5.0,2.0,5.0,3.0,0.0,3.0,1.0,430548_1007,0,2017-05-11,14
922,7930.0,140958.0,22483.0,297586.0,20.0,875539,0.0,11.0,1.0,5.0,3.0,0.0,2.0,2.0,430548_1007,0,2017-05-08,2
922,7930.0,140958.0,22483.0,297586.0,20.0,821484,80.0,10.0,1.0,4.0,3.0,0.0,2.0,2.0,430548_1007,0,2017-05-08,14
922,7930.0,140958.0,22483.0,297586.0,20.0,699330,35.0,4.0,2.0,4.0,3.0,0.0,2.0,3.0,430539_1007,0,2017-05-13,10
922,7930.0,140958.0,22483.0,297586.0,20.0,875539,0.0,11.0,1.0,5.0,3.0,0.0,2.0,2.0,430548_1007,0,2017-05-08,16
922,7930.0,140958.0,22483.0,297586.0,20.0,879003,16.0,3.0,2.0,3.0,3.0,0.0,2.0,1.0,430548_1007,0,2017-05-11,17
922,7930.0,140958.0,22483.0,297586.0,20.0,908236,0.0,10.0,1.0,4.0,3.0,0.0,2.0,1.0,430539_1007,0,2017-05-12,2
922,7930.0,140958.0,22483.0,297586.0,20.0,1134579,0.0,5.0,2.0,5.0,3.0,0.0,2.0,1.0,430539_1007,0,2017-05-09,22
922,7930.0,140958.0,22483.0,297586.0,20.0,431362,93.0,11.0,1.0,5.0,3.0,0.0,1.0,3.0,430548_1007,0,2017-05-11,1
922,7930.0,140958.0,22483.0,297586.0,20.0,297766,45.0,5.0,2.0,5.0,3.0,0.0,3.0,2.0,430548_1007,0,2017-05-07,22
922,7930.0,140958.0,22483.0,297586.0,20.0,58723,33.0,4.0,2.0,4.0,3.0,0.0,2.0,2.0,430539_1007,0,2017-05-07,5
922,7930.0,140958.0,22483.0,297586.0,20.0,30924,67.0,9.0,1.0,3.0,3.0,0.0,3.0,2.0,430539_1007,0,2017-05-07,5
922,7930.0,140958.0,22483.0,297586.0,20.0,243379,21.0,3.0,2.0,3.0,3.0,0.0,2.0,3.0,430539_1007,1,2017-05-09,15
922,7930.0,140958.0,22483.0,297586.0,20.0,461286,0.0,9.0,1.0,3.0,1.0,0.0,2.0,2.0,430548_1007,0,2017-05-11,2
922,7930.0,140958.0,22483.0,297586.0,20.0,619636,35.0,4.0,2.0,4.0,3.0,0.0,2.0,2.0,430548_1007,0,2017-05-08,13
922,7930.0,140958.0,22483.0,297586.0,20.0,153869,44.0,5.0,2.0,5.0,3.0,0.0,2.0,2.0,430539_1007,0,2017-05-13,2
922,7930.0,140958.0,22483.0,297586.0,20.0,875539,0.0,11.0,1.0,5.0,3.0,0.0,2.0,2.0,430548_1007,0,2017-05-12,6
922,7930.0,140958.0,22483.0,297586.0,20.0,841204,0.0,10.0,1.0,4.0,1.0,0.0,2.0,2.0,430548_1007,0,2017-05-09,22
922,7930.0,140958.0,22483.0,297586.0,20.0,980817,16.0,3.0,2.0,3.0,3.0,0.0,2.0,1.0,430548_1007,0,2017-05-12,0
922,7930.0,140958.0,22483.0,297586.0,20.0,865574,0.0,3.0,2.0,3.0,3.0,0.0,2.0,2.0,430539_1007,0,2017-05-06,10
922,7930.0,140958.0,22483.0,297586.0,20.0,895100,26.0,4.0,2.0,4.0,2.0,0.0,2.0,2.0,430539_1007,0,2017-05-12,6
922,7930.0,140958.0,22483.0,297586.0,20.0,29527,0.0,1.0,2.0,1.0,2.0,0.0,2.0,2.0,430548_1007,0,2017-05-10,3
922,7930.0,140958.0,22483.0,297586.0,20.0,531355,0.0,4.0,2.0,4.0,3.0,0.0,1.0,2.0,430548_1007,0,2017-05-07,15
922,7930.0,140958.0,22483.0,297586.0,20.0,1133449,0.0,5.0,2.0,5.0,3.0,0.0,3.0,2.0,430539_1007,0,2017-05-11,0
922,7930.0,140958.0,22483.0,297586.0,20.0,699438,49.0,6.0,2.0,6.0,3.0,0.0,2.0,2.0,430548_1007,0,2017-05-10,10
922,7930.0,140958.0,22483.0,297586.0,20.0,453634,81.0,10.0,1.0,4.0,3.0,0.0,3.0,3.0,430548_1007,0,2017-05-09,3
922,7930.0,140958.0,22483.0,297586.0,20.0,110812,35.0,4.0,2.0,4.0,3.0,0.0,2.0,3.0,430548_1007,0,2017-05-09,4
922,7930.0,140958.0,22483.0,297586.0,20.0,471997,0.0,3.0,2.0,3.0,3.0,0.0,2.0,2.0,430548_1007,0,2017-05-11,6
922,7930.0,140958.0,22483.0,297586.0,20.0,1067377,0.0,4.0,2.0,4.0,3.0,0.0,4.0,2.0,430548_1007,0,2017-05-09,9
922,7930.0,140958.0,22483.0,297586.0,20.0,875539,0.0,11.0,1.0,5.0,3.0,0.0,2.0,2.0,430548_1007,0,2017-05-10,8
922,7930.0,140958.0,22483.0,297586.0,20.0,255091,0.0,5.0,2.0,5.0,3.0,0.0,3.0,2.0,430548_1007,0,2017-05-07,15
922,7930.0,140958.0,22483.0,297586.0,20.0,743625,45.0,5.0,2.0,5.0,3.0,0.0,3.0,2.0,430548_1007,0,2017-05-07,7
922,7930.0,140958.0,22483.0,297586.0,20.0,794633,19.0,3.0,2.0,3.0,3.0,0.0,2.0,2.0,430539_1007,0,2017-05-07,12
922,7930.0,140958.0,22483.0,297586.0,20.0,917876,17.0,3.0,2.0,3.0,3.0,0.0,3.0,1.0,430548_1007,0,2017-05-06,7
922,7930.0,140958.0,22483.0,297586.0,20.0,198862,0.0,4.0,2.0,4.0,3.0,0.0,3.0,2.0,430548_1007,0,2017-05-11,7
922,7930.0,140958.0,22483.0,297586.0,20.0,816273,0.0,9.0,1.0,3.0,3.0,0.0,2.0,2.0,430548_1007,0,2017-05-06,0
922,7930.0,140958.0,22483.0,297586.0,20.0,332262,0.0,3.0,2.0,3.0,3.0,0.0,3.0,1.0,430539_1007,0,2017-05-10,15
922,7930.0,140958.0,22483.0,297586.0,20.0,699438,49.0,6.0,2.0,6.0,3.0,0.0,2.0,2.0,430548_1007,0,2017-05-09,13
922,7930.0,140958.0,22483.0,297586.0,20.0,674409,0.0,4.0,2.0,4.0,3.0,0.0,1.0,2.0,430548_1007,0,2017-05-06,13
922,7930.0,140958.0,22483.0,297586.0,20.0,816273,0.0,9.0,1.0,3.0,3.0,0.0,2.0,2.0,430548_1007,1,2017-05-10,12
922,7930.0,140958.0,22483.0,297586.0,20.0,873939,0.0,9.0,1.0,3.0,1.0,0.0,2.0,3.0,430539_1007,0,2017-05-08,14
922,7930.0,140958.0,22483.0,297586.0,20.0,471997,0.0,3.0,2.0,3.0,3.0,0.0,2.0,2.0,430548_1007,0,2017-05-09,2
922,7930.0,140958.0,22483.0,297586.0,20.0,875539,0.0,11.0,1.0,5.0,3.0,0.0,2.0,2.0,430548_1007,0,2017-05-13,5
922,7930.0,140958.0,22483.0,297586.0,20.0,915441,68.0,9.0,1.0,3.0,3.0,0.0,2.0,3.0,430539_1007,0,2017-05-11,4
922,7930.0,140958.0,22483.0,297586.0,20.0,875539,0.0,11.0,1.0,5.0,3.0,0.0,2.0,2.0,430548_1007,0,2017-05-10,20
922,7930.0,140958.0,22483.0,297586.0,20.0,506497,0.0,3.0,2.0,3.0,3.0,0.0,4.0,2.0,430548_1007,0,2017-05-13,11
922,7930.0,140958.0,22483.0,297586.0,20.0,38971,81.0,10.0,1.0,4.0,3.0,0.0,3.0,2.0,430548_1007,0,2017-05-09,9
922,7930.0,140958.0,22483.0,297586.0,20.0,677559,0.0,3.0,2.0,3.0,3.0,0.0,2.0,2.0,430548_1007,0,2017-05-13,2
922,7930.0,140958.0,22483.0,297586.0,20.0,34480,0.0,6.0,2.0,6.0,3.0,0.0,4.0,2.0,430548_1007,0,2017-05-13,3
922,7930.0,140958.0,22483.0,297586.0,20.0,799730,0.0,4.0,2.0,4.0,3.0,0.0,2.0,2.0,430539_1007,0,2017-05-09,8
922,7930.0,140958.0,22483.0,297586.0,20.0,718849,0.0,10.0,1.0,4.0,2.0,0.0,2.0,2.0,430548_1007,0,2017-05-09,10
922,7930.0,140958.0,22483.0,297586.0,20.0,825672,19.0,3.0,2.0,3.0,3.0,0.0,2.0,2.0,430539_1007,0,2017-05-10,8
922,7930.0,140958.0,22483.0,297586.0,20.0,973857,0.0,10.0,1.0,4.0,3.0,0.0,4.0,2.0,430548_1007,0,2017-05-10,13
922,7930.0,140958.0,22483.0,297586.0,20.0,788766,0.0,10.0,1.0,4.0,3.0,0.0,2.0,3.0,430548_1007,0,2017-05-09,11
922,7930.0,140958.0,22483.0,297586.0,20.0,841204,0.0,10.0,1.0,4.0,1.0,0.0,2.0,2.0,430548_1007,1,2017-05-12,6
922,7930.0,140958.0,22483.0,297586.0,20.0,808279,56.0,8.0,1.0,2.0,3.0,0.0,2.0,1.0,430539_1007,0,2017-05-10,10
922,7930.0,140958.0,22483.0,297586.0,20.0,808279,56.0,8.0,1.0,2.0,3.0,0.0,2.0,1.0,430539_1007,0,2017-05-07,11
922,7930.0,140958.0,22483.0,297586.0,20.0,621694,80.0,10.0,1.0,4.0,3.0,0.0,2.0,2.0,430539_1007,0,2017-05-06,13
922,7930.0,140958.0,22483.0,297586.0,20.0,646740,31.0,4.0,2.0,4.0,3.0,0.0,4.0,1.0,430548_1007,0,2017-05-06,8
922,7930.0,140958.0,22483.0,297586.0,20.0,961657,0.0,2.0,2.0,2.0,3.0,1.0,2.0,2.0,430548_1007,0,2017-05-12,14
922,7930.0,140958.0,22483.0,297586.0,20.0,481173,0.0,10.0,1.0,4.0,2.0,0.0,2.0,2.0,430548_1007,0,2017-05-10,14
922,7930.0,140958.0,22483.0,297586.0,20.0,974541,0.0,9.0,1.0,3.0,3.0,0.0,4.0,1.0,430548_1007,0,2017-05-06,8
922,7930.0,140958.0,22483.0,297586.0,20.0,875539,0.0,11.0,1.0,5.0,3.0,0.0,2.0,2.0,430548_1007,0,2017-05-09,13
922,7930.0,140958.0,22483.0,297586.0,20.0,979863,0.0,3.0,2.0,3.0,3.0,0.0,4.0,2.0,430548_1007,1,2017-05-07,12
922,7930.0,140958.0,22483.0,297586.0,20.0,1086930,45.0,5.0,2.0,5.0,3.0,0.0,3.0,2.0,430539_1007,0,2017-05-09,21
922,7930.0,140958.0,22483.0,297586.0,20.0,333345,0.0,3.0,2.0,3.0,3.0,0.0,4.0,2.0,430548_1007,0,2017-05-12,8
925,11153.0,133748.0,14210.0,218684.0,65.9,364074,32.0,4.0,2.0,4.0,3.0,0.0,1.0,1.0,430548_1007,0,2017-05-06,5
925,11153.0,133748.0,14210.0,218684.0,65.9,316107,44.0,5.0,2.0,5.0,3.0,0.0,2.0,2.0,430548_1007,0,2017-05-11,12
925,11153.0,133748.0,14210.0,218684.0,65.9,217790,0.0,10.0,1.0,4.0,2.0,0.0,2.0,2.0,430548_1007,0,2017-05-10,12
925,11153.0,133748.0,14210.0,218684.0,65.9,763290,67.0,9.0,1.0,3.0,3.0,0.0,4.0,2.0,430548_1007,1,2017-05-06,5
936,10347.0,402675.0,57297.0,243252.0,2400.0,862060,0.0,12.0,1.0,6.0,2.0,0.0,2.0,2.0,430548_1007,0,2017-05-06,5
936,10347.0,402675.0,57297.0,243252.0,2400.0,1099004,92.0,11.0,1.0,5.0,3.0,0.0,4.0,2.0,430548_1007,0,2017-05-06,4
939,4374.0,136292.0,18909.0,240022.0,69.0,1043969,34.0,4.0,2.0,4.0,3.0,0.0,3.0,2.0,430548_1007,0,2017-05-09,13
940,4788.0,152021.0,24080.0,311257.0,280.0,403485,0.0,8.0,1.0,2.0,3.0,0.0,2.0,2.0,430548_1007,0,2017-05-11,10
940,4788.0,152021.0,24080.0,311257.0,280.0,400535,0.0,3.0,2.0,3.0,3.0,0.0,2.0,2.0,430548_1007,0,2017-05-11,1
940,4788.0,152021.0,24080.0,311257.0,280.0,947436,0.0,9.0,1.0,3.0,1.0,0.0,2.0,1.0,430548_1007,0,2017-05-11,5
940,4788.0,152021.0,24080.0,311257.0,280.0,185487,84.0,11.0,1.0,5.0,2.0,0.0,1.0,2.0,430548_1007,0,2017-05-10,12
952,1535.0,393270.0,46709.0,119434.0,798.0,910564,0.0,11.0,1.0,5.0,3.0,0.0,2.0,2.0,430548_1007,0,2017-05-09,5
952,1535.0,393270.0,46709.0,119434.0,798.0,352923,0.0,10.0,1.0,4.0,2.0,0.0,2.0,2.0,430548_1007,0,2017-05-12,13
953,9687.0,256865.0,34955.0,236055.0,990.0,447340,80.0,10.0,1.0,4.0,3.0,0.0,2.0,2.0,430539_1007,0,2017-05-07,1
953,9687.0,256865.0,34955.0,236055.0,990.0,938153,0.0,7.0,1.0,1.0,1.0,0.0,2.0,2.0,430548_1007,0,2017-05-09,6
953,9687.0,256865.0,34955.0,236055.0,990.0,812905,0.0,9.0,1.0,3.0,3.0,0.0,2.0,2.0,430539_1007,0,2017-05-09,7
953,9687.0,256865.0,34955.0,236055.0,990.0,1078841,90.0,11.0,1.0,5.0,3.0,0.0,1.0,2.0,430539_1007,0,2017-05-06,1
953,9687.0,256865.0,34955.0,236055.0,990.0,751762,0.0,3.0,2.0,3.0,3.0,0.0,2.0,2.0,430539_1007,0,2017-05-07,2
953,9687.0,256865.0,34955.0,236055.0,990.0,603797,30.0,4.0,2.0,4.0,3.0,0.0,2.0,1.0,430548_1007,0,2017-05-07,1
953,9687.0,256865.0,34955.0,236055.0,990.0,1073898,35.0,4.0,2.0,4.0,3.0,0.0,2.0,3.0,430548_1007,0,2017-05-08,2
953,9687.0,256865.0,34955.0,236055.0,990.0,671342,8.0,2.0,2.0,2.0,3.0,0.0,3.0,1.0,430539_1007,1,2017-05-13,7
953,9687.0,256865.0,34955.0,236055.0,990.0,222613,0.0,9.0,1.0,3.0,3.0,0.0,2.0,2.0,430539_1007,0,2017-05-11,3
953,9687.0,256865.0,34955.0,236055.0,990.0,191668,0.0,10.0,1.0,4.0,3.0,0.0,3.0,2.0,430548_1007,0,2017-05-11,11
953,9687.0,256865.0,34955.0,236055.0,990.0,514477,0.0,5.0,2.0,5.0,3.0,0.0,2.0,2.0,430539_1007,0,2017-05-12,3
953,9687.0,256865.0,34955.0,236055.0,990.0,841388,0.0,3.0,2.0,3.0,3.0,0.0,2.0,2.0,430539_1007,1,2017-05-09,4
953,9687.0,256865.0,34955.0,236055.0,990.0,953166,0.0,1.0,2.0,1.0,1.0,0.0,2.0,2.0,430548_1007,0,2017-05-12,9
953,9687.0,256865.0,34955.0,236055.0,990.0,111680,0.0,4.0,2.0,4.0,3.0,0.0,1.0,1.0,430539_1007,0,2017-05-10,8
953,9687.0,256865.0,34955.0,236055.0,990.0,336262,0.0,4.0,2.0,4.0,3.0,0.0,3.0,2.0,430548_1007,0,2017-05-06,1
953,9687.0,256865.0,34955.0,236055.0,990.0,323386,0.0,9.0,1.0,3.0,3.0,0.0,4.0,2.0,430548_1007,0,2017-05-10,2
953,9687.0,256865.0,34955.0,236055.0,990.0,666411,0.0,5.0,2.0,5.0,3.0,0.0,2.0,1.0,430539_1007,0,2017-05-13,9
953,9687.0,256865.0,34955.0,236055.0,990.0,812905,0.0,9.0,1.0,3.0,3.0,0.0,2.0,2.0,430539_1007,0,2017-05-12,12
953,9687.0,256865.0,34955.0,236055.0,990.0,13987,17.0,3.0,2.0,3.0,3.0,0.0,4.0,1.0,430548_1007,0,2017-05-08,1
953,9687.0,256865.0,34955.0,236055.0,990.0,596569,30.0,4.0,2.0,4.0,3.0,0.0,2.0,1.0,430548_1007,0,2017-05-12,4
953,9687.0,256865.0,34955.0,236055.0,990.0,470283,0.0,3.0,2.0,3.0,3.0,0.0,2.0,2.0,430548_1007,0,2017-05-09,11
953,9687.0,256865.0,34955.0,236055.0,990.0,562901,0.0,3.0,2.0,3.0,3.0,0.0,4.0,1.0,430539_1007,0,2017-05-11,7
953,9687.0,256865.0,34955.0,236055.0,990.0,81914,5.0,2.0,2.0,2.0,3.0,1.0,2.0,1.0,430548_1007,1,2017-05-09,5
953,9687.0,256865.0,34955.0,236055.0,990.0,319507,17.0,3.0,2.0,3.0,3.0,0.0,3.0,1.0,430548_1007,0,2017-05-11,6
953,9687.0,256865.0,34955.0,236055.0,990.0,612935,15.0,3.0,2.0,3.0,3.0,0.0,1.0,1.0,430548_1007,0,2017-05-09,9
953,9687.0,256865.0,34955.0,236055.0,990.0,688820,0.0,3.0,2.0,3.0,3.0,0.0,2.0,2.0,430539_1007,0,2017-05-12,6
953,9687.0,256865.0,34955.0,236055.0,990.0,1039181,0.0,2.0,2.0,2.0,3.0,0.0,2.0,1.0,430548_1007,0,2017-05-06,4
953,9687.0,256865.0,34955.0,236055.0,990.0,116921,0.0,9.0,1.0,3.0,3.0,0.0,2.0,1.0,430539_1007,0,2017-05-06,5
953,9687.0,256865.0,34955.0,236055.0,990.0,938845,0.0,3.0,2.0,3.0,1.0,0.0,2.0,1.0,430539_1007,0,2017-05-09,5
953,9687.0,256865.0,34955.0,236055.0,990.0,568864,34.0,4.0,2.0,4.0,3.0,0.0,4.0,2.0,430548_1007,0,2017-05-12,2
953,9687.0,256865.0,34955.0,236055.0,990.0,379202,0.0,4.0,2.0,4.0,3.0,0.0,4.0,1.0,430539_1007,0,2017-05-10,8
953,9687.0,256865.0,34955.0,236055.0,990.0,677833,0.0,1.0,2.0,1.0,3.0,0.0,2.0,1.0,430548_1007,0,2017-05-13,3
953,9687.0,256865.0,34955.0,236055.0,990.0,457532,0.0,3.0,2.0,3.0,2.0,0.0,2.0,1.0,430539_1007,0,2017-05-10,7
953,9687.0,256865.0,34955.0,236055.0,990.0,886574,0.0,4.0,2.0,4.0,3.0,0.0,2.0,1.0,430548_1007,0,2017-05-07,1
953,9687.0,256865.0,34955.0,236055.0,990.0,767862,92.0,11.0,1.0,5.0,3.0,0.0,3.0,2.0,430548_1007,0,2017-05-09,4
953,9687.0,256865.0,34955.0,236055.0,990.0,254433,17.0,3.0,2.0,3.0,3.0,0.0,3.0,1.0,430539_1007,0,2017-05-09,5
953,9687.0,256865.0,34955.0,236055.0,990.0,597968,35.0,4.0,2.0,4.0,3.0,0.0,2.0,3.0,430548_1007,0,2017-05-07,4
953,9687.0,256865.0,34955.0,236055.0,990.0,528233,0.0,2.0,2.0,2.0,2.0,1.0,2.0,1.0,430548_1007,0,2017-05-09,5
953,9687.0,256865.0,34955.0,236055.0,990.0,325009,17.0,3.0,2.0,3.0,3.0,0.0,3.0,1.0,430539_1007,0,2017-05-12,9
953,9687.0,256865.0,34955.0,236055.0,990.0,802657,16.0,3.0,2.0,3.0,3.0,0.0,2.0,1.0,430539_1007,0,2017-05-12,7
953,9687.0,256865.0,34955.0,236055.0,990.0,1124690,0.0,2.0,2.0,2.0,3.0,0.0,3.0,2.0,430548_1007,0,2017-05-13,11
953,9687.0,256865.0,34955.0,236055.0,990.0,1060230,7.0,2.0,2.0,2.0,3.0,0.0,2.0,1.0,430539_1007,0,2017-05-12,11
953,9687.0,256865.0,34955.0,236055.0,990.0,1060230,7.0,2.0,2.0,2.0,3.0,0.0,2.0,1.0,430539_1007,0,2017-05-12,12
953,9687.0,256865.0,34955.0,236055.0,990.0,602902,0.0,3.0,2.0,3.0,3.0,0.0,2.0,1.0,430548_1007,0,2017-05-13,10
953,9687.0,256865.0,34955.0,236055.0,990.0,175503,0.0,2.0,2.0,2.0,3.0,0.0,2.0,2.0,430539_1007,0,2017-05-10,2
953,9687.0,256865.0,34955.0,236055.0,990.0,59699,0.0,3.0,2.0,3.0,3.0,0.0,2.0,2.0,430548_1007,0,2017-05-07,3
953,9687.0,256865.0,34955.0,236055.0,990.0,568252,0.0,3.0,2.0,3.0,1.0,0.0,2.0,1.0,430548_1007,0,2017-05-12,7
953,9687.0,256865.0,34955.0,236055.0,990.0,153169,0.0,5.0,2.0,5.0,2.0,0.0,2.0,2.0,430548_1007,0,2017-05-07,3
953,9687.0,256865.0,34955.0,236055.0,990.0,1065946,0.0,1.0,2.0,1.0,3.0,1.0,2.0,2.0,430548_1007,0,2017-05-11,5
953,9687.0,256865.0,34955.0,236055.0,990.0,502443,0.0,4.0,2.0,4.0,1.0,0.0,2.0,2.0,430548_1007,0,2017-05-13,9
953,9687.0,256865.0,34955.0,236055.0,990.0,494048,0.0,3.0,2.0,3.0,3.0,0.0,2.0,1.0,430539_1007,0,2017-05-07,7
953,9687.0,256865.0,34955.0,236055.0,990.0,502443,0.0,4.0,2.0,4.0,1.0,0.0,2.0,2.0,430548_1007,1,2017-05-07,6
953,9687.0,256865.0,34955.0,236055.0,990.0,553542,19.0,3.0,2.0,3.0,3.0,0.0,2.0,2.0,430548_1007,0,2017-05-10,6
953,9687.0,256865.0,34955.0,236055.0,990.0,66381,0.0,2.0,2.0,2.0,3.0,0.0,2.0,2.0,430548_1007,0,2017-05-13,8
953,9687.0,256865.0,34955.0,236055.0,990.0,465300,54.0,8.0,1.0,2.0,3.0,1.0,3.0,1.0,430548_1007,0,2017-05-07,4
953,9687.0,256865.0,34955.0,236055.0,990.0,502443,0.0,4.0,2.0,4.0,1.0,0.0,2.0,2.0,430548_1007,0,2017-05-09,8
953,9687.0,256865.0,34955.0,236055.0,990.0,587186,0.0,3.0,2.0,3.0,3.0,0.0,2.0,1.0,430539_1007,0,2017-05-10,7
953,9687.0,256865.0,34955.0,236055.0,990.0,332895,0.0,4.0,2.0,4.0,3.0,0.0,2.0,2.0,430539_1007,1,2017-05-13,9
953,9687.0,256865.0,34955.0,236055.0,990.0,1102553,0.0,5.0,2.0,5.0,3.0,0.0,4.0,1.0,430548_1007,0,2017-05-12,6
953,9687.0,256865.0,34955.0,236055.0,990.0,641734,0.0,9.0,1.0,3.0,3.0,0.0,2.0,3.0,430548_1007,0,2017-05-10,8
953,9687.0,256865.0,34955.0,236055.0,990.0,146010,0.0,3.0,2.0,3.0,3.0,0.0,2.0,2.0,430548_1007,0,2017-05-10,5
953,9687.0,256865.0,34955.0,236055.0,990.0,932156,0.0,1.0,2.0,1.0,3.0,0.0,2.0,2.0,430548_1007,0,2017-05-10,8
953,9687.0,256865.0,34955.0,236055.0,990.0,20163,0.0,4.0,2.0,4.0,3.0,0.0,2.0,2.0,430548_1007,0,2017-05-06,2
953,9687.0,256865.0,34955.0,236055.0,990.0,61851,7.0,2.0,2.0,2.0,3.0,0.0,2.0,2.0,430539_1007,0,2017-05-13,1
953,9687.0,256865.0,34955.0,236055.0,990.0,769649,0.0,4.0,2.0,4.0,3.0,0.0,4.0,2.0,430539_1007,0,2017-05-12,9
953,9687.0,256865.0,34955.0,236055.0,990.0,886574,0.0,4.0,2.0,4.0,3.0,0.0,2.0,1.0,430548_1007,0,2017-05-06,2
953,9687.0,256865.0,34955.0,236055.0,990.0,36159,0.0,3.0,2.0,3.0,3.0,0.0,1.0,1.0,430539_1007,0,2017-05-07,6
953,9687.0,256865.0,34955.0,236055.0,990.0,882436,0.0,3.0,2.0,3.0,3.0,0.0,2.0,1.0,430548_1007,0,2017-05-11,1
953,9687.0,256865.0,34955.0,236055.0,990.0,546342,0.0,11.0,1.0,5.0,1.0,0.0,2.0,1.0,430548_1007,0,2017-05-09,10
953,9687.0,256865.0,34955.0,236055.0,990.0,817566,81.0,10.0,1.0,4.0,3.0,0.0,3.0,2.0,430539_1007,0,2017-05-10,1
953,9687.0,256865.0,34955.0,236055.0,990.0,226481,17.0,3.0,2.0,3.0,3.0,0.0,3.0,1.0,430548_1007,0,2017-05-08,1
953,9687.0,256865.0,34955.0,236055.0,990.0,817566,81.0,10.0,1.0,4.0,3.0,0.0,3.0,2.0,430548_1007,0,2017-05-11,9
953,9687.0,256865.0,34955.0,236055.0,990.0,88232,0.0,4.0,2.0,4.0,3.0,0.0,4.0,2.0,430539_1007,0,2017-05-12,2
953,9687.0,256865.0,34955.0,236055.0,990.0,457342,17.0,3.0,2.0,3.0,3.0,0.0,4.0,1.0,430548_1007,0,2017-05-13,1
953,9687.0,256865.0,34955.0,236055.0,990.0,44442,18.0,3.0,2.0,3.0,3.0,0.0,1.0,2.0,430539_1007,0,2017-05-06,4
953,9687.0,256865.0,34955.0,236055.0,990.0,1139695,0.0,2.0,2.0,2.0,3.0,0.0,2.0,2.0,430548_1007,0,2017-05-09,5
953,9687.0,256865.0,34955.0,236055.0,990.0,44442,18.0,3.0,2.0,3.0,3.0,0.0,1.0,2.0,430539_1007,0,2017-05-09,4
953,9687.0,256865.0,34955.0,236055.0,990.0,109805,0.0,10.0,1.0,4.0,2.0,0.0,2.0,1.0,430548_1007,0,2017-05-09,8
953,9687.0,256865.0,34955.0,236055.0,990.0,1004972,19.0,3.0,2.0,3.0,3.0,0.0,2.0,2.0,430548_1007,0,2017-05-09,10
953,9687.0,256865.0,34955.0,236055.0,990.0,109991,34.0,4.0,2.0,4.0,3.0,0.0,3.0,2.0,430548_1007,0,2017-05-09,9
953,9687.0,256865.0,34955.0,236055.0,990.0,214096,20.0,3.0,2.0,3.0,3.0,0.0,4.0,2.0,430548_1007,0,2017-05-09,6
953,9687.0,256865.0,34955.0,236055.0,990.0,784173,0.0,9.0,1.0,3.0,3.0,0.0,3.0,1.0,430548_1007,0,2017-05-10,2
953,9687.0,256865.0,34955.0,236055.0,990.0,718605,91.0,11.0,1.0,5.0,3.0,0.0,2.0,2.0,430539_1007,0,2017-05-12,3
953,9687.0,256865.0,34955.0,236055.0,990.0,582324,0.0,9.0,1.0,3.0,3.0,0.0,2.0,1.0,430548_1007,0,2017-05-11,2
953,9687.0,256865.0,34955.0,236055.0,990.0,269680,0.0,3.0,2.0,3.0,3.0,0.0,2.0,3.0,430539_1007,0,2017-05-07,5
953,9687.0,256865.0,34955.0,236055.0,990.0,246307,5.0,2.0,2.0,2.0,3.0,1.0,4.0,2.0,430548_1007,0,2017-05-12,1
953,9687.0,256865.0,34955.0,236055.0,990.0,868696,7.0,2.0,2.0,2.0,3.0,0.0,1.0,2.0,430539_1007,0,2017-05-09,6
953,9687.0,256865.0,34955.0,236055.0,990.0,765884,0.0,3.0,2.0,3.0,3.0,0.0,2.0,1.0,430548_1007,0,2017-05-10,4
953,9687.0,256865.0,34955.0,236055.0,990.0,438952,0.0,3.0,2.0,3.0,3.0,0.0,4.0,2.0,430548_1007,0,2017-05-09,4
953,9687.0,256865.0,34955.0,236055.0,990.0,468043,91.0,11.0,1.0,5.0,3.0,0.0,2.0,2.0,430548_1007,0,2017-05-13,3
953,9687.0,256865.0,34955.0,236055.0,990.0,1036164,0.0,9.0,1.0,3.0,3.0,0.0,3.0,2.0,430539_1007,1,2017-05-09,11
953,9687.0,256865.0,34955.0,236055.0,990.0,722358,0.0,4.0,2.0,4.0,3.0,0.0,4.0,2.0,430539_1007,0,2017-05-09,10
953,9687.0,256865.0,34955.0,236055.0,990.0,149029,0.0,10.0,1.0,4.0,3.0,0.0,4.0,2.0,430539_1007,0,2017-05-07,3
953,9687.0,256865.0,34955.0,236055.0,990.0,919826,0.0,3.0,2.0,3.0,1.0,0.0,2.0,1.0,430548_1007,0,2017-05-10,3
953,9687.0,256865.0,34955.0,236055.0,990.0,351444,0.0,5.0,2.0,5.0,3.0,0.0,2.0,1.0,430539_1007,0,2017-05-08,2
953,9687.0,256865.0,34955.0,236055.0,990.0,809876,20.0,3.0,2.0,3.0,3.0,0.0,3.0,2.0,430548_1007,0,2017-05-07,1
953,9687.0,256865.0,34955.0,236055.0,990.0,280994,0.0,11.0,1.0,5.0,3.0,0.0,2.0,1.0,430548_1007,0,2017-05-13,4
953,9687.0,256865.0,34955.0,236055.0,990.0,986928,19.0,3.0,2.0,3.0,3.0,0.0,2.0,2.0,430548_1007,0,2017-05-06,6
953,9687.0,256865.0,34955.0,236055.0,990.0,570535,0.0,9.0,1.0,3.0,3.0,0.0,2.0,2.0,430539_1007,0,2017-05-07,7
953,9687.0,256865.0,34955.0,236055.0,990.0,986928,19.0,3.0,2.0,3.0,3.0,0.0,2.0,2.0,430548_1007,0,2017-05-09,10
953,9687.0,256865.0,34955.0,236055.0,990.0,777353,88.0,11.0,1.0,5.0,3.0,0.0,2.0,1.0,430548_1007,0,2017-05-12,8
953,9687.0,256865.0,34955.0,236055.0,990.0,343947,57.0,8.0,1.0,2.0,3.0,0.0,3.0,2.0,430548_1007,0,2017-05-11,9
953,9687.0,256865.0,34955.0,236055.0,990.0,941454,0.0,9.0,1.0,3.0,1.0,0.0,2.0,2.0,430548_1007,0,2017-05-09,10
953,9687.0,256865.0,34955.0,236055.0,990.0,155394,0.0,4.0,2.0,4.0,3.0,0.0,2.0,2.0,430539_1007,0,2017-05-10,7
953,9687.0,256865.0,34955.0,236055.0,990.0,329541,56.0,8.0,1.0,2.0,3.0,0.0,2.0,2.0,430539_1007,0,2017-05-10,10
953,9687.0,256865.0,34955.0,236055.0,990.0,158299,76.0,10.0,1.0,4.0,2.0,0.0,4.0,3.0,430539_1007,0,2017-05-12,7
953,9687.0,256865.0,34955.0,236055.0,990.0,789386,15.0,3.0,2.0,3.0,3.0,0.0,1.0,1.0,430539_1007,0,2017-05-12,6
953,9687.0,256865.0,34955.0,236055.0,990.0,155877,73.0,10.0,1.0,4.0,2.0,0.0,2.0,2.0,430548_1007,0,2017-05-07,3
953,9687.0,256865.0,34955.0,236055.0,990.0,636595,0.0,3.0,2.0,3.0,3.0,0.0,2.0,1.0,430548_1007,0,2017-05-10,3
953,9687.0,256865.0,34955.0,236055.0,990.0,247686,0.0,4.0,2.0,4.0,3.0,0.0,2.0,1.0,430539_1007,0,2017-05-06,5
953,9687.0,256865.0,34955.0,236055.0,990.0,721566,33.0,4.0,2.0,4.0,3.0,0.0,2.0,2.0,430548_1007,0,2017-05-13,9
953,9687.0,256865.0,34955.0,236055.0,990.0,652134,0.0,4.0,2.0,4.0,2.0,0.0,2.0,3.0,430548_1007,0,2017-05-10,8
953,9687.0,256865.0,34955.0,236055.0,990.0,849361,7.0,2.0,2.0,2.0,3.0,0.0,2.0,2.0,430548_1007,0,2017-05-13,1
953,9687.0,256865.0,34955.0,236055.0,990.0,940967,0.0,11.0,1.0,5.0,2.0,0.0,2.0,2.0,430548_1007,0,2017-05-09,11
953,9687.0,256865.0,34955.0,236055.0,990.0,1079303,0.0,9.0,1.0,3.0,3.0,0.0,1.0,2.0,430548_1007,0,2017-05-12,6
953,9687.0,256865.0,34955.0,236055.0,990.0,906226,20.0,3.0,2.0,3.0,3.0,0.0,3.0,2.0,430539_1007,0,2017-05-09,5
953,9687.0,256865.0,34955.0,236055.0,990.0,498037,0.0,2.0,2.0,2.0,3.0,0.0,4.0,2.0,430548_1007,0,2017-05-12,4
953,9687.0,256865.0,34955.0,236055.0,990.0,493074,0.0,9.0,1.0,3.0,3.0,0.0,2.0,1.0,430539_1007,0,2017-05-11,9
953,9687.0,256865.0,34955.0,236055.0,990.0,541592,20.0,3.0,2.0,3.0,3.0,0.0,3.0,2.0,430548_1007,0,2017-05-06,3
953,9687.0,256865.0,34955.0,236055.0,990.0,644446,42.0,5.0,2.0,5.0,3.0,0.0,4.0,1.0,430548_1007,0,2017-05-09,12
953,9687.0,256865.0,34955.0,236055.0,990.0,521642,0.0,5.0,2.0,5.0,3.0,0.0,4.0,2.0,430548_1007,0,2017-05-06,5
953,9687.0,256865.0,34955.0,236055.0,990.0,124909,0.0,9.0,1.0,3.0,1.0,0.0,2.0,2.0,430548_1007,0,2017-05-10,9
953,9687.0,256865.0,34955.0,236055.0,990.0,21002,0.0,3.0,2.0,3.0,3.0,0.0,2.0,2.0,430539_1007,0,2017-05-12,11
953,9687.0,256865.0,34955.0,236055.0,990.0,856686,0.0,3.0,2.0,3.0,3.0,0.0,2.0,2.0,430548_1007,0,2017-05-13,1
953,9687.0,256865.0,34955.0,236055.0,990.0,930220,0.0,4.0,2.0,4.0,2.0,0.0,2.0,2.0,430548_1007,0,2017-05-11,6
953,9687.0,256865.0,34955.0,236055.0,990.0,771754,18.0,3.0,2.0,3.0,3.0,0.0,1.0,2.0,430548_1007,0,2017-05-07,1
953,9687.0,256865.0,34955.0,236055.0,990.0,507437,84.0,11.0,1.0,5.0,2.0,0.0,2.0,2.0,430548_1007,0,2017-05-11,2
953,9687.0,256865.0,34955.0,236055.0,990.0,833242,0.0,3.0,2.0,3.0,3.0,0.0,2.0,2.0,430548_1007,0,2017-05-10,5
953,9687.0,256865.0,34955.0,236055.0,990.0,861315,66.0,9.0,1.0,3.0,3.0,0.0,2.0,2.0,430548_1007,0,2017-05-13,9
953,9687.0,256865.0,34955.0,236055.0,990.0,496301,0.0,4.0,2.0,4.0,2.0,0.0,2.0,2.0,430548_1007,0,2017-05-11,6
953,9687.0,256865.0,34955.0,236055.0,990.0,1059123,19.0,3.0,2.0,3.0,3.0,0.0,2.0,2.0,430548_1007,0,2017-05-10,4
953,9687.0,256865.0,34955.0,236055.0,990.0,478401,0.0,9.0,1.0,3.0,3.0,0.0,3.0,1.0,430539_1007,0,2017-05-10,6
953,9687.0,256865.0,34955.0,236055.0,990.0,312493,2.0,1.0,2.0,1.0,3.0,0.0,3.0,2.0,430548_1007,0,2017-05-08,1
953,9687.0,256865.0,34955.0,236055.0,990.0,380248,0.0,3.0,2.0,3.0,3.0,0.0,2.0,2.0,430548_1007,0,2017-05-09,6
953,9687.0,256865.0,34955.0,236055.0,990.0,681763,0.0,9.0,1.0,3.0,3.0,0.0,3.0,2.0,430539_1007,0,2017-05-09,7
953,9687.0,256865.0,34955.0,236055.0,990.0,585264,0.0,5.0,2.0,5.0,2.0,0.0,2.0,1.0,430539_1007,0,2017-05-13,3
953,9687.0,256865.0,34955.0,236055.0,990.0,357381,0.0,2.0,2.0,2.0,3.0,0.0,2.0,2.0,430548_1007,0,2017-05-07,1
953,9687.0,256865.0,34955.0,236055.0,990.0,689641,0.0,8.0,1.0,2.0,3.0,0.0,2.0,2.0,430548_1007,0,2017-05-09,9
953,9687.0,256865.0,34955.0,236055.0,990.0,702630,0.0,10.0,1.0,4.0,3.0,0.0,4.0,2.0,430548_1007,0,2017-05-09,5
953,9687.0,256865.0,34955.0,236055.0,990.0,243399,0.0,3.0,2.0,3.0,1.0,0.0,2.0,1.0,430548_1007,0,2017-05-10,4
953,9687.0,256865.0,34955.0,236055.0,990.0,1040957,0.0,3.0,2.0,3.0,3.0,0.0,2.0,2.0,430539_1007,0,2017-05-07,1
953,9687.0,256865.0,34955.0,236055.0,990.0,1014984,19.0,3.0,2.0,3.0,3.0,0.0,2.0,2.0,430548_1007,0,2017-05-10,9
953,9687.0,256865.0,34955.0,236055.0,990.0,326388,0.0,4.0,2.0,4.0,1.0,0.0,2.0,1.0,430539_1007,0,2017-05-11,5
953,9687.0,256865.0,34955.0,236055.0,990.0,186658,0.0,4.0,2.0,4.0,3.0,0.0,3.0,2.0,430548_1007,1,2017-05-08,2
953,9687.0,256865.0,34955.0,236055.0,990.0,990747,7.0,2.0,2.0,2.0,3.0,0.0,2.0,2.0,430539_1007,0,2017-05-11,9
953,9687.0,256865.0,34955.0,236055.0,990.0,190620,0.0,11.0,1.0,5.0,2.0,0.0,2.0,2.0,430548_1007,0,2017-05-13,2
953,9687.0,256865.0,34955.0,236055.0,990.0,707447,19.0,3.0,2.0,3.0,3.0,0.0,2.0,2.0,430539_1007,0,2017-05-12,4
953,9687.0,256865.0,34955.0,236055.0,990.0,672926,0.0,4.0,2.0,4.0,2.0,0.0,2.0,2.0,430548_1007,0,2017-05-06,7
953,9687.0,256865.0,34955.0,236055.0,990.0,231168,0.0,11.0,1.0,5.0,3.0,0.0,4.0,2.0,430539_1007,0,2017-05-12,9
953,9687.0,256865.0,34955.0,236055.0,990.0,876017,0.0,5.0,2.0,5.0,3.0,0.0,2.0,1.0,430548_1007,1,2017-05-09,5
953,9687.0,256865.0,34955.0,236055.0,990.0,223030,35.0,4.0,2.0,4.0,3.0,0.0,2.0,3.0,430548_1007,0,2017-05-07,5
953,9687.0,256865.0,34955.0,236055.0,990.0,1074990,82.0,10.0,1.0,4.0,3.0,0.0,2.0,2.0,430539_1007,0,2017-05-13,9
953,9687.0,256865.0,34955.0,236055.0,990.0,876017,0.0,5.0,2.0,5.0,3.0,0.0,2.0,1.0,430548_1007,0,2017-05-11,8
961,4505.0,404204.0,28550.0,355249.0,118.0,1129941,35.0,4.0,2.0,4.0,3.0,0.0,1.0,3.0,430539_1007,0,2017-05-07,13
963,8549.0,404625.0,59439.0,299616.0,55.0,893061,0.0,10.0,1.0,4.0,2.0,0.0,2.0,2.0,430539_1007,0,2017-05-10,12
963,8549.0,404625.0,59439.0,299616.0,55.0,764205,0.0,10.0,1.0,4.0,3.0,0.0,1.0,2.0,430539_1007,0,2017-05-12,16
963,8549.0,404625.0,59439.0,299616.0,55.0,28433,57.0,8.0,1.0,2.0,3.0,0.0,3.0,1.0,430548_1007,0,2017-05-09,14
963,8549.0,404625.0,59439.0,299616.0,55.0,764205,0.0,10.0,1.0,4.0,3.0,0.0,1.0,2.0,430539_1007,0,2017-05-09,3
963,8549.0,404625.0,59439.0,299616.0,55.0,798568,0.0,9.0,1.0,3.0,3.0,0.0,2.0,1.0,430548_1007,0,2017-05-08,18
963,8549.0,404625.0,59439.0,299616.0,55.0,1085491,79.0,10.0,1.0,4.0,3.0,0.0,1.0,2.0,430548_1007,0,2017-05-06,10
963,8549.0,404625.0,59439.0,299616.0,55.0,1040162,0.0,8.0,1.0,2.0,3.0,1.0,1.0,2.0,430548_1007,0,2017-05-07,1
963,8549.0,404625.0,59439.0,299616.0,55.0,959502,0.0,11.0,1.0,5.0,2.0,0.0,2.0,2.0,430539_1007,0,2017-05-12,14
963,8549.0,404625.0,59439.0,299616.0,55.0,28433,57.0,8.0,1.0,2.0,3.0,0.0,3.0,1.0,430548_1007,0,2017-05-07,15
963,8549.0,404625.0,59439.0,299616.0,55.0,161949,0.0,10.0,1.0,4.0,3.0,0.0,2.0,2.0,430539_1007,0,2017-05-09,14
963,8549.0,404625.0,59439.0,299616.0,55.0,256748,0.0,10.0,1.0,4.0,3.0,0.0,2.0,2.0,430539_1007,0,2017-05-09,1
963,8549.0,404625.0,59439.0,299616.0,55.0,256748,0.0,10.0,1.0,4.0,3.0,0.0,2.0,2.0,430539_1007,0,2017-05-05,16
963,8549.0,404625.0,59439.0,299616.0,55.0,679854,0.0,11.0,1.0,5.0,3.0,0.0,4.0,1.0,430548_1007,0,2017-05-12,13
963,8549.0,404625.0,59439.0,299616.0,55.0,677954,0.0,4.0,2.0,4.0,3.0,0.0,4.0,2.0,430539_1007,0,2017-05-07,12
963,8549.0,404625.0,59439.0,299616.0,55.0,1102815,7.0,2.0,2.0,2.0,3.0,0.0,2.0,2.0,430548_1007,0,2017-05-09,11
963,8549.0,404625.0,59439.0,299616.0,55.0,679854,0.0,11.0,1.0,5.0,3.0,0.0,4.0,1.0,430548_1007,0,2017-05-13,3
963,8549.0,404625.0,59439.0,299616.0,55.0,679854,0.0,11.0,1.0,5.0,3.0,0.0,4.0,1.0,430548_1007,0,2017-05-10,14
963,8549.0,404625.0,59439.0,299616.0,55.0,677954,0.0,4.0,2.0,4.0,3.0,0.0,4.0,2.0,430539_1007,0,2017-05-10,22
964,6261.0,138267.0,625.0,447247.0,198.0,867646,0.0,1.0,2.0,1.0,3.0,0.0,3.0,2.0,430539_1007,0,2017-05-06,11
965,11397.0,384502.0,38174.0,369573.0,18.0,545336,0.0,4.0,2.0,4.0,2.0,0.0,2.0,2.0,430548_1007,0,2017-05-09,6
965,11397.0,384502.0,38174.0,369573.0,18.0,682495,0.0,5.0,2.0,5.0,3.0,0.0,2.0,1.0,430548_1007,0,2017-05-13,7
965,11397.0,384502.0,38174.0,369573.0,18.0,283899,0.0,3.0,2.0,3.0,3.0,0.0,2.0,2.0,430548_1007,0,2017-05-12,11
965,11397.0,384502.0,38174.0,369573.0,18.0,220937,67.0,9.0,1.0,3.0,3.0,0.0,4.0,2.0,430548_1007,0,2017-05-06,11
966,12282.0,403855.0,58623.0,406171.0,8.0,872041,0.0,8.0,1.0,2.0,3.0,0.0,2.0,2.0,430548_1007,0,2017-05-13,12
966,12282.0,403855.0,58623.0,406171.0,8.0,872041,0.0,8.0,1.0,2.0,3.0,0.0,2.0,2.0,430548_1007,0,2017-05-13,11
966,12282.0,403855.0,58623.0,406171.0,8.0,1091953,0.0,4.0,2.0,4.0,3.0,0.0,1.0,3.0,430548_1007,0,2017-05-06,6
966,12282.0,403855.0,58623.0,406171.0,8.0,788150,0.0,9.0,1.0,3.0,3.0,0.0,4.0,2.0,430548_1007,0,2017-05-08,12
966,12282.0,403855.0,58623.0,406171.0,8.0,213943,16.0,3.0,2.0,3.0,3.0,0.0,2.0,1.0,430548_1007,0,2017-05-10,15
966,12282.0,403855.0,58623.0,406171.0,8.0,749102,0.0,9.0,1.0,3.0,3.0,0.0,4.0,2.0,430548_1007,0,2017-05-10,7
966,12282.0,403855.0,58623.0,406171.0,8.0,991322,7.0,2.0,2.0,2.0,3.0,0.0,2.0,1.0,430548_1007,0,2017-05-11,13
967,9154.0,260102.0,3771.0,104889.0,198.0,909401,0.0,5.0,2.0,5.0,1.0,0.0,2.0,1.0,430539_1007,0,2017-05-13,15
987,3017.0,393834.0,47910.0,181325.0,1480.0,16467,20.0,3.0,2.0,3.0,3.0,0.0,4.0,1.0,430539_1007,0,2017-05-06,6
990,10488.0,380314.0,37134.0,353787.0,58.0,1016233,16.0,3.0,2.0,3.0,3.0,0.0,2.0,1.0,430548_1007,0,2017-05-09,4
1000,10067.0,134671.0,16287.0,282957.0,35.0,486643,88.0,11.0,1.0,5.0,3.0,0.0,2.0,1.0,430548_1007,0,2017-05-07,14
1017,8028.0,403620.0,58353.0,396637.0,6.0,1098235,0.0,5.0,2.0,5.0,3.0,0.0,2.0,2.0,430548_1007,0,2017-05-09,7
1017,8028.0,403620.0,58353.0,396637.0,6.0,366579,0.0,4.0,2.0,4.0,3.0,0.0,1.0,1.0,430539_1007,0,2017-05-07,22
1017,8028.0,403620.0,58353.0,396637.0,6.0,126535,0.0,4.0,2.0,4.0,3.0,0.0,1.0,1.0,430548_1007,1,2017-05-09,23
1017,8028.0,403620.0,58353.0,396637.0,6.0,713653,0.0,4.0,2.0,4.0,3.0,0.0,2.0,2.0,430539_1007,0,2017-05-09,22
1017,8028.0,403620.0,58353.0,396637.0,6.0,1100831,44.0,5.0,2.0,5.0,3.0,0.0,2.0,2.0,430548_1007,0,2017-05-08,16
1019,4554.0,402519.0,57097.0,208750.0,180.0,1117515,0.0,10.0,1.0,4.0,3.0,0.0,4.0,1.0,430539_1007,0,2017-05-10,3
1019,4554.0,402519.0,57097.0,208750.0,180.0,822581,67.0,9.0,1.0,3.0,3.0,0.0,3.0,2.0,430548_1007,0,2017-05-11,2
1019,4554.0,402519.0,57097.0,208750.0,180.0,1124111,19.0,3.0,2.0,3.0,3.0,0.0,2.0,2.0,430539_1007,0,2017-05-09,11
1019,4554.0,402519.0,57097.0,208750.0,180.0,895195,0.0,9.0,1.0,3.0,1.0,1.0,2.0,1.0,430539_1007,0,2017-05-13,6
1019,4554.0,402519.0,57097.0,208750.0,180.0,678527,66.0,9.0,1.0,3.0,3.0,0.0,2.0,2.0,430539_1007,0,2017-05-10,4
1024,7010.0,405617.0,60508.0,361467.0,10.0,833015,0.0,11.0,1.0,5.0,3.0,0.0,2.0,2.0,430548_1007,0,2017-05-09,3
1038,562.0,162755.0,749.0,73435.0,130.0,883667,0.0,5.0,2.0,5.0,3.0,0.0,2.0,2.0,430548_1007,0,2017-05-13,7
1039,8512.0,405857.0,60771.0,429159.0,300.0,699350,16.0,3.0,2.0,3.0,3.0,0.0,2.0,1.0,430548_1007,0,2017-05-12,4
1039,8512.0,405857.0,60771.0,429159.0,300.0,796393,0.0,10.0,1.0,4.0,3.0,0.0,3.0,2.0,430539_1007,0,2017-05-08,0
1039,8512.0,405857.0,60771.0,429159.0,300.0,729782,0.0,8.0,1.0,2.0,3.0,0.0,2.0,2.0,430548_1007,0,2017-05-09,6
1039,8512.0,405857.0,60771.0,429159.0,300.0,413587,81.0,10.0,1.0,4.0,3.0,0.0,4.0,2.0,430539_1007,0,2017-05-13,5
1039,8512.0,405857.0,60771.0,429159.0,300.0,1066609,0.0,11.0,1.0,5.0,3.0,0.0,3.0,2.0,430539_1007,0,2017-05-08,2
1039,8512.0,405857.0,60771.0,429159.0,300.0,760204,91.0,11.0,1.0,5.0,3.0,0.0,2.0,2.0,430539_1007,0,2017-05-08,0
1039,8512.0,405857.0,60771.0,429159.0,300.0,671429,78.0,10.0,1.0,4.0,3.0,0.0,4.0,1.0,430548_1007,0,2017-05-12,6
1039,8512.0,405857.0,60771.0,429159.0,300.0,671429,78.0,10.0,1.0,4.0,3.0,0.0,4.0,1.0,430548_1007,0,2017-05-10,2
1039,8512.0,405857.0,60771.0,429159.0,300.0,728459,0.0,10.0,1.0,4.0,2.0,0.0,2.0,2.0,430539_1007,0,2017-05-12,6
1039,8512.0,405857.0,60771.0,429159.0,300.0,368662,0.0,9.0,1.0,3.0,2.0,0.0,2.0,2.0,430539_1007,0,2017-05-11,2
1039,8512.0,405857.0,60771.0,429159.0,300.0,272584,35.0,4.0,2.0,4.0,3.0,0.0,2.0,3.0,430548_1007,0,2017-05-11,0
1039,8512.0,405857.0,60771.0,429159.0,300.0,760204,91.0,11.0,1.0,5.0,3.0,0.0,2.0,2.0,430539_1007,0,2017-05-13,7
1039,8512.0,405857.0,60771.0,429159.0,300.0,336479,0.0,9.0,1.0,3.0,3.0,0.0,4.0,1.0,430548_1007,0,2017-05-09,0
1039,8512.0,405857.0,60771.0,429159.0,300.0,796393,0.0,10.0,1.0,4.0,3.0,0.0,3.0,2.0,430539_1007,0,2017-05-11,0
1039,8512.0,405857.0,60771.0,429159.0,300.0,663654,0.0,3.0,2.0,3.0,1.0,0.0,2.0,1.0,430548_1007,0,2017-05-09,7
1039,8512.0,405857.0,60771.0,429159.0,300.0,618976,51.0,7.0,1.0,1.0,3.0,0.0,2.0,2.0,430548_1007,0,2017-05-11,2
1039,8512.0,405857.0,60771.0,429159.0,300.0,927512,0.0,9.0,1.0,3.0,1.0,0.0,2.0,2.0,430539_1007,0,2017-05-12,3
1039,8512.0,405857.0,60771.0,429159.0,300.0,493247,0.0,10.0,1.0,4.0,2.0,0.0,2.0,2.0,430539_1007,0,2017-05-11,6
1039,8512.0,405857.0,60771.0,429159.0,300.0,151219,0.0,2.0,2.0,2.0,3.0,0.0,2.0,1.0,430548_1007,0,2017-05-10,5
1039,8512.0,405857.0,60771.0,429159.0,300.0,684926,0.0,10.0,1.0,4.0,3.0,0.0,2.0,1.0,430539_1007,0,2017-05-11,0
1039,8512.0,405857.0,60771.0,429159.0,300.0,929196,0.0,5.0,2.0,5.0,2.0,0.0,2.0,1.0,430548_1007,0,2017-05-13,9
1039,8512.0,405857.0,60771.0,429159.0,300.0,474821,0.0,11.0,1.0,5.0,3.0,0.0,4.0,2.0,430548_1007,0,2017-05-06,9
1039,8512.0,405857.0,60771.0,429159.0,300.0,463781,65.0,9.0,1.0,3.0,3.0,0.0,4.0,1.0,430548_1007,0,2017-05-10,5
1039,8512.0,405857.0,60771.0,429159.0,300.0,730013,0.0,9.0,1.0,3.0,3.0,0.0,4.0,1.0,430548_1007,0,2017-05-10,4
1039,8512.0,405857.0,60771.0,429159.0,300.0,75198,0.0,11.0,1.0,5.0,1.0,0.0,2.0,1.0,430548_1007,0,2017-05-06,2
1039,8512.0,405857.0,60771.0,429159.0,300.0,894690,0.0,3.0,2.0,3.0,3.0,0.0,1.0,2.0,430539_1007,0,2017-05-08,0
1039,8512.0,405857.0,60771.0,429159.0,300.0,684879,55.0,8.0,1.0,2.0,2.0,0.0,2.0,2.0,430539_1007,0,2017-05-13,8
1039,8512.0,405857.0,60771.0,429159.0,300.0,327088,0.0,9.0,1.0,3.0,2.0,0.0,2.0,1.0,430548_1007,0,2017-05-10,1
1039,8512.0,405857.0,60771.0,429159.0,300.0,265441,0.0,10.0,1.0,4.0,2.0,0.0,2.0,1.0,430548_1007,0,2017-05-13,6
1039,8512.0,405857.0,60771.0,429159.0,300.0,441771,0.0,9.0,1.0,3.0,2.0,0.0,2.0,2.0,430548_1007,0,2017-05-12,5
1039,8512.0,405857.0,60771.0,429159.0,300.0,687581,0.0,9.0,1.0,3.0,3.0,0.0,2.0,2.0,430548_1007,0,2017-05-06,3
1039,8512.0,405857.0,60771.0,429159.0,300.0,267382,0.0,9.0,1.0,3.0,3.0,0.0,2.0,2.0,430548_1007,0,2017-05-06,5
1039,8512.0,405857.0,60771.0,429159.0,300.0,418095,0.0,11.0,1.0,5.0,2.0,0.0,2.0,1.0,430539_1007,0,2017-05-09,1
1039,8512.0,405857.0,60771.0,429159.0,300.0,838910,0.0,9.0,1.0,3.0,3.0,0.0,2.0,3.0,430548_1007,0,2017-05-10,0
1039,8512.0,405857.0,60771.0,429159.0,300.0,348678,60.0,9.0,1.0,3.0,2.0,0.0,2.0,2.0,430539_1007,0,2017-05-13,4
1039,8512.0,405857.0,60771.0,429159.0,300.0,830124,0.0,10.0,1.0,4.0,3.0,0.0,2.0,1.0,430539_1007,0,2017-05-13,0
1039,8512.0,405857.0,60771.0,429159.0,300.0,567710,61.0,9.0,1.0,3.0,2.0,0.0,3.0,2.0,430548_1007,0,2017-05-06,4
1039,8512.0,405857.0,60771.0,429159.0,300.0,808745,78.0,10.0,1.0,4.0,3.0,0.0,3.0,1.0,430548_1007,1,2017-05-08,17
1039,8512.0,405857.0,60771.0,429159.0,300.0,808745,78.0,10.0,1.0,4.0,3.0,0.0,3.0,1.0,430548_1007,0,2017-05-11,3
1039,8512.0,405857.0,60771.0,429159.0,300.0,164545,0.0,10.0,1.0,4.0,3.0,0.0,2.0,2.0,430548_1007,0,2017-05-07,2
1039,8512.0,405857.0,60771.0,429159.0,300.0,567710,61.0,9.0,1.0,3.0,2.0,0.0,3.0,2.0,430548_1007,0,2017-05-09,3
1039,8512.0,405857.0,60771.0,429159.0,300.0,1126477,55.0,8.0,1.0,2.0,2.0,0.0,2.0,2.0,430548_1007,0,2017-05-10,0
1039,8512.0,405857.0,60771.0,429159.0,300.0,1126477,55.0,8.0,1.0,2.0,2.0,0.0,2.0,2.0,430548_1007,0,2017-05-12,16
1039,8512.0,405857.0,60771.0,429159.0,300.0,411751,0.0,11.0,1.0,5.0,1.0,0.0,2.0,2.0,430548_1007,0,2017-05-12,4
1039,8512.0,405857.0,60771.0,429159.0,300.0,411751,0.0,11.0,1.0,5.0,1.0,0.0,2.0,2.0,430548_1007,0,2017-05-12,3
1039,8512.0,405857.0,60771.0,429159.0,300.0,478346,91.0,11.0,1.0,5.0,3.0,0.0,2.0,2.0,430539_1007,0,2017-05-12,5
1039,8512.0,405857.0,60771.0,429159.0,300.0,754086,0.0,11.0,1.0,5.0,3.0,0.0,2.0,1.0,430548_1007,0,2017-05-06,3
1039,8512.0,405857.0,60771.0,429159.0,300.0,839098,65.0,9.0,1.0,3.0,3.0,0.0,3.0,1.0,430539_1007,0,2017-05-07,5
1039,8512.0,405857.0,60771.0,429159.0,300.0,41306,51.0,7.0,1.0,1.0,3.0,0.0,1.0,2.0,430539_1007,0,2017-05-12,2
1039,8512.0,405857.0,60771.0,429159.0,300.0,156622,0.0,9.0,1.0,3.0,3.0,0.0,2.0,1.0,430539_1007,0,2017-05-06,6
1039,8512.0,405857.0,60771.0,429159.0,300.0,555475,0.0,9.0,1.0,3.0,3.0,0.0,2.0,2.0,430548_1007,0,2017-05-06,7
1039,8512.0,405857.0,60771.0,429159.0,300.0,854678,56.0,8.0,1.0,2.0,3.0,0.0,2.0,1.0,430539_1007,1,2017-05-12,7
1039,8512.0,405857.0,60771.0,429159.0,300.0,190502,57.0,8.0,1.0,2.0,3.0,0.0,4.0,2.0,430539_1007,0,2017-05-13,5
1039,8512.0,405857.0,60771.0,429159.0,300.0,892129,0.0,10.0,1.0,4.0,3.0,0.0,2.0,2.0,430539_1007,0,2017-05-13,2
1039,8512.0,405857.0,60771.0,429159.0,300.0,854678,56.0,8.0,1.0,2.0,3.0,0.0,2.0,1.0,430539_1007,0,2017-05-09,2
1039,8512.0,405857.0,60771.0,429159.0,300.0,708725,80.0,10.0,1.0,4.0,3.0,0.0,2.0,2.0,430539_1007,0,2017-05-10,7
1039,8512.0,405857.0,60771.0,429159.0,300.0,101148,80.0,10.0,1.0,4.0,3.0,0.0,2.0,2.0,430548_1007,0,2017-05-09,5
1039,8512.0,405857.0,60771.0,429159.0,300.0,389304,57.0,8.0,1.0,2.0,3.0,0.0,4.0,1.0,430548_1007,0,2017-05-13,4
1039,8512.0,405857.0,60771.0,429159.0,300.0,1131847,91.0,11.0,1.0,5.0,3.0,0.0,2.0,2.0,430548_1007,1,2017-05-08,8
1039,8512.0,405857.0,60771.0,429159.0,300.0,1085524,57.0,8.0,1.0,2.0,3.0,0.0,4.0,2.0,430548_1007,0,2017-05-08,2
1039,8512.0,405857.0,60771.0,429159.0,300.0,1085524,57.0,8.0,1.0,2.0,3.0,0.0,4.0,2.0,430548_1007,0,2017-05-13,2
1039,8512.0,405857.0,60771.0,429159.0,300.0,107782,0.0,7.0,1.0,1.0,2.0,0.0,2.0,1.0,430539_1007,1,2017-05-10,3
1039,8512.0,405857.0,60771.0,429159.0,300.0,386426,0.0,10.0,1.0,4.0,3.0,0.0,4.0,2.0,430548_1007,0,2017-05-06,3
1039,8512.0,405857.0,60771.0,429159.0,300.0,185099,0.0,7.0,1.0,1.0,3.0,1.0,2.0,1.0,430539_1007,0,2017-05-11,5
1039,8512.0,405857.0,60771.0,429159.0,300.0,182269,0.0,10.0,1.0,4.0,1.0,0.0,2.0,1.0,430539_1007,0,2017-05-07,7
1039,8512.0,405857.0,60771.0,429159.0,300.0,542451,20.0,3.0,2.0,3.0,3.0,0.0,3.0,2.0,430539_1007,0,2017-05-13,8
1039,8512.0,405857.0,60771.0,429159.0,300.0,291025,51.0,7.0,1.0,1.0,3.0,0.0,2.0,2.0,430539_1007,0,2017-05-13,8
1039,8512.0,405857.0,60771.0,429159.0,300.0,1039580,0.0,9.0,1.0,3.0,1.0,0.0,2.0,1.0,430548_1007,0,2017-05-07,9
1039,8512.0,405857.0,60771.0,429159.0,300.0,1139604,0.0,11.0,1.0,5.0,3.0,0.0,4.0,1.0,430548_1007,1,2017-05-13,0
1039,8512.0,405857.0,60771.0,429159.0,300.0,1052522,0.0,9.0,1.0,3.0,3.0,0.0,4.0,2.0,430539_1007,0,2017-05-09,10
1039,8512.0,405857.0,60771.0,429159.0,300.0,129733,0.0,10.0,1.0,4.0,3.0,0.0,2.0,2.0,430548_1007,0,2017-05-11,7
1039,8512.0,405857.0,60771.0,429159.0,300.0,889054,0.0,9.0,1.0,3.0,3.0,0.0,2.0,2.0,430539_1007,0,2017-05-11,5
1039,8512.0,405857.0,60771.0,429159.0,300.0,677374,0.0,10.0,1.0,4.0,3.0,0.0,2.0,2.0,430539_1007,0,2017-05-13,4
1039,8512.0,405857.0,60771.0,429159.0,300.0,346304,0.0,11.0,1.0,5.0,3.0,0.0,2.0,3.0,430548_1007,0,2017-05-07,5
1039,8512.0,405857.0,60771.0,429159.0,300.0,577735,0.0,11.0,1.0,5.0,3.0,0.0,2.0,2.0,430539_1007,0,2017-05-13,0
1039,8512.0,405857.0,60771.0,429159.0,300.0,607760,0.0,10.0,1.0,4.0,3.0,0.0,2.0,1.0,430548_1007,0,2017-05-10,23
1039,8512.0,405857.0,60771.0,429159.0,300.0,607760,0.0,10.0,1.0,4.0,3.0,0.0,2.0,1.0,430548_1007,0,2017-05-07,7
1039,8512.0,405857.0,60771.0,429159.0,300.0,607760,0.0,10.0,1.0,4.0,3.0,0.0,2.0,1.0,430548_1007,0,2017-05-08,22
1039,8512.0,405857.0,60771.0,429159.0,300.0,1002794,68.0,9.0,1.0,3.0,3.0,0.0,2.0,3.0,430548_1007,0,2017-05-07,5
1039,8512.0,405857.0,60771.0,429159.0,300.0,60221,89.0,11.0,1.0,5.0,3.0,0.0,3.0,1.0,430548_1007,0,2017-05-09,4
1039,8512.0,405857.0,60771.0,429159.0,300.0,949984,0.0,10.0,1.0,4.0,1.0,0.0,2.0,1.0,430548_1007,0,2017-05-13,4
1039,8512.0,405857.0,60771.0,429159.0,300.0,628131,0.0,9.0,1.0,3.0,3.0,0.0,4.0,2.0,430548_1007,0,2017-05-10,7
1039,8512.0,405857.0,60771.0,429159.0,300.0,553861,0.0,9.0,1.0,3.0,1.0,0.0,2.0,3.0,430539_1007,0,2017-05-13,7
1039,8512.0,405857.0,60771.0,429159.0,300.0,575841,0.0,9.0,1.0,3.0,3.0,0.0,3.0,2.0,430548_1007,0,2017-05-12,9
1039,8512.0,405857.0,60771.0,429159.0,300.0,628131,0.0,9.0,1.0,3.0,3.0,0.0,4.0,2.0,430548_1007,0,2017-05-07,5
1039,8512.0,405857.0,60771.0,429159.0,300.0,671518,0.0,10.0,1.0,4.0,2.0,0.0,2.0,2.0,430548_1007,1,2017-05-12,9
1039,8512.0,405857.0,60771.0,429159.0,300.0,1098819,34.0,4.0,2.0,4.0,3.0,0.0,3.0,2.0,430548_1007,0,2017-05-10,3
1039,8512.0,405857.0,60771.0,429159.0,300.0,220474,0.0,11.0,1.0,5.0,1.0,0.0,2.0,2.0,430548_1007,0,2017-05-13,8
1039,8512.0,405857.0,60771.0,429159.0,300.0,628131,0.0,9.0,1.0,3.0,3.0,0.0,4.0,2.0,430548_1007,0,2017-05-12,9
1039,8512.0,405857.0,60771.0,429159.0,300.0,450219,0.0,10.0,1.0,4.0,3.0,0.0,2.0,1.0,430548_1007,0,2017-05-13,9
1039,8512.0,405857.0,60771.0,429159.0,300.0,138240,0.0,5.0,2.0,5.0,3.0,0.0,3.0,2.0,430539_1007,0,2017-05-07,10
1039,8512.0,405857.0,60771.0,429159.0,300.0,314556,57.0,8.0,1.0,2.0,3.0,0.0,4.0,2.0,430539_1007,0,2017-05-07,1
1039,8512.0,405857.0,60771.0,429159.0,300.0,314556,57.0,8.0,1.0,2.0,3.0,0.0,4.0,2.0,430539_1007,0,2017-05-11,5
1039,8512.0,405857.0,60771.0,429159.0,300.0,205836,0.0,7.0,1.0,1.0,2.0,0.0,2.0,2.0,430548_1007,0,2017-05-06,4
1039,8512.0,405857.0,60771.0,429159.0,300.0,1113049,0.0,9.0,1.0,3.0,2.0,0.0,4.0,1.0,430548_1007,0,2017-05-06,6
1039,8512.0,405857.0,60771.0,429159.0,300.0,949984,0.0,10.0,1.0,4.0,1.0,0.0,2.0,1.0,430548_1007,0,2017-05-07,2
1039,8512.0,405857.0,60771.0,429159.0,300.0,1123011,83.0,11.0,1.0,5.0,1.0,0.0,2.0,2.0,430539_1007,0,2017-05-08,7
1039,8512.0,405857.0,60771.0,429159.0,300.0,32463,78.0,10.0,1.0,4.0,3.0,0.0,4.0,1.0,430548_1007,0,2017-05-10,7
1039,8512.0,405857.0,60771.0,429159.0,300.0,367821,0.0,5.0,2.0,5.0,2.0,0.0,2.0,1.0,430548_1007,0,2017-05-09,1
1039,8512.0,405857.0,60771.0,429159.0,300.0,24911,0.0,5.0,2.0,5.0,3.0,0.0,2.0,1.0,430548_1007,0,2017-05-11,5
1039,8512.0,405857.0,60771.0,429159.0,300.0,426661,0.0,10.0,1.0,4.0,3.0,0.0,3.0,2.0,430548_1007,1,2017-05-07,8
1039,8512.0,405857.0,60771.0,429159.0,300.0,38556,31.0,4.0,2.0,4.0,3.0,0.0,4.0,1.0,430548_1007,0,2017-05-12,9
1039,8512.0,405857.0,60771.0,429159.0,300.0,795822,0.0,9.0,1.0,3.0,3.0,0.0,1.0,2.0,430539_1007,1,2017-05-08,5
1039,8512.0,405857.0,60771.0,429159.0,300.0,997385,65.0,9.0,1.0,3.0,3.0,0.0,3.0,1.0,430548_1007,0,2017-05-08,19
1039,8512.0,405857.0,60771.0,429159.0,300.0,85215,0.0,9.0,1.0,3.0,3.0,0.0,4.0,1.0,430539_1007,0,2017-05-12,6
1039,8512.0,405857.0,60771.0,429159.0,300.0,1028771,0.0,10.0,1.0,4.0,3.0,0.0,2.0,2.0,430548_1007,0,2017-05-09,3
1039,8512.0,405857.0,60771.0,429159.0,300.0,1028771,0.0,10.0,1.0,4.0,3.0,0.0,2.0,2.0,430548_1007,0,2017-05-12,7
1039,8512.0,405857.0,60771.0,429159.0,300.0,1120478,0.0,8.0,1.0,2.0,3.0,0.0,2.0,2.0,430539_1007,1,2017-05-06,10
1039,8512.0,405857.0,60771.0,429159.0,300.0,368572,92.0,11.0,1.0,5.0,3.0,0.0,4.0,2.0,430548_1007,0,2017-05-09,3
1039,8512.0,405857.0,60771.0,429159.0,300.0,1068370,0.0,3.0,2.0,3.0,2.0,0.0,2.0,1.0,430548_1007,0,2017-05-12,6
1039,8512.0,405857.0,60771.0,429159.0,300.0,1068370,0.0,3.0,2.0,3.0,2.0,0.0,2.0,1.0,430548_1007,0,2017-05-09,6
1039,8512.0,405857.0,60771.0,429159.0,300.0,988542,0.0,8.0,1.0,2.0,3.0,0.0,2.0,2.0,430548_1007,0,2017-05-06,4
1039,8512.0,405857.0,60771.0,429159.0,300.0,953644,0.0,11.0,1.0,5.0,1.0,0.0,2.0,1.0,430548_1007,0,2017-05-12,7
1039,8512.0,405857.0,60771.0,429159.0,300.0,193756,0.0,10.0,1.0,4.0,1.0,0.0,2.0,1.0,430548_1007,0,2017-05-09,0
1039,8512.0,405857.0,60771.0,429159.0,300.0,827766,0.0,9.0,1.0,3.0,3.0,0.0,3.0,2.0,430539_1007,0,2017-05-08,4
1039,8512.0,405857.0,60771.0,429159.0,300.0,690420,56.0,8.0,1.0,2.0,3.0,0.0,2.0,2.0,430548_1007,0,2017-05-07,0
1039,8512.0,405857.0,60771.0,429159.0,300.0,689808,66.0,9.0,1.0,3.0,3.0,0.0,2.0,2.0,430539_1007,0,2017-05-07,7
1039,8512.0,405857.0,60771.0,429159.0,300.0,218140,0.0,10.0,1.0,4.0,3.0,0.0,2.0,2.0,430548_1007,0,2017-05-09,10
1039,8512.0,405857.0,60771.0,429159.0,300.0,690595,92.0,11.0,1.0,5.0,3.0,0.0,4.0,2.0,430548_1007,0,2017-05-07,9
1039,8512.0,405857.0,60771.0,429159.0,300.0,613240,0.0,9.0,1.0,3.0,3.0,0.0,4.0,1.0,430548_1007,0,2017-05-07,5
1039,8512.0,405857.0,60771.0,429159.0,300.0,116045,80.0,10.0,1.0,4.0,3.0,0.0,2.0,2.0,430539_1007,0,2017-05-09,7
1039,8512.0,405857.0,60771.0,429159.0,300.0,1084052,0.0,10.0,1.0,4.0,3.0,0.0,3.0,2.0,430539_1007,0,2017-05-12,6
1039,8512.0,405857.0,60771.0,429159.0,300.0,925465,0.0,10.0,1.0,4.0,2.0,0.0,2.0,2.0,430539_1007,0,2017-05-12,6
1039,8512.0,405857.0,60771.0,429159.0,300.0,889392,0.0,9.0,1.0,3.0,3.0,0.0,2.0,1.0,430548_1007,0,2017-05-12,8
1039,8512.0,405857.0,60771.0,429159.0,300.0,690595,92.0,11.0,1.0,5.0,3.0,0.0,4.0,2.0,430548_1007,0,2017-05-09,6
1039,8512.0,405857.0,60771.0,429159.0,300.0,1095000,0.0,9.0,1.0,3.0,3.0,0.0,2.0,1.0,430548_1007,1,2017-05-12,5
1039,8512.0,405857.0,60771.0,429159.0,300.0,727808,64.0,9.0,1.0,3.0,3.0,0.0,2.0,1.0,430539_1007,0,2017-05-13,5
1039,8512.0,405857.0,60771.0,429159.0,300.0,1075916,0.0,10.0,1.0,4.0,3.0,0.0,2.0,1.0,430539_1007,1,2017-05-09,1
1039,8512.0,405857.0,60771.0,429159.0,300.0,393870,0.0,5.0,2.0,5.0,2.0,0.0,3.0,1.0,430539_1007,1,2017-05-10,7
1039,8512.0,405857.0,60771.0,429159.0,300.0,77074,0.0,8.0,1.0,2.0,2.0,0.0,2.0,2.0,430548_1007,0,2017-05-11,6
1039,8512.0,405857.0,60771.0,429159.0,300.0,921711,0.0,9.0,1.0,3.0,3.0,0.0,2.0,3.0,430548_1007,0,2017-05-09,9
1039,8512.0,405857.0,60771.0,429159.0,300.0,679,0.0,9.0,1.0,3.0,2.0,0.0,2.0,2.0,430539_1007,0,2017-05-12,2
1039,8512.0,405857.0,60771.0,429159.0,300.0,141363,56.0,8.0,1.0,2.0,3.0,0.0,2.0,2.0,430539_1007,0,2017-05-06,23
1039,8512.0,405857.0,60771.0,429159.0,300.0,83713,0.0,10.0,1.0,4.0,3.0,0.0,2.0,2.0,430548_1007,0,2017-05-09,8
1039,8512.0,405857.0,60771.0,429159.0,300.0,256118,0.0,10.0,1.0,4.0,2.0,0.0,2.0,2.0,430548_1007,0,2017-05-09,2
1039,8512.0,405857.0,60771.0,429159.0,300.0,48017,67.0,9.0,1.0,3.0,3.0,0.0,3.0,2.0,430548_1007,0,2017-05-07,5
1039,8512.0,405857.0,60771.0,429159.0,300.0,817894,67.0,9.0,1.0,3.0,3.0,0.0,4.0,2.0,430539_1007,0,2017-05-10,4
1039,8512.0,405857.0,60771.0,429159.0,300.0,432968,56.0,8.0,1.0,2.0,3.0,0.0,1.0,2.0,430539_1007,0,2017-05-07,6
1039,8512.0,405857.0,60771.0,429159.0,300.0,975812,81.0,10.0,1.0,4.0,3.0,0.0,4.0,2.0,430539_1007,0,2017-05-10,1
1039,8512.0,405857.0,60771.0,429159.0,300.0,975812,81.0,10.0,1.0,4.0,3.0,0.0,4.0,2.0,430539_1007,0,2017-05-06,2
1039,8512.0,405857.0,60771.0,429159.0,300.0,1086092,0.0,10.0,1.0,4.0,1.0,0.0,2.0,2.0,430548_1007,0,2017-05-13,2
1039,8512.0,405857.0,60771.0,429159.0,300.0,173557,0.0,10.0,1.0,4.0,3.0,0.0,2.0,1.0,430548_1007,0,2017-05-11,0
1039,8512.0,405857.0,60771.0,429159.0,300.0,286826,0.0,9.0,1.0,3.0,1.0,0.0,2.0,1.0,430548_1007,0,2017-05-13,4
1039,8512.0,405857.0,60771.0,429159.0,300.0,1049292,81.0,10.0,1.0,4.0,3.0,0.0,3.0,2.0,430539_1007,0,2017-05-06,5
1039,8512.0,405857.0,60771.0,429159.0,300.0,1049292,81.0,10.0,1.0,4.0,3.0,0.0,3.0,2.0,430539_1007,0,2017-05-09,5
1039,8512.0,405857.0,60771.0,429159.0,300.0,1031495,66.0,9.0,1.0,3.0,3.0,0.0,2.0,2.0,430539_1007,0,2017-05-07,3
1039,8512.0,405857.0,60771.0,429159.0,300.0,991368,0.0,3.0,2.0,3.0,2.0,0.0,2.0,1.0,430548_1007,0,2017-05-07,2
1039,8512.0,405857.0,60771.0,429159.0,300.0,1022230,0.0,10.0,1.0,4.0,3.0,0.0,2.0,2.0,430539_1007,0,2017-05-07,0
1039,8512.0,405857.0,60771.0,429159.0,300.0,1022230,0.0,10.0,1.0,4.0,3.0,0.0,2.0,2.0,430539_1007,0,2017-05-09,7
1039,8512.0,405857.0,60771.0,429159.0,300.0,306400,0.0,9.0,1.0,3.0,3.0,0.0,2.0,2.0,430539_1007,0,2017-05-10,2
1039,8512.0,405857.0,60771.0,429159.0,300.0,31437,0.0,9.0,1.0,3.0,2.0,0.0,2.0,2.0,430539_1007,0,2017-05-12,5
1039,8512.0,405857.0,60771.0,429159.0,300.0,1048433,96.0,12.0,1.0,6.0,3.0,0.0,2.0,2.0,430539_1007,0,2017-05-08,0
1039,8512.0,405857.0,60771.0,429159.0,300.0,901610,33.0,4.0,2.0,4.0,3.0,0.0,2.0,2.0,430539_1007,1,2017-05-13,5
1039,8512.0,405857.0,60771.0,429159.0,300.0,1075916,0.0,10.0,1.0,4.0,3.0,0.0,2.0,1.0,430539_1007,0,2017-05-11,1
1039,8512.0,405857.0,60771.0,429159.0,300.0,901610,33.0,4.0,2.0,4.0,3.0,0.0,2.0,2.0,430539_1007,0,2017-05-08,6
1039,8512.0,405857.0,60771.0,429159.0,300.0,1075916,0.0,10.0,1.0,4.0,3.0,0.0,2.0,1.0,430539_1007,0,2017-05-10,2
1039,8512.0,405857.0,60771.0,429159.0,300.0,654224,88.0,11.0,1.0,5.0,3.0,0.0,2.0,1.0,430539_1007,0,2017-05-10,16
1039,8512.0,405857.0,60771.0,429159.0,300.0,36157,20.0,3.0,2.0,3.0,3.0,0.0,3.0,2.0,430548_1007,0,2017-05-11,3
1039,8512.0,405857.0,60771.0,429159.0,300.0,36157,20.0,3.0,2.0,3.0,3.0,0.0,3.0,2.0,430539_1007,0,2017-05-10,0
1039,8512.0,405857.0,60771.0,429159.0,300.0,36157,20.0,3.0,2.0,3.0,3.0,0.0,3.0,2.0,430548_1007,0,2017-05-06,5
1039,8512.0,405857.0,60771.0,429159.0,300.0,985640,0.0,9.0,1.0,3.0,2.0,0.0,2.0,1.0,430548_1007,0,2017-05-12,7
1039,8512.0,405857.0,60771.0,429159.0,300.0,586344,92.0,11.0,1.0,5.0,3.0,0.0,4.0,2.0,430539_1007,0,2017-05-07,1
1039,8512.0,405857.0,60771.0,429159.0,300.0,289576,0.0,11.0,1.0,5.0,2.0,0.0,2.0,1.0,430548_1007,0,2017-05-12,4
1039,8512.0,405857.0,60771.0,429159.0,300.0,1070111,0.0,9.0,1.0,3.0,3.0,0.0,2.0,3.0,430539_1007,0,2017-05-06,4
1039,8512.0,405857.0,60771.0,429159.0,300.0,943865,0.0,10.0,1.0,4.0,1.0,0.0,2.0,2.0,430548_1007,0,2017-05-11,8
1039,8512.0,405857.0,60771.0,429159.0,300.0,793741,0.0,9.0,1.0,3.0,2.0,0.0,2.0,2.0,430548_1007,0,2017-05-11,0
1039,8512.0,405857.0,60771.0,429159.0,300.0,497098,0.0,11.0,1.0,5.0,2.0,0.0,2.0,3.0,430539_1007,0,2017-05-10,4
1039,8512.0,405857.0,60771.0,429159.0,300.0,130552,0.0,9.0,1.0,3.0,1.0,0.0,2.0,1.0,430548_1007,0,2017-05-11,9
1042,7620.0,405864.0,32278.0,229060.0,1.1,808410,92.0,11.0,1.0,5.0,3.0,0.0,3.0,2.0,430548_1007,0,2017-05-10,13
1042,7620.0,405864.0,32278.0,229060.0,1.1,701178,46.0,5.0,2.0,5.0,3.0,0.0,1.0,3.0,430548_1007,0,2017-05-10,17
1042,7620.0,405864.0,32278.0,229060.0,1.1,772773,49.0,6.0,2.0,6.0,3.0,0.0,2.0,2.0,430539_1007,0,2017-05-10,16
1042,7620.0,405864.0,32278.0,229060.0,1.1,1136097,66.0,9.0,1.0,3.0,3.0,0.0,2.0,1.0,430548_1007,0,2017-05-10,14
1042,7620.0,405864.0,32278.0,229060.0,1.1,597526,0.0,12.0,1.0,6.0,2.0,0.0,1.0,2.0,430548_1007,0,2017-05-11,2
1042,7620.0,405864.0,32278.0,229060.0,1.1,327088,0.0,9.0,1.0,3.0,2.0,0.0,2.0,1.0,430548_1007,0,2017-05-11,0
1042,7620.0,405864.0,32278.0,229060.0,1.1,881321,0.0,9.0,1.0,3.0,3.0,0.0,2.0,2.0,430548_1007,0,2017-05-11,9
1042,7620.0,405864.0,32278.0,229060.0,1.1,914119,0.0,10.0,1.0,4.0,3.0,0.0,2.0,2.0,430548_1007,0,2017-05-10,9
1043,4642.0,209616.0,20301.0,336362.0,698.0,620696,45.0,5.0,2.0,5.0,3.0,0.0,3.0,2.0,430548_1007,0,2017-05-12,23
1043,4642.0,209616.0,20301.0,336362.0,698.0,741175,89.0,11.0,1.0,5.0,3.0,0.0,4.0,1.0,430548_1007,0,2017-05-13,10
1043,4642.0,209616.0,20301.0,336362.0,698.0,774239,0.0,10.0,1.0,4.0,3.0,0.0,2.0,2.0,430548_1007,0,2017-05-13,15
1046,10072.0,207935.0,30101.0,87601.0,55.0,648385,0.0,11.0,1.0,5.0,2.0,0.0,2.0,1.0,430548_1007,0,2017-05-12,6
1046,10072.0,207935.0,30101.0,87601.0,55.0,502145,0.0,9.0,1.0,3.0,2.0,0.0,2.0,1.0,430548_1007,0,2017-05-13,11
1046,10072.0,207935.0,30101.0,87601.0,55.0,1020845,92.0,11.0,1.0,5.0,3.0,0.0,3.0,1.0,430539_1007,0,2017-05-06,11
1046,10072.0,207935.0,30101.0,87601.0,55.0,713125,0.0,11.0,1.0,5.0,3.0,0.0,1.0,2.0,430548_1007,0,2017-05-12,17
1046,10072.0,207935.0,30101.0,87601.0,55.0,776518,0.0,11.0,1.0,5.0,3.0,0.0,2.0,2.0,430548_1007,0,2017-05-10,17
1046,10072.0,207935.0,30101.0,87601.0,55.0,215316,0.0,11.0,1.0,5.0,3.0,0.0,3.0,1.0,430548_1007,0,2017-05-11,9
1049,7021.0,372699.0,36989.0,20872.0,3100.0,531490,0.0,2.0,2.0,2.0,3.0,1.0,2.0,2.0,430539_1007,0,2017-05-11,5
1049,7021.0,372699.0,36989.0,20872.0,3100.0,1050856,0.0,11.0,1.0,5.0,3.0,0.0,3.0,2.0,430548_1007,0,2017-05-06,7
1049,7021.0,372699.0,36989.0,20872.0,3100.0,172962,0.0,9.0,1.0,3.0,3.0,0.0,2.0,1.0,430539_1007,0,2017-05-08,10
1049,7021.0,372699.0,36989.0,20872.0,3100.0,172962,0.0,9.0,1.0,3.0,3.0,0.0,2.0,1.0,430539_1007,0,2017-05-06,3
1054,7820.0,405933.0,56076.0,229630.0,1058.0,662832,33.0,4.0,2.0,4.0,3.0,0.0,2.0,2.0,430539_1007,0,2017-05-08,2
1056,8338.0,401986.0,56534.0,259458.0,680.0,534046,0.0,11.0,1.0,5.0,3.0,0.0,2.0,2.0,430548_1007,0,2017-05-07,18
1060,11418.0,247733.0,33913.0,238255.0,37.0,507350,0.0,8.0,1.0,2.0,3.0,1.0,1.0,2.0,430548_1007,0,2017-05-08,8
1064,7550.0,397020.0,51575.0,448234.0,199.0,792935,45.0,5.0,2.0,5.0,3.0,0.0,3.0,2.0,430548_1007,0,2017-05-13,1
1067,5267.0,137346.0,19566.0,435084.0,26.0,912398,0.0,8.0,1.0,2.0,3.0,0.0,2.0,2.0,430539_1007,0,2017-05-09,14
1070,990.0,393690.0,48050.0,49571.0,462.2,525589,92.0,11.0,1.0,5.0,3.0,0.0,3.0,2.0,430548_1007,0,2017-05-12,11
1070,990.0,393690.0,48050.0,49571.0,462.2,290451,0.0,10.0,1.0,4.0,3.0,0.0,4.0,2.0,430548_1007,0,2017-05-08,9
1096,7023.0,398698.0,53319.0,112556.0,38.5,751268,0.0,10.0,1.0,4.0,3.0,0.0,4.0,1.0,430548_1007,0,2017-05-07,13
1100,8973.0,84226.0,276.0,15993.0,42.0,197659,0.0,7.0,1.0,1.0,3.0,0.0,2.0,1.0,430548_1007,0,2017-05-09,13
1105,4384.0,401424.0,25372.0,379222.0,58.0,984507,19.0,3.0,2.0,3.0,3.0,0.0,2.0,2.0,430548_1007,0,2017-05-12,8
1106,5861.0,406250.0,27472.0,281116.0,700.0,211251,0.0,8.0,1.0,2.0,3.0,0.0,2.0,1.0,430539_1007,0,2017-05-06,1
1106,5861.0,406250.0,27472.0,281116.0,700.0,335980,41.0,5.0,2.0,5.0,3.0,0.0,2.0,1.0,430548_1007,0,2017-05-09,12
1106,5861.0,406250.0,27472.0,281116.0,700.0,707511,44.0,5.0,2.0,5.0,3.0,0.0,2.0,2.0,430548_1007,0,2017-05-12,4
1106,5861.0,406250.0,27472.0,281116.0,700.0,750476,91.0,11.0,1.0,5.0,3.0,0.0,2.0,2.0,430548_1007,0,2017-05-12,8
1106,5861.0,406250.0,27472.0,281116.0,700.0,242781,17.0,3.0,2.0,3.0,3.0,0.0,3.0,1.0,430539_1007,0,2017-05-12,5
1106,5861.0,406250.0,27472.0,281116.0,700.0,307793,0.0,5.0,2.0,5.0,3.0,0.0,3.0,1.0,430548_1007,0,2017-05-11,12
1106,5861.0,406250.0,27472.0,281116.0,700.0,122110,30.0,4.0,2.0,4.0,3.0,0.0,2.0,1.0,430539_1007,0,2017-05-11,4
1106,5861.0,406250.0,27472.0,281116.0,700.0,672488,67.0,9.0,1.0,3.0,3.0,0.0,4.0,2.0,430539_1007,0,2017-05-10,12
1106,5861.0,406250.0,27472.0,281116.0,700.0,628881,35.0,4.0,2.0,4.0,3.0,0.0,2.0,2.0,430539_1007,0,2017-05-12,4
1106,5861.0,406250.0,27472.0,281116.0,700.0,397539,5.0,2.0,2.0,2.0,3.0,1.0,2.0,2.0,430539_1007,0,2017-05-11,9
1106,5861.0,406250.0,27472.0,281116.0,700.0,4926,66.0,9.0,1.0,3.0,3.0,0.0,1.0,2.0,430548_1007,0,2017-05-06,5
1106,5861.0,406250.0,27472.0,281116.0,700.0,549109,0.0,5.0,2.0,5.0,3.0,0.0,3.0,1.0,430548_1007,0,2017-05-10,13
1106,5861.0,406250.0,27472.0,281116.0,700.0,46447,0.0,3.0,2.0,3.0,3.0,0.0,1.0,2.0,430539_1007,0,2017-05-08,12
1117,6446.0,219832.0,31329.0,425589.0,62.0,432055,0.0,10.0,1.0,4.0,3.0,0.0,2.0,3.0,430539_1007,0,2017-05-08,12
1117,6446.0,219832.0,31329.0,425589.0,62.0,432055,0.0,10.0,1.0,4.0,3.0,0.0,2.0,3.0,430539_1007,0,2017-05-07,21
1117,6446.0,219832.0,31329.0,425589.0,62.0,432055,0.0,10.0,1.0,4.0,3.0,0.0,2.0,3.0,430539_1007,0,2017-05-08,7
1118,6446.0,219832.0,31329.0,425589.0,59.0,432055,0.0,10.0,1.0,4.0,3.0,0.0,2.0,3.0,430539_1007,0,2017-05-08,7
1120,6446.0,219832.0,31329.0,425589.0,188.0,197185,0.0,8.0,1.0,2.0,3.0,0.0,1.0,2.0,430548_1007,0,2017-05-06,0
1127,4755.0,386127.0,39899.0,180425.0,58.8,1005727,77.0,10.0,1.0,4.0,3.0,0.0,2.0,1.0,430539_1007,0,2017-05-11,7
1127,4755.0,386127.0,39899.0,180425.0,58.8,801382,0.0,3.0,2.0,3.0,3.0,0.0,2.0,1.0,430548_1007,0,2017-05-06,4
1128,877.0,144512.0,23375.0,212293.0,185.0,865251,0.0,5.0,2.0,5.0,3.0,0.0,2.0,2.0,430548_1007,0,2017-05-13,9
1129,5442.0,132356.0,11031.0,450535.0,6.0,555949,0.0,3.0,2.0,3.0,3.0,0.0,2.0,1.0,430539_1007,0,2017-05-11,15
1130,382.0,127225.0,4723.0,230280.0,24.0,383239,81.0,10.0,1.0,4.0,3.0,0.0,4.0,2.0,430548_1007,0,2017-05-06,2
1130,382.0,127225.0,4723.0,230280.0,24.0,670384,33.0,4.0,2.0,4.0,3.0,0.0,2.0,2.0,430548_1007,0,2017-05-07,7
1130,382.0,127225.0,4723.0,230280.0,24.0,11224,81.0,10.0,1.0,4.0,3.0,0.0,3.0,2.0,430548_1007,0,2017-05-10,0
1130,382.0,127225.0,4723.0,230280.0,24.0,11224,81.0,10.0,1.0,4.0,3.0,0.0,3.0,2.0,430548_1007,0,2017-05-08,3
1130,382.0,127225.0,4723.0,230280.0,24.0,1000418,8.0,2.0,2.0,2.0,3.0,0.0,4.0,1.0,430548_1007,0,2017-05-08,23
1130,382.0,127225.0,4723.0,230280.0,24.0,11224,81.0,10.0,1.0,4.0,3.0,0.0,3.0,2.0,430548_1007,0,2017-05-06,0
1130,382.0,127225.0,4723.0,230280.0,24.0,1003181,0.0,2.0,2.0,2.0,3.0,0.0,2.0,1.0,430548_1007,0,2017-05-07,2
1130,382.0,127225.0,4723.0,230280.0,24.0,682389,0.0,3.0,2.0,3.0,2.0,0.0,2.0,1.0,430539_1007,0,2017-05-06,5
1132,10912.0,134801.0,16561.0,183427.0,221.0,167152,0.0,4.0,2.0,4.0,3.0,0.0,2.0,1.0,430539_1007,0,2017-05-10,7
1132,10912.0,134801.0,16561.0,183427.0,221.0,11983,0.0,3.0,2.0,3.0,3.0,0.0,3.0,1.0,430539_1007,0,2017-05-08,1
1132,10912.0,134801.0,16561.0,183427.0,221.0,367883,0.0,3.0,2.0,3.0,2.0,0.0,2.0,1.0,430548_1007,0,2017-05-12,14
1132,10912.0,134801.0,16561.0,183427.0,221.0,1049925,0.0,5.0,2.0,5.0,3.0,0.0,2.0,2.0,430539_1007,0,2017-05-09,12
1135,12289.0,403631.0,58357.0,235358.0,126.0,76558,0.0,10.0,1.0,4.0,3.0,0.0,2.0,2.0,430548_1007,0,2017-05-11,19
1137,5400.0,254641.0,34682.0,120418.0,0.8,978550,0.0,9.0,1.0,3.0,3.0,1.0,2.0,2.0,430539_1007,0,2017-05-07,11
1141,5271.0,397854.0,52467.0,2999.0,153.0,282118,57.0,8.0,1.0,2.0,3.0,0.0,3.0,1.0,430539_1007,0,2017-05-09,2
1141,5271.0,397854.0,52467.0,2999.0,153.0,891635,0.0,11.0,1.0,5.0,1.0,0.0,2.0,1.0,430548_1007,0,2017-05-08,3
1141,5271.0,397854.0,52467.0,2999.0,153.0,987457,0.0,10.0,1.0,4.0,3.0,0.0,2.0,1.0,430539_1007,0,2017-05-07,3
1141,5271.0,397854.0,52467.0,2999.0,153.0,1005654,66.0,9.0,1.0,3.0,3.0,0.0,2.0,2.0,430548_1007,0,2017-05-10,4
1141,5271.0,397854.0,52467.0,2999.0,153.0,109208,0.0,11.0,1.0,5.0,2.0,0.0,2.0,1.0,430548_1007,1,2017-05-11,2
1141,5271.0,397854.0,52467.0,2999.0,153.0,805503,0.0,9.0,1.0,3.0,2.0,0.0,2.0,1.0,430548_1007,0,2017-05-13,4
1141,5271.0,397854.0,52467.0,2999.0,153.0,775302,0.0,9.0,1.0,3.0,3.0,0.0,4.0,2.0,430548_1007,0,2017-05-08,4
1142,8876.0,384037.0,37614.0,255066.0,160.0,176682,0.0,9.0,1.0,3.0,3.0,0.0,2.0,2.0,430548_1007,0,2017-05-09,1
1142,8876.0,384037.0,37614.0,255066.0,160.0,522431,16.0,3.0,2.0,3.0,3.0,0.0,2.0,1.0,430548_1007,0,2017-05-09,12
1142,8876.0,384037.0,37614.0,255066.0,160.0,247770,0.0,3.0,2.0,3.0,1.0,0.0,2.0,2.0,430548_1007,0,2017-05-07,13
1142,8876.0,384037.0,37614.0,255066.0,160.0,649571,0.0,4.0,2.0,4.0,3.0,0.0,2.0,2.0,430548_1007,0,2017-05-09,2
1142,8876.0,384037.0,37614.0,255066.0,160.0,666941,0.0,5.0,2.0,5.0,2.0,0.0,2.0,2.0,430548_1007,0,2017-05-07,8
1142,8876.0,384037.0,37614.0,255066.0,160.0,632519,92.0,11.0,1.0,5.0,3.0,0.0,4.0,2.0,430548_1007,0,2017-05-08,14
1142,8876.0,384037.0,37614.0,255066.0,160.0,352623,0.0,5.0,2.0,5.0,3.0,0.0,3.0,2.0,430539_1007,0,2017-05-06,12
1142,8876.0,384037.0,37614.0,255066.0,160.0,555509,19.0,3.0,2.0,3.0,3.0,0.0,2.0,2.0,430539_1007,0,2017-05-06,15
1142,8876.0,384037.0,37614.0,255066.0,160.0,289108,0.0,11.0,1.0,5.0,1.0,0.0,2.0,1.0,430548_1007,0,2017-05-06,6
1142,8876.0,384037.0,37614.0,255066.0,160.0,128674,0.0,11.0,1.0,5.0,3.0,0.0,2.0,1.0,430548_1007,0,2017-05-06,12
1142,8876.0,384037.0,37614.0,255066.0,160.0,720980,0.0,5.0,2.0,5.0,3.0,0.0,2.0,1.0,430548_1007,0,2017-05-08,9
1142,8876.0,384037.0,37614.0,255066.0,160.0,1060176,0.0,4.0,2.0,4.0,3.0,0.0,2.0,2.0,430539_1007,0,2017-05-08,13
1151,6709.0,399611.0,54267.0,383023.0,3.0,953074,0.0,8.0,1.0,2.0,1.0,0.0,2.0,1.0,430548_1007,0,2017-05-06,22
1151,6709.0,399611.0,54267.0,383023.0,3.0,55377,0.0,3.0,2.0,3.0,3.0,0.0,2.0,2.0,430548_1007,0,2017-05-07,16
1151,6709.0,399611.0,54267.0,383023.0,3.0,915804,43.0,5.0,2.0,5.0,3.0,0.0,1.0,2.0,430548_1007,0,2017-05-09,22
1154,541.0,131286.0,8528.0,230189.0,120.0,316747,31.0,4.0,2.0,4.0,3.0,0.0,3.0,1.0,430548_1007,0,2017-05-09,19
1154,541.0,131286.0,8528.0,230189.0,120.0,338466,45.0,5.0,2.0,5.0,3.0,0.0,4.0,3.0,430548_1007,0,2017-05-07,23
1154,541.0,131286.0,8528.0,230189.0,120.0,637131,16.0,3.0,2.0,3.0,3.0,0.0,2.0,1.0,430539_1007,0,2017-05-08,7
1154,541.0,131286.0,8528.0,230189.0,120.0,55524,20.0,3.0,2.0,3.0,3.0,0.0,3.0,2.0,430539_1007,0,2017-05-08,15
1156,10694.0,126868.0,4633.0,387966.0,6.0,705916,0.0,6.0,2.0,6.0,2.0,0.0,2.0,2.0,430548_1007,0,2017-05-11,7
1156,10694.0,126868.0,4633.0,387966.0,6.0,652175,0.0,5.0,2.0,5.0,3.0,0.0,2.0,3.0,430548_1007,0,2017-05-11,12
1156,10694.0,126868.0,4633.0,387966.0,6.0,21933,0.0,10.0,1.0,4.0,3.0,0.0,2.0,2.0,430548_1007,0,2017-05-12,4
1156,10694.0,126868.0,4633.0,387966.0,6.0,911937,0.0,4.0,2.0,4.0,3.0,0.0,4.0,1.0,430539_1007,0,2017-05-11,9
1156,10694.0,126868.0,4633.0,387966.0,6.0,923518,0.0,11.0,1.0,5.0,1.0,0.0,2.0,2.0,430548_1007,0,2017-05-13,8
1156,10694.0,126868.0,4633.0,387966.0,6.0,720330,0.0,6.0,2.0,6.0,3.0,0.0,2.0,2.0,430548_1007,0,2017-05-12,3
1159,4375.0,125563.0,4126.0,365190.0,0.69,831022,66.0,9.0,1.0,3.0,3.0,0.0,2.0,2.0,430539_1007,0,2017-05-08,10
1159,4375.0,125563.0,4126.0,365190.0,0.69,881990,92.0,11.0,1.0,5.0,3.0,0.0,4.0,3.0,430548_1007,0,2017-05-06,15
1159,4375.0,125563.0,4126.0,365190.0,0.69,831022,66.0,9.0,1.0,3.0,3.0,0.0,2.0,2.0,430539_1007,0,2017-05-13,2
1159,4375.0,125563.0,4126.0,365190.0,0.69,937149,0.0,11.0,1.0,5.0,2.0,0.0,2.0,2.0,430548_1007,0,2017-05-13,14
1159,4375.0,125563.0,4126.0,365190.0,0.69,508779,42.0,5.0,2.0,5.0,3.0,0.0,4.0,1.0,430539_1007,0,2017-05-10,13
1159,4375.0,125563.0,4126.0,365190.0,0.69,1004982,0.0,11.0,1.0,5.0,3.0,0.0,3.0,2.0,430548_1007,0,2017-05-09,9
1159,4375.0,125563.0,4126.0,365190.0,0.69,1017302,67.0,9.0,1.0,3.0,3.0,0.0,3.0,2.0,430548_1007,0,2017-05-06,14
1159,4375.0,125563.0,4126.0,365190.0,0.69,508779,42.0,5.0,2.0,5.0,3.0,0.0,4.0,1.0,430539_1007,0,2017-05-06,9
1159,4375.0,125563.0,4126.0,365190.0,0.69,783501,0.0,4.0,2.0,4.0,3.0,0.0,2.0,2.0,430548_1007,0,2017-05-10,4
1159,4375.0,125563.0,4126.0,365190.0,0.69,921797,0.0,12.0,1.0,6.0,3.0,0.0,2.0,1.0,430548_1007,0,2017-05-08,2
1159,4375.0,125563.0,4126.0,365190.0,0.69,188122,81.0,10.0,1.0,4.0,3.0,0.0,4.0,2.0,430548_1007,0,2017-05-11,0
1159,4375.0,125563.0,4126.0,365190.0,0.69,921797,0.0,12.0,1.0,6.0,3.0,0.0,2.0,1.0,430548_1007,0,2017-05-10,4
1159,4375.0,125563.0,4126.0,365190.0,0.69,1082668,0.0,9.0,1.0,3.0,1.0,0.0,2.0,1.0,430539_1007,0,2017-05-06,7
1159,4375.0,125563.0,4126.0,365190.0,0.69,545508,0.0,11.0,1.0,5.0,2.0,0.0,2.0,1.0,430539_1007,0,2017-05-13,15
1159,4375.0,125563.0,4126.0,365190.0,0.69,545508,0.0,11.0,1.0,5.0,2.0,0.0,2.0,1.0,430539_1007,0,2017-05-13,13
1159,4375.0,125563.0,4126.0,365190.0,0.69,811393,91.0,11.0,1.0,5.0,3.0,0.0,2.0,2.0,430548_1007,0,2017-05-08,2
1159,4375.0,125563.0,4126.0,365190.0,0.69,792029,0.0,3.0,2.0,3.0,3.0,0.0,1.0,1.0,430539_1007,0,2017-05-13,13
1159,4375.0,125563.0,4126.0,365190.0,0.69,439801,0.0,9.0,1.0,3.0,3.0,0.0,2.0,2.0,430548_1007,0,2017-05-11,8
1159,4375.0,125563.0,4126.0,365190.0,0.69,378525,0.0,5.0,2.0,5.0,3.0,0.0,4.0,2.0,430548_1007,0,2017-05-07,6
1159,4375.0,125563.0,4126.0,365190.0,0.69,673447,0.0,11.0,1.0,5.0,3.0,0.0,2.0,1.0,430548_1007,0,2017-05-07,14
1159,4375.0,125563.0,4126.0,365190.0,0.69,198131,0.0,9.0,1.0,3.0,3.0,0.0,2.0,2.0,430548_1007,0,2017-05-10,3
1159,4375.0,125563.0,4126.0,365190.0,0.69,982733,0.0,4.0,2.0,4.0,3.0,0.0,2.0,1.0,430548_1007,0,2017-05-12,6
1159,4375.0,125563.0,4126.0,365190.0,0.69,68607,0.0,3.0,2.0,3.0,2.0,0.0,2.0,1.0,430548_1007,0,2017-05-13,12
1159,4375.0,125563.0,4126.0,365190.0,0.69,609699,67.0,9.0,1.0,3.0,3.0,0.0,3.0,2.0,430548_1007,0,2017-05-12,3
1159,4375.0,125563.0,4126.0,365190.0,0.69,739431,0.0,10.0,1.0,4.0,3.0,0.0,2.0,3.0,430539_1007,0,2017-05-10,3
1159,4375.0,125563.0,4126.0,365190.0,0.69,38100,0.0,10.0,1.0,4.0,3.0,0.0,2.0,1.0,430548_1007,0,2017-05-10,5
1159,4375.0,125563.0,4126.0,365190.0,0.69,828092,78.0,10.0,1.0,4.0,3.0,0.0,4.0,1.0,430548_1007,0,2017-05-12,9
1159,4375.0,125563.0,4126.0,365190.0,0.69,828092,78.0,10.0,1.0,4.0,3.0,0.0,4.0,1.0,430548_1007,0,2017-05-08,3
1159,4375.0,125563.0,4126.0,365190.0,0.69,828092,78.0,10.0,1.0,4.0,3.0,0.0,4.0,1.0,430548_1007,0,2017-05-06,2
1159,4375.0,125563.0,4126.0,365190.0,0.69,582525,67.0,9.0,1.0,3.0,3.0,0.0,4.0,2.0,430539_1007,0,2017-05-10,11
1159,4375.0,125563.0,4126.0,365190.0,0.69,68607,0.0,3.0,2.0,3.0,2.0,0.0,2.0,1.0,430548_1007,0,2017-05-13,14
1159,4375.0,125563.0,4126.0,365190.0,0.69,582525,67.0,9.0,1.0,3.0,3.0,0.0,4.0,2.0,430539_1007,0,2017-05-06,7
1159,4375.0,125563.0,4126.0,365190.0,0.69,964699,0.0,10.0,1.0,4.0,2.0,0.0,2.0,1.0,430548_1007,0,2017-05-07,8
1159,4375.0,125563.0,4126.0,365190.0,0.69,993391,0.0,12.0,1.0,6.0,3.0,0.0,2.0,2.0,430548_1007,0,2017-05-06,5
1159,4375.0,125563.0,4126.0,365190.0,0.69,993391,0.0,12.0,1.0,6.0,3.0,0.0,2.0,2.0,430548_1007,0,2017-05-11,9
1159,4375.0,125563.0,4126.0,365190.0,0.69,355849,41.0,5.0,2.0,5.0,3.0,0.0,1.0,1.0,430548_1007,0,2017-05-13,8
1159,4375.0,125563.0,4126.0,365190.0,0.69,582525,67.0,9.0,1.0,3.0,3.0,0.0,4.0,2.0,430539_1007,0,2017-05-13,4
1159,4375.0,125563.0,4126.0,365190.0,0.69,383463,32.0,4.0,2.0,4.0,3.0,0.0,1.0,2.0,430548_1007,0,2017-05-12,6
1159,4375.0,125563.0,4126.0,365190.0,0.69,1081430,81.0,10.0,1.0,4.0,3.0,0.0,3.0,2.0,430548_1007,0,2017-05-12,11
1159,4375.0,125563.0,4126.0,365190.0,0.69,1090462,45.0,5.0,2.0,5.0,3.0,0.0,3.0,2.0,430548_1007,0,2017-05-11,12
1159,4375.0,125563.0,4126.0,365190.0,0.69,685922,0.0,12.0,1.0,6.0,3.0,0.0,2.0,2.0,430548_1007,0,2017-05-07,5
1159,4375.0,125563.0,4126.0,365190.0,0.69,627853,0.0,9.0,1.0,3.0,3.0,0.0,3.0,3.0,430548_1007,0,2017-05-13,1
1165,5894.0,388577.0,42646.0,14801.0,5200.0,730057,91.0,11.0,1.0,5.0,3.0,0.0,2.0,2.0,430539_1007,0,2017-05-07,15
1165,5894.0,388577.0,42646.0,14801.0,5200.0,730057,91.0,11.0,1.0,5.0,3.0,0.0,2.0,2.0,430539_1007,0,2017-05-09,9
1166,4866.0,389205.0,43319.0,147892.0,247.0,99920,8.0,2.0,2.0,2.0,3.0,0.0,3.0,1.0,430548_1007,0,2017-05-11,12
1166,4866.0,389205.0,43319.0,147892.0,247.0,872900,0.0,9.0,1.0,3.0,3.0,0.0,1.0,2.0,430539_1007,0,2017-05-11,3
1166,4866.0,389205.0,43319.0,147892.0,247.0,138589,0.0,4.0,2.0,4.0,3.0,0.0,2.0,2.0,430539_1007,0,2017-05-12,13
1166,4866.0,389205.0,43319.0,147892.0,247.0,514507,19.0,3.0,2.0,3.0,3.0,0.0,2.0,2.0,430548_1007,0,2017-05-13,8
1166,4866.0,389205.0,43319.0,147892.0,247.0,288054,0.0,9.0,1.0,3.0,3.0,0.0,2.0,2.0,430548_1007,0,2017-05-08,9
1166,4866.0,389205.0,43319.0,147892.0,247.0,836406,0.0,2.0,2.0,2.0,3.0,0.0,1.0,2.0,430548_1007,0,2017-05-13,8
1166,4866.0,389205.0,43319.0,147892.0,247.0,1066736,2.0,1.0,2.0,1.0,3.0,0.0,3.0,1.0,430548_1007,0,2017-05-10,7
1166,4866.0,389205.0,43319.0,147892.0,247.0,785293,0.0,3.0,2.0,3.0,3.0,0.0,2.0,2.0,430539_1007,0,2017-05-11,3
1166,4866.0,389205.0,43319.0,147892.0,247.0,514507,19.0,3.0,2.0,3.0,3.0,0.0,2.0,2.0,430548_1007,0,2017-05-11,1
1166,4866.0,389205.0,43319.0,147892.0,247.0,820314,0.0,3.0,2.0,3.0,3.0,0.0,2.0,2.0,430539_1007,0,2017-05-12,6
1167,2135.0,389205.0,43319.0,147892.0,36.0,332825,0.0,2.0,2.0,2.0,3.0,0.0,2.0,2.0,430539_1007,0,2017-05-12,15
1167,2135.0,389205.0,43319.0,147892.0,36.0,463675,0.0,3.0,2.0,3.0,3.0,0.0,1.0,2.0,430539_1007,0,2017-05-06,9
1167,2135.0,389205.0,43319.0,147892.0,36.0,207757,0.0,3.0,2.0,3.0,3.0,0.0,1.0,2.0,430548_1007,0,2017-05-11,2
1167,2135.0,389205.0,43319.0,147892.0,36.0,135967,8.0,2.0,2.0,2.0,3.0,0.0,3.0,2.0,430539_1007,0,2017-05-06,3
1167,2135.0,389205.0,43319.0,147892.0,36.0,540240,0.0,2.0,2.0,2.0,3.0,0.0,2.0,2.0,430539_1007,1,2017-05-06,10
1167,2135.0,389205.0,43319.0,147892.0,36.0,787020,19.0,3.0,2.0,3.0,3.0,0.0,2.0,2.0,430548_1007,1,2017-05-10,13
1167,2135.0,389205.0,43319.0,147892.0,36.0,300832,20.0,3.0,2.0,3.0,3.0,0.0,4.0,2.0,430548_1007,0,2017-05-08,8
1167,2135.0,389205.0,43319.0,147892.0,36.0,643466,0.0,4.0,2.0,4.0,3.0,0.0,3.0,1.0,430539_1007,0,2017-05-06,7
1167,2135.0,389205.0,43319.0,147892.0,36.0,766886,0.0,3.0,2.0,3.0,3.0,0.0,3.0,2.0,430539_1007,0,2017-05-07,8
1167,2135.0,389205.0,43319.0,147892.0,36.0,380207,19.0,3.0,2.0,3.0,3.0,0.0,2.0,2.0,430548_1007,0,2017-05-06,7
1167,2135.0,389205.0,43319.0,147892.0,36.0,769897,19.0,3.0,2.0,3.0,3.0,0.0,2.0,2.0,430539_1007,0,2017-05-06,16
1167,2135.0,389205.0,43319.0,147892.0,36.0,233093,0.0,5.0,2.0,5.0,3.0,0.0,2.0,2.0,430539_1007,0,2017-05-05,19
1167,2135.0,389205.0,43319.0,147892.0,36.0,876063,0.0,9.0,1.0,3.0,3.0,0.0,3.0,1.0,430548_1007,0,2017-05-11,11
1168,5247.0,140139.0,20218.0,44580.0,19.1,61449,5.0,2.0,2.0,2.0,3.0,1.0,2.0,2.0,430539_1007,0,2017-05-10,6
1168,5247.0,140139.0,20218.0,44580.0,19.1,422348,54.0,8.0,1.0,2.0,3.0,1.0,2.0,2.0,430539_1007,0,2017-05-07,7
1168,5247.0,140139.0,20218.0,44580.0,19.1,879205,0.0,7.0,1.0,1.0,3.0,0.0,3.0,2.0,430548_1007,0,2017-05-12,2
1168,5247.0,140139.0,20218.0,44580.0,19.1,909282,81.0,10.0,1.0,4.0,3.0,0.0,3.0,2.0,430548_1007,0,2017-05-11,8
1168,5247.0,140139.0,20218.0,44580.0,19.1,464128,8.0,2.0,2.0,2.0,3.0,0.0,3.0,2.0,430548_1007,0,2017-05-08,5
1168,5247.0,140139.0,20218.0,44580.0,19.1,796667,0.0,8.0,1.0,2.0,2.0,0.0,3.0,2.0,430548_1007,0,2017-05-08,23
1168,5247.0,140139.0,20218.0,44580.0,19.1,464128,8.0,2.0,2.0,2.0,3.0,0.0,3.0,2.0,430548_1007,0,2017-05-06,5
1168,5247.0,140139.0,20218.0,44580.0,19.1,720185,0.0,8.0,1.0,2.0,3.0,1.0,2.0,2.0,430548_1007,0,2017-05-06,13
1168,5247.0,140139.0,20218.0,44580.0,19.1,1053059,8.0,2.0,2.0,2.0,3.0,0.0,3.0,1.0,430548_1007,0,2017-05-12,5
1168,5247.0,140139.0,20218.0,44580.0,19.1,252685,81.0,10.0,1.0,4.0,3.0,0.0,3.0,2.0,430548_1007,0,2017-05-13,4
1168,5247.0,140139.0,20218.0,44580.0,19.1,853344,0.0,10.0,1.0,4.0,3.0,0.0,2.0,2.0,430539_1007,0,2017-05-10,2
1168,5247.0,140139.0,20218.0,44580.0,19.1,293759,0.0,4.0,2.0,4.0,3.0,0.0,2.0,2.0,430539_1007,0,2017-05-08,4
1171,6391.0,401277.0,55281.0,316228.0,59.0,235655,56.0,8.0,1.0,2.0,3.0,0.0,2.0,2.0,430539_1007,0,2017-05-12,1
1171,6391.0,401277.0,55281.0,316228.0,59.0,162726,0.0,10.0,1.0,4.0,3.0,0.0,2.0,2.0,430548_1007,0,2017-05-07,10
1171,6391.0,401277.0,55281.0,316228.0,59.0,651092,0.0,9.0,1.0,3.0,3.0,0.0,2.0,1.0,430548_1007,0,2017-05-10,12
1171,6391.0,401277.0,55281.0,316228.0,59.0,741386,0.0,9.0,1.0,3.0,3.0,0.0,3.0,2.0,430548_1007,0,2017-05-09,11
1171,6391.0,401277.0,55281.0,316228.0,59.0,1002158,67.0,9.0,1.0,3.0,3.0,0.0,4.0,2.0,430548_1007,0,2017-05-09,4
1178,9685.0,168446.0,4753.0,62157.0,349.0,787851,0.0,9.0,1.0,3.0,2.0,0.0,2.0,2.0,430548_1007,0,2017-05-11,9
1178,9685.0,168446.0,4753.0,62157.0,349.0,787851,0.0,9.0,1.0,3.0,2.0,0.0,2.0,2.0,430548_1007,0,2017-05-11,11
1181,8046.0,132313.0,10944.0,18141.0,28.0,556770,33.0,4.0,2.0,4.0,3.0,0.0,2.0,2.0,430539_1007,0,2017-05-12,7
1182,11923.0,133323.0,13263.0,265495.0,39.0,796964,0.0,5.0,2.0,5.0,3.0,0.0,2.0,1.0,430548_1007,0,2017-05-07,9
1182,11923.0,133323.0,13263.0,265495.0,39.0,745515,0.0,4.0,2.0,4.0,3.0,0.0,2.0,2.0,430539_1007,0,2017-05-11,12
1182,11923.0,133323.0,13263.0,265495.0,39.0,224878,0.0,2.0,2.0,2.0,2.0,0.0,2.0,2.0,430548_1007,0,2017-05-11,3
1182,11923.0,133323.0,13263.0,265495.0,39.0,12452,0.0,5.0,2.0,5.0,3.0,0.0,3.0,2.0,430548_1007,0,2017-05-08,13
1182,11923.0,133323.0,13263.0,265495.0,39.0,784806,0.0,4.0,2.0,4.0,3.0,0.0,3.0,2.0,430548_1007,0,2017-05-12,5
1182,11923.0,133323.0,13263.0,265495.0,39.0,100345,8.0,2.0,2.0,2.0,3.0,0.0,3.0,2.0,430548_1007,0,2017-05-06,10
1182,11923.0,133323.0,13263.0,265495.0,39.0,262241,0.0,1.0,2.0,1.0,1.0,0.0,2.0,1.0,430539_1007,0,2017-05-11,13
1184,4375.0,406772.0,19763.0,370203.0,2.0,145290,57.0,8.0,1.0,2.0,3.0,0.0,4.0,3.0,430548_1007,0,2017-05-11,7
1196,9978.0,242334.0,33335.0,183008.0,45.0,998726,81.0,10.0,1.0,4.0,3.0,0.0,3.0,3.0,430548_1007,0,2017-05-10,5
1196,9978.0,242334.0,33335.0,183008.0,45.0,998726,81.0,10.0,1.0,4.0,3.0,0.0,3.0,3.0,430548_1007,0,2017-05-08,0
1196,9978.0,242334.0,33335.0,183008.0,45.0,22354,57.0,8.0,1.0,2.0,3.0,0.0,4.0,2.0,430548_1007,0,2017-05-06,2
1196,9978.0,242334.0,33335.0,183008.0,45.0,673656,0.0,11.0,1.0,5.0,1.0,0.0,2.0,2.0,430548_1007,0,2017-05-07,4
1196,9978.0,242334.0,33335.0,183008.0,45.0,572539,0.0,9.0,1.0,3.0,3.0,0.0,2.0,2.0,430539_1007,0,2017-05-12,9
1196,9978.0,242334.0,33335.0,183008.0,45.0,552487,0.0,10.0,1.0,4.0,1.0,0.0,2.0,2.0,430548_1007,0,2017-05-10,1
1196,9978.0,242334.0,33335.0,183008.0,45.0,760348,0.0,9.0,1.0,3.0,2.0,0.0,2.0,2.0,430548_1007,0,2017-05-13,5
1196,9978.0,242334.0,33335.0,183008.0,45.0,1061258,0.0,10.0,1.0,4.0,3.0,0.0,2.0,1.0,430548_1007,0,2017-05-11,7
1196,9978.0,242334.0,33335.0,183008.0,45.0,1114254,0.0,10.0,1.0,4.0,3.0,0.0,2.0,2.0,430548_1007,0,2017-05-10,8
1196,9978.0,242334.0,33335.0,183008.0,45.0,809828,0.0,5.0,2.0,5.0,3.0,0.0,2.0,2.0,430539_1007,0,2017-05-08,0
1200,359.0,243212.0,17291.0,318087.0,106.0,653405,30.0,4.0,2.0,4.0,3.0,0.0,2.0,1.0,430548_1007,0,2017-05-09,4
1200,359.0,243212.0,17291.0,318087.0,106.0,1051274,18.0,3.0,2.0,3.0,3.0,0.0,1.0,2.0,430548_1007,0,2017-05-06,6
1200,359.0,243212.0,17291.0,318087.0,106.0,521203,0.0,4.0,2.0,4.0,3.0,0.0,1.0,1.0,430548_1007,0,2017-05-11,9
1200,359.0,243212.0,17291.0,318087.0,106.0,1073242,46.0,5.0,2.0,5.0,3.0,0.0,2.0,2.0,430539_1007,0,2017-05-06,5
1200,359.0,243212.0,17291.0,318087.0,106.0,588424,0.0,4.0,2.0,4.0,1.0,0.0,2.0,1.0,430548_1007,0,2017-05-06,7
1200,359.0,243212.0,17291.0,318087.0,106.0,599905,34.0,4.0,2.0,4.0,3.0,0.0,3.0,2.0,430548_1007,0,2017-05-07,14
1200,359.0,243212.0,17291.0,318087.0,106.0,709276,30.0,4.0,2.0,4.0,3.0,0.0,2.0,1.0,430539_1007,0,2017-05-06,13
1206,7205.0,137881.0,8524.0,437081.0,360.0,471783,0.0,8.0,1.0,2.0,3.0,0.0,4.0,1.0,430548_1007,0,2017-05-11,9
1207,7015.0,125658.0,4152.0,112324.0,320.0,860814,92.0,11.0,1.0,5.0,3.0,0.0,3.0,2.0,430539_1007,0,2017-05-09,5
1207,7015.0,125658.0,4152.0,112324.0,320.0,623375,0.0,9.0,1.0,3.0,1.0,0.0,2.0,2.0,430548_1007,0,2017-05-09,16
1207,7015.0,125658.0,4152.0,112324.0,320.0,22150,0.0,9.0,1.0,3.0,3.0,0.0,2.0,1.0,430548_1007,0,2017-05-10,0
1207,7015.0,125658.0,4152.0,112324.0,320.0,32413,0.0,10.0,1.0,4.0,2.0,0.0,2.0,2.0,430548_1007,0,2017-05-09,16
1210,9498.0,406310.0,61214.0,9468.0,198.0,1132973,0.0,11.0,1.0,5.0,3.0,0.0,2.0,1.0,430548_1007,0,2017-05-12,11
1210,9498.0,406310.0,61214.0,9468.0,198.0,1132973,0.0,11.0,1.0,5.0,3.0,0.0,2.0,1.0,430548_1007,0,2017-05-12,7
1210,9498.0,406310.0,61214.0,9468.0,198.0,998116,0.0,11.0,1.0,5.0,3.0,0.0,2.0,2.0,430548_1007,0,2017-05-12,0
1210,9498.0,406310.0,61214.0,9468.0,198.0,6862,96.0,12.0,1.0,6.0,3.0,0.0,2.0,3.0,430548_1007,0,2017-05-07,13
1210,9498.0,406310.0,61214.0,9468.0,198.0,612145,0.0,10.0,1.0,4.0,3.0,0.0,4.0,1.0,430548_1007,0,2017-05-06,0
1210,9498.0,406310.0,61214.0,9468.0,198.0,778730,0.0,4.0,2.0,4.0,3.0,0.0,2.0,1.0,430539_1007,0,2017-05-12,5
1210,9498.0,406310.0,61214.0,9468.0,198.0,1132973,0.0,11.0,1.0,5.0,3.0,0.0,2.0,1.0,430548_1007,0,2017-05-12,5
1210,9498.0,406310.0,61214.0,9468.0,198.0,858258,81.0,10.0,1.0,4.0,3.0,0.0,3.0,3.0,430539_1007,0,2017-05-11,11
1210,9498.0,406310.0,61214.0,9468.0,198.0,858258,81.0,10.0,1.0,4.0,3.0,0.0,3.0,3.0,430548_1007,0,2017-05-12,8
1210,9498.0,406310.0,61214.0,9468.0,198.0,761169,0.0,4.0,2.0,4.0,3.0,0.0,2.0,1.0,430548_1007,0,2017-05-12,11
1210,9498.0,406310.0,61214.0,9468.0,198.0,231373,0.0,11.0,1.0,5.0,2.0,0.0,2.0,2.0,430548_1007,0,2017-05-11,12
1214,7717.0,398784.0,53416.0,181865.0,90.0,1001462,0.0,9.0,1.0,3.0,3.0,0.0,3.0,1.0,430548_1007,0,2017-05-12,18
1214,7717.0,398784.0,53416.0,181865.0,90.0,649286,0.0,5.0,2.0,5.0,3.0,0.0,2.0,2.0,430548_1007,0,2017-05-08,8
1214,7717.0,398784.0,53416.0,181865.0,90.0,974698,0.0,9.0,1.0,3.0,3.0,0.0,2.0,3.0,430548_1007,0,2017-05-12,17
1214,7717.0,398784.0,53416.0,181865.0,90.0,1028162,0.0,9.0,1.0,3.0,3.0,0.0,2.0,2.0,430539_1007,0,2017-05-10,6
1214,7717.0,398784.0,53416.0,181865.0,90.0,345,17.0,3.0,2.0,3.0,3.0,0.0,4.0,1.0,430548_1007,0,2017-05-08,2
1214,7717.0,398784.0,53416.0,181865.0,90.0,211695,20.0,3.0,2.0,3.0,3.0,0.0,4.0,1.0,430548_1007,0,2017-05-09,3
1214,7717.0,398784.0,53416.0,181865.0,90.0,823895,67.0,9.0,1.0,3.0,3.0,0.0,3.0,2.0,430539_1007,0,2017-05-07,14
1214,7717.0,398784.0,53416.0,181865.0,90.0,1014068,0.0,11.0,1.0,5.0,3.0,0.0,2.0,2.0,430548_1007,0,2017-05-10,4
1214,7717.0,398784.0,53416.0,181865.0,90.0,1051969,0.0,4.0,2.0,4.0,3.0,0.0,1.0,2.0,430548_1007,0,2017-05-09,7
1215,4520.0,407028.0,32589.0,404027.0,128.0,219983,0.0,9.0,1.0,3.0,3.0,0.0,3.0,1.0,430548_1007,0,2017-05-07,7
1215,4520.0,407028.0,32589.0,404027.0,128.0,561450,0.0,4.0,2.0,4.0,3.0,0.0,4.0,1.0,430539_1007,0,2017-05-08,3
1215,4520.0,407028.0,32589.0,404027.0,128.0,473002,17.0,3.0,2.0,3.0,3.0,0.0,3.0,1.0,430548_1007,0,2017-05-06,14
1215,4520.0,407028.0,32589.0,404027.0,128.0,280134,0.0,4.0,2.0,4.0,3.0,0.0,4.0,2.0,430539_1007,0,2017-05-08,11
1215,4520.0,407028.0,32589.0,404027.0,128.0,796298,34.0,4.0,2.0,4.0,3.0,0.0,3.0,2.0,430539_1007,0,2017-05-06,23
1215,4520.0,407028.0,32589.0,404027.0,128.0,862567,0.0,10.0,1.0,4.0,3.0,0.0,4.0,2.0,430548_1007,0,2017-05-07,14
1215,4520.0,407028.0,32589.0,404027.0,128.0,343127,0.0,9.0,1.0,3.0,3.0,0.0,4.0,2.0,430539_1007,0,2017-05-08,9
1215,4520.0,407028.0,32589.0,404027.0,128.0,703229,0.0,3.0,2.0,3.0,1.0,0.0,2.0,2.0,430548_1007,0,2017-05-06,5
1218,11292.0,132720.0,11946.0,105082.0,180.0,888318,0.0,9.0,1.0,3.0,3.0,0.0,1.0,2.0,430539_1007,0,2017-05-10,11
1218,11292.0,132720.0,11946.0,105082.0,180.0,596142,0.0,3.0,2.0,3.0,3.0,0.0,2.0,2.0,430539_1007,1,2017-05-07,14
1218,11292.0,132720.0,11946.0,105082.0,180.0,621979,0.0,11.0,1.0,5.0,3.0,0.0,3.0,2.0,430548_1007,0,2017-05-11,21
1218,11292.0,132720.0,11946.0,105082.0,180.0,117329,0.0,10.0,1.0,4.0,3.0,0.0,2.0,2.0,430539_1007,0,2017-05-07,23
1223,7538.0,393131.0,47438.0,323800.0,68.0,160694,0.0,9.0,1.0,3.0,3.0,0.0,2.0,1.0,430539_1007,0,2017-05-09,5
1223,7538.0,393131.0,47438.0,323800.0,68.0,443257,34.0,4.0,2.0,4.0,3.0,0.0,3.0,3.0,430539_1007,0,2017-05-07,6
1223,7538.0,393131.0,47438.0,323800.0,68.0,505695,92.0,11.0,1.0,5.0,3.0,0.0,3.0,2.0,430548_1007,0,2017-05-11,3
1227,10307.0,242334.0,33335.0,218862.0,750.0,259508,0.0,10.0,1.0,4.0,2.0,0.0,2.0,2.0,430548_1007,0,2017-05-11,8
1227,10307.0,242334.0,33335.0,218862.0,750.0,1016365,0.0,3.0,2.0,3.0,3.0,0.0,2.0,2.0,430539_1007,0,2017-05-06,9
1227,10307.0,242334.0,33335.0,218862.0,750.0,55038,0.0,9.0,1.0,3.0,3.0,0.0,2.0,2.0,430548_1007,0,2017-05-12,9
1227,10307.0,242334.0,33335.0,218862.0,750.0,579778,92.0,11.0,1.0,5.0,3.0,0.0,3.0,2.0,430548_1007,0,2017-05-09,0
1227,10307.0,242334.0,33335.0,218862.0,750.0,651872,0.0,11.0,1.0,5.0,2.0,0.0,4.0,2.0,430548_1007,0,2017-05-10,10
1227,10307.0,242334.0,33335.0,218862.0,750.0,418016,0.0,10.0,1.0,4.0,3.0,0.0,2.0,2.0,430548_1007,0,2017-05-10,10
1227,10307.0,242334.0,33335.0,218862.0,750.0,129787,0.0,12.0,1.0,6.0,2.0,0.0,2.0,2.0,430548_1007,0,2017-05-08,6
1227,10307.0,242334.0,33335.0,218862.0,750.0,832414,17.0,3.0,2.0,3.0,3.0,0.0,4.0,1.0,430548_1007,0,2017-05-11,7
1227,10307.0,242334.0,33335.0,218862.0,750.0,638851,0.0,4.0,2.0,4.0,1.0,0.0,2.0,1.0,430548_1007,0,2017-05-09,3
1227,10307.0,242334.0,33335.0,218862.0,750.0,63422,81.0,10.0,1.0,4.0,3.0,0.0,3.0,2.0,430548_1007,0,2017-05-11,8
1227,10307.0,242334.0,33335.0,218862.0,750.0,506175,0.0,9.0,1.0,3.0,3.0,0.0,2.0,2.0,430548_1007,0,2017-05-13,8
1227,10307.0,242334.0,33335.0,218862.0,750.0,1010733,0.0,11.0,1.0,5.0,3.0,0.0,2.0,1.0,430548_1007,0,2017-05-10,4
1227,10307.0,242334.0,33335.0,218862.0,750.0,638851,0.0,4.0,2.0,4.0,1.0,0.0,2.0,1.0,430548_1007,0,2017-05-07,0
1227,10307.0,242334.0,33335.0,218862.0,750.0,506175,0.0,9.0,1.0,3.0,3.0,0.0,2.0,2.0,430548_1007,0,2017-05-08,23
1227,10307.0,242334.0,33335.0,218862.0,750.0,279378,0.0,9.0,1.0,3.0,3.0,0.0,2.0,2.0,430548_1007,0,2017-05-10,6
1231,4612.0,402484.0,57015.0,417231.0,46.0,264241,0.0,4.0,2.0,4.0,3.0,0.0,3.0,1.0,430548_1007,0,2017-05-08,8
1231,4612.0,402484.0,57015.0,417231.0,46.0,728394,0.0,5.0,2.0,5.0,3.0,0.0,3.0,1.0,430548_1007,0,2017-05-09,3
1231,4612.0,402484.0,57015.0,417231.0,46.0,642585,0.0,10.0,1.0,4.0,3.0,0.0,4.0,2.0,430539_1007,0,2017-05-10,6
1231,4612.0,402484.0,57015.0,417231.0,46.0,1104383,30.0,4.0,2.0,4.0,3.0,0.0,2.0,1.0,430548_1007,0,2017-05-09,8
1231,4612.0,402484.0,57015.0,417231.0,46.0,134592,0.0,8.0,1.0,2.0,3.0,1.0,2.0,3.0,430548_1007,0,2017-05-06,7
1231,4612.0,402484.0,57015.0,417231.0,46.0,39455,0.0,5.0,2.0,5.0,3.0,0.0,3.0,2.0,430548_1007,0,2017-05-08,0
1231,4612.0,402484.0,57015.0,417231.0,46.0,1085871,44.0,5.0,2.0,5.0,3.0,0.0,2.0,2.0,430539_1007,0,2017-05-08,12
1231,4612.0,402484.0,57015.0,417231.0,46.0,39455,0.0,5.0,2.0,5.0,3.0,0.0,3.0,2.0,430548_1007,0,2017-05-10,2
1231,4612.0,402484.0,57015.0,417231.0,46.0,212151,0.0,9.0,1.0,3.0,3.0,0.0,2.0,1.0,430539_1007,0,2017-05-12,9
1231,4612.0,402484.0,57015.0,417231.0,46.0,226638,0.0,9.0,1.0,3.0,2.0,0.0,4.0,2.0,430548_1007,0,2017-05-12,4
1231,4612.0,402484.0,57015.0,417231.0,46.0,1115426,0.0,12.0,1.0,6.0,2.0,0.0,2.0,2.0,430539_1007,0,2017-05-07,3
1231,4612.0,402484.0,57015.0,417231.0,46.0,53303,0.0,10.0,1.0,4.0,3.0,0.0,2.0,2.0,430539_1007,0,2017-05-06,3
1231,4612.0,402484.0,57015.0,417231.0,46.0,1132749,0.0,3.0,2.0,3.0,3.0,0.0,3.0,1.0,430548_1007,0,2017-05-11,3
1231,4612.0,402484.0,57015.0,417231.0,46.0,143009,33.0,4.0,2.0,4.0,3.0,0.0,2.0,2.0,430539_1007,0,2017-05-08,1
1231,4612.0,402484.0,57015.0,417231.0,46.0,91114,77.0,10.0,1.0,4.0,3.0,0.0,2.0,1.0,430539_1007,0,2017-05-06,6
1231,4612.0,402484.0,57015.0,417231.0,46.0,764631,0.0,5.0,2.0,5.0,3.0,0.0,4.0,1.0,430548_1007,0,2017-05-08,8
1231,4612.0,402484.0,57015.0,417231.0,46.0,1032196,0.0,3.0,2.0,3.0,3.0,0.0,2.0,1.0,430539_1007,0,2017-05-09,12
1231,4612.0,402484.0,57015.0,417231.0,46.0,955636,0.0,3.0,2.0,3.0,1.0,0.0,2.0,1.0,430548_1007,0,2017-05-11,5
1231,4612.0,402484.0,57015.0,417231.0,46.0,398944,0.0,11.0,1.0,5.0,3.0,0.0,2.0,1.0,430548_1007,0,2017-05-06,12
1231,4612.0,402484.0,57015.0,417231.0,46.0,794330,0.0,10.0,1.0,4.0,3.0,0.0,3.0,1.0,430548_1007,0,2017-05-09,5
1231,4612.0,402484.0,57015.0,417231.0,46.0,794330,0.0,10.0,1.0,4.0,3.0,0.0,3.0,1.0,430548_1007,0,2017-05-09,1
1231,4612.0,402484.0,57015.0,417231.0,46.0,675140,0.0,5.0,2.0,5.0,2.0,0.0,2.0,2.0,430548_1007,0,2017-05-12,8
1231,4612.0,402484.0,57015.0,417231.0,46.0,794330,0.0,10.0,1.0,4.0,3.0,0.0,3.0,1.0,430548_1007,0,2017-05-08,0
1231,4612.0,402484.0,57015.0,417231.0,46.0,63505,0.0,4.0,2.0,4.0,3.0,0.0,2.0,2.0,430539_1007,0,2017-05-08,0
1231,4612.0,402484.0,57015.0,417231.0,46.0,63505,0.0,4.0,2.0,4.0,3.0,0.0,2.0,2.0,430539_1007,0,2017-05-10,0
1231,4612.0,402484.0,57015.0,417231.0,46.0,283587,36.0,5.0,2.0,5.0,1.0,0.0,2.0,2.0,430539_1007,0,2017-05-09,9
1231,4612.0,402484.0,57015.0,417231.0,46.0,903379,5.0,2.0,2.0,2.0,3.0,1.0,2.0,1.0,430548_1007,0,2017-05-11,9
1231,4612.0,402484.0,57015.0,417231.0,46.0,872391,80.0,10.0,1.0,4.0,3.0,0.0,2.0,1.0,430539_1007,0,2017-05-09,4
1231,4612.0,402484.0,57015.0,417231.0,46.0,1087655,0.0,9.0,1.0,3.0,3.0,0.0,2.0,1.0,430539_1007,0,2017-05-10,5
1231,4612.0,402484.0,57015.0,417231.0,46.0,644180,44.0,5.0,2.0,5.0,3.0,0.0,2.0,2.0,430539_1007,0,2017-05-06,14
1231,4612.0,402484.0,57015.0,417231.0,46.0,925047,0.0,4.0,2.0,4.0,2.0,0.0,2.0,2.0,430539_1007,0,2017-05-07,3
1231,4612.0,402484.0,57015.0,417231.0,46.0,656061,0.0,4.0,2.0,4.0,3.0,0.0,2.0,2.0,430539_1007,0,2017-05-09,13
1231,4612.0,402484.0,57015.0,417231.0,46.0,324663,35.0,4.0,2.0,4.0,3.0,0.0,2.0,2.0,430548_1007,0,2017-05-12,0
1231,4612.0,402484.0,57015.0,417231.0,46.0,277298,0.0,6.0,2.0,6.0,2.0,0.0,2.0,1.0,430548_1007,0,2017-05-12,5
1231,4612.0,402484.0,57015.0,417231.0,46.0,484009,31.0,4.0,2.0,4.0,3.0,0.0,4.0,1.0,430548_1007,0,2017-05-11,14
1231,4612.0,402484.0,57015.0,417231.0,46.0,127035,0.0,4.0,2.0,4.0,3.0,0.0,3.0,1.0,430539_1007,0,2017-05-11,6
1231,4612.0,402484.0,57015.0,417231.0,46.0,609331,0.0,4.0,2.0,4.0,3.0,0.0,3.0,1.0,430548_1007,0,2017-05-08,10
1231,4612.0,402484.0,57015.0,417231.0,46.0,178022,5.0,2.0,2.0,2.0,3.0,1.0,4.0,1.0,430539_1007,0,2017-05-06,5
1231,4612.0,402484.0,57015.0,417231.0,46.0,246243,0.0,9.0,1.0,3.0,2.0,0.0,2.0,2.0,430539_1007,0,2017-05-06,2
1231,4612.0,402484.0,57015.0,417231.0,46.0,603251,0.0,3.0,2.0,3.0,3.0,0.0,3.0,2.0,430539_1007,0,2017-05-10,3
1231,4612.0,402484.0,57015.0,417231.0,46.0,342621,0.0,3.0,2.0,3.0,3.0,0.0,2.0,1.0,430539_1007,0,2017-05-10,9
1231,4612.0,402484.0,57015.0,417231.0,46.0,854718,0.0,10.0,1.0,4.0,3.0,0.0,4.0,1.0,430539_1007,0,2017-05-06,12
1231,4612.0,402484.0,57015.0,417231.0,46.0,1074247,0.0,11.0,1.0,5.0,3.0,0.0,2.0,1.0,430539_1007,0,2017-05-08,13
1231,4612.0,402484.0,57015.0,417231.0,46.0,362523,42.0,5.0,2.0,5.0,3.0,0.0,3.0,1.0,430539_1007,0,2017-05-11,11
1231,4612.0,402484.0,57015.0,417231.0,46.0,283485,0.0,11.0,1.0,5.0,3.0,0.0,2.0,2.0,430548_1007,0,2017-05-09,11
1231,4612.0,402484.0,57015.0,417231.0,46.0,651230,0.0,2.0,2.0,2.0,3.0,0.0,2.0,1.0,430539_1007,0,2017-05-12,4
1231,4612.0,402484.0,57015.0,417231.0,46.0,397453,86.0,11.0,1.0,5.0,2.0,0.0,2.0,3.0,430548_1007,0,2017-05-08,3
1231,4612.0,402484.0,57015.0,417231.0,46.0,1050451,78.0,10.0,1.0,4.0,3.0,0.0,3.0,1.0,430548_1007,0,2017-05-07,13
1231,4612.0,402484.0,57015.0,417231.0,46.0,878683,44.0,5.0,2.0,5.0,3.0,0.0,2.0,2.0,430548_1007,0,2017-05-06,7
1231,4612.0,402484.0,57015.0,417231.0,46.0,1127485,54.0,8.0,1.0,2.0,3.0,1.0,2.0,2.0,430548_1007,0,2017-05-07,14
1231,4612.0,402484.0,57015.0,417231.0,46.0,989873,0.0,8.0,1.0,2.0,3.0,0.0,2.0,1.0,430548_1007,0,2017-05-07,8
1231,4612.0,402484.0,57015.0,417231.0,46.0,912388,0.0,10.0,1.0,4.0,3.0,0.0,2.0,2.0,430548_1007,0,2017-05-11,12
1231,4612.0,402484.0,57015.0,417231.0,46.0,897962,0.0,4.0,2.0,4.0,3.0,0.0,4.0,2.0,430539_1007,0,2017-05-09,12
1231,4612.0,402484.0,57015.0,417231.0,46.0,508243,44.0,5.0,2.0,5.0,3.0,0.0,2.0,2.0,430539_1007,0,2017-05-10,1
1231,4612.0,402484.0,57015.0,417231.0,46.0,896458,77.0,10.0,1.0,4.0,3.0,0.0,2.0,1.0,430548_1007,0,2017-05-11,6
1231,4612.0,402484.0,57015.0,417231.0,46.0,75311,81.0,10.0,1.0,4.0,3.0,0.0,3.0,2.0,430548_1007,0,2017-05-11,8
1231,4612.0,402484.0,57015.0,417231.0,46.0,291874,0.0,5.0,2.0,5.0,3.0,0.0,2.0,2.0,430548_1007,0,2017-05-06,8
1231,4612.0,402484.0,57015.0,417231.0,46.0,878972,44.0,5.0,2.0,5.0,3.0,0.0,2.0,2.0,430548_1007,0,2017-05-08,12
1231,4612.0,402484.0,57015.0,417231.0,46.0,1085578,0.0,8.0,1.0,2.0,3.0,1.0,2.0,1.0,430548_1007,0,2017-05-11,10
1231,4612.0,402484.0,57015.0,417231.0,46.0,1063754,0.0,3.0,2.0,3.0,1.0,0.0,2.0,2.0,430539_1007,0,2017-05-06,13
1231,4612.0,402484.0,57015.0,417231.0,46.0,42808,0.0,10.0,1.0,4.0,1.0,0.0,2.0,2.0,430548_1007,0,2017-05-07,3
1231,4612.0,402484.0,57015.0,417231.0,46.0,368229,0.0,8.0,1.0,2.0,2.0,0.0,2.0,2.0,430548_1007,0,2017-05-12,5
1231,4612.0,402484.0,57015.0,417231.0,46.0,106285,61.0,9.0,1.0,3.0,2.0,0.0,4.0,2.0,430548_1007,1,2017-05-08,4
1231,4612.0,402484.0,57015.0,417231.0,46.0,994891,54.0,8.0,1.0,2.0,3.0,1.0,2.0,2.0,430539_1007,0,2017-05-12,4
1231,4612.0,402484.0,57015.0,417231.0,46.0,60610,92.0,11.0,1.0,5.0,3.0,0.0,3.0,3.0,430548_1007,0,2017-05-07,14
1231,4612.0,402484.0,57015.0,417231.0,46.0,9987,0.0,10.0,1.0,4.0,3.0,0.0,2.0,1.0,430539_1007,0,2017-05-06,3
1231,4612.0,402484.0,57015.0,417231.0,46.0,570340,33.0,4.0,2.0,4.0,3.0,0.0,2.0,2.0,430548_1007,0,2017-05-08,4
1231,4612.0,402484.0,57015.0,417231.0,46.0,473050,60.0,9.0,1.0,3.0,2.0,0.0,1.0,2.0,430539_1007,0,2017-05-08,13
1231,4612.0,402484.0,57015.0,417231.0,46.0,55472,0.0,10.0,1.0,4.0,2.0,0.0,2.0,2.0,430539_1007,0,2017-05-08,13
1231,4612.0,402484.0,57015.0,417231.0,46.0,81915,34.0,4.0,2.0,4.0,3.0,0.0,3.0,2.0,430548_1007,0,2017-05-12,8
1231,4612.0,402484.0,57015.0,417231.0,46.0,606626,56.0,8.0,1.0,2.0,3.0,0.0,2.0,2.0,430548_1007,0,2017-05-07,5
1231,4612.0,402484.0,57015.0,417231.0,46.0,1077169,0.0,4.0,2.0,4.0,3.0,0.0,2.0,2.0,430548_1007,0,2017-05-06,10
1231,4612.0,402484.0,57015.0,417231.0,46.0,281795,78.0,10.0,1.0,4.0,3.0,0.0,3.0,1.0,430548_1007,0,2017-05-10,2
1231,4612.0,402484.0,57015.0,417231.0,46.0,291300,96.0,12.0,1.0,6.0,3.0,0.0,2.0,2.0,430548_1007,0,2017-05-10,4
1231,4612.0,402484.0,57015.0,417231.0,46.0,1108073,0.0,5.0,2.0,5.0,3.0,0.0,3.0,1.0,430548_1007,0,2017-05-09,13
1231,4612.0,402484.0,57015.0,417231.0,46.0,1028755,91.0,11.0,1.0,5.0,3.0,0.0,2.0,2.0,430548_1007,0,2017-05-07,6
1231,4612.0,402484.0,57015.0,417231.0,46.0,937049,0.0,11.0,1.0,5.0,2.0,0.0,2.0,2.0,430548_1007,0,2017-05-09,14
1231,4612.0,402484.0,57015.0,417231.0,46.0,1076965,0.0,4.0,2.0,4.0,3.0,0.0,2.0,1.0,430548_1007,1,2017-05-12,10
1231,4612.0,402484.0,57015.0,417231.0,46.0,274367,30.0,4.0,2.0,4.0,3.0,0.0,2.0,1.0,430548_1007,0,2017-05-08,4
1231,4612.0,402484.0,57015.0,417231.0,46.0,395913,0.0,4.0,2.0,4.0,3.0,0.0,3.0,2.0,430539_1007,0,2017-05-10,6
1231,4612.0,402484.0,57015.0,417231.0,46.0,527974,33.0,4.0,2.0,4.0,3.0,0.0,2.0,2.0,430548_1007,0,2017-05-11,11
1231,4612.0,402484.0,57015.0,417231.0,46.0,716549,0.0,10.0,1.0,4.0,3.0,0.0,2.0,2.0,430548_1007,0,2017-05-11,22
1231,4612.0,402484.0,57015.0,417231.0,46.0,527974,33.0,4.0,2.0,4.0,3.0,0.0,2.0,2.0,430548_1007,0,2017-05-07,11
1231,4612.0,402484.0,57015.0,417231.0,46.0,377161,0.0,5.0,2.0,5.0,3.0,0.0,3.0,1.0,430548_1007,0,2017-05-06,12
1231,4612.0,402484.0,57015.0,417231.0,46.0,817075,0.0,5.0,2.0,5.0,3.0,0.0,2.0,2.0,430548_1007,0,2017-05-11,14
1231,4612.0,402484.0,57015.0,417231.0,46.0,275043,19.0,3.0,2.0,3.0,3.0,0.0,2.0,2.0,430548_1007,0,2017-05-08,13
1231,4612.0,402484.0,57015.0,417231.0,46.0,421637,0.0,11.0,1.0,5.0,3.0,0.0,2.0,1.0,430548_1007,0,2017-05-08,13
1231,4612.0,402484.0,57015.0,417231.0,46.0,395913,0.0,4.0,2.0,4.0,3.0,0.0,3.0,2.0,430539_1007,0,2017-05-10,7
1231,4612.0,402484.0,57015.0,417231.0,46.0,349817,34.0,4.0,2.0,4.0,3.0,0.0,3.0,2.0,430539_1007,0,2017-05-06,3
1231,4612.0,402484.0,57015.0,417231.0,46.0,11989,45.0,5.0,2.0,5.0,3.0,0.0,3.0,2.0,430548_1007,0,2017-05-10,7
1231,4612.0,402484.0,57015.0,417231.0,46.0,800093,45.0,5.0,2.0,5.0,3.0,0.0,3.0,2.0,430548_1007,0,2017-05-09,3
1231,4612.0,402484.0,57015.0,417231.0,46.0,318708,0.0,6.0,2.0,6.0,3.0,0.0,2.0,1.0,430548_1007,0,2017-05-08,13
1231,4612.0,402484.0,57015.0,417231.0,46.0,800093,45.0,5.0,2.0,5.0,3.0,0.0,3.0,2.0,430548_1007,0,2017-05-11,13
1231,4612.0,402484.0,57015.0,417231.0,46.0,438220,72.0,10.0,1.0,4.0,2.0,0.0,1.0,2.0,430548_1007,0,2017-05-11,11
1231,4612.0,402484.0,57015.0,417231.0,46.0,1123144,0.0,4.0,2.0,4.0,3.0,0.0,2.0,2.0,430548_1007,0,2017-05-11,11
1231,4612.0,402484.0,57015.0,417231.0,46.0,608230,0.0,10.0,1.0,4.0,3.0,0.0,1.0,1.0,430548_1007,0,2017-05-12,2
1231,4612.0,402484.0,57015.0,417231.0,46.0,1033257,0.0,9.0,1.0,3.0,3.0,0.0,2.0,1.0,430539_1007,0,2017-05-08,2
1231,4612.0,402484.0,57015.0,417231.0,46.0,443895,77.0,10.0,1.0,4.0,3.0,0.0,1.0,1.0,430548_1007,0,2017-05-06,10
1231,4612.0,402484.0,57015.0,417231.0,46.0,846821,49.0,6.0,2.0,6.0,3.0,0.0,2.0,3.0,430548_1007,0,2017-05-08,13
1231,4612.0,402484.0,57015.0,417231.0,46.0,30191,0.0,12.0,1.0,6.0,3.0,0.0,2.0,1.0,430548_1007,0,2017-05-07,6
1231,4612.0,402484.0,57015.0,417231.0,46.0,83975,79.0,10.0,1.0,4.0,3.0,0.0,1.0,2.0,430539_1007,0,2017-05-08,5
1231,4612.0,402484.0,57015.0,417231.0,46.0,941853,0.0,5.0,2.0,5.0,1.0,0.0,2.0,2.0,430548_1007,0,2017-05-10,4
1231,4612.0,402484.0,57015.0,417231.0,46.0,381338,78.0,10.0,1.0,4.0,3.0,0.0,3.0,1.0,430539_1007,0,2017-05-11,9
1231,4612.0,402484.0,57015.0,417231.0,46.0,637773,81.0,10.0,1.0,4.0,3.0,0.0,3.0,2.0,430539_1007,0,2017-05-09,16
1231,4612.0,402484.0,57015.0,417231.0,46.0,590414,79.0,10.0,1.0,4.0,3.0,0.0,1.0,2.0,430548_1007,0,2017-05-07,6
1231,4612.0,402484.0,57015.0,417231.0,46.0,459510,18.0,3.0,2.0,3.0,3.0,0.0,1.0,1.0,430548_1007,0,2017-05-06,15
1231,4612.0,402484.0,57015.0,417231.0,46.0,683152,0.0,11.0,1.0,5.0,3.0,0.0,2.0,2.0,430548_1007,0,2017-05-10,7
1231,4612.0,402484.0,57015.0,417231.0,46.0,274367,30.0,4.0,2.0,4.0,3.0,0.0,2.0,1.0,430548_1007,0,2017-05-12,5
1235,4301.0,405612.0,60499.0,251140.0,13.5,165159,0.0,5.0,2.0,5.0,3.0,0.0,2.0,2.0,430548_1007,0,2017-05-13,14
1236,6022.0,140131.0,21950.0,305148.0,1.9,597899,0.0,3.0,2.0,3.0,3.0,0.0,3.0,1.0,430539_1007,0,2017-05-11,15
1236,6022.0,140131.0,21950.0,305148.0,1.9,247955,0.0,5.0,2.0,5.0,3.0,0.0,2.0,2.0,430548_1007,0,2017-05-13,5
1247,7210.0,407239.0,12064.0,194164.0,85.0,573210,0.0,4.0,2.0,4.0,3.0,0.0,2.0,2.0,430539_1007,0,2017-05-07,11
1247,7210.0,407239.0,12064.0,194164.0,85.0,54076,80.0,10.0,1.0,4.0,3.0,0.0,2.0,2.0,430539_1007,0,2017-05-07,11
1247,7210.0,407239.0,12064.0,194164.0,85.0,744991,46.0,5.0,2.0,5.0,3.0,0.0,2.0,3.0,430548_1007,0,2017-05-07,11
1247,7210.0,407239.0,12064.0,194164.0,85.0,1065140,0.0,3.0,2.0,3.0,3.0,0.0,2.0,1.0,430548_1007,0,2017-05-07,11
1247,7210.0,407239.0,12064.0,194164.0,85.0,455415,7.0,2.0,2.0,2.0,3.0,0.0,1.0,2.0,430548_1007,0,2017-05-09,23
1247,7210.0,407239.0,12064.0,194164.0,85.0,645300,0.0,3.0,2.0,3.0,3.0,0.0,2.0,2.0,430539_1007,0,2017-05-10,11
1247,7210.0,407239.0,12064.0,194164.0,85.0,382995,0.0,10.0,1.0,4.0,3.0,0.0,2.0,2.0,430539_1007,0,2017-05-07,8
1247,7210.0,407239.0,12064.0,194164.0,85.0,66824,7.0,2.0,2.0,2.0,3.0,0.0,2.0,2.0,430548_1007,0,2017-05-12,6
1249,11077.0,401570.0,56089.0,412290.0,220.0,419869,0.0,11.0,1.0,5.0,1.0,0.0,2.0,2.0,430548_1007,0,2017-05-12,6
1249,11077.0,401570.0,56089.0,412290.0,220.0,419869,0.0,11.0,1.0,5.0,1.0,0.0,2.0,2.0,430548_1007,1,2017-05-12,5
1251,8586.0,206489.0,3729.0,92340.0,130.0,1082952,0.0,10.0,1.0,4.0,3.0,0.0,2.0,2.0,430548_1007,0,2017-05-10,3
1253,8914.0,133981.0,14748.0,45246.0,80.0,231427,64.0,9.0,1.0,3.0,3.0,0.0,2.0,1.0,430539_1007,0,2017-05-10,9
1254,23.0,83283.0,33.0,400399.0,352.0,361474,0.0,9.0,1.0,3.0,3.0,1.0,3.0,2.0,430548_1007,0,2017-05-09,10
1257,9841.0,383906.0,37473.0,48679.0,1299.0,324613,46.0,5.0,2.0,5.0,3.0,0.0,2.0,3.0,430539_1007,0,2017-05-11,6
1257,9841.0,383906.0,37473.0,48679.0,1299.0,324613,46.0,5.0,2.0,5.0,3.0,0.0,2.0,3.0,430539_1007,0,2017-05-11,0
1257,9841.0,383906.0,37473.0,48679.0,1299.0,563091,68.0,9.0,1.0,3.0,3.0,0.0,2.0,3.0,430539_1007,0,2017-05-09,5
1257,9841.0,383906.0,37473.0,48679.0,1299.0,563091,68.0,9.0,1.0,3.0,3.0,0.0,2.0,3.0,430539_1007,1,2017-05-07,4
1257,9841.0,383906.0,37473.0,48679.0,1299.0,854012,35.0,4.0,2.0,4.0,3.0,0.0,2.0,3.0,430539_1007,0,2017-05-08,12
1257,9841.0,383906.0,37473.0,48679.0,1299.0,887541,91.0,11.0,1.0,5.0,3.0,0.0,2.0,2.0,430548_1007,0,2017-05-07,14
1265,10589.0,405646.0,60553.0,327607.0,55.0,534528,78.0,10.0,1.0,4.0,3.0,0.0,4.0,1.0,430548_1007,0,2017-05-11,5
1265,10589.0,405646.0,60553.0,327607.0,55.0,1014191,33.0,4.0,2.0,4.0,3.0,0.0,2.0,2.0,430539_1007,0,2017-05-07,0
1271,11734.0,401977.0,56519.0,412208.0,230.0,1099138,92.0,11.0,1.0,5.0,3.0,0.0,3.0,2.0,430548_1007,0,2017-05-13,2
1271,11734.0,401977.0,56519.0,412208.0,230.0,123102,0.0,9.0,1.0,3.0,3.0,0.0,1.0,1.0,430548_1007,0,2017-05-10,5
1271,11734.0,401977.0,56519.0,412208.0,230.0,1064156,0.0,5.0,2.0,5.0,3.0,0.0,2.0,1.0,430548_1007,0,2017-05-12,7
1271,11734.0,401977.0,56519.0,412208.0,230.0,1064156,0.0,5.0,2.0,5.0,3.0,0.0,2.0,1.0,430548_1007,0,2017-05-09,23
1271,11734.0,401977.0,56519.0,412208.0,230.0,123102,0.0,9.0,1.0,3.0,3.0,0.0,1.0,1.0,430548_1007,0,2017-05-10,8
1271,11734.0,401977.0,56519.0,412208.0,230.0,335157,0.0,5.0,2.0,5.0,3.0,0.0,2.0,1.0,430548_1007,0,2017-05-08,16
1271,11734.0,401977.0,56519.0,412208.0,230.0,85603,0.0,9.0,1.0,3.0,2.0,0.0,2.0,2.0,430548_1007,0,2017-05-11,4
1271,11734.0,401977.0,56519.0,412208.0,230.0,735333,16.0,3.0,2.0,3.0,3.0,0.0,2.0,1.0,430548_1007,0,2017-05-13,3
1271,11734.0,401977.0,56519.0,412208.0,230.0,972589,0.0,3.0,2.0,3.0,3.0,0.0,2.0,1.0,430548_1007,0,2017-05-12,9
1271,11734.0,401977.0,56519.0,412208.0,230.0,4062,0.0,5.0,2.0,5.0,3.0,0.0,3.0,1.0,430548_1007,0,2017-05-12,8
1271,11734.0,401977.0,56519.0,412208.0,230.0,830386,0.0,9.0,1.0,3.0,3.0,0.0,2.0,1.0,430548_1007,0,2017-05-10,7
1271,11734.0,401977.0,56519.0,412208.0,230.0,971611,0.0,3.0,2.0,3.0,3.0,0.0,2.0,2.0,430548_1007,0,2017-05-07,3
1271,11734.0,401977.0,56519.0,412208.0,230.0,971611,0.0,3.0,2.0,3.0,3.0,0.0,2.0,2.0,430548_1007,0,2017-05-06,2
1271,11734.0,401977.0,56519.0,412208.0,230.0,214743,34.0,4.0,2.0,4.0,3.0,0.0,4.0,2.0,430548_1007,0,2017-05-08,23
1271,11734.0,401977.0,56519.0,412208.0,230.0,166900,96.0,12.0,1.0,6.0,3.0,0.0,2.0,1.0,430548_1007,0,2017-05-12,21
1271,11734.0,401977.0,56519.0,412208.0,230.0,456934,66.0,9.0,1.0,3.0,3.0,0.0,2.0,2.0,430548_1007,0,2017-05-06,9
1271,11734.0,401977.0,56519.0,412208.0,230.0,868003,0.0,5.0,2.0,5.0,3.0,0.0,1.0,1.0,430539_1007,0,2017-05-09,21
1271,11734.0,401977.0,56519.0,412208.0,230.0,166900,96.0,12.0,1.0,6.0,3.0,0.0,2.0,1.0,430548_1007,0,2017-05-09,2
1274,10617.0,138530.0,9766.0,455976.0,134.0,535665,0.0,10.0,1.0,4.0,2.0,0.0,2.0,2.0,430548_1007,0,2017-05-10,6
1280,4564.0,393998.0,27596.0,457530.0,198.0,315913,0.0,11.0,1.0,5.0,1.0,0.0,2.0,1.0,430548_1007,0,2017-05-11,11
1280,4564.0,393998.0,27596.0,457530.0,198.0,274845,80.0,10.0,1.0,4.0,3.0,0.0,2.0,2.0,430548_1007,0,2017-05-13,6
1280,4564.0,393998.0,27596.0,457530.0,198.0,215245,65.0,9.0,1.0,3.0,3.0,0.0,3.0,1.0,430548_1007,0,2017-05-11,14
1280,4564.0,393998.0,27596.0,457530.0,198.0,447544,55.0,8.0,1.0,2.0,2.0,0.0,2.0,3.0,430539_1007,0,2017-05-08,4
1280,4564.0,393998.0,27596.0,457530.0,198.0,315913,0.0,11.0,1.0,5.0,1.0,0.0,2.0,1.0,430548_1007,0,2017-05-09,10
1280,4564.0,393998.0,27596.0,457530.0,198.0,274845,80.0,10.0,1.0,4.0,3.0,0.0,2.0,2.0,430548_1007,0,2017-05-10,10
1280,4564.0,393998.0,27596.0,457530.0,198.0,902183,0.0,10.0,1.0,4.0,3.0,0.0,1.0,1.0,430539_1007,0,2017-05-08,14
1280,4564.0,393998.0,27596.0,457530.0,198.0,901315,0.0,9.0,1.0,3.0,3.0,0.0,3.0,2.0,430548_1007,0,2017-05-11,14
1280,4564.0,393998.0,27596.0,457530.0,198.0,901315,0.0,9.0,1.0,3.0,3.0,0.0,3.0,2.0,430548_1007,0,2017-05-09,2
1280,4564.0,393998.0,27596.0,457530.0,198.0,513688,0.0,8.0,1.0,2.0,3.0,1.0,2.0,1.0,430548_1007,1,2017-05-13,0
1280,4564.0,393998.0,27596.0,457530.0,198.0,103330,0.0,11.0,1.0,5.0,2.0,0.0,2.0,1.0,430548_1007,0,2017-05-07,8
1280,4564.0,393998.0,27596.0,457530.0,198.0,131827,66.0,9.0,1.0,3.0,3.0,0.0,2.0,2.0,430548_1007,0,2017-05-06,16
1280,4564.0,393998.0,27596.0,457530.0,198.0,57060,80.0,10.0,1.0,4.0,3.0,0.0,2.0,2.0,430539_1007,0,2017-05-07,15
1280,4564.0,393998.0,27596.0,457530.0,198.0,781662,0.0,12.0,1.0,6.0,2.0,0.0,2.0,1.0,430548_1007,0,2017-05-07,0
1280,4564.0,393998.0,27596.0,457530.0,198.0,781662,0.0,12.0,1.0,6.0,2.0,0.0,2.0,1.0,430548_1007,0,2017-05-11,15
1280,4564.0,393998.0,27596.0,457530.0,198.0,48119,0.0,10.0,1.0,4.0,3.0,0.0,2.0,2.0,430539_1007,0,2017-05-07,20
1280,4564.0,393998.0,27596.0,457530.0,198.0,1030179,0.0,9.0,1.0,3.0,2.0,0.0,2.0,2.0,430539_1007,0,2017-05-09,15
1280,4564.0,393998.0,27596.0,457530.0,198.0,15107,0.0,10.0,1.0,4.0,3.0,0.0,2.0,2.0,430548_1007,0,2017-05-09,15
1280,4564.0,393998.0,27596.0,457530.0,198.0,827034,0.0,9.0,1.0,3.0,3.0,0.0,2.0,2.0,430548_1007,0,2017-05-12,14
1280,4564.0,393998.0,27596.0,457530.0,198.0,587698,54.0,8.0,1.0,2.0,3.0,1.0,2.0,1.0,430548_1007,0,2017-05-09,5
1280,4564.0,393998.0,27596.0,457530.0,198.0,1040150,54.0,8.0,1.0,2.0,3.0,1.0,2.0,1.0,430548_1007,0,2017-05-06,13
1280,4564.0,393998.0,27596.0,457530.0,198.0,214335,0.0,10.0,1.0,4.0,3.0,0.0,2.0,2.0,430539_1007,0,2017-05-07,9
1280,4564.0,393998.0,27596.0,457530.0,198.0,615003,67.0,9.0,1.0,3.0,3.0,0.0,3.0,2.0,430548_1007,0,2017-05-09,0
1280,4564.0,393998.0,27596.0,457530.0,198.0,274845,80.0,10.0,1.0,4.0,3.0,0.0,2.0,2.0,430548_1007,0,2017-05-12,17
1280,4564.0,393998.0,27596.0,457530.0,198.0,880383,0.0,10.0,1.0,4.0,1.0,0.0,3.0,2.0,430539_1007,0,2017-05-08,9
1280,4564.0,393998.0,27596.0,457530.0,198.0,887656,65.0,9.0,1.0,3.0,3.0,0.0,3.0,1.0,430548_1007,0,2017-05-11,19
1280,4564.0,393998.0,27596.0,457530.0,198.0,315913,0.0,11.0,1.0,5.0,1.0,0.0,2.0,1.0,430548_1007,0,2017-05-07,8
1280,4564.0,393998.0,27596.0,457530.0,198.0,510471,0.0,11.0,1.0,5.0,3.0,0.0,2.0,1.0,430548_1007,0,2017-05-11,7
1280,4564.0,393998.0,27596.0,457530.0,198.0,436313,92.0,11.0,1.0,5.0,3.0,0.0,3.0,2.0,430548_1007,0,2017-05-13,0
1280,4564.0,393998.0,27596.0,457530.0,198.0,834014,0.0,10.0,1.0,4.0,3.0,0.0,2.0,2.0,430539_1007,1,2017-05-09,0
1280,4564.0,393998.0,27596.0,457530.0,198.0,700147,0.0,3.0,2.0,3.0,3.0,0.0,2.0,3.0,430539_1007,0,2017-05-13,12
1280,4564.0,393998.0,27596.0,457530.0,198.0,556078,0.0,12.0,1.0,6.0,2.0,0.0,2.0,1.0,430548_1007,0,2017-05-11,15
1280,4564.0,393998.0,27596.0,457530.0,198.0,534276,0.0,11.0,1.0,5.0,2.0,0.0,2.0,3.0,430539_1007,0,2017-05-12,9
1280,4564.0,393998.0,27596.0,457530.0,198.0,773266,0.0,10.0,1.0,4.0,3.0,0.0,1.0,1.0,430548_1007,0,2017-05-11,1
1280,4564.0,393998.0,27596.0,457530.0,198.0,333714,0.0,7.0,1.0,1.0,3.0,0.0,2.0,2.0,430539_1007,0,2017-05-12,0
1280,4564.0,393998.0,27596.0,457530.0,198.0,531752,35.0,4.0,2.0,4.0,3.0,0.0,1.0,3.0,430539_1007,0,2017-05-09,0
1280,4564.0,393998.0,27596.0,457530.0,198.0,531752,35.0,4.0,2.0,4.0,3.0,0.0,1.0,3.0,430539_1007,0,2017-05-12,0
1280,4564.0,393998.0,27596.0,457530.0,198.0,1069593,92.0,11.0,1.0,5.0,3.0,0.0,4.0,2.0,430539_1007,0,2017-05-08,14
1280,4564.0,393998.0,27596.0,457530.0,198.0,454355,0.0,5.0,2.0,5.0,2.0,0.0,2.0,1.0,430548_1007,0,2017-05-07,6
1280,4564.0,393998.0,27596.0,457530.0,198.0,827314,0.0,9.0,1.0,3.0,3.0,0.0,2.0,2.0,430539_1007,0,2017-05-08,11
1280,4564.0,393998.0,27596.0,457530.0,198.0,328371,0.0,8.0,1.0,2.0,3.0,0.0,2.0,2.0,430539_1007,0,2017-05-13,6
1280,4564.0,393998.0,27596.0,457530.0,198.0,56690,0.0,2.0,2.0,2.0,1.0,0.0,2.0,1.0,430548_1007,0,2017-05-13,5
1280,4564.0,393998.0,27596.0,457530.0,198.0,29076,0.0,9.0,1.0,3.0,3.0,0.0,1.0,2.0,430539_1007,0,2017-05-08,8
1280,4564.0,393998.0,27596.0,457530.0,198.0,827314,0.0,9.0,1.0,3.0,3.0,0.0,2.0,2.0,430539_1007,0,2017-05-08,10
1280,4564.0,393998.0,27596.0,457530.0,198.0,1052912,66.0,9.0,1.0,3.0,3.0,0.0,2.0,2.0,430548_1007,0,2017-05-11,9
1280,4564.0,393998.0,27596.0,457530.0,198.0,1136614,0.0,8.0,1.0,2.0,2.0,0.0,2.0,1.0,430548_1007,0,2017-05-08,6
1280,4564.0,393998.0,27596.0,457530.0,198.0,597954,0.0,11.0,1.0,5.0,3.0,0.0,1.0,2.0,430539_1007,0,2017-05-06,3
1280,4564.0,393998.0,27596.0,457530.0,198.0,475137,67.0,9.0,1.0,3.0,3.0,0.0,3.0,2.0,430548_1007,0,2017-05-13,10
1280,4564.0,393998.0,27596.0,457530.0,198.0,597954,0.0,11.0,1.0,5.0,3.0,0.0,1.0,2.0,430539_1007,0,2017-05-13,9
1280,4564.0,393998.0,27596.0,457530.0,198.0,420008,0.0,11.0,1.0,5.0,3.0,0.0,2.0,2.0,430548_1007,0,2017-05-11,1
1280,4564.0,393998.0,27596.0,457530.0,198.0,15531,68.0,9.0,1.0,3.0,3.0,0.0,2.0,3.0,430548_1007,0,2017-05-11,13
1280,4564.0,393998.0,27596.0,457530.0,198.0,686409,0.0,7.0,1.0,1.0,2.0,0.0,2.0,2.0,430548_1007,0,2017-05-11,10
1280,4564.0,393998.0,27596.0,457530.0,198.0,900651,0.0,10.0,1.0,4.0,3.0,0.0,3.0,2.0,430548_1007,0,2017-05-09,6
1282,1259.0,126883.0,4644.0,438851.0,43800.0,191958,88.0,11.0,1.0,5.0,3.0,0.0,2.0,1.0,430548_1007,0,2017-05-11,16
1282,1259.0,126883.0,4644.0,438851.0,43800.0,191958,88.0,11.0,1.0,5.0,3.0,0.0,2.0,1.0,430548_1007,0,2017-05-07,4
1282,1259.0,126883.0,4644.0,438851.0,43800.0,63242,82.0,10.0,1.0,4.0,3.0,0.0,1.0,3.0,430539_1007,0,2017-05-06,14
1282,1259.0,126883.0,4644.0,438851.0,43800.0,191958,88.0,11.0,1.0,5.0,3.0,0.0,2.0,1.0,430548_1007,0,2017-05-06,7
1282,1259.0,126883.0,4644.0,438851.0,43800.0,885061,0.0,10.0,1.0,4.0,3.0,0.0,1.0,2.0,430548_1007,0,2017-05-06,6
1282,1259.0,126883.0,4644.0,438851.0,43800.0,765664,67.0,9.0,1.0,3.0,3.0,0.0,3.0,2.0,430548_1007,0,2017-05-11,8
1282,1259.0,126883.0,4644.0,438851.0,43800.0,270359,0.0,11.0,1.0,5.0,1.0,0.0,2.0,1.0,430548_1007,0,2017-05-09,17
1282,1259.0,126883.0,4644.0,438851.0,43800.0,1026221,93.0,11.0,1.0,5.0,3.0,0.0,2.0,3.0,430539_1007,1,2017-05-11,9
1282,1259.0,126883.0,4644.0,438851.0,43800.0,765664,67.0,9.0,1.0,3.0,3.0,0.0,3.0,2.0,430548_1007,0,2017-05-13,5
1282,1259.0,126883.0,4644.0,438851.0,43800.0,1026221,93.0,11.0,1.0,5.0,3.0,0.0,2.0,3.0,430539_1007,0,2017-05-13,15
1282,1259.0,126883.0,4644.0,438851.0,43800.0,765664,67.0,9.0,1.0,3.0,3.0,0.0,3.0,2.0,430548_1007,0,2017-05-12,15
1283,530.0,389472.0,41343.0,402342.0,3.6,507539,7.0,2.0,2.0,2.0,3.0,0.0,2.0,2.0,430539_1007,0,2017-05-13,11
1283,530.0,389472.0,41343.0,402342.0,3.6,509261,0.0,3.0,2.0,3.0,3.0,0.0,3.0,1.0,430539_1007,0,2017-05-13,7
1283,530.0,389472.0,41343.0,402342.0,3.6,461784,0.0,10.0,1.0,4.0,2.0,0.0,2.0,2.0,430548_1007,0,2017-05-05,18
1283,530.0,389472.0,41343.0,402342.0,3.6,182943,15.0,3.0,2.0,3.0,3.0,0.0,1.0,1.0,430539_1007,0,2017-05-13,15
1283,530.0,389472.0,41343.0,402342.0,3.6,1132130,0.0,3.0,2.0,3.0,3.0,0.0,2.0,1.0,430539_1007,0,2017-05-12,16
1283,530.0,389472.0,41343.0,402342.0,3.6,249615,0.0,4.0,2.0,4.0,3.0,0.0,2.0,2.0,430548_1007,0,2017-05-10,1
1286,6683.0,397684.0,281.0,298181.0,4.9,460417,78.0,10.0,1.0,4.0,3.0,0.0,4.0,1.0,430548_1007,0,2017-05-13,6
1286,6683.0,397684.0,281.0,298181.0,4.9,728661,0.0,2.0,2.0,2.0,3.0,1.0,2.0,1.0,430548_1007,0,2017-05-11,12
1286,6683.0,397684.0,281.0,298181.0,4.9,1058909,19.0,3.0,2.0,3.0,3.0,0.0,2.0,2.0,430539_1007,1,2017-05-11,14
1289,4620.0,405006.0,59843.0,442521.0,9.9,40238,0.0,2.0,2.0,2.0,3.0,0.0,2.0,1.0,430548_1007,0,2017-05-07,10
1289,4620.0,405006.0,59843.0,442521.0,9.9,170744,30.0,4.0,2.0,4.0,3.0,0.0,2.0,1.0,430548_1007,0,2017-05-06,14
1289,4620.0,405006.0,59843.0,442521.0,9.9,106958,0.0,11.0,1.0,5.0,3.0,0.0,2.0,2.0,430548_1007,0,2017-05-07,8
1289,4620.0,405006.0,59843.0,442521.0,9.9,1088074,33.0,4.0,2.0,4.0,3.0,0.0,2.0,2.0,430548_1007,1,2017-05-09,6
1295,4816.0,155303.0,18145.0,184027.0,198.0,895477,0.0,2.0,2.0,2.0,3.0,0.0,2.0,1.0,430548_1007,0,2017-05-06,8
1299,10456.0,151261.0,23910.0,306858.0,166.0,11980,0.0,11.0,1.0,5.0,1.0,0.0,2.0,1.0,430539_1007,0,2017-05-12,10
1299,10456.0,151261.0,23910.0,306858.0,166.0,700863,2.0,1.0,2.0,1.0,3.0,1.0,1.0,2.0,430548_1007,0,2017-05-13,6
1299,10456.0,151261.0,23910.0,306858.0,166.0,10345,0.0,4.0,2.0,4.0,3.0,0.0,2.0,1.0,430548_1007,0,2017-05-12,12
1299,10456.0,151261.0,23910.0,306858.0,166.0,325607,0.0,5.0,2.0,5.0,1.0,0.0,2.0,1.0,430548_1007,0,2017-05-07,6
1299,10456.0,151261.0,23910.0,306858.0,166.0,878794,64.0,9.0,1.0,3.0,3.0,0.0,2.0,1.0,430539_1007,1,2017-05-13,7
1299,10456.0,151261.0,23910.0,306858.0,166.0,445673,93.0,11.0,1.0,5.0,3.0,0.0,2.0,2.0,430539_1007,0,2017-05-08,10
1299,10456.0,151261.0,23910.0,306858.0,166.0,264753,0.0,11.0,1.0,5.0,3.0,0.0,2.0,2.0,430539_1007,0,2017-05-11,9
1299,10456.0,151261.0,23910.0,306858.0,166.0,264753,0.0,11.0,1.0,5.0,3.0,0.0,2.0,2.0,430539_1007,0,2017-05-06,11
1299,10456.0,151261.0,23910.0,306858.0,166.0,115120,0.0,12.0,1.0,6.0,1.0,0.0,2.0,2.0,430548_1007,0,2017-05-09,12
1299,10456.0,151261.0,23910.0,306858.0,166.0,617275,0.0,4.0,2.0,4.0,3.0,0.0,2.0,2.0,430548_1007,0,2017-05-12,9
1299,10456.0,151261.0,23910.0,306858.0,166.0,264753,0.0,11.0,1.0,5.0,3.0,0.0,2.0,2.0,430539_1007,0,2017-05-09,7
1299,10456.0,151261.0,23910.0,306858.0,166.0,178716,0.0,9.0,1.0,3.0,1.0,0.0,2.0,2.0,430539_1007,0,2017-05-13,8
1299,10456.0,151261.0,23910.0,306858.0,166.0,844726,0.0,5.0,2.0,5.0,3.0,0.0,2.0,2.0,430539_1007,0,2017-05-08,14
1299,10456.0,151261.0,23910.0,306858.0,166.0,157252,0.0,4.0,2.0,4.0,1.0,0.0,2.0,2.0,430548_1007,0,2017-05-11,13
1299,10456.0,151261.0,23910.0,306858.0,166.0,242343,19.0,3.0,2.0,3.0,3.0,0.0,2.0,2.0,430548_1007,0,2017-05-10,3
1299,10456.0,151261.0,23910.0,306858.0,166.0,242459,0.0,9.0,1.0,3.0,3.0,0.0,2.0,2.0,430548_1007,0,2017-05-12,12
1299,10456.0,151261.0,23910.0,306858.0,166.0,573098,0.0,10.0,1.0,4.0,3.0,0.0,2.0,2.0,430548_1007,0,2017-05-12,3
1299,10456.0,151261.0,23910.0,306858.0,166.0,190236,0.0,5.0,2.0,5.0,2.0,0.0,2.0,2.0,430548_1007,0,2017-05-11,12
1299,10456.0,151261.0,23910.0,306858.0,166.0,812083,0.0,4.0,2.0,4.0,2.0,0.0,2.0,1.0,430548_1007,0,2017-05-06,4
1299,10456.0,151261.0,23910.0,306858.0,166.0,815952,0.0,4.0,2.0,4.0,3.0,0.0,2.0,2.0,430539_1007,0,2017-05-13,7
1299,10456.0,151261.0,23910.0,306858.0,166.0,920092,0.0,6.0,2.0,6.0,1.0,0.0,2.0,1.0,430539_1007,0,2017-05-12,3
1299,10456.0,151261.0,23910.0,306858.0,166.0,983870,31.0,4.0,2.0,4.0,3.0,0.0,4.0,1.0,430548_1007,0,2017-05-12,5
1299,10456.0,151261.0,23910.0,306858.0,166.0,221292,0.0,11.0,1.0,5.0,2.0,0.0,2.0,1.0,430539_1007,0,2017-05-11,8
1299,10456.0,151261.0,23910.0,306858.0,166.0,124126,0.0,3.0,2.0,3.0,3.0,0.0,2.0,2.0,430548_1007,0,2017-05-12,13
1299,10456.0,151261.0,23910.0,306858.0,166.0,1010122,17.0,3.0,2.0,3.0,3.0,0.0,4.0,1.0,430548_1007,0,2017-05-12,10
1299,10456.0,151261.0,23910.0,306858.0,166.0,974708,45.0,5.0,2.0,5.0,3.0,0.0,4.0,2.0,430539_1007,0,2017-05-11,10
1299,10456.0,151261.0,23910.0,306858.0,166.0,188397,78.0,10.0,1.0,4.0,3.0,0.0,4.0,1.0,430548_1007,0,2017-05-10,14
1299,10456.0,151261.0,23910.0,306858.0,166.0,984624,78.0,10.0,1.0,4.0,3.0,0.0,4.0,1.0,430539_1007,0,2017-05-09,7
1299,10456.0,151261.0,23910.0,306858.0,166.0,826763,20.0,3.0,2.0,3.0,3.0,0.0,4.0,2.0,430539_1007,0,2017-05-08,5
1299,10456.0,151261.0,23910.0,306858.0,166.0,944749,0.0,4.0,2.0,4.0,1.0,0.0,2.0,2.0,430548_1007,0,2017-05-11,9
1299,10456.0,151261.0,23910.0,306858.0,166.0,204798,17.0,3.0,2.0,3.0,3.0,0.0,3.0,1.0,430548_1007,0,2017-05-13,2
1299,10456.0,151261.0,23910.0,306858.0,166.0,808728,0.0,9.0,1.0,3.0,2.0,0.0,2.0,2.0,430548_1007,0,2017-05-12,16
1299,10456.0,151261.0,23910.0,306858.0,166.0,564846,0.0,11.0,1.0,5.0,3.0,0.0,3.0,1.0,430548_1007,0,2017-05-06,10
1299,10456.0,151261.0,23910.0,306858.0,166.0,15867,0.0,12.0,1.0,6.0,3.0,0.0,2.0,1.0,430548_1007,0,2017-05-09,6
1299,10456.0,151261.0,23910.0,306858.0,166.0,625547,0.0,3.0,2.0,3.0,3.0,0.0,2.0,1.0,430548_1007,0,2017-05-11,4
1299,10456.0,151261.0,23910.0,306858.0,166.0,290989,0.0,5.0,2.0,5.0,2.0,0.0,2.0,1.0,430548_1007,0,2017-05-12,4
1302,4753.0,407439.0,51594.0,395334.0,25.0,669112,16.0,3.0,2.0,3.0,3.0,0.0,2.0,1.0,430548_1007,0,2017-05-10,4
1302,4753.0,407439.0,51594.0,395334.0,25.0,891451,33.0,4.0,2.0,4.0,3.0,0.0,2.0,2.0,430548_1007,0,2017-05-10,3
1302,4753.0,407439.0,51594.0,395334.0,25.0,469057,0.0,4.0,2.0,4.0,3.0,0.0,3.0,1.0,430548_1007,0,2017-05-12,7
1307,6407.0,149060.0,6176.0,119544.0,75.0,529310,0.0,3.0,2.0,3.0,3.0,0.0,2.0,1.0,430548_1007,0,2017-05-10,16
1312,1258.0,126883.0,4644.0,383160.0,12600.0,805996,82.0,10.0,1.0,4.0,3.0,0.0,2.0,3.0,430539_1007,0,2017-05-12,9
1312,1258.0,126883.0,4644.0,383160.0,12600.0,717143,96.0,12.0,1.0,6.0,3.0,0.0,1.0,3.0,430548_1007,0,2017-05-09,10
1312,1258.0,126883.0,4644.0,383160.0,12600.0,1075704,0.0,10.0,1.0,4.0,3.0,0.0,2.0,3.0,430548_1007,0,2017-05-12,4
1312,1258.0,126883.0,4644.0,383160.0,12600.0,717143,96.0,12.0,1.0,6.0,3.0,0.0,1.0,3.0,430548_1007,0,2017-05-11,12
1312,1258.0,126883.0,4644.0,383160.0,12600.0,718870,0.0,11.0,1.0,5.0,3.0,0.0,2.0,2.0,430539_1007,0,2017-05-10,14
1312,1258.0,126883.0,4644.0,383160.0,12600.0,805205,93.0,11.0,1.0,5.0,3.0,0.0,2.0,3.0,430548_1007,0,2017-05-06,12
1312,1258.0,126883.0,4644.0,383160.0,12600.0,19386,82.0,10.0,1.0,4.0,3.0,0.0,2.0,3.0,430539_1007,0,2017-05-11,22
1312,1258.0,126883.0,4644.0,383160.0,12600.0,1081597,0.0,11.0,1.0,5.0,3.0,0.0,1.0,2.0,430548_1007,0,2017-05-10,21
1312,1258.0,126883.0,4644.0,383160.0,12600.0,1026221,93.0,11.0,1.0,5.0,3.0,0.0,2.0,3.0,430539_1007,0,2017-05-10,9
1312,1258.0,126883.0,4644.0,383160.0,12600.0,805996,82.0,10.0,1.0,4.0,3.0,0.0,2.0,3.0,430539_1007,0,2017-05-09,5
1312,1258.0,126883.0,4644.0,383160.0,12600.0,208337,0.0,12.0,1.0,6.0,3.0,0.0,2.0,2.0,430539_1007,0,2017-05-09,2
1312,1258.0,126883.0,4644.0,383160.0,12600.0,802116,0.0,11.0,1.0,5.0,3.0,0.0,2.0,2.0,430539_1007,0,2017-05-09,18
1312,1258.0,126883.0,4644.0,383160.0,12600.0,1026221,93.0,11.0,1.0,5.0,3.0,0.0,2.0,3.0,430539_1007,0,2017-05-07,12
1312,1258.0,126883.0,4644.0,383160.0,12600.0,1026221,93.0,11.0,1.0,5.0,3.0,0.0,2.0,3.0,430539_1007,0,2017-05-12,10
1312,1258.0,126883.0,4644.0,383160.0,12600.0,276173,92.0,11.0,1.0,5.0,3.0,0.0,4.0,3.0,430548_1007,0,2017-05-12,4
1312,1258.0,126883.0,4644.0,383160.0,12600.0,208337,0.0,12.0,1.0,6.0,3.0,0.0,2.0,2.0,430539_1007,0,2017-05-06,7
1312,1258.0,126883.0,4644.0,383160.0,12600.0,1090906,0.0,12.0,1.0,6.0,3.0,0.0,2.0,1.0,430539_1007,0,2017-05-08,9
1312,1258.0,126883.0,4644.0,383160.0,12600.0,802116,0.0,11.0,1.0,5.0,3.0,0.0,2.0,2.0,430539_1007,0,2017-05-07,17
1312,1258.0,126883.0,4644.0,383160.0,12600.0,728344,0.0,9.0,1.0,3.0,3.0,0.0,2.0,2.0,430539_1007,0,2017-05-06,4
1312,1258.0,126883.0,4644.0,383160.0,12600.0,158286,96.0,12.0,1.0,6.0,3.0,0.0,2.0,2.0,430548_1007,0,2017-05-07,5
1312,1258.0,126883.0,4644.0,383160.0,12600.0,420462,46.0,5.0,2.0,5.0,3.0,0.0,2.0,3.0,430548_1007,0,2017-05-07,8
1312,1258.0,126883.0,4644.0,383160.0,12600.0,765664,67.0,9.0,1.0,3.0,3.0,0.0,3.0,2.0,430548_1007,0,2017-05-11,0
1312,1258.0,126883.0,4644.0,383160.0,12600.0,606960,46.0,5.0,2.0,5.0,3.0,0.0,1.0,3.0,430539_1007,0,2017-05-13,11
1312,1258.0,126883.0,4644.0,383160.0,12600.0,765664,67.0,9.0,1.0,3.0,3.0,0.0,3.0,2.0,430548_1007,0,2017-05-07,2
1312,1258.0,126883.0,4644.0,383160.0,12600.0,631680,0.0,11.0,1.0,5.0,3.0,0.0,4.0,2.0,430548_1007,0,2017-05-09,23
1312,1258.0,126883.0,4644.0,383160.0,12600.0,904371,92.0,11.0,1.0,5.0,3.0,0.0,4.0,2.0,430548_1007,0,2017-05-08,21
1312,1258.0,126883.0,4644.0,383160.0,12600.0,765664,67.0,9.0,1.0,3.0,3.0,0.0,3.0,2.0,430548_1007,0,2017-05-09,3
1312,1258.0,126883.0,4644.0,383160.0,12600.0,736731,86.0,11.0,1.0,5.0,2.0,0.0,2.0,3.0,430548_1007,0,2017-05-06,11
1312,1258.0,126883.0,4644.0,383160.0,12600.0,736731,86.0,11.0,1.0,5.0,2.0,0.0,2.0,3.0,430548_1007,0,2017-05-12,16
1312,1258.0,126883.0,4644.0,383160.0,12600.0,606960,46.0,5.0,2.0,5.0,3.0,0.0,1.0,3.0,430539_1007,0,2017-05-09,13
1312,1258.0,126883.0,4644.0,383160.0,12600.0,702576,0.0,11.0,1.0,5.0,2.0,0.0,2.0,3.0,430539_1007,0,2017-05-13,5
1312,1258.0,126883.0,4644.0,383160.0,12600.0,505161,0.0,10.0,1.0,4.0,3.0,0.0,2.0,2.0,430548_1007,0,2017-05-10,18
1312,1258.0,126883.0,4644.0,383160.0,12600.0,824061,68.0,9.0,1.0,3.0,3.0,0.0,1.0,3.0,430548_1007,0,2017-05-10,17
1312,1258.0,126883.0,4644.0,383160.0,12600.0,445995,0.0,12.0,1.0,6.0,3.0,0.0,1.0,2.0,430548_1007,0,2017-05-11,9
1312,1258.0,126883.0,4644.0,383160.0,12600.0,445995,0.0,12.0,1.0,6.0,3.0,0.0,1.0,2.0,430548_1007,0,2017-05-09,9
1312,1258.0,126883.0,4644.0,383160.0,12600.0,863580,80.0,10.0,1.0,4.0,3.0,0.0,2.0,2.0,430539_1007,0,2017-05-06,10
1312,1258.0,126883.0,4644.0,383160.0,12600.0,31261,0.0,11.0,1.0,5.0,3.0,0.0,4.0,3.0,430548_1007,0,2017-05-08,11
1312,1258.0,126883.0,4644.0,383160.0,12600.0,465969,0.0,8.0,1.0,2.0,3.0,0.0,2.0,2.0,430548_1007,0,2017-05-08,17
1312,1258.0,126883.0,4644.0,383160.0,12600.0,662505,0.0,5.0,2.0,5.0,3.0,0.0,2.0,3.0,430539_1007,0,2017-05-06,9
1312,1258.0,126883.0,4644.0,383160.0,12600.0,188250,66.0,9.0,1.0,3.0,3.0,0.0,1.0,2.0,430548_1007,0,2017-05-12,4
1312,1258.0,126883.0,4644.0,383160.0,12600.0,632770,0.0,11.0,1.0,5.0,3.0,0.0,4.0,2.0,430548_1007,0,2017-05-13,11
1312,1258.0,126883.0,4644.0,383160.0,12600.0,389862,0.0,11.0,1.0,5.0,3.0,0.0,2.0,1.0,430548_1007,0,2017-05-08,2
1312,1258.0,126883.0,4644.0,383160.0,12600.0,392122,0.0,10.0,1.0,4.0,1.0,0.0,2.0,2.0,430548_1007,0,2017-05-07,14
1312,1258.0,126883.0,4644.0,383160.0,12600.0,389862,0.0,11.0,1.0,5.0,3.0,0.0,2.0,1.0,430548_1007,0,2017-05-11,4
1312,1258.0,126883.0,4644.0,383160.0,12600.0,1039635,0.0,9.0,1.0,3.0,3.0,0.0,2.0,3.0,430548_1007,0,2017-05-08,17
1312,1258.0,126883.0,4644.0,383160.0,12600.0,1019798,0.0,9.0,1.0,3.0,3.0,0.0,2.0,2.0,430539_1007,0,2017-05-10,18
1312,1258.0,126883.0,4644.0,383160.0,12600.0,631538,93.0,11.0,1.0,5.0,3.0,0.0,2.0,3.0,430548_1007,0,2017-05-05,17
1312,1258.0,126883.0,4644.0,383160.0,12600.0,78021,0.0,9.0,1.0,3.0,3.0,0.0,4.0,2.0,430548_1007,0,2017-05-10,23
1312,1258.0,126883.0,4644.0,383160.0,12600.0,1032964,0.0,5.0,2.0,5.0,3.0,0.0,3.0,2.0,430539_1007,0,2017-05-06,2
1312,1258.0,126883.0,4644.0,383160.0,12600.0,753800,0.0,11.0,1.0,5.0,3.0,0.0,2.0,2.0,430539_1007,0,2017-05-06,12
1312,1258.0,126883.0,4644.0,383160.0,12600.0,67874,0.0,11.0,1.0,5.0,2.0,0.0,2.0,3.0,430539_1007,0,2017-05-05,16
1312,1258.0,126883.0,4644.0,383160.0,12600.0,78021,0.0,9.0,1.0,3.0,3.0,0.0,4.0,2.0,430548_1007,0,2017-05-06,9
1312,1258.0,126883.0,4644.0,383160.0,12600.0,1112659,0.0,11.0,1.0,5.0,3.0,0.0,2.0,1.0,430539_1007,0,2017-05-07,20
1312,1258.0,126883.0,4644.0,383160.0,12600.0,67874,0.0,11.0,1.0,5.0,2.0,0.0,2.0,3.0,430539_1007,0,2017-05-07,18
1312,1258.0,126883.0,4644.0,383160.0,12600.0,662505,0.0,5.0,2.0,5.0,3.0,0.0,2.0,3.0,430539_1007,0,2017-05-13,8
1319,7037.0,394541.0,48902.0,51710.0,218.0,740450,82.0,10.0,1.0,4.0,3.0,0.0,1.0,3.0,430539_1007,0,2017-05-11,18
1320,6795.0,407494.0,62444.0,14870.0,126.0,372917,0.0,9.0,1.0,3.0,3.0,0.0,1.0,1.0,430548_1007,0,2017-05-13,15
1320,6795.0,407494.0,62444.0,14870.0,126.0,177581,82.0,10.0,1.0,4.0,3.0,0.0,1.0,3.0,430548_1007,0,2017-05-09,14
1320,6795.0,407494.0,62444.0,14870.0,126.0,966633,56.0,8.0,1.0,2.0,3.0,0.0,2.0,1.0,430548_1007,0,2017-05-07,2
1320,6795.0,407494.0,62444.0,14870.0,126.0,794550,0.0,9.0,1.0,3.0,3.0,0.0,2.0,2.0,430548_1007,0,2017-05-07,0
1320,6795.0,407494.0,62444.0,14870.0,126.0,241091,92.0,11.0,1.0,5.0,3.0,0.0,4.0,2.0,430548_1007,0,2017-05-11,7
1320,6795.0,407494.0,62444.0,14870.0,126.0,650739,69.0,9.0,1.0,3.0,3.0,0.0,3.0,3.0,430548_1007,1,2017-05-06,15
1320,6795.0,407494.0,62444.0,14870.0,126.0,871681,0.0,11.0,1.0,5.0,3.0,0.0,4.0,3.0,430548_1007,0,2017-05-11,15
1320,6795.0,407494.0,62444.0,14870.0,126.0,217951,83.0,11.0,1.0,5.0,1.0,0.0,2.0,2.0,430548_1007,0,2017-05-07,10
1320,6795.0,407494.0,62444.0,14870.0,126.0,220377,0.0,8.0,1.0,2.0,3.0,0.0,2.0,2.0,430539_1007,0,2017-05-08,3
1320,6795.0,407494.0,62444.0,14870.0,126.0,958070,0.0,11.0,1.0,5.0,1.0,0.0,2.0,2.0,430539_1007,0,2017-05-08,13
1320,6795.0,407494.0,62444.0,14870.0,126.0,220377,0.0,8.0,1.0,2.0,3.0,0.0,2.0,2.0,430539_1007,0,2017-05-11,4
1320,6795.0,407494.0,62444.0,14870.0,126.0,540764,0.0,10.0,1.0,4.0,2.0,0.0,2.0,1.0,430548_1007,0,2017-05-08,11
1320,6795.0,407494.0,62444.0,14870.0,126.0,463171,87.0,11.0,1.0,5.0,2.0,0.0,4.0,3.0,430548_1007,0,2017-05-09,6
1320,6795.0,407494.0,62444.0,14870.0,126.0,934830,0.0,11.0,1.0,5.0,2.0,0.0,2.0,1.0,430548_1007,0,2017-05-06,9
1320,6795.0,407494.0,62444.0,14870.0,126.0,1019467,0.0,11.0,1.0,5.0,3.0,0.0,2.0,2.0,430548_1007,0,2017-05-11,11
1320,6795.0,407494.0,62444.0,14870.0,126.0,565232,0.0,11.0,1.0,5.0,2.0,0.0,2.0,1.0,430539_1007,0,2017-05-07,12
1320,6795.0,407494.0,62444.0,14870.0,126.0,549797,92.0,11.0,1.0,5.0,3.0,0.0,4.0,2.0,430548_1007,0,2017-05-08,0
1320,6795.0,407494.0,62444.0,14870.0,126.0,66452,0.0,11.0,1.0,5.0,3.0,0.0,2.0,2.0,430548_1007,0,2017-05-08,0
1320,6795.0,407494.0,62444.0,14870.0,126.0,549797,92.0,11.0,1.0,5.0,3.0,0.0,4.0,2.0,430548_1007,0,2017-05-10,1
1320,6795.0,407494.0,62444.0,14870.0,126.0,1087608,0.0,10.0,1.0,4.0,3.0,0.0,2.0,3.0,430539_1007,0,2017-05-11,16
1321,8204.0,407660.0,62607.0,211816.0,45.29,140044,0.0,10.0,1.0,4.0,1.0,0.0,2.0,2.0,430548_1007,0,2017-05-12,14
1321,8204.0,407660.0,62607.0,211816.0,45.29,312853,0.0,8.0,1.0,2.0,3.0,0.0,2.0,1.0,430548_1007,0,2017-05-08,13
1321,8204.0,407660.0,62607.0,211816.0,45.29,585912,81.0,10.0,1.0,4.0,3.0,0.0,3.0,2.0,430548_1007,0,2017-05-11,5
1321,8204.0,407660.0,62607.0,211816.0,45.29,601325,0.0,7.0,1.0,1.0,3.0,0.0,2.0,1.0,430548_1007,0,2017-05-13,10
1321,8204.0,407660.0,62607.0,211816.0,45.29,312853,0.0,8.0,1.0,2.0,3.0,0.0,2.0,1.0,430548_1007,0,2017-05-06,7
1321,8204.0,407660.0,62607.0,211816.0,45.29,751223,0.0,9.0,1.0,3.0,3.0,0.0,4.0,2.0,430548_1007,0,2017-05-06,7
1321,8204.0,407660.0,62607.0,211816.0,45.29,664437,0.0,5.0,2.0,5.0,3.0,0.0,1.0,1.0,430539_1007,0,2017-05-13,3
1321,8204.0,407660.0,62607.0,211816.0,45.29,664437,0.0,5.0,2.0,5.0,3.0,0.0,1.0,1.0,430539_1007,0,2017-05-11,14
1321,8204.0,407660.0,62607.0,211816.0,45.29,664437,0.0,5.0,2.0,5.0,3.0,0.0,1.0,1.0,430539_1007,1,2017-05-09,10
1321,8204.0,407660.0,62607.0,211816.0,45.29,535622,73.0,10.0,1.0,4.0,2.0,0.0,2.0,1.0,430548_1007,0,2017-05-13,10
1321,8204.0,407660.0,62607.0,211816.0,45.29,533865,93.0,11.0,1.0,5.0,3.0,0.0,2.0,3.0,430539_1007,0,2017-05-08,5
1321,8204.0,407660.0,62607.0,211816.0,45.29,872593,0.0,4.0,2.0,4.0,3.0,0.0,2.0,1.0,430539_1007,0,2017-05-10,11
1321,8204.0,407660.0,62607.0,211816.0,45.29,1077101,81.0,10.0,1.0,4.0,3.0,0.0,3.0,2.0,430548_1007,0,2017-05-10,0
1321,8204.0,407660.0,62607.0,211816.0,45.29,183243,0.0,9.0,1.0,3.0,3.0,0.0,2.0,1.0,430539_1007,1,2017-05-09,13
1321,8204.0,407660.0,62607.0,211816.0,45.29,603628,45.0,5.0,2.0,5.0,3.0,0.0,3.0,2.0,430548_1007,0,2017-05-07,4
1321,8204.0,407660.0,62607.0,211816.0,45.29,73594,0.0,9.0,1.0,3.0,3.0,0.0,2.0,2.0,430548_1007,0,2017-05-09,15
1321,8204.0,407660.0,62607.0,211816.0,45.29,511191,20.0,3.0,2.0,3.0,3.0,0.0,3.0,2.0,430548_1007,0,2017-05-06,4
1321,8204.0,407660.0,62607.0,211816.0,45.29,311342,66.0,9.0,1.0,3.0,3.0,0.0,2.0,2.0,430548_1007,0,2017-05-09,8
1321,8204.0,407660.0,62607.0,211816.0,45.29,1112540,0.0,10.0,1.0,4.0,3.0,0.0,2.0,2.0,430548_1007,0,2017-05-08,12
1321,8204.0,407660.0,62607.0,211816.0,45.29,781749,66.0,9.0,1.0,3.0,3.0,0.0,2.0,2.0,430548_1007,0,2017-05-08,6
1321,8204.0,407660.0,62607.0,211816.0,45.29,708004,82.0,10.0,1.0,4.0,3.0,0.0,1.0,3.0,430539_1007,0,2017-05-09,14
1321,8204.0,407660.0,62607.0,211816.0,45.29,833367,92.0,11.0,1.0,5.0,3.0,0.0,4.0,2.0,430548_1007,0,2017-05-13,13
1321,8204.0,407660.0,62607.0,211816.0,45.29,372914,0.0,11.0,1.0,5.0,3.0,0.0,2.0,1.0,430548_1007,0,2017-05-10,6
1321,8204.0,407660.0,62607.0,211816.0,45.29,305511,66.0,9.0,1.0,3.0,3.0,0.0,1.0,2.0,430539_1007,0,2017-05-06,4
1321,8204.0,407660.0,62607.0,211816.0,45.29,134598,56.0,8.0,1.0,2.0,3.0,0.0,2.0,1.0,430548_1007,0,2017-05-05,22
1321,8204.0,407660.0,62607.0,211816.0,45.29,175968,50.0,7.0,1.0,1.0,2.0,0.0,2.0,2.0,430548_1007,0,2017-05-07,7
1321,8204.0,407660.0,62607.0,211816.0,45.29,330998,0.0,7.0,1.0,1.0,1.0,0.0,2.0,2.0,430548_1007,0,2017-05-11,12
1321,8204.0,407660.0,62607.0,211816.0,45.29,583613,0.0,10.0,1.0,4.0,3.0,0.0,2.0,2.0,430539_1007,0,2017-05-10,0
1321,8204.0,407660.0,62607.0,211816.0,45.29,1130423,45.0,5.0,2.0,5.0,3.0,0.0,3.0,2.0,430548_1007,0,2017-05-08,4
1321,8204.0,407660.0,62607.0,211816.0,45.29,99506,0.0,5.0,2.0,5.0,2.0,0.0,2.0,1.0,430548_1007,0,2017-05-09,5
1321,8204.0,407660.0,62607.0,211816.0,45.29,99506,0.0,5.0,2.0,5.0,2.0,0.0,2.0,1.0,430548_1007,0,2017-05-06,16
1321,8204.0,407660.0,62607.0,211816.0,45.29,663299,0.0,4.0,2.0,4.0,3.0,0.0,2.0,1.0,430548_1007,0,2017-05-07,12
1321,8204.0,407660.0,62607.0,211816.0,45.29,322791,78.0,10.0,1.0,4.0,3.0,0.0,3.0,1.0,430548_1007,0,2017-05-09,6
1322,10988.0,161662.0,25043.0,359747.0,215.0,1013702,0.0,9.0,1.0,3.0,2.0,0.0,2.0,2.0,430548_1007,0,2017-05-11,14
1322,10988.0,161662.0,25043.0,359747.0,215.0,962407,57.0,8.0,1.0,2.0,3.0,0.0,4.0,2.0,430548_1007,0,2017-05-07,10
1339,6251.0,397963.0,52561.0,13858.0,26.0,397964,0.0,4.0,2.0,4.0,3.0,0.0,4.0,1.0,430548_1007,0,2017-05-12,4
1339,6251.0,397963.0,52561.0,13858.0,26.0,337849,0.0,3.0,2.0,3.0,3.0,0.0,2.0,1.0,430548_1007,0,2017-05-12,7
1339,6251.0,397963.0,52561.0,13858.0,26.0,61475,0.0,5.0,2.0,5.0,3.0,0.0,2.0,2.0,430548_1007,0,2017-05-08,14
1339,6251.0,397963.0,52561.0,13858.0,26.0,437863,0.0,3.0,2.0,3.0,3.0,0.0,4.0,1.0,430539_1007,0,2017-05-10,15
1340,9784.0,128214.0,4971.0,412482.0,58.0,123631,0.0,10.0,1.0,4.0,2.0,0.0,3.0,1.0,430548_1007,0,2017-05-09,4
1340,9784.0,128214.0,4971.0,412482.0,58.0,494196,0.0,11.0,1.0,5.0,1.0,0.0,2.0,2.0,430548_1007,0,2017-05-13,11
1340,9784.0,128214.0,4971.0,412482.0,58.0,494196,0.0,11.0,1.0,5.0,1.0,0.0,2.0,2.0,430548_1007,0,2017-05-13,8
1340,9784.0,128214.0,4971.0,412482.0,58.0,494196,0.0,11.0,1.0,5.0,1.0,0.0,2.0,2.0,430548_1007,0,2017-05-10,12
1340,9784.0,128214.0,4971.0,412482.0,58.0,494196,0.0,11.0,1.0,5.0,1.0,0.0,2.0,2.0,430548_1007,0,2017-05-09,7
1340,9784.0,128214.0,4971.0,412482.0,58.0,494196,0.0,11.0,1.0,5.0,1.0,0.0,2.0,2.0,430548_1007,0,2017-05-10,22
1340,9784.0,128214.0,4971.0,412482.0,58.0,494196,0.0,11.0,1.0,5.0,1.0,0.0,2.0,2.0,430548_1007,0,2017-05-11,10
1340,9784.0,128214.0,4971.0,412482.0,58.0,494196,0.0,11.0,1.0,5.0,1.0,0.0,2.0,2.0,430548_1007,0,2017-05-11,2
1341,1017.0,393114.0,47378.0,192616.0,128.0,76976,0.0,4.0,2.0,4.0,3.0,0.0,2.0,2.0,430548_1007,0,2017-05-10,4
1351,10010.0,407826.0,2867.0,401946.0,15.8,1098403,42.0,5.0,2.0,5.0,3.0,0.0,4.0,1.0,430548_1007,0,2017-05-06,10
1351,10010.0,407826.0,2867.0,401946.0,15.8,1123641,66.0,9.0,1.0,3.0,3.0,0.0,1.0,2.0,430548_1007,0,2017-05-06,11
1355,4535.0,253879.0,34604.0,211107.0,1120.0,580283,91.0,11.0,1.0,5.0,3.0,0.0,2.0,2.0,430539_1007,0,2017-05-09,5
1355,4535.0,253879.0,34604.0,211107.0,1120.0,91008,16.0,3.0,2.0,3.0,3.0,0.0,2.0,1.0,430539_1007,0,2017-05-09,6
1355,4535.0,253879.0,34604.0,211107.0,1120.0,459891,0.0,11.0,1.0,5.0,3.0,0.0,3.0,1.0,430548_1007,0,2017-05-08,13
1355,4535.0,253879.0,34604.0,211107.0,1120.0,170426,0.0,11.0,1.0,5.0,3.0,0.0,2.0,2.0,430548_1007,0,2017-05-08,13
1355,4535.0,253879.0,34604.0,211107.0,1120.0,1094270,67.0,9.0,1.0,3.0,3.0,0.0,3.0,2.0,430539_1007,1,2017-05-07,14
1356,5160.0,161223.0,25029.0,323861.0,45.0,157193,0.0,5.0,2.0,5.0,3.0,0.0,2.0,2.0,430548_1007,1,2017-05-08,7
1356,5160.0,161223.0,25029.0,323861.0,45.0,293210,19.0,3.0,2.0,3.0,3.0,0.0,2.0,2.0,430548_1007,0,2017-05-06,15
1356,5160.0,161223.0,25029.0,323861.0,45.0,157193,0.0,5.0,2.0,5.0,3.0,0.0,2.0,2.0,430548_1007,1,2017-05-08,4
1356,5160.0,161223.0,25029.0,323861.0,45.0,818946,0.0,4.0,2.0,4.0,3.0,0.0,2.0,2.0,430548_1007,0,2017-05-08,12
1356,5160.0,161223.0,25029.0,323861.0,45.0,795952,21.0,3.0,2.0,3.0,3.0,0.0,1.0,3.0,430548_1007,0,2017-05-11,2
1356,5160.0,161223.0,25029.0,323861.0,45.0,795952,21.0,3.0,2.0,3.0,3.0,0.0,1.0,3.0,430548_1007,0,2017-05-10,14
1356,5160.0,161223.0,25029.0,323861.0,45.0,795952,21.0,3.0,2.0,3.0,3.0,0.0,1.0,3.0,430548_1007,0,2017-05-10,1
1356,5160.0,161223.0,25029.0,323861.0,45.0,795952,21.0,3.0,2.0,3.0,3.0,0.0,1.0,3.0,430548_1007,0,2017-05-08,13
1356,5160.0,161223.0,25029.0,323861.0,45.0,795952,21.0,3.0,2.0,3.0,3.0,0.0,1.0,3.0,430548_1007,0,2017-05-09,14
1356,5160.0,161223.0,25029.0,323861.0,45.0,795952,21.0,3.0,2.0,3.0,3.0,0.0,1.0,3.0,430548_1007,0,2017-05-09,5
1360,6777.0,407494.0,62444.0,324058.0,28.0,480220,80.0,10.0,1.0,4.0,3.0,0.0,2.0,2.0,430539_1007,0,2017-05-06,15
1360,6777.0,407494.0,62444.0,324058.0,28.0,480220,80.0,10.0,1.0,4.0,3.0,0.0,2.0,2.0,430539_1007,0,2017-05-07,13
1369,10763.0,179359.0,26785.0,183026.0,21.3,348747,0.0,9.0,1.0,3.0,3.0,0.0,2.0,2.0,430548_1007,0,2017-05-13,10
1369,10763.0,179359.0,26785.0,183026.0,21.3,659732,0.0,9.0,1.0,3.0,2.0,0.0,2.0,1.0,430548_1007,0,2017-05-13,15
1369,10763.0,179359.0,26785.0,183026.0,21.3,966159,0.0,9.0,1.0,3.0,3.0,0.0,2.0,1.0,430548_1007,0,2017-05-10,19
1369,10763.0,179359.0,26785.0,183026.0,21.3,63007,91.0,11.0,1.0,5.0,3.0,0.0,2.0,2.0,430539_1007,0,2017-05-08,23
1369,10763.0,179359.0,26785.0,183026.0,21.3,980973,89.0,11.0,1.0,5.0,3.0,0.0,4.0,1.0,430548_1007,0,2017-05-13,10
1369,10763.0,179359.0,26785.0,183026.0,21.3,108201,77.0,10.0,1.0,4.0,3.0,0.0,2.0,1.0,430548_1007,0,2017-05-12,15
1369,10763.0,179359.0,26785.0,183026.0,21.3,146581,49.0,6.0,2.0,6.0,3.0,0.0,1.0,2.0,430548_1007,1,2017-05-10,5
1369,10763.0,179359.0,26785.0,183026.0,21.3,146581,49.0,6.0,2.0,6.0,3.0,0.0,1.0,2.0,430548_1007,1,2017-05-07,3
1369,10763.0,179359.0,26785.0,183026.0,21.3,828966,41.0,5.0,2.0,5.0,3.0,0.0,2.0,1.0,430539_1007,0,2017-05-07,12
1369,10763.0,179359.0,26785.0,183026.0,21.3,146581,49.0,6.0,2.0,6.0,3.0,0.0,1.0,2.0,430539_1007,0,2017-05-13,6
1369,10763.0,179359.0,26785.0,183026.0,21.3,435051,0.0,3.0,2.0,3.0,2.0,0.0,2.0,2.0,430548_1007,0,2017-05-08,22
1369,10763.0,179359.0,26785.0,183026.0,21.3,589420,0.0,9.0,1.0,3.0,3.0,0.0,4.0,2.0,430548_1007,0,2017-05-12,14
1369,10763.0,179359.0,26785.0,183026.0,21.3,787688,0.0,8.0,1.0,2.0,3.0,0.0,3.0,2.0,430548_1007,0,2017-05-08,7
1369,10763.0,179359.0,26785.0,183026.0,21.3,1136128,77.0,10.0,1.0,4.0,3.0,0.0,2.0,1.0,430539_1007,0,2017-05-07,12
1372,4595.0,102987.0,665.0,322078.0,246.0,648196,0.0,12.0,1.0,6.0,3.0,0.0,2.0,1.0,430539_1007,0,2017-05-12,1
1372,4595.0,102987.0,665.0,322078.0,246.0,1084329,0.0,12.0,1.0,6.0,3.0,0.0,2.0,2.0,430548_1007,0,2017-05-10,9
1372,4595.0,102987.0,665.0,322078.0,246.0,214309,0.0,11.0,1.0,5.0,2.0,0.0,2.0,2.0,430548_1007,0,2017-05-13,13
1372,4595.0,102987.0,665.0,322078.0,246.0,743651,0.0,11.0,1.0,5.0,3.0,0.0,3.0,1.0,430548_1007,0,2017-05-06,4
1372,4595.0,102987.0,665.0,322078.0,246.0,831607,68.0,9.0,1.0,3.0,3.0,0.0,2.0,2.0,430539_1007,0,2017-05-11,13
1374,10945.0,387135.0,41014.0,28826.0,230.0,699933,16.0,3.0,2.0,3.0,3.0,0.0,2.0,1.0,430548_1007,0,2017-05-13,4
1377,2293.0,133389.0,13393.0,252004.0,50.0,1039513,0.0,10.0,1.0,4.0,3.0,0.0,1.0,2.0,430548_1007,0,2017-05-10,12
1377,2293.0,133389.0,13393.0,252004.0,50.0,900001,0.0,10.0,1.0,4.0,3.0,0.0,2.0,2.0,430548_1007,0,2017-05-10,5
1377,2293.0,133389.0,13393.0,252004.0,50.0,1110563,0.0,11.0,1.0,5.0,3.0,0.0,2.0,1.0,430548_1007,0,2017-05-06,7
1380,8547.0,407475.0,33745.0,236225.0,135.0,318082,42.0,5.0,2.0,5.0,3.0,0.0,3.0,1.0,430548_1007,1,2017-05-06,21
1380,8547.0,407475.0,33745.0,236225.0,135.0,318082,42.0,5.0,2.0,5.0,3.0,0.0,3.0,1.0,430548_1007,0,2017-05-10,8
1380,8547.0,407475.0,33745.0,236225.0,135.0,318082,42.0,5.0,2.0,5.0,3.0,0.0,3.0,1.0,430548_1007,0,2017-05-09,1
1380,8547.0,407475.0,33745.0,236225.0,135.0,318082,42.0,5.0,2.0,5.0,3.0,0.0,3.0,1.0,430548_1007,0,2017-05-09,4
1380,8547.0,407475.0,33745.0,236225.0,135.0,318082,42.0,5.0,2.0,5.0,3.0,0.0,3.0,1.0,430548_1007,0,2017-05-06,9
1380,8547.0,407475.0,33745.0,236225.0,135.0,318082,42.0,5.0,2.0,5.0,3.0,0.0,3.0,1.0,430548_1007,0,2017-05-08,5
1380,8547.0,407475.0,33745.0,236225.0,135.0,318082,42.0,5.0,2.0,5.0,3.0,0.0,3.0,1.0,430548_1007,0,2017-05-07,20
1386,7185.0,399795.0,51404.0,115349.0,41.0,214597,0.0,4.0,2.0,4.0,2.0,0.0,2.0,1.0,430548_1007,1,2017-05-13,13
1386,7185.0,399795.0,51404.0,115349.0,41.0,771851,92.0,11.0,1.0,5.0,3.0,0.0,3.0,2.0,430548_1007,0,2017-05-07,13
1392,7738.0,124302.0,3650.0,430944.0,13.0,142301,0.0,3.0,2.0,3.0,3.0,0.0,1.0,1.0,430548_1007,0,2017-05-07,6
1394,6999.0,408062.0,22513.0,425589.0,230.0,977050,93.0,11.0,1.0,5.0,3.0,0.0,2.0,2.0,430548_1007,0,2017-05-13,14
1394,6999.0,408062.0,22513.0,425589.0,230.0,137414,78.0,10.0,1.0,4.0,3.0,0.0,4.0,1.0,430548_1007,0,2017-05-08,23
1394,6999.0,408062.0,22513.0,425589.0,230.0,815954,0.0,10.0,1.0,4.0,3.0,0.0,4.0,2.0,430548_1007,0,2017-05-13,11
1394,6999.0,408062.0,22513.0,425589.0,230.0,815954,0.0,10.0,1.0,4.0,3.0,0.0,4.0,2.0,430548_1007,0,2017-05-10,15
1394,6999.0,408062.0,22513.0,425589.0,230.0,815954,0.0,10.0,1.0,4.0,3.0,0.0,4.0,2.0,430548_1007,0,2017-05-06,14
1394,6999.0,408062.0,22513.0,425589.0,230.0,433769,0.0,10.0,1.0,4.0,1.0,0.0,2.0,2.0,430548_1007,0,2017-05-08,12
1394,6999.0,408062.0,22513.0,425589.0,230.0,943229,0.0,10.0,1.0,4.0,2.0,0.0,2.0,2.0,430539_1007,0,2017-05-10,4
1394,6999.0,408062.0,22513.0,425589.0,230.0,728795,93.0,11.0,1.0,5.0,3.0,0.0,1.0,2.0,430548_1007,0,2017-05-06,15
1394,6999.0,408062.0,22513.0,425589.0,230.0,849898,0.0,12.0,1.0,6.0,3.0,0.0,2.0,3.0,430539_1007,0,2017-05-09,4
1394,6999.0,408062.0,22513.0,425589.0,230.0,558711,0.0,2.0,2.0,2.0,1.0,0.0,2.0,1.0,430548_1007,1,2017-05-10,14
1394,6999.0,408062.0,22513.0,425589.0,230.0,977050,93.0,11.0,1.0,5.0,3.0,0.0,2.0,2.0,430548_1007,0,2017-05-11,6
1394,6999.0,408062.0,22513.0,425589.0,230.0,1122416,0.0,8.0,1.0,2.0,3.0,0.0,2.0,2.0,430548_1007,0,2017-05-13,15
1394,6999.0,408062.0,22513.0,425589.0,230.0,1122416,0.0,8.0,1.0,2.0,3.0,0.0,2.0,2.0,430539_1007,0,2017-05-11,13
1394,6999.0,408062.0,22513.0,425589.0,230.0,1122416,0.0,8.0,1.0,2.0,3.0,0.0,2.0,2.0,430548_1007,0,2017-05-10,18
1394,6999.0,408062.0,22513.0,425589.0,230.0,141450,49.0,6.0,2.0,6.0,3.0,0.0,2.0,2.0,430539_1007,0,2017-05-09,3
1394,6999.0,408062.0,22513.0,425589.0,230.0,1104245,35.0,4.0,2.0,4.0,3.0,0.0,2.0,3.0,430539_1007,0,2017-05-06,12
1394,6999.0,408062.0,22513.0,425589.0,230.0,137414,78.0,10.0,1.0,4.0,3.0,0.0,4.0,1.0,430548_1007,0,2017-05-11,2
1394,6999.0,408062.0,22513.0,425589.0,230.0,137414,78.0,10.0,1.0,4.0,3.0,0.0,4.0,1.0,430548_1007,0,2017-05-10,13
1394,6999.0,408062.0,22513.0,425589.0,230.0,905596,19.0,3.0,2.0,3.0,3.0,0.0,2.0,2.0,430548_1007,0,2017-05-11,16
1394,6999.0,408062.0,22513.0,425589.0,230.0,725151,91.0,11.0,1.0,5.0,3.0,0.0,2.0,2.0,430539_1007,0,2017-05-11,10
1394,6999.0,408062.0,22513.0,425589.0,230.0,628131,0.0,9.0,1.0,3.0,3.0,0.0,4.0,2.0,430548_1007,0,2017-05-11,11
1394,6999.0,408062.0,22513.0,425589.0,230.0,178689,46.0,5.0,2.0,5.0,3.0,0.0,2.0,2.0,430548_1007,0,2017-05-09,16
1394,6999.0,408062.0,22513.0,425589.0,230.0,58209,0.0,9.0,1.0,3.0,3.0,0.0,2.0,3.0,430539_1007,0,2017-05-07,9
1394,6999.0,408062.0,22513.0,425589.0,230.0,141450,49.0,6.0,2.0,6.0,3.0,0.0,2.0,2.0,430539_1007,1,2017-05-13,6
1394,6999.0,408062.0,22513.0,425589.0,230.0,863666,0.0,3.0,2.0,3.0,3.0,0.0,2.0,2.0,430539_1007,0,2017-05-08,2
1394,6999.0,408062.0,22513.0,425589.0,230.0,678239,0.0,4.0,2.0,4.0,3.0,0.0,2.0,1.0,430548_1007,0,2017-05-13,5
1394,6999.0,408062.0,22513.0,425589.0,230.0,985726,0.0,10.0,1.0,4.0,2.0,0.0,1.0,3.0,430548_1007,0,2017-05-09,15
1394,6999.0,408062.0,22513.0,425589.0,230.0,810632,81.0,10.0,1.0,4.0,3.0,0.0,4.0,2.0,430548_1007,0,2017-05-07,12
1394,6999.0,408062.0,22513.0,425589.0,230.0,562472,0.0,11.0,1.0,5.0,2.0,0.0,2.0,1.0,430548_1007,0,2017-05-10,8
1394,6999.0,408062.0,22513.0,425589.0,230.0,172069,80.0,10.0,1.0,4.0,3.0,0.0,2.0,2.0,430539_1007,0,2017-05-11,10
1394,6999.0,408062.0,22513.0,425589.0,230.0,562472,0.0,11.0,1.0,5.0,2.0,0.0,2.0,1.0,430548_1007,0,2017-05-13,0
1394,6999.0,408062.0,22513.0,425589.0,230.0,453717,0.0,5.0,2.0,5.0,3.0,0.0,1.0,1.0,430539_1007,0,2017-05-06,8
1394,6999.0,408062.0,22513.0,425589.0,230.0,218920,79.0,10.0,1.0,4.0,3.0,0.0,1.0,2.0,430548_1007,0,2017-05-11,6
1394,6999.0,408062.0,22513.0,425589.0,230.0,218920,79.0,10.0,1.0,4.0,3.0,0.0,1.0,2.0,430548_1007,0,2017-05-08,4
1394,6999.0,408062.0,22513.0,425589.0,230.0,540577,93.0,11.0,1.0,5.0,3.0,0.0,2.0,3.0,430548_1007,0,2017-05-12,14
1394,6999.0,408062.0,22513.0,425589.0,230.0,628154,0.0,11.0,1.0,5.0,2.0,0.0,2.0,1.0,430548_1007,0,2017-05-07,0
1394,6999.0,408062.0,22513.0,425589.0,230.0,682538,0.0,4.0,2.0,4.0,3.0,0.0,2.0,3.0,430548_1007,0,2017-05-07,11
1395,4856.0,408084.0,62975.0,322734.0,115.0,409648,0.0,5.0,2.0,5.0,3.0,0.0,2.0,2.0,430548_1007,0,2017-05-10,10
1395,4856.0,408084.0,62975.0,322734.0,115.0,657732,0.0,10.0,1.0,4.0,3.0,0.0,3.0,2.0,430539_1007,0,2017-05-07,11
1395,4856.0,408084.0,62975.0,322734.0,115.0,787288,0.0,8.0,1.0,2.0,3.0,0.0,4.0,2.0,430539_1007,0,2017-05-12,14
1395,4856.0,408084.0,62975.0,322734.0,115.0,1081171,45.0,5.0,2.0,5.0,3.0,0.0,3.0,2.0,430548_1007,0,2017-05-13,4
1395,4856.0,408084.0,62975.0,322734.0,115.0,439333,0.0,10.0,1.0,4.0,3.0,0.0,2.0,1.0,430548_1007,0,2017-05-13,12
1395,4856.0,408084.0,62975.0,322734.0,115.0,1007443,0.0,2.0,2.0,2.0,3.0,0.0,2.0,2.0,430548_1007,0,2017-05-10,3
1395,4856.0,408084.0,62975.0,322734.0,115.0,593296,56.0,8.0,1.0,2.0,3.0,0.0,2.0,2.0,430548_1007,0,2017-05-08,7
1395,4856.0,408084.0,62975.0,322734.0,115.0,884818,0.0,10.0,1.0,4.0,3.0,0.0,4.0,2.0,430539_1007,0,2017-05-06,10
1395,4856.0,408084.0,62975.0,322734.0,115.0,1059852,0.0,10.0,1.0,4.0,3.0,0.0,4.0,2.0,430548_1007,0,2017-05-07,5
1395,4856.0,408084.0,62975.0,322734.0,115.0,993211,67.0,9.0,1.0,3.0,3.0,0.0,4.0,1.0,430539_1007,0,2017-05-10,10
1395,4856.0,408084.0,62975.0,322734.0,115.0,116329,81.0,10.0,1.0,4.0,3.0,0.0,3.0,2.0,430539_1007,0,2017-05-09,9
1395,4856.0,408084.0,62975.0,322734.0,115.0,1057497,15.0,3.0,2.0,3.0,3.0,0.0,1.0,1.0,430539_1007,0,2017-05-06,10
1396,4748.0,239466.0,12381.0,223133.0,7.0,752244,0.0,4.0,2.0,4.0,3.0,0.0,2.0,2.0,430539_1007,0,2017-05-07,1
1396,4748.0,239466.0,12381.0,223133.0,7.0,752244,0.0,4.0,2.0,4.0,3.0,0.0,2.0,2.0,430539_1007,0,2017-05-12,16
1398,7074.0,134159.0,15183.0,370203.0,2.5,1039684,0.0,8.0,1.0,2.0,3.0,0.0,2.0,2.0,430548_1007,1,2017-05-12,23
1403,4291.0,400503.0,55076.0,353787.0,55.0,618235,8.0,2.0,2.0,2.0,3.0,0.0,3.0,1.0,430539_1007,0,2017-05-11,2
1409,10886.0,192769.0,25076.0,285369.0,2.0,195592,33.0,4.0,2.0,4.0,3.0,0.0,2.0,2.0,430539_1007,0,2017-05-10,13
1409,10886.0,192769.0,25076.0,285369.0,2.0,35610,0.0,11.0,1.0,5.0,1.0,0.0,2.0,2.0,430548_1007,0,2017-05-07,20
1409,10886.0,192769.0,25076.0,285369.0,2.0,1068783,60.0,9.0,1.0,3.0,2.0,0.0,2.0,2.0,430539_1007,0,2017-05-06,21
1409,10886.0,192769.0,25076.0,285369.0,2.0,596482,0.0,11.0,1.0,5.0,2.0,0.0,2.0,2.0,430548_1007,0,2017-05-10,12
1409,10886.0,192769.0,25076.0,285369.0,2.0,221062,0.0,9.0,1.0,3.0,3.0,0.0,4.0,1.0,430548_1007,0,2017-05-06,1
1412,7225.0,132183.0,10670.0,2.0,70.0,1128962,84.0,11.0,1.0,5.0,2.0,0.0,2.0,2.0,430548_1007,0,2017-05-07,15
1412,7225.0,132183.0,10670.0,2.0,70.0,323294,93.0,11.0,1.0,5.0,3.0,0.0,2.0,3.0,430539_1007,0,2017-05-07,0
1412,7225.0,132183.0,10670.0,2.0,70.0,300953,0.0,5.0,2.0,5.0,1.0,0.0,2.0,2.0,430548_1007,1,2017-05-07,13
1412,7225.0,132183.0,10670.0,2.0,70.0,52072,0.0,10.0,1.0,4.0,2.0,0.0,2.0,2.0,430548_1007,0,2017-05-07,3
1412,7225.0,132183.0,10670.0,2.0,70.0,69317,56.0,8.0,1.0,2.0,3.0,0.0,2.0,2.0,430548_1007,0,2017-05-10,6
1412,7225.0,132183.0,10670.0,2.0,70.0,267020,0.0,11.0,1.0,5.0,1.0,0.0,2.0,2.0,430548_1007,0,2017-05-07,12
1412,7225.0,132183.0,10670.0,2.0,70.0,197585,56.0,8.0,1.0,2.0,3.0,0.0,2.0,2.0,430548_1007,0,2017-05-07,8
1412,7225.0,132183.0,10670.0,2.0,70.0,24750,0.0,10.0,1.0,4.0,3.0,0.0,2.0,2.0,430548_1007,0,2017-05-05,16
1412,7225.0,132183.0,10670.0,2.0,70.0,1129709,66.0,9.0,1.0,3.0,3.0,1.0,2.0,2.0,430539_1007,0,2017-05-06,9
1413,4806.0,408202.0,55119.0,269432.0,1599.0,5448,66.0,9.0,1.0,3.0,3.0,0.0,2.0,2.0,430548_1007,0,2017-05-13,1
1413,4806.0,408202.0,55119.0,269432.0,1599.0,1127301,0.0,11.0,1.0,5.0,2.0,0.0,2.0,2.0,430548_1007,0,2017-05-12,9
1413,4806.0,408202.0,55119.0,269432.0,1599.0,123058,78.0,10.0,1.0,4.0,3.0,0.0,3.0,1.0,430548_1007,0,2017-05-11,5
1413,4806.0,408202.0,55119.0,269432.0,1599.0,1034561,0.0,10.0,1.0,4.0,3.0,0.0,4.0,2.0,430548_1007,0,2017-05-10,3
1413,4806.0,408202.0,55119.0,269432.0,1599.0,10254,91.0,11.0,1.0,5.0,3.0,0.0,2.0,2.0,430548_1007,0,2017-05-12,12
1413,4806.0,408202.0,55119.0,269432.0,1599.0,283032,84.0,11.0,1.0,5.0,2.0,0.0,2.0,1.0,430548_1007,0,2017-05-12,10
1413,4806.0,408202.0,55119.0,269432.0,1599.0,10254,91.0,11.0,1.0,5.0,3.0,0.0,2.0,2.0,430548_1007,0,2017-05-12,10
1413,4806.0,408202.0,55119.0,269432.0,1599.0,427742,0.0,11.0,1.0,5.0,3.0,0.0,2.0,2.0,430548_1007,0,2017-05-12,3
1413,4806.0,408202.0,55119.0,269432.0,1599.0,914584,0.0,11.0,1.0,5.0,3.0,0.0,3.0,2.0,430548_1007,0,2017-05-11,3
1413,4806.0,408202.0,55119.0,269432.0,1599.0,1045449,69.0,9.0,1.0,3.0,3.0,0.0,3.0,2.0,430548_1007,0,2017-05-11,8
1413,4806.0,408202.0,55119.0,269432.0,1599.0,936324,0.0,10.0,1.0,4.0,2.0,0.0,2.0,1.0,430548_1007,0,2017-05-12,13
1413,4806.0,408202.0,55119.0,269432.0,1599.0,637246,0.0,11.0,1.0,5.0,1.0,0.0,2.0,1.0,430548_1007,0,2017-05-11,6
1413,4806.0,408202.0,55119.0,269432.0,1599.0,378159,0.0,10.0,1.0,4.0,3.0,0.0,2.0,2.0,430548_1007,0,2017-05-11,5
1413,4806.0,408202.0,55119.0,269432.0,1599.0,339003,0.0,9.0,1.0,3.0,3.0,0.0,4.0,2.0,430539_1007,0,2017-05-12,13
1413,4806.0,408202.0,55119.0,269432.0,1599.0,291249,92.0,11.0,1.0,5.0,3.0,0.0,3.0,2.0,430548_1007,0,2017-05-11,8
1413,4806.0,408202.0,55119.0,269432.0,1599.0,923585,0.0,7.0,1.0,1.0,2.0,0.0,2.0,2.0,430548_1007,0,2017-05-11,5
1413,4806.0,408202.0,55119.0,269432.0,1599.0,277382,0.0,9.0,1.0,3.0,3.0,0.0,1.0,2.0,430539_1007,0,2017-05-09,6
1413,4806.0,408202.0,55119.0,269432.0,1599.0,828594,0.0,10.0,1.0,4.0,3.0,0.0,2.0,2.0,430548_1007,0,2017-05-12,7
1415,10841.0,398908.0,19265.0,300311.0,38.0,876060,0.0,9.0,1.0,3.0,3.0,0.0,1.0,1.0,430539_1007,0,2017-05-06,8
1417,9115.0,408218.0,29833.0,136203.0,20.0,75506,0.0,7.0,1.0,1.0,1.0,0.0,2.0,1.0,430548_1007,0,2017-05-07,10
1419,5832.0,132492.0,11383.0,297771.0,89.0,1083022,0.0,8.0,1.0,2.0,3.0,1.0,2.0,2.0,430548_1007,0,2017-05-06,0
1420,263.0,402566.0,52459.0,265757.0,2380.0,112112,46.0,5.0,2.0,5.0,3.0,0.0,2.0,2.0,430539_1007,0,2017-05-09,9
1420,263.0,402566.0,52459.0,265757.0,2380.0,224396,34.0,4.0,2.0,4.0,3.0,0.0,3.0,2.0,430548_1007,0,2017-05-07,7
1420,263.0,402566.0,52459.0,265757.0,2380.0,404668,35.0,4.0,2.0,4.0,3.0,0.0,2.0,2.0,430548_1007,0,2017-05-08,5
1420,263.0,402566.0,52459.0,265757.0,2380.0,168136,0.0,4.0,2.0,4.0,3.0,0.0,2.0,2.0,430548_1007,0,2017-05-12,4
1420,263.0,402566.0,52459.0,265757.0,2380.0,458601,0.0,4.0,2.0,4.0,3.0,0.0,2.0,3.0,430539_1007,1,2017-05-12,8
1420,263.0,402566.0,52459.0,265757.0,2380.0,100079,20.0,3.0,2.0,3.0,3.0,0.0,3.0,2.0,430548_1007,0,2017-05-08,10
1420,263.0,402566.0,52459.0,265757.0,2380.0,300478,0.0,11.0,1.0,5.0,3.0,0.0,2.0,3.0,430548_1007,0,2017-05-05,23
1420,263.0,402566.0,52459.0,265757.0,2380.0,178856,0.0,4.0,2.0,4.0,3.0,0.0,3.0,2.0,430539_1007,0,2017-05-07,10
1420,263.0,402566.0,52459.0,265757.0,2380.0,876008,0.0,3.0,2.0,3.0,3.0,0.0,1.0,1.0,430539_1007,0,2017-05-11,1
1420,263.0,402566.0,52459.0,265757.0,2380.0,1098567,0.0,2.0,2.0,2.0,3.0,1.0,2.0,1.0,430548_1007,0,2017-05-09,4
1420,263.0,402566.0,52459.0,265757.0,2380.0,598588,0.0,3.0,2.0,3.0,3.0,0.0,4.0,2.0,430539_1007,0,2017-05-07,8
1420,263.0,402566.0,52459.0,265757.0,2380.0,397307,0.0,8.0,1.0,2.0,3.0,1.0,2.0,1.0,430539_1007,0,2017-05-10,5
1420,263.0,402566.0,52459.0,265757.0,2380.0,614007,0.0,3.0,2.0,3.0,3.0,0.0,2.0,2.0,430539_1007,0,2017-05-10,6
1420,263.0,402566.0,52459.0,265757.0,2380.0,497531,0.0,3.0,2.0,3.0,3.0,0.0,2.0,1.0,430539_1007,0,2017-05-10,7
1420,263.0,402566.0,52459.0,265757.0,2380.0,614007,0.0,3.0,2.0,3.0,3.0,0.0,2.0,2.0,430539_1007,0,2017-05-11,8
1420,263.0,402566.0,52459.0,265757.0,2380.0,337158,35.0,4.0,2.0,4.0,3.0,0.0,2.0,3.0,430548_1007,0,2017-05-07,11
1420,263.0,402566.0,52459.0,265757.0,2380.0,497531,0.0,3.0,2.0,3.0,3.0,0.0,2.0,1.0,430539_1007,0,2017-05-06,1
1420,263.0,402566.0,52459.0,265757.0,2380.0,276217,0.0,4.0,2.0,4.0,3.0,0.0,3.0,2.0,430548_1007,1,2017-05-09,2
1420,263.0,402566.0,52459.0,265757.0,2380.0,276217,0.0,4.0,2.0,4.0,3.0,0.0,3.0,2.0,430548_1007,0,2017-05-12,2
1420,263.0,402566.0,52459.0,265757.0,2380.0,626053,0.0,2.0,2.0,2.0,3.0,0.0,2.0,3.0,430539_1007,0,2017-05-09,5
1420,263.0,402566.0,52459.0,265757.0,2380.0,826590,0.0,4.0,2.0,4.0,3.0,0.0,1.0,1.0,430539_1007,0,2017-05-12,6
1420,263.0,402566.0,52459.0,265757.0,2380.0,626053,0.0,2.0,2.0,2.0,3.0,0.0,2.0,3.0,430539_1007,0,2017-05-07,4
1420,263.0,402566.0,52459.0,265757.0,2380.0,557452,45.0,5.0,2.0,5.0,3.0,0.0,3.0,2.0,430548_1007,0,2017-05-07,1
1420,263.0,402566.0,52459.0,265757.0,2380.0,819698,33.0,4.0,2.0,4.0,3.0,0.0,2.0,2.0,430548_1007,0,2017-05-10,10
1420,263.0,402566.0,52459.0,265757.0,2380.0,240318,0.0,2.0,2.0,2.0,2.0,0.0,2.0,1.0,430548_1007,0,2017-05-10,7
1420,263.0,402566.0,52459.0,265757.0,2380.0,609247,7.0,2.0,2.0,2.0,3.0,0.0,1.0,2.0,430548_1007,0,2017-05-08,23
1420,263.0,402566.0,52459.0,265757.0,2380.0,858635,0.0,4.0,2.0,4.0,3.0,0.0,3.0,2.0,430539_1007,0,2017-05-06,7
1420,263.0,402566.0,52459.0,265757.0,2380.0,820572,96.0,12.0,1.0,6.0,3.0,0.0,2.0,2.0,430548_1007,0,2017-05-11,16
1420,263.0,402566.0,52459.0,265757.0,2380.0,820572,96.0,12.0,1.0,6.0,3.0,0.0,2.0,2.0,430548_1007,0,2017-05-09,8
1420,263.0,402566.0,52459.0,265757.0,2380.0,482593,0.0,9.0,1.0,3.0,3.0,0.0,2.0,1.0,430548_1007,1,2017-05-13,4
1420,263.0,402566.0,52459.0,265757.0,2380.0,230607,34.0,4.0,2.0,4.0,3.0,0.0,3.0,2.0,430539_1007,0,2017-05-07,7
1420,263.0,402566.0,52459.0,265757.0,2380.0,915566,0.0,4.0,2.0,4.0,3.0,0.0,2.0,1.0,430539_1007,0,2017-05-12,4
1420,263.0,402566.0,52459.0,265757.0,2380.0,858349,82.0,10.0,1.0,4.0,3.0,0.0,2.0,2.0,430539_1007,0,2017-05-09,8
1420,263.0,402566.0,52459.0,265757.0,2380.0,575875,0.0,3.0,2.0,3.0,3.0,0.0,2.0,1.0,430539_1007,0,2017-05-12,2
1420,263.0,402566.0,52459.0,265757.0,2380.0,1060476,0.0,4.0,2.0,4.0,3.0,0.0,3.0,1.0,430539_1007,0,2017-05-06,7
1420,263.0,402566.0,52459.0,265757.0,2380.0,196588,0.0,3.0,2.0,3.0,3.0,0.0,3.0,2.0,430548_1007,0,2017-05-09,5
1420,263.0,402566.0,52459.0,265757.0,2380.0,899804,0.0,11.0,1.0,5.0,3.0,0.0,2.0,1.0,430539_1007,0,2017-05-12,2
1420,263.0,402566.0,52459.0,265757.0,2380.0,899804,0.0,11.0,1.0,5.0,3.0,0.0,2.0,1.0,430539_1007,0,2017-05-07,11
1420,263.0,402566.0,52459.0,265757.0,2380.0,802887,0.0,10.0,1.0,4.0,3.0,0.0,2.0,3.0,430548_1007,0,2017-05-06,11
1420,263.0,402566.0,52459.0,265757.0,2380.0,619632,0.0,3.0,2.0,3.0,3.0,0.0,4.0,2.0,430548_1007,0,2017-05-10,8
1420,263.0,402566.0,52459.0,265757.0,2380.0,892820,0.0,5.0,2.0,5.0,3.0,0.0,2.0,1.0,430539_1007,0,2017-05-13,6
1420,263.0,402566.0,52459.0,265757.0,2380.0,1113798,34.0,4.0,2.0,4.0,3.0,0.0,4.0,2.0,430548_1007,0,2017-05-12,6
1420,263.0,402566.0,52459.0,265757.0,2380.0,657161,0.0,10.0,1.0,4.0,3.0,0.0,3.0,1.0,430539_1007,0,2017-05-05,21
1420,263.0,402566.0,52459.0,265757.0,2380.0,270201,0.0,4.0,2.0,4.0,3.0,0.0,4.0,1.0,430548_1007,0,2017-05-05,17
1420,263.0,402566.0,52459.0,265757.0,2380.0,270201,0.0,4.0,2.0,4.0,3.0,0.0,4.0,1.0,430548_1007,0,2017-05-12,16
1420,263.0,402566.0,52459.0,265757.0,2380.0,73195,0.0,4.0,2.0,4.0,2.0,0.0,2.0,2.0,430548_1007,0,2017-05-10,9
1420,263.0,402566.0,52459.0,265757.0,2380.0,24973,0.0,4.0,2.0,4.0,3.0,0.0,3.0,2.0,430539_1007,0,2017-05-06,9
1420,263.0,402566.0,52459.0,265757.0,2380.0,708445,0.0,10.0,1.0,4.0,3.0,0.0,1.0,3.0,430539_1007,0,2017-05-09,16
1420,263.0,402566.0,52459.0,265757.0,2380.0,773943,91.0,11.0,1.0,5.0,3.0,0.0,2.0,2.0,430548_1007,0,2017-05-10,9
1420,263.0,402566.0,52459.0,265757.0,2380.0,115814,0.0,5.0,2.0,5.0,3.0,0.0,2.0,1.0,430548_1007,0,2017-05-13,7
1420,263.0,402566.0,52459.0,265757.0,2380.0,794469,45.0,5.0,2.0,5.0,3.0,0.0,3.0,3.0,430539_1007,0,2017-05-12,7
1420,263.0,402566.0,52459.0,265757.0,2380.0,253796,0.0,4.0,2.0,4.0,3.0,0.0,2.0,1.0,430539_1007,0,2017-05-08,2
1420,263.0,402566.0,52459.0,265757.0,2380.0,234465,0.0,4.0,2.0,4.0,1.0,0.0,2.0,2.0,430539_1007,0,2017-05-11,4
1420,263.0,402566.0,52459.0,265757.0,2380.0,253796,0.0,4.0,2.0,4.0,3.0,0.0,2.0,1.0,430539_1007,0,2017-05-06,10
1420,263.0,402566.0,52459.0,265757.0,2380.0,1131111,65.0,9.0,1.0,3.0,3.0,0.0,4.0,1.0,430548_1007,0,2017-05-08,0
1420,263.0,402566.0,52459.0,265757.0,2380.0,441643,34.0,4.0,2.0,4.0,3.0,0.0,3.0,2.0,430548_1007,0,2017-05-12,4
1420,263.0,402566.0,52459.0,265757.0,2380.0,517202,0.0,4.0,2.0,4.0,1.0,0.0,2.0,1.0,430539_1007,0,2017-05-10,10
1420,263.0,402566.0,52459.0,265757.0,2380.0,609436,0.0,12.0,1.0,6.0,3.0,0.0,3.0,1.0,430548_1007,0,2017-05-06,4
1420,263.0,402566.0,52459.0,265757.0,2380.0,495784,0.0,3.0,2.0,3.0,3.0,0.0,2.0,1.0,430548_1007,0,2017-05-13,6
1420,263.0,402566.0,52459.0,265757.0,2380.0,977391,0.0,9.0,1.0,3.0,3.0,0.0,2.0,2.0,430539_1007,0,2017-05-10,9
1420,263.0,402566.0,52459.0,265757.0,2380.0,26657,0.0,3.0,2.0,3.0,2.0,0.0,4.0,1.0,430539_1007,0,2017-05-06,8
1420,263.0,402566.0,52459.0,265757.0,2380.0,33862,0.0,4.0,2.0,4.0,3.0,0.0,2.0,1.0,430539_1007,0,2017-05-10,7
1420,263.0,402566.0,52459.0,265757.0,2380.0,311644,7.0,2.0,2.0,2.0,3.0,0.0,2.0,2.0,430539_1007,0,2017-05-11,4
1420,263.0,402566.0,52459.0,265757.0,2380.0,472414,17.0,3.0,2.0,3.0,3.0,1.0,4.0,1.0,430539_1007,0,2017-05-05,22
1420,263.0,402566.0,52459.0,265757.0,2380.0,886247,0.0,2.0,2.0,2.0,3.0,1.0,1.0,2.0,430539_1007,0,2017-05-09,5
1420,263.0,402566.0,52459.0,265757.0,2380.0,588502,0.0,4.0,2.0,4.0,3.0,0.0,2.0,2.0,430548_1007,0,2017-05-09,9
1420,263.0,402566.0,52459.0,265757.0,2380.0,338585,0.0,4.0,2.0,4.0,3.0,0.0,2.0,1.0,430548_1007,0,2017-05-13,8
1420,263.0,402566.0,52459.0,265757.0,2380.0,771431,31.0,4.0,2.0,4.0,3.0,0.0,4.0,1.0,430548_1007,0,2017-05-07,10
1420,263.0,402566.0,52459.0,265757.0,2380.0,473617,8.0,2.0,2.0,2.0,3.0,0.0,4.0,2.0,430539_1007,0,2017-05-12,4
1420,263.0,402566.0,52459.0,265757.0,2380.0,54664,0.0,3.0,2.0,3.0,3.0,0.0,2.0,2.0,430539_1007,0,2017-05-08,4
1420,263.0,402566.0,52459.0,265757.0,2380.0,261231,0.0,4.0,2.0,4.0,3.0,0.0,2.0,2.0,430539_1007,0,2017-05-07,7
1420,263.0,402566.0,52459.0,265757.0,2380.0,869532,46.0,5.0,2.0,5.0,3.0,0.0,2.0,3.0,430548_1007,0,2017-05-08,8
1420,263.0,402566.0,52459.0,265757.0,2380.0,162750,0.0,10.0,1.0,4.0,3.0,0.0,2.0,2.0,430539_1007,0,2017-05-10,9
1420,263.0,402566.0,52459.0,265757.0,2380.0,1055387,0.0,2.0,2.0,2.0,3.0,0.0,3.0,1.0,430539_1007,0,2017-05-06,6
1420,263.0,402566.0,52459.0,265757.0,2380.0,1047674,0.0,4.0,2.0,4.0,1.0,0.0,2.0,2.0,430539_1007,0,2017-05-10,23
1420,263.0,402566.0,52459.0,265757.0,2380.0,526669,18.0,3.0,2.0,3.0,3.0,0.0,1.0,2.0,430548_1007,0,2017-05-10,17
1420,263.0,402566.0,52459.0,265757.0,2380.0,517893,0.0,5.0,2.0,5.0,3.0,0.0,3.0,2.0,430539_1007,0,2017-05-12,9
1420,263.0,402566.0,52459.0,265757.0,2380.0,532215,0.0,3.0,2.0,3.0,3.0,0.0,2.0,2.0,430539_1007,0,2017-05-11,2
1420,263.0,402566.0,52459.0,265757.0,2380.0,904485,0.0,5.0,2.0,5.0,3.0,0.0,2.0,2.0,430548_1007,0,2017-05-08,6
1420,263.0,402566.0,52459.0,265757.0,2380.0,93421,0.0,2.0,2.0,2.0,3.0,0.0,3.0,2.0,430548_1007,0,2017-05-07,4
1420,263.0,402566.0,52459.0,265757.0,2380.0,839879,20.0,3.0,2.0,3.0,3.0,0.0,3.0,2.0,430539_1007,0,2017-05-13,3
1420,263.0,402566.0,52459.0,265757.0,2380.0,1137200,33.0,4.0,2.0,4.0,3.0,0.0,2.0,2.0,430539_1007,0,2017-05-09,4
1420,263.0,402566.0,52459.0,265757.0,2380.0,904485,0.0,5.0,2.0,5.0,3.0,0.0,2.0,2.0,430548_1007,0,2017-05-09,10
1420,263.0,402566.0,52459.0,265757.0,2380.0,1083548,32.0,4.0,2.0,4.0,3.0,0.0,1.0,2.0,430539_1007,0,2017-05-12,7
1420,263.0,402566.0,52459.0,265757.0,2380.0,1129608,35.0,4.0,2.0,4.0,3.0,0.0,2.0,3.0,430539_1007,0,2017-05-10,7
1420,263.0,402566.0,52459.0,265757.0,2380.0,695823,90.0,11.0,1.0,5.0,3.0,0.0,1.0,2.0,430548_1007,0,2017-05-06,0
1420,263.0,402566.0,52459.0,265757.0,2380.0,904485,0.0,5.0,2.0,5.0,3.0,0.0,2.0,2.0,430548_1007,0,2017-05-06,0
1420,263.0,402566.0,52459.0,265757.0,2380.0,770374,34.0,4.0,2.0,4.0,3.0,0.0,3.0,3.0,430539_1007,0,2017-05-06,7
1420,263.0,402566.0,52459.0,265757.0,2380.0,1066841,44.0,5.0,2.0,5.0,3.0,0.0,2.0,2.0,430548_1007,0,2017-05-13,10
1420,263.0,402566.0,52459.0,265757.0,2380.0,1032992,32.0,4.0,2.0,4.0,3.0,0.0,1.0,2.0,430539_1007,0,2017-05-13,11
1420,263.0,402566.0,52459.0,265757.0,2380.0,245975,0.0,5.0,2.0,5.0,1.0,0.0,2.0,1.0,430539_1007,0,2017-05-06,8
1420,263.0,402566.0,52459.0,265757.0,2380.0,655802,0.0,2.0,2.0,2.0,3.0,0.0,3.0,2.0,430548_1007,0,2017-05-06,10
1420,263.0,402566.0,52459.0,265757.0,2380.0,417685,0.0,4.0,2.0,4.0,3.0,0.0,2.0,1.0,430548_1007,0,2017-05-08,9
1420,263.0,402566.0,52459.0,265757.0,2380.0,114622,0.0,4.0,2.0,4.0,3.0,0.0,2.0,2.0,430539_1007,0,2017-05-08,5
1420,263.0,402566.0,52459.0,265757.0,2380.0,644917,0.0,5.0,2.0,5.0,3.0,0.0,3.0,2.0,430548_1007,0,2017-05-05,23
1420,263.0,402566.0,52459.0,265757.0,2380.0,469462,0.0,5.0,2.0,5.0,3.0,0.0,3.0,2.0,430539_1007,0,2017-05-09,1
1420,263.0,402566.0,52459.0,265757.0,2380.0,179803,0.0,3.0,2.0,3.0,3.0,0.0,2.0,1.0,430548_1007,0,2017-05-06,18
1420,263.0,402566.0,52459.0,265757.0,2380.0,220960,0.0,4.0,2.0,4.0,3.0,0.0,2.0,1.0,430539_1007,0,2017-05-10,1
1420,263.0,402566.0,52459.0,265757.0,2380.0,220960,0.0,4.0,2.0,4.0,3.0,0.0,2.0,1.0,430539_1007,1,2017-05-10,5
1420,263.0,402566.0,52459.0,265757.0,2380.0,700547,35.0,4.0,2.0,4.0,3.0,0.0,1.0,3.0,430548_1007,0,2017-05-08,10
1420,263.0,402566.0,52459.0,265757.0,2380.0,217841,0.0,9.0,1.0,3.0,3.0,0.0,2.0,2.0,430539_1007,0,2017-05-13,6
1420,263.0,402566.0,52459.0,265757.0,2380.0,220960,0.0,4.0,2.0,4.0,3.0,0.0,2.0,1.0,430539_1007,0,2017-05-12,7
1420,263.0,402566.0,52459.0,265757.0,2380.0,700547,35.0,4.0,2.0,4.0,3.0,0.0,1.0,3.0,430539_1007,0,2017-05-07,11
1420,263.0,402566.0,52459.0,265757.0,2380.0,17611,0.0,4.0,2.0,4.0,3.0,0.0,2.0,2.0,430548_1007,0,2017-05-11,19
1420,263.0,402566.0,52459.0,265757.0,2380.0,293630,0.0,4.0,2.0,4.0,3.0,0.0,2.0,2.0,430548_1007,0,2017-05-10,4
1420,263.0,402566.0,52459.0,265757.0,2380.0,970476,0.0,4.0,2.0,4.0,3.0,0.0,2.0,2.0,430539_1007,0,2017-05-09,3
1420,263.0,402566.0,52459.0,265757.0,2380.0,751741,16.0,3.0,2.0,3.0,3.0,0.0,2.0,1.0,430548_1007,0,2017-05-07,5
1420,263.0,402566.0,52459.0,265757.0,2380.0,1078781,0.0,3.0,2.0,3.0,2.0,0.0,2.0,2.0,430548_1007,0,2017-05-08,7
1420,263.0,402566.0,52459.0,265757.0,2380.0,842893,0.0,11.0,1.0,5.0,3.0,0.0,2.0,1.0,430539_1007,0,2017-05-07,3
1420,263.0,402566.0,52459.0,265757.0,2380.0,754608,0.0,4.0,2.0,4.0,3.0,0.0,1.0,2.0,430539_1007,0,2017-05-08,9
1420,263.0,402566.0,52459.0,265757.0,2380.0,414734,31.0,4.0,2.0,4.0,3.0,0.0,4.0,1.0,430539_1007,0,2017-05-11,4
1420,263.0,402566.0,52459.0,265757.0,2380.0,948517,0.0,1.0,2.0,1.0,1.0,0.0,2.0,2.0,430548_1007,0,2017-05-10,4
1420,263.0,402566.0,52459.0,265757.0,2380.0,970476,0.0,4.0,2.0,4.0,3.0,0.0,2.0,2.0,430539_1007,0,2017-05-12,3
1420,263.0,402566.0,52459.0,265757.0,2380.0,84923,20.0,3.0,2.0,3.0,3.0,0.0,3.0,2.0,430539_1007,0,2017-05-12,10
1420,263.0,402566.0,52459.0,265757.0,2380.0,842893,0.0,11.0,1.0,5.0,3.0,0.0,2.0,1.0,430539_1007,0,2017-05-08,16
1420,263.0,402566.0,52459.0,265757.0,2380.0,618372,27.0,4.0,2.0,4.0,2.0,0.0,4.0,1.0,430539_1007,0,2017-05-10,5
1420,263.0,402566.0,52459.0,265757.0,2380.0,884670,0.0,9.0,1.0,3.0,3.0,0.0,2.0,2.0,430539_1007,0,2017-05-09,20
1420,263.0,402566.0,52459.0,265757.0,2380.0,879457,0.0,3.0,2.0,3.0,3.0,0.0,2.0,2.0,430539_1007,0,2017-05-08,6
1420,263.0,402566.0,52459.0,265757.0,2380.0,737723,33.0,4.0,2.0,4.0,3.0,0.0,2.0,2.0,430539_1007,0,2017-05-09,9
1420,263.0,402566.0,52459.0,265757.0,2380.0,842893,0.0,11.0,1.0,5.0,3.0,0.0,2.0,1.0,430539_1007,0,2017-05-07,18
1420,263.0,402566.0,52459.0,265757.0,2380.0,853073,7.0,2.0,2.0,2.0,3.0,0.0,2.0,2.0,430539_1007,0,2017-05-08,17
1420,263.0,402566.0,52459.0,265757.0,2380.0,737723,33.0,4.0,2.0,4.0,3.0,0.0,2.0,2.0,430539_1007,0,2017-05-07,8
1420,263.0,402566.0,52459.0,265757.0,2380.0,788479,0.0,10.0,1.0,4.0,3.0,0.0,3.0,3.0,430548_1007,0,2017-05-09,5
1420,263.0,402566.0,52459.0,265757.0,2380.0,842893,0.0,11.0,1.0,5.0,3.0,0.0,2.0,1.0,430539_1007,0,2017-05-07,10
1420,263.0,402566.0,52459.0,265757.0,2380.0,272156,20.0,3.0,2.0,3.0,3.0,0.0,3.0,2.0,430539_1007,0,2017-05-12,8
1420,263.0,402566.0,52459.0,265757.0,2380.0,152977,5.0,2.0,2.0,2.0,3.0,1.0,2.0,1.0,430548_1007,0,2017-05-10,1
1420,263.0,402566.0,52459.0,265757.0,2380.0,769693,33.0,4.0,2.0,4.0,3.0,0.0,2.0,2.0,430548_1007,0,2017-05-09,8
1420,263.0,402566.0,52459.0,265757.0,2380.0,782233,0.0,5.0,2.0,5.0,3.0,0.0,2.0,2.0,430539_1007,0,2017-05-06,7
1420,263.0,402566.0,52459.0,265757.0,2380.0,485053,0.0,4.0,2.0,4.0,3.0,0.0,2.0,1.0,430548_1007,0,2017-05-10,22
1420,263.0,402566.0,52459.0,265757.0,2380.0,37243,33.0,4.0,2.0,4.0,3.0,0.0,2.0,2.0,430539_1007,0,2017-05-12,9
1420,263.0,402566.0,52459.0,265757.0,2380.0,842893,0.0,11.0,1.0,5.0,3.0,0.0,2.0,1.0,430539_1007,0,2017-05-06,2
1420,263.0,402566.0,52459.0,265757.0,2380.0,842893,0.0,11.0,1.0,5.0,3.0,0.0,2.0,1.0,430539_1007,0,2017-05-06,10
1420,263.0,402566.0,52459.0,265757.0,2380.0,396324,0.0,3.0,2.0,3.0,3.0,0.0,2.0,1.0,430548_1007,0,2017-05-09,3
1420,263.0,402566.0,52459.0,265757.0,2380.0,139641,0.0,3.0,2.0,3.0,3.0,0.0,4.0,2.0,430539_1007,0,2017-05-08,4
1420,263.0,402566.0,52459.0,265757.0,2380.0,1024288,0.0,4.0,2.0,4.0,3.0,0.0,3.0,3.0,430539_1007,0,2017-05-08,10
1420,263.0,402566.0,52459.0,265757.0,2380.0,237023,0.0,4.0,2.0,4.0,3.0,0.0,2.0,2.0,430539_1007,0,2017-05-09,9
1420,263.0,402566.0,52459.0,265757.0,2380.0,674552,0.0,4.0,2.0,4.0,3.0,0.0,3.0,2.0,430539_1007,0,2017-05-12,22
1420,263.0,402566.0,52459.0,265757.0,2380.0,703326,90.0,11.0,1.0,5.0,3.0,0.0,1.0,2.0,430539_1007,0,2017-05-10,18
1420,263.0,402566.0,52459.0,265757.0,2380.0,401254,92.0,11.0,1.0,5.0,3.0,0.0,3.0,2.0,430539_1007,0,2017-05-12,6
1420,263.0,402566.0,52459.0,265757.0,2380.0,1090320,55.0,8.0,1.0,2.0,2.0,0.0,2.0,2.0,430548_1007,0,2017-05-11,7
1423,978.0,167026.0,25527.0,282009.0,27.0,1104632,0.0,4.0,2.0,4.0,3.0,0.0,2.0,2.0,430548_1007,0,2017-05-12,14
1425,6423.0,408278.0,63153.0,220641.0,98.0,551811,66.0,9.0,1.0,3.0,3.0,0.0,1.0,2.0,430548_1007,0,2017-05-12,22
1425,6423.0,408278.0,63153.0,220641.0,98.0,551811,66.0,9.0,1.0,3.0,3.0,0.0,1.0,2.0,430548_1007,0,2017-05-08,22
1425,6423.0,408278.0,63153.0,220641.0,98.0,52274,0.0,5.0,2.0,5.0,3.0,0.0,4.0,2.0,430548_1007,0,2017-05-09,17
1429,699.0,245595.0,33665.0,345910.0,220.0,677173,0.0,4.0,2.0,4.0,3.0,0.0,3.0,2.0,430539_1007,0,2017-05-11,4
1444,984.0,402668.0,54267.0,424176.0,3.8,995894,0.0,11.0,1.0,5.0,3.0,0.0,2.0,2.0,430548_1007,0,2017-05-09,0
1444,984.0,402668.0,54267.0,424176.0,3.8,849790,0.0,3.0,2.0,3.0,1.0,0.0,2.0,1.0,430539_1007,0,2017-05-08,16
1444,984.0,402668.0,54267.0,424176.0,3.8,428038,8.0,2.0,2.0,2.0,3.0,0.0,3.0,1.0,430548_1007,0,2017-05-07,23
1446,9300.0,391566.0,45779.0,263004.0,280.0,969095,0.0,11.0,1.0,5.0,3.0,0.0,2.0,1.0,430539_1007,0,2017-05-11,23
1446,9300.0,391566.0,45779.0,263004.0,280.0,1056645,92.0,11.0,1.0,5.0,3.0,0.0,4.0,2.0,430548_1007,0,2017-05-12,23
1446,9300.0,391566.0,45779.0,263004.0,280.0,621475,0.0,4.0,2.0,4.0,3.0,0.0,2.0,2.0,430539_1007,0,2017-05-10,0
1453,11316.0,408480.0,63358.0,28527.0,800.0,275541,0.0,9.0,1.0,3.0,3.0,0.0,2.0,2.0,430539_1007,0,2017-05-07,20
1455,6140.0,408507.0,63388.0,318122.0,159.0,920846,0.0,4.0,2.0,4.0,1.0,0.0,2.0,2.0,430548_1007,0,2017-05-11,22
1455,6140.0,408507.0,63388.0,318122.0,159.0,948716,0.0,9.0,1.0,3.0,1.0,0.0,2.0,1.0,430539_1007,0,2017-05-12,5
1455,6140.0,408507.0,63388.0,318122.0,159.0,61894,34.0,4.0,2.0,4.0,3.0,0.0,4.0,2.0,430548_1007,0,2017-05-13,14
1455,6140.0,408507.0,63388.0,318122.0,159.0,1080583,0.0,5.0,2.0,5.0,1.0,0.0,2.0,1.0,430548_1007,0,2017-05-10,2
1455,6140.0,408507.0,63388.0,318122.0,159.0,471377,55.0,8.0,1.0,2.0,2.0,0.0,2.0,1.0,430539_1007,0,2017-05-06,10
1455,6140.0,408507.0,63388.0,318122.0,159.0,671276,0.0,11.0,1.0,5.0,1.0,0.0,2.0,2.0,430548_1007,0,2017-05-07,6
1459,5989.0,134841.0,16640.0,268999.0,52.0,219892,0.0,5.0,2.0,5.0,3.0,0.0,2.0,2.0,430539_1007,0,2017-05-12,13
1459,5989.0,134841.0,16640.0,268999.0,52.0,390063,0.0,11.0,1.0,5.0,3.0,0.0,4.0,2.0,430539_1007,0,2017-05-11,13
1459,5989.0,134841.0,16640.0,268999.0,52.0,874242,44.0,5.0,2.0,5.0,3.0,0.0,2.0,2.0,430548_1007,0,2017-05-10,14
1459,5989.0,134841.0,16640.0,268999.0,52.0,390063,0.0,11.0,1.0,5.0,3.0,0.0,4.0,2.0,430539_1007,0,2017-05-11,14
1459,5989.0,134841.0,16640.0,268999.0,52.0,248970,20.0,3.0,2.0,3.0,3.0,0.0,4.0,2.0,430548_1007,0,2017-05-08,4
1459,5989.0,134841.0,16640.0,268999.0,52.0,1112764,0.0,3.0,2.0,3.0,3.0,0.0,3.0,1.0,430548_1007,0,2017-05-10,8
1459,5989.0,134841.0,16640.0,268999.0,52.0,1037335,0.0,3.0,2.0,3.0,3.0,0.0,2.0,1.0,430539_1007,0,2017-05-11,13
1459,5989.0,134841.0,16640.0,268999.0,52.0,904224,0.0,5.0,2.0,5.0,3.0,0.0,1.0,1.0,430539_1007,0,2017-05-09,12
1459,5989.0,134841.0,16640.0,268999.0,52.0,414097,32.0,4.0,2.0,4.0,3.0,0.0,1.0,2.0,430539_1007,0,2017-05-10,8
1459,5989.0,134841.0,16640.0,268999.0,52.0,227672,45.0,5.0,2.0,5.0,3.0,0.0,3.0,2.0,430539_1007,0,2017-05-11,14
1459,5989.0,134841.0,16640.0,268999.0,52.0,296946,0.0,4.0,2.0,4.0,3.0,0.0,2.0,2.0,430548_1007,0,2017-05-11,6
1459,5989.0,134841.0,16640.0,268999.0,52.0,37927,0.0,4.0,2.0,4.0,3.0,0.0,2.0,2.0,430548_1007,0,2017-05-10,8
1459,5989.0,134841.0,16640.0,268999.0,52.0,366837,45.0,5.0,2.0,5.0,3.0,0.0,3.0,2.0,430548_1007,0,2017-05-11,15
1459,5989.0,134841.0,16640.0,268999.0,52.0,627005,0.0,3.0,2.0,3.0,3.0,0.0,2.0,2.0,430539_1007,0,2017-05-11,4
1459,5989.0,134841.0,16640.0,268999.0,52.0,494604,0.0,3.0,2.0,3.0,2.0,0.0,2.0,2.0,430548_1007,0,2017-05-11,6
1459,5989.0,134841.0,16640.0,268999.0,52.0,803488,0.0,5.0,2.0,5.0,3.0,0.0,2.0,2.0,430548_1007,0,2017-05-12,2
1459,5989.0,134841.0,16640.0,268999.0,52.0,132261,0.0,2.0,2.0,2.0,3.0,1.0,2.0,1.0,430548_1007,0,2017-05-11,8
1459,5989.0,134841.0,16640.0,268999.0,52.0,782866,20.0,3.0,2.0,3.0,3.0,0.0,3.0,2.0,430539_1007,0,2017-05-11,12
1459,5989.0,134841.0,16640.0,268999.0,52.0,25333,0.0,11.0,1.0,5.0,3.0,0.0,4.0,1.0,430548_1007,0,2017-05-12,9
1461,2777.0,408453.0,31143.0,318157.0,1600.0,1305,0.0,9.0,1.0,3.0,2.0,0.0,4.0,1.0,430548_1007,0,2017-05-08,10
1461,2777.0,408453.0,31143.0,318157.0,1600.0,768121,67.0,9.0,1.0,3.0,3.0,0.0,4.0,2.0,430539_1007,0,2017-05-11,7
1465,10294.0,389015.0,38182.0,289321.0,90.0,942137,0.0,11.0,1.0,5.0,1.0,0.0,2.0,1.0,430548_1007,0,2017-05-12,14
1465,10294.0,389015.0,38182.0,289321.0,90.0,528649,0.0,4.0,2.0,4.0,3.0,0.0,4.0,2.0,430548_1007,0,2017-05-08,15
1475,8102.0,139735.0,10210.0,46671.0,1890.0,1013873,0.0,9.0,1.0,3.0,3.0,0.0,2.0,2.0,430548_1007,0,2017-05-13,15
1481,6176.0,131238.0,8399.0,281072.0,21.0,78068,0.0,9.0,1.0,3.0,2.0,0.0,2.0,1.0,430548_1007,0,2017-05-06,19
1481,6176.0,131238.0,8399.0,281072.0,21.0,66074,49.0,6.0,2.0,6.0,3.0,0.0,3.0,2.0,430548_1007,0,2017-05-06,11
1484,688.0,202735.0,29480.0,232720.0,85.0,943539,0.0,8.0,1.0,2.0,1.0,0.0,2.0,2.0,430548_1007,0,2017-05-06,8
1484,688.0,202735.0,29480.0,232720.0,85.0,1131980,38.0,5.0,2.0,5.0,2.0,0.0,3.0,2.0,430548_1007,0,2017-05-07,15
1485,5989.0,138379.0,6307.0,457640.0,198.0,379947,46.0,5.0,2.0,5.0,3.0,0.0,2.0,3.0,430539_1007,0,2017-05-12,13
1485,5989.0,138379.0,6307.0,457640.0,198.0,5945,0.0,5.0,2.0,5.0,2.0,0.0,2.0,2.0,430548_1007,0,2017-05-07,12
1502,6434.0,203534.0,29550.0,450652.0,79.0,914502,0.0,10.0,1.0,4.0,3.0,0.0,4.0,2.0,430548_1007,0,2017-05-13,0
1502,6434.0,203534.0,29550.0,450652.0,79.0,142447,56.0,8.0,1.0,2.0,3.0,0.0,2.0,2.0,430539_1007,0,2017-05-12,13
1502,6434.0,203534.0,29550.0,450652.0,79.0,204763,0.0,10.0,1.0,4.0,3.0,0.0,2.0,1.0,430548_1007,0,2017-05-13,11
1502,6434.0,203534.0,29550.0,450652.0,79.0,478556,32.0,4.0,2.0,4.0,3.0,0.0,1.0,2.0,430539_1007,0,2017-05-07,6
1502,6434.0,203534.0,29550.0,450652.0,79.0,847993,0.0,3.0,2.0,3.0,2.0,0.0,2.0,1.0,430539_1007,0,2017-05-06,1
1502,6434.0,203534.0,29550.0,450652.0,79.0,674257,66.0,9.0,1.0,3.0,3.0,0.0,2.0,2.0,430548_1007,0,2017-05-13,7
1502,6434.0,203534.0,29550.0,450652.0,79.0,236276,0.0,3.0,2.0,3.0,3.0,0.0,2.0,2.0,430539_1007,0,2017-05-10,6
1502,6434.0,203534.0,29550.0,450652.0,79.0,376371,0.0,3.0,2.0,3.0,3.0,0.0,3.0,2.0,430539_1007,0,2017-05-09,4
1502,6434.0,203534.0,29550.0,450652.0,79.0,737559,57.0,8.0,1.0,2.0,3.0,0.0,4.0,2.0,430539_1007,0,2017-05-08,7
1502,6434.0,203534.0,29550.0,450652.0,79.0,142070,89.0,11.0,1.0,5.0,3.0,0.0,3.0,1.0,430548_1007,0,2017-05-13,9
1502,6434.0,203534.0,29550.0,450652.0,79.0,661134,0.0,9.0,1.0,3.0,3.0,0.0,2.0,1.0,430548_1007,0,2017-05-08,3
1502,6434.0,203534.0,29550.0,450652.0,79.0,304802,0.0,10.0,1.0,4.0,1.0,0.0,2.0,1.0,430548_1007,0,2017-05-12,13
1502,6434.0,203534.0,29550.0,450652.0,79.0,313133,0.0,8.0,1.0,2.0,3.0,0.0,4.0,2.0,430539_1007,0,2017-05-13,12
1502,6434.0,203534.0,29550.0,450652.0,79.0,185837,0.0,11.0,1.0,5.0,2.0,0.0,2.0,2.0,430548_1007,0,2017-05-12,10
1502,6434.0,203534.0,29550.0,450652.0,79.0,130220,54.0,8.0,1.0,2.0,3.0,1.0,4.0,2.0,430548_1007,0,2017-05-09,5
1502,6434.0,203534.0,29550.0,450652.0,79.0,390927,0.0,10.0,1.0,4.0,2.0,0.0,2.0,1.0,430539_1007,0,2017-05-08,7
1502,6434.0,203534.0,29550.0,450652.0,79.0,748196,0.0,8.0,1.0,2.0,3.0,1.0,3.0,2.0,430539_1007,0,2017-05-07,5
1502,6434.0,203534.0,29550.0,450652.0,79.0,1078964,77.0,10.0,1.0,4.0,3.0,0.0,1.0,1.0,430548_1007,0,2017-05-11,14
1502,6434.0,203534.0,29550.0,450652.0,79.0,978703,54.0,8.0,1.0,2.0,3.0,1.0,2.0,2.0,430548_1007,0,2017-05-09,6
1502,6434.0,203534.0,29550.0,450652.0,79.0,68124,0.0,7.0,1.0,1.0,3.0,0.0,2.0,1.0,430548_1007,0,2017-05-07,1
1502,6434.0,203534.0,29550.0,450652.0,79.0,121703,45.0,5.0,2.0,5.0,3.0,0.0,4.0,2.0,430548_1007,0,2017-05-10,2
1502,6434.0,203534.0,29550.0,450652.0,79.0,1063097,0.0,9.0,1.0,3.0,3.0,1.0,1.0,2.0,430539_1007,0,2017-05-07,3
1502,6434.0,203534.0,29550.0,450652.0,79.0,199079,92.0,11.0,1.0,5.0,3.0,0.0,3.0,2.0,430548_1007,0,2017-05-08,7
1502,6434.0,203534.0,29550.0,450652.0,79.0,654593,5.0,2.0,2.0,2.0,3.0,1.0,4.0,1.0,430548_1007,0,2017-05-08,9
1502,6434.0,203534.0,29550.0,450652.0,79.0,655325,0.0,9.0,1.0,3.0,3.0,0.0,4.0,1.0,430548_1007,0,2017-05-08,6
1502,6434.0,203534.0,29550.0,450652.0,79.0,193949,80.0,10.0,1.0,4.0,3.0,0.0,2.0,2.0,430548_1007,0,2017-05-06,4
1502,6434.0,203534.0,29550.0,450652.0,79.0,411053,0.0,9.0,1.0,3.0,2.0,1.0,2.0,1.0,430539_1007,0,2017-05-06,11
1502,6434.0,203534.0,29550.0,450652.0,79.0,937650,0.0,6.0,2.0,6.0,1.0,0.0,2.0,2.0,430548_1007,0,2017-05-10,2
1502,6434.0,203534.0,29550.0,450652.0,79.0,900117,0.0,12.0,1.0,6.0,3.0,0.0,2.0,1.0,430548_1007,0,2017-05-12,0
1502,6434.0,203534.0,29550.0,450652.0,79.0,172445,51.0,7.0,1.0,1.0,3.0,0.0,3.0,2.0,430548_1007,0,2017-05-06,3
1502,6434.0,203534.0,29550.0,450652.0,79.0,1114488,0.0,9.0,1.0,3.0,3.0,0.0,2.0,2.0,430539_1007,0,2017-05-07,6
1502,6434.0,203534.0,29550.0,450652.0,79.0,179009,0.0,5.0,2.0,5.0,3.0,0.0,2.0,2.0,430539_1007,0,2017-05-06,4
1502,6434.0,203534.0,29550.0,450652.0,79.0,1092562,0.0,10.0,1.0,4.0,3.0,0.0,1.0,2.0,430539_1007,0,2017-05-07,8
1502,6434.0,203534.0,29550.0,450652.0,79.0,164846,0.0,2.0,2.0,2.0,2.0,0.0,4.0,2.0,430548_1007,0,2017-05-13,2
1502,6434.0,203534.0,29550.0,450652.0,79.0,802881,0.0,10.0,1.0,4.0,3.0,0.0,3.0,3.0,430548_1007,0,2017-05-11,4
1502,6434.0,203534.0,29550.0,450652.0,79.0,212799,20.0,3.0,2.0,3.0,3.0,0.0,3.0,2.0,430539_1007,0,2017-05-08,9
1502,6434.0,203534.0,29550.0,450652.0,79.0,128439,54.0,8.0,1.0,2.0,3.0,1.0,3.0,1.0,430539_1007,0,2017-05-07,11
1502,6434.0,203534.0,29550.0,450652.0,79.0,504997,90.0,11.0,1.0,5.0,3.0,0.0,1.0,2.0,430548_1007,0,2017-05-11,12
1502,6434.0,203534.0,29550.0,450652.0,79.0,1087994,35.0,4.0,2.0,4.0,3.0,0.0,1.0,3.0,430539_1007,0,2017-05-10,3
1502,6434.0,203534.0,29550.0,450652.0,79.0,584361,0.0,3.0,2.0,3.0,3.0,0.0,2.0,2.0,430539_1007,0,2017-05-12,14
1502,6434.0,203534.0,29550.0,450652.0,79.0,239162,0.0,3.0,2.0,3.0,3.0,0.0,1.0,1.0,430548_1007,1,2017-05-10,7
1502,6434.0,203534.0,29550.0,450652.0,79.0,453615,0.0,8.0,1.0,2.0,3.0,0.0,2.0,1.0,430548_1007,0,2017-05-10,6
1502,6434.0,203534.0,29550.0,450652.0,79.0,459997,0.0,1.0,2.0,1.0,3.0,0.0,2.0,1.0,430539_1007,0,2017-05-06,0
1502,6434.0,203534.0,29550.0,450652.0,79.0,489368,0.0,8.0,1.0,2.0,3.0,0.0,2.0,1.0,430539_1007,0,2017-05-08,8
1502,6434.0,203534.0,29550.0,450652.0,79.0,412547,0.0,9.0,1.0,3.0,3.0,1.0,3.0,2.0,430539_1007,0,2017-05-12,6
1502,6434.0,203534.0,29550.0,450652.0,79.0,997991,0.0,2.0,2.0,2.0,3.0,1.0,3.0,1.0,430539_1007,0,2017-05-09,3
1502,6434.0,203534.0,29550.0,450652.0,79.0,855708,96.0,12.0,1.0,6.0,3.0,0.0,2.0,2.0,430539_1007,0,2017-05-13,5
1502,6434.0,203534.0,29550.0,450652.0,79.0,533245,0.0,9.0,1.0,3.0,3.0,0.0,2.0,2.0,430548_1007,0,2017-05-09,14
1502,6434.0,203534.0,29550.0,450652.0,79.0,501765,0.0,5.0,2.0,5.0,2.0,0.0,2.0,1.0,430548_1007,0,2017-05-06,7
1502,6434.0,203534.0,29550.0,450652.0,79.0,713501,0.0,11.0,1.0,5.0,2.0,0.0,2.0,2.0,430548_1007,0,2017-05-09,10
1502,6434.0,203534.0,29550.0,450652.0,79.0,158220,0.0,11.0,1.0,5.0,3.0,0.0,2.0,2.0,430539_1007,0,2017-05-11,13
1502,6434.0,203534.0,29550.0,450652.0,79.0,499238,0.0,10.0,1.0,4.0,2.0,0.0,2.0,2.0,430548_1007,0,2017-05-11,12
1502,6434.0,203534.0,29550.0,450652.0,79.0,780259,0.0,11.0,1.0,5.0,1.0,0.0,3.0,1.0,430548_1007,0,2017-05-06,5
1502,6434.0,203534.0,29550.0,450652.0,79.0,450570,0.0,7.0,1.0,1.0,3.0,0.0,2.0,2.0,430548_1007,0,2017-05-08,10
1502,6434.0,203534.0,29550.0,450652.0,79.0,303914,0.0,8.0,1.0,2.0,1.0,0.0,2.0,1.0,430548_1007,0,2017-05-13,9
1502,6434.0,203534.0,29550.0,450652.0,79.0,105240,0.0,9.0,1.0,3.0,2.0,0.0,2.0,2.0,430548_1007,0,2017-05-10,3
1502,6434.0,203534.0,29550.0,450652.0,79.0,303914,0.0,8.0,1.0,2.0,1.0,0.0,2.0,1.0,430548_1007,0,2017-05-13,10
1502,6434.0,203534.0,29550.0,450652.0,79.0,976636,35.0,4.0,2.0,4.0,3.0,0.0,2.0,3.0,430539_1007,0,2017-05-06,13
1502,6434.0,203534.0,29550.0,450652.0,79.0,1054990,0.0,11.0,1.0,5.0,1.0,0.0,2.0,2.0,430548_1007,0,2017-05-08,11
1503,2336.0,136197.0,18780.0,394264.0,2980.0,238509,0.0,9.0,1.0,3.0,3.0,0.0,4.0,2.0,430548_1007,0,2017-05-11,13
1505,9299.0,252973.0,34492.0,207149.0,750.0,256649,0.0,11.0,1.0,5.0,2.0,0.0,2.0,1.0,430548_1007,0,2017-05-06,12
1505,9299.0,252973.0,34492.0,207149.0,750.0,251482,88.0,11.0,1.0,5.0,3.0,0.0,2.0,1.0,430548_1007,0,2017-05-10,8
1505,9299.0,252973.0,34492.0,207149.0,750.0,410335,0.0,10.0,1.0,4.0,3.0,0.0,2.0,2.0,430539_1007,0,2017-05-06,13
1505,9299.0,252973.0,34492.0,207149.0,750.0,202257,92.0,11.0,1.0,5.0,3.0,0.0,3.0,3.0,430548_1007,0,2017-05-08,6
